{
  "lobjval": 46519.16076518805,
  "fobjval": 47268.454696878354,
  "lz1": 44197.93043471124,
  "lz2": 2321.2303304768084,
  "best_it": 8,
  "best_E0": 4281.386208147769,
  "best_B0": {
    "1": 304.72103578427283,
    "2": 372.5922691365809,
    "3": 145.5286731316579,
    "4": 523.6119239420796,
    "5": 641.428845783715,
    "6": 411.01408759038964
  }
}