{
  "lobjval": 109125.3408826483,
  "fobjval": 29793.870311245213,
  "lz1": 106630.47661039083,
  "lz2": 2494.8642722574696,
  "best_it": 16,
  "best_E0": 5141.752252951856,
  "best_B0": {
    "1": 7.435377666904137,
    "2": 361.90709408190196,
    "3": 202.2082098660904,
    "4": 148.3663724808341,
    "5": 371.69984645264196,
    "6": 112.69666371991855,
    "7": 615.0379818055553,
    "8": 371.8421959546113,
    "9": 546.3451596184207
  }
}