{
  "lobjval": 219688.98458380872,
  "fobjval": 50050.81732740531,
  "lz1": 219029.3287285412,
  "lz2": 659.6558552675098,
  "best_it": 3,
  "best_E0": 7439.516933407514,
  "best_B0": {
    "1": 62.838250013078564,
    "2": 243.82252786422367,
    "3": 84.77210146017443,
    "4": 21.12762327229018,
    "5": 269.0886889209662,
    "6": 52.66900584378094
  }
}