{
  "lobjval": 36721.614215104775,
  "fobjval": 129874.00362985491,
  "lz1": 35455.82351175427,
  "lz2": 1265.7907033505012,
  "best_it": 5,
  "best_E0": 2006.880042635515,
  "best_B0": {
    "1": 71.67172399987905,
    "2": 155.9103470249423,
    "3": 43.393740567441284,
    "4": 77.69958610983589,
    "5": 112.67186191234049,
    "6": 101.21896475795667,
    "7": 128.06658178102597,
    "8": 176.50068344474676,
    "9": 129.93943273215373,
    "10": 96.7906163441029,
    "11": 57.34394785014118,
    "12": 142.17692954551185
  }
}