{
  "lobjval": 95820.3229360142,
  "fobjval": 78654.86935336255,
  "lz1": 92134.21483477324,
  "lz2": 3686.1081012409586,
  "best_it": 16,
  "best_E0": 16736.27703464269,
  "best_B0": {
    "1": 796.3222302579939,
    "2": 1016.5775406790149,
    "3": 663.3110855736496,
    "4": 986.6262438471441,
    "5": 110.74719903857546,
    "6": 289.88657219088395
  }
}