{
  "lobjval": 112622.45258193657,
  "fobjval": 58021.17030277736,
  "lz1": 110336.60082777524,
  "lz2": 2285.851754161332,
  "best_it": 6,
  "best_E0": 3557.9843113091674,
  "best_B0": {
    "1": 750.103695325074,
    "2": 363.39251585420857,
    "3": 7.100941425415647,
    "4": 99.80848875659487,
    "5": 90.46859470408185,
    "6": 382.84228094000315,
    "7": 183.62907969507745,
    "8": 270.82080005086254,
    "9": 229.03102858372395
  }
}