{
  "lobjval": 302435.95116650744,
  "fobjval": 128894.17479422194,
  "lz1": 301722.5936206397,
  "lz2": 713.3575458677079,
  "best_it": 23,
  "best_E0": 10585.322228092515,
  "best_B0": {
    "1": 222.2474598394813,
    "2": 90.44133669560645,
    "3": 13.635578730927095,
    "4": 198.648982223252,
    "5": 271.0143849211321,
    "6": 9.479417636675871
  }
}