{
  "lobjval": 18949.59048152005,
  "fobjval": 26901.362388231035,
  "lz1": 17281.956626768177,
  "lz2": 1667.6338547518724,
  "best_it": 2,
  "best_E0": 1002.208573904787,
  "best_B0": {
    "1": 142.26741189016136,
    "2": 338.1972743019137,
    "3": 172.92392476132648,
    "4": 191.90388421832725,
    "5": 73.31911032109863,
    "6": 68.13506873893546,
    "7": 101.53893872984527,
    "8": 14.168128262971335,
    "9": 316.72215164515063,
    "10": 240.20930535403903,
    "11": 79.28237397335042,
    "12": 19.235566011133947
  }
}