{
  "lobjval": 20152.973452981023,
  "fobjval": 65831.01164458299,
  "lz1": 15976.833973274035,
  "lz2": 4176.139479706987,
  "best_it": 3,
  "best_E0": 1090.9825930160903,
  "best_B0": {
    "1": 712.3727916304507,
    "2": 214.7655710037749,
    "3": 13.127488102572048,
    "4": 312.30099653349095,
    "5": 341.94443686466843,
    "6": 768.0453146751354,
    "7": 408.89014339319743,
    "8": 510.6616018460403,
    "9": 259.6719723714908,
    "10": 130.11072212905512,
    "11": 390.66652346861923,
    "12": 213.62562473141801
  }
}