{
  "lobjval": 65797.67068225612,
  "fobjval": 58036.62367642758,
  "lz1": 62974.81356487749,
  "lz2": 2822.857117378634,
  "best_it": 4,
  "best_E0": 3225.8014916541033,
  "best_B0": {
    "1": 731.3534614659679,
    "2": 707.5610185773943,
    "3": 158.2162341434645,
    "4": 222.06336834891485,
    "5": 187.68085664568835,
    "6": 113.97022586804461,
    "7": 376.8290432196075,
    "8": 64.33648103989745,
    "9": 343.31096341237435
  }
}