{
  "lobjval": 149144.3007737846,
  "fobjval": 94711.3999954121,
  "lz1": 147132.16904485208,
  "lz2": 2012.1317289325214,
  "best_it": 25,
  "best_E0": 34305.90717837974,
  "best_B0": {
    "1": 506.318851411557,
    "2": 943.6048426021916,
    "3": 562.2080349187727
  }
}