{
  "lobjval": 2186.3159045871507,
  "fobjval": 31104.0,
  "lz1": 0.0,
  "lz2": 2186.3159045871507,
  "best_it": 5,
  "best_E0": 23.377401219454008,
  "best_B0": {
    "1": 105.56716291825792,
    "2": 128.41760402136336,
    "3": 530.1738446422314,
    "4": 106.89191233861618,
    "5": 343.4312082929848,
    "6": 97.82518309737986,
    "7": 69.95103314772574,
    "8": 249.73509584988463,
    "9": 71.70944325895641,
    "10": 2.75321581194166,
    "11": 290.08448904163237,
    "12": 189.77571216617685
  }
}