{
  "lobjval": 240471.2134257624,
  "fobjval": 63391.86519158394,
  "lz1": 239008.04025743014,
  "lz2": 1463.1731683322603,
  "best_it": 17,
  "best_E0": 4873.954463674087,
  "best_B0": {
    "1": 122.15429525990098,
    "2": 168.54359835243147,
    "3": 49.79714647880526,
    "4": 66.89362549449307,
    "5": 95.9172407489957,
    "6": 53.1338785144143,
    "7": 113.36431324028227,
    "8": 254.59046297876364,
    "9": 144.08323521899362,
    "10": 209.41260236559103,
    "11": 296.21672519937135,
    "12": 27.5353118123398
  }
}