{
  "lobjval": 605304.8290687916,
  "fobjval": 171014.78479471477,
  "lz1": 598864.9067031029,
  "lz2": 6439.9223656887125,
  "best_it": 2,
  "best_E0": 10738.870959891017,
  "best_B0": {
    "1": 332.1836698676634,
    "2": 328.6028201134081,
    "3": 1411.5962321984885,
    "4": 267.8492200369183,
    "5": 930.3799203734426,
    "6": 257.48868325211834,
    "7": 1554.6018682678757,
    "8": 1501.0846079138719,
    "9": 491.74839781616123
  }
}