{
  "lobjval": 96468.92801704997,
  "fobjval": 113244.79772069491,
  "lz1": 95869.74169078877,
  "lz2": 599.1863262612044,
  "best_it": 17,
  "best_E0": 15671.584945538001,
  "best_B0": {
    "1": 173.10286310881702,
    "2": 295.2661835279813,
    "3": 140.19785224613946
  }
}