{
  "lobjval": 4937.179849989123,
  "fobjval": 100826.76226372896,
  "lz1": 2264.7140402776536,
  "lz2": 2672.46580971147,
  "best_it": 4,
  "best_E0": 239.6522793944607,
  "best_B0": {
    "1": 525.6085894332133,
    "2": 140.0961488953116,
    "3": 207.02968743616168,
    "4": 786.5097911713875,
    "5": 112.80320322252365,
    "6": 184.59980925165718,
    "7": 128.9237398532447,
    "8": 134.69909808632053,
    "9": 460.16449593815156
  }
}