{
  "lobjval": 1810.3345881506991,
  "fobjval": 38852.890211396625,
  "lz1": 412.41073072803584,
  "lz2": 1397.9238574226633,
  "best_it": 4,
  "best_E0": 412.41073072803584,
  "best_B0": {
    "1": 21.680000826114252,
    "2": 243.59442767393864,
    "3": 164.2751075774412,
    "4": 95.24950529746735,
    "5": 137.81728291676527,
    "6": 162.56451129300058,
    "7": 181.32387072750032,
    "8": 174.550605578458,
    "9": 216.86854553197753
  }
}