{
  "lobjval": 12290.316383670013,
  "fobjval": 94103.38600512106,
  "lz1": 8064.065535283507,
  "lz2": 4226.250848386506,
  "best_it": 1,
  "best_E0": 834.213676063811,
  "best_B0": {
    "1": 692.7891921870455,
    "2": 63.540942647013125,
    "3": 443.1123908109448,
    "4": 1044.504630432035,
    "5": 430.27114396409604,
    "6": 174.14656280458087,
    "7": 405.9633838390869,
    "8": 351.30601749631705,
    "9": 660.9369118887668
  }
}