{
  "lobjval": 87167.5728842398,
  "fobjval": 54907.31127988699,
  "lz1": 81282.10549831545,
  "lz2": 5885.467385924343,
  "best_it": 4,
  "best_E0": 4459.923484132534,
  "best_B0": {
    "1": 645.9725586801283,
    "2": 806.5873245960389,
    "3": 577.9038713729266,
    "4": 74.64804158945836,
    "5": 1426.1771740599427,
    "6": 464.5928133500445,
    "7": 1095.2509388230553,
    "8": 380.2917760778702,
    "9": 589.9556036419511
  }
}