{
  "lobjval": 58615.10736668942,
  "fobjval": 65566.19955751918,
  "lz1": 55661.72843045651,
  "lz2": 2953.378936232914,
  "best_it": 7,
  "best_E0": 9000.09937676352,
  "best_B0": {
    "1": 613.8053977908176,
    "2": 430.126383323472,
    "3": 92.87833593249465,
    "4": 600.4858441538745,
    "5": 773.5056518276353,
    "6": 491.49584059338326
  }
}