{
  "lobjval": 388900.7632961732,
  "fobjval": 111456.2418129934,
  "lz1": 382920.9053613085,
  "lz2": 5979.857934864733,
  "best_it": 2,
  "best_E0": 10314.746520156014,
  "best_B0": {
    "1": 519.6431632554261,
    "2": 333.5056292664263,
    "3": 311.9881787648188,
    "4": 1162.6179136394696,
    "5": 1533.2429368838077,
    "6": 899.8585476215679,
    "7": 63.08031958530817,
    "8": 438.9389346222952,
    "9": 1215.109770394589
  }
}