{
  "lobjval": 297274.34197384166,
  "fobjval": 193754.81754739763,
  "lz1": 291666.85941915365,
  "lz2": 5607.482554687999,
  "best_it": 10,
  "best_E0": 100772.7484200788,
  "best_B0": {
    "1": 2803.5910029289635,
    "2": 1233.2370858245617,
    "3": 1570.654465934474
  }
}