{
  "lobjval": 159842.34407896674,
  "fobjval": 42849.42972414902,
  "lz1": 156257.75807602127,
  "lz2": 3584.5860029454593,
  "best_it": 8,
  "best_E0": 6406.034747172682,
  "best_B0": {
    "1": 498.1558271023329,
    "2": 397.8733014505825,
    "3": 76.82132129517419,
    "4": 149.01726825072203,
    "5": 380.86979285344466,
    "6": 431.8235817961922,
    "7": 510.5215076647767,
    "8": 270.653279795803,
    "9": 414.58088244907054,
    "10": 383.241202273733,
    "11": 286.0471973518598,
    "12": 6.543233981118823
  }
}