{
  "lobjval": 50788.34085102433,
  "fobjval": 48280.84171411312,
  "lz1": 46443.179116225234,
  "lz2": 4345.161734799096,
  "best_it": 12,
  "best_E0": 5009.738196384754,
  "best_B0": {
    "1": 672.7105287020693,
    "2": 311.31381873083245,
    "3": 508.6225741646353,
    "4": 1002.6454872477273,
    "5": 140.89940001616495,
    "6": 941.9864678335582,
    "7": 261.03142571670344,
    "8": 394.89654589644783,
    "9": 279.7523649808585
  }
}