{
  "lobjval": 148757.58283904145,
  "fobjval": 96860.55578481073,
  "lz1": 145823.87398730294,
  "lz2": 2933.7088517385264,
  "best_it": 7,
  "best_E0": 50381.473839642356,
  "best_B0": {
    "1": 937.3474292828528,
    "2": 609.4103095735313,
    "3": 1386.9511128821425
  }
}