{
  "lobjval": 336903.49250973936,
  "fobjval": 116841.0128768473,
  "lz1": 334286.1420399955,
  "lz2": 2617.350469743854,
  "best_it": 1,
  "best_E0": 5060.879845355402,
  "best_B0": {
    "1": 231.35903247019792,
    "2": 253.46515956215947,
    "3": 732.1170850572057,
    "4": 235.19905471823878,
    "5": 70.33553873277847,
    "6": 22.066240544174295,
    "7": 138.55151303630373,
    "8": 1249.4352067888965,
    "9": 69.58984740879315
  }
}