{
  "lobjval": 97083.42705392127,
  "fobjval": 59779.00142796378,
  "lz1": 96159.28271476153,
  "lz2": 924.1443391597353,
  "best_it": 18,
  "best_E0": 4811.6754121722515,
  "best_B0": {
    "1": 28.664618576112463,
    "2": 193.0353044336726,
    "3": 135.98733951440983,
    "4": 43.084914068769685,
    "5": 68.01151958241726,
    "6": 282.10906230006026,
    "7": 121.3917632079946,
    "8": 6.82169272933662,
    "9": 103.26168219528358
  }
}