{
  "lobjval": 532252.2164551204,
  "fobjval": 289681.82866161445,
  "lz1": 530473.1924600381,
  "lz2": 1779.0239950822825,
  "best_it": 13,
  "best_E0": 39474.09469843528,
  "best_B0": {
    "1": 869.2708593581008,
    "2": 326.967689997511,
    "3": 704.0498396358693
  }
}