{
  "lobjval": 465979.6454888951,
  "fobjval": 200455.81285114534,
  "lz1": 460278.0044246071,
  "lz2": 5701.641064288056,
  "best_it": 16,
  "best_E0": 93305.77872780946,
  "best_B0": {
    "1": 1762.9452463272069,
    "2": 1794.036565674072,
    "3": 2144.6592522867772
  }
}