{
  "lobjval": 376313.15720434766,
  "fobjval": 145010.3856268928,
  "lz1": 373580.05802908645,
  "lz2": 2733.099175261241,
  "best_it": 7,
  "best_E0": 71663.46368242042,
  "best_B0": {
    "1": 718.2869584797721,
    "2": 656.0905931086008,
    "3": 1391.6519532964385
  }
}