{
  "lobjval": 88545.0262633127,
  "fobjval": 189551.0,
  "lz1": 87336.0,
  "lz2": 1209.0262633127002,
  "best_it": 28,
  "best_E0": 49174.03096310455,
  "best_B0": {
    "1": 315.94756707476074,
    "2": 427.8870063706491,
    "3": 465.1916898672903
  }
}