{
  "lobjval": 63091.13139570343,
  "fobjval": 65241.972977990095,
  "lz1": 58624.014769775305,
  "lz2": 4467.116625928122,
  "best_it": 2,
  "best_E0": 1311.9565880382424,
  "best_B0": {
    "1": 172.28092608278826,
    "2": 501.2969957343841,
    "3": 617.4670028999801,
    "4": 13.749655839715798,
    "5": 626.421832455943,
    "6": 137.20448038457127,
    "7": 703.7799045857499,
    "8": 48.12817132680591,
    "9": 809.2372090793215,
    "10": 88.47283741345422,
    "11": 555.556812268467,
    "12": 361.5285351578107
  }
}