{
  "lobjval": 65067.509168095574,
  "fobjval": 21680.59529502182,
  "lz1": 62580.26374577592,
  "lz2": 2487.245422319657,
  "best_it": 28,
  "best_E0": 3685.961177647362,
  "best_B0": {
    "1": 237.3518927839513,
    "2": 184.62576153101287,
    "3": 176.09577276136903,
    "4": 21.157110842769534,
    "5": 107.75291237696942,
    "6": 186.24395001746382,
    "7": 264.97211094755085,
    "8": 857.6754306909033,
    "9": 58.67218802816883,
    "10": 410.6580051883873,
    "11": 17.90505260832836,
    "12": 148.25753413020672
  }
}