{
  "lobjval": 93257.56878991565,
  "fobjval": 54369.97516588024,
  "lz1": 92647.47510464837,
  "lz2": 610.0936852672756,
  "best_it": 4,
  "best_E0": 4556.864311739168,
  "best_B0": {
    "1": 174.9785529914895,
    "2": 123.71486130668572,
    "3": 79.08721479689804,
    "4": 144.3581699094048,
    "5": 66.8015567085405,
    "6": 54.90087562778557
  }
}