{
  "lobjval": 42612.32094554641,
  "fobjval": 143273.246531433,
  "lz1": 37671.14280109707,
  "lz2": 4941.178144449342,
  "best_it": 7,
  "best_E0": 2354.1446162520588,
  "best_B0": {
    "1": 116.29538246456694,
    "2": 892.3426710351453,
    "3": 291.0742431319146,
    "4": 548.0756139652347,
    "5": 957.3235796019309,
    "6": 1.4438723217475236,
    "7": 216.66625084264163,
    "8": 634.9160665800282,
    "9": 873.5711295697016,
    "10": 303.92368382186464,
    "11": 135.22858507177247,
    "12": 73.31689830842815
  }
}