{
  "lobjval": 1007366.5616711007,
  "fobjval": 387132.29868315184,
  "lz1": 1004228.5149027759,
  "lz2": 3138.0467683247925,
  "best_it": 21,
  "best_E0": 116804.0712232514,
  "best_B0": {
    "1": 214.25749037571342,
    "2": 2680.712716199915,
    "3": 544.1790355197884
  }
}