{
  "lobjval": 174282.05633662987,
  "fobjval": 56082.31989192626,
  "lz1": 170053.87677785844,
  "lz2": 4228.179558771426,
  "best_it": 5,
  "best_E0": 10616.812386615591,
  "best_B0": {
    "1": 333.4736785961065,
    "2": 433.1680543043005,
    "3": 556.4414581970547,
    "4": 232.730535304521,
    "5": 199.782881827533,
    "6": 10.703304194927414,
    "7": 407.9128054760571,
    "8": 1062.4553276444258,
    "9": 1324.417282017926
  }
}