{
  "lobjval": 172736.5634168374,
  "fobjval": 109573.21756241213,
  "lz1": 171984.92354371733,
  "lz2": 751.6398731200618,
  "best_it": 26,
  "best_E0": 26497.25882613033,
  "best_B0": {
    "1": 315.59850384031967,
    "2": 131.3057625681114,
    "3": 304.7356067116307
  }
}