{
  "lobjval": 206091.11026246424,
  "fobjval": 84165.21634482521,
  "lz1": 204171.2058853172,
  "lz2": 1919.904377147025,
  "best_it": 1,
  "best_E0": 3039.018943188439,
  "best_B0": {
    "1": 85.77367009051866,
    "2": 134.58560842361464,
    "3": 43.26607944495584,
    "4": 39.412959500818864,
    "5": 0.45229379207269016,
    "6": 645.3588080481691,
    "7": 369.7993258260017,
    "8": 400.2074371544443,
    "9": 544.8543013808358
  }
}