{
  "lobjval": 1817.665859019708,
  "fobjval": 362290.0,
  "lz1": 0.0,
  "lz2": 1817.665859019708,
  "best_it": 23,
  "best_E0": 104319.09830556923,
  "best_B0": {
    "1": 616.2835194127508,
    "2": 523.6857139361282,
    "3": 677.696625670829
  }
}