{
  "lobjval": 149541.11110357367,
  "fobjval": 54184.47231253975,
  "lz1": 147148.13898623918,
  "lz2": 2392.9721173344906,
  "best_it": 1,
  "best_E0": 2214.699574000578,
  "best_B0": {
    "1": 261.53450750214097,
    "2": 488.2634244333681,
    "3": 48.302719070901304,
    "4": 481.7162894557356,
    "5": 194.82903556225506,
    "6": 598.607398407888,
    "7": 171.68091204606753,
    "8": 251.53118861409857,
    "9": 181.94394210585904
  }
}