{
  "lobjval": 32951.16421250594,
  "fobjval": 15702.100866750294,
  "lz1": 31843.001647776182,
  "lz2": 1108.1625647297572,
  "best_it": 22,
  "best_E0": 2498.1418043687245,
  "best_B0": {
    "1": 72.99191407287533,
    "2": 160.77317641914453,
    "3": 139.9812296141081,
    "4": 290.1199630291206,
    "5": 99.87778704704327,
    "6": 12.410725842431328,
    "7": 109.38564603607806,
    "8": 38.038651711080156,
    "9": 256.7392262821662
  }
}