{
  "lobjval": 170518.04275545932,
  "fobjval": 125237.62908034764,
  "lz1": 168148.60710164355,
  "lz2": 2369.4356538157713,
  "best_it": 1,
  "best_E0": 7343.701300182679,
  "best_B0": {
    "1": 303.3102201331901,
    "2": 215.39798655498566,
    "3": 245.39710872085706,
    "4": 231.6207838990673,
    "5": 58.38087512076938,
    "6": 460.6414096412323,
    "7": 329.1893230250953,
    "8": 138.79932762988008,
    "9": 684.3770180310579
  }
}