{
  "lobjval": 45588.34000878568,
  "fobjval": 71147.30425275145,
  "lz1": 41717.858686857355,
  "lz2": 3870.4813219283224,
  "best_it": 3,
  "best_E0": 1218.4239127708368,
  "best_B0": {
    "1": 728.2657633605556,
    "2": 112.15200622595455,
    "3": 380.9852035421672,
    "4": 228.86203284383004,
    "5": 16.803599686294355,
    "6": 399.26801951632297,
    "7": 334.16661472394907,
    "8": 393.78114702743665,
    "9": 417.77577743681275,
    "10": 120.51834471382246,
    "11": 463.8934887775763,
    "12": 393.1444885543804
  }
}