{
  "lobjval": 89308.90192888842,
  "fobjval": 31041.92106747855,
  "lz1": 86901.51437327155,
  "lz2": 2407.3875556168605,
  "best_it": 19,
  "best_E0": 3839.705463901874,
  "best_B0": {
    "1": 202.41549542926762,
    "2": 257.0240506503138,
    "3": 374.66021234993644,
    "4": 256.2942564356998,
    "5": 26.632277817980732,
    "6": 50.47264064025089,
    "7": 302.4147669544358,
    "8": 243.50815021393447,
    "9": 175.9070782431738,
    "10": 296.49934647629607,
    "11": 168.09947144302805,
    "12": 188.83357398290957
  }
}