{
  "lobjval": 48029.42164373778,
  "fobjval": 13073.874122156609,
  "lz1": 46955.11709774895,
  "lz2": 1074.3045459888335,
  "best_it": 3,
  "best_E0": 1887.4929794453901,
  "best_B0": {
    "1": 106.46964770103564,
    "2": 85.25811669919027,
    "3": 13.733995245919731,
    "4": 82.82997000598102,
    "5": 81.97913222824458,
    "6": 114.27789942516654,
    "7": 169.7241753515593,
    "8": 152.92840995782663,
    "9": 4.307585925403326,
    "10": 119.79833904847462,
    "11": 200.56897578004805,
    "12": 9.246870348162359
  }
}