{
  "lobjval": 143073.8654504575,
  "fobjval": 40045.399030326334,
  "lz1": 140788.63729396797,
  "lz2": 2285.2281564895356,
  "best_it": 22,
  "best_E0": 10430.26361402209,
  "best_B0": {
    "1": 177.14845134962883,
    "2": 322.35991292744455,
    "3": 470.96178915514054,
    "4": 269.14411609328846,
    "5": 293.4785703173103,
    "6": 274.3420856313389,
    "7": 204.41705712250203,
    "8": 21.070771330512528,
    "9": 323.12839691390747
  }
}