{
  "lobjval": 230080.48950509832,
  "fobjval": 143272.58724176884,
  "lz1": 228536.85999661632,
  "lz2": 1543.6295084819967,
  "best_it": 15,
  "best_E0": 21296.01250887341,
  "best_B0": {
    "1": 300.4982456225408,
    "2": 231.69419995188306,
    "3": 185.79024621548217,
    "4": 135.91286450170608,
    "5": 390.66494426306394,
    "6": 307.0184808358878
  }
}