{
  "lobjval": 180198.66619958272,
  "fobjval": 86330.06503486635,
  "lz1": 179611.79652330535,
  "lz2": 586.8696762773644,
  "best_it": 9,
  "best_E0": 3310.667605935349,
  "best_B0": {
    "1": 76.62682073736744,
    "2": 40.939992306334915,
    "3": 71.92426685314301,
    "4": 71.23461797293153,
    "5": 86.6659986388194,
    "6": 43.97268465042161,
    "7": 131.68923483516497,
    "8": 79.05092218840886,
    "9": 15.913008605922588
  }
}