{
  "lobjval": 103300.92565216926,
  "fobjval": 45740.23033905797,
  "lz1": 101054.47179232334,
  "lz2": 2246.45385984592,
  "best_it": 8,
  "best_E0": 8981.657915141497,
  "best_B0": {
    "1": 432.8830553184291,
    "2": 116.99427155707565,
    "3": 346.7431729356915,
    "4": 453.7113092765656,
    "5": 448.8758829382306,
    "6": 577.8744896309327
  }
}