{
  "lobjval": 42441.584052446706,
  "fobjval": 68556.52534801584,
  "lz1": 33513.86851672568,
  "lz2": 8927.715535721027,
  "best_it": 15,
  "best_E0": 4822.139354922907,
  "best_B0": {
    "1": 714.410563175531,
    "2": 1046.6046892431095,
    "3": 528.4926504171116,
    "4": 871.1401158681313,
    "5": 2646.3225486603314,
    "6": 1656.7594319467912,
    "7": 583.5546070145933,
    "8": 313.89263904602825,
    "9": 669.215129854297
  }
}