{
  "lobjval": 77139.51933151142,
  "fobjval": 25041.971200752014,
  "lz1": 76555.29322571485,
  "lz2": 584.2261057965678,
  "best_it": 17,
  "best_E0": 2033.0484844777352,
  "best_B0": {
    "1": 66.57684467411038,
    "2": 9.181951395526118,
    "3": 64.4238350933419,
    "4": 71.56715177735568,
    "5": 33.46012536550387,
    "6": 11.044336087843764,
    "7": 10.595334667974985,
    "8": 13.275018795130153,
    "9": 54.79285182351998,
    "10": 182.98045197849518,
    "11": 69.39764127399157,
    "12": 45.42438890836426
  }
}