{
  "lobjval": 315948.56302204804,
  "fobjval": 111243.51857898597,
  "lz1": 314370.2698401576,
  "lz2": 1578.2931818904674,
  "best_it": 9,
  "best_E0": 11064.342132160904,
  "best_B0": {
    "1": 182.18650031098252,
    "2": 293.9239130474107,
    "3": 53.91128970002255,
    "4": 173.88031374552796,
    "5": 277.8465665636193,
    "6": 187.81124130200948,
    "7": 21.771084402983732,
    "8": 226.43278004613174,
    "9": 238.07365351103488
  }
}