{
  "lobjval": 157634.30355186175,
  "fobjval": 39536.792081211446,
  "lz1": 154999.48845776104,
  "lz2": 2634.8150941007243,
  "best_it": 19,
  "best_E0": 7138.192323949956,
  "best_B0": {
    "1": 179.0698770274368,
    "2": 519.8721239250553,
    "3": 539.8732140412479,
    "4": 122.73546679785419,
    "5": 217.99082824243095,
    "6": 178.62662624143445,
    "7": 615.936302914408,
    "8": 219.70810888981788,
    "9": 241.42359274651767
  }
}