{
  "lobjval": 25549.91209686816,
  "fobjval": 151462.3837851091,
  "lz1": 19134.99197534662,
  "lz2": 6414.92012152154,
  "best_it": 2,
  "best_E0": 819.4857377022107,
  "best_B0": {
    "1": 657.50151666001,
    "2": 515.1411222556231,
    "3": 228.3120331092762,
    "4": 841.1613100056702,
    "5": 426.12218329451815,
    "6": 549.7925525321754,
    "7": 911.1903661208488,
    "8": 334.4708726657967,
    "9": 127.09411994369887,
    "10": 75.39890196681645,
    "11": 413.9665704092403,
    "12": 1416.5941196949357
  }
}