{
  "lobjval": 35950.43087587053,
  "fobjval": 55875.69376173154,
  "lz1": 35558.105981672044,
  "lz2": 392.324894198484,
  "best_it": 10,
  "best_E0": 1421.0236736174638,
  "best_B0": {
    "1": 40.217150470128075,
    "2": 69.88367064881355,
    "3": 152.7143402576728,
    "4": 63.02785786108005,
    "5": 24.55547042106629,
    "6": 2.444121849935117,
    "7": 16.788411354111545,
    "8": 41.82361680478124,
    "9": 18.28768268179815
  }
}