{
  "lobjval": 507209.4714569112,
  "fobjval": 136977.29964775985,
  "lz1": 504340.9896341919,
  "lz2": 2868.481822719282,
  "best_it": 19,
  "best_E0": 71787.7012721414,
  "best_B0": {
    "1": 1459.9686650824801,
    "2": 602.2947041242735,
    "3": 830.0219840963418
  }
}