{
  "lobjval": 632629.9717193667,
  "fobjval": 209988.1152275256,
  "lz1": 631504.2768856899,
  "lz2": 1125.6948336767875,
  "best_it": 24,
  "best_E0": 24250.697966004525,
  "best_B0": {
    "1": 431.26563012462606,
    "2": 50.03144662112315,
    "3": 208.8897997697197,
    "4": 146.92168891384506,
    "5": 118.08860280290318,
    "6": 245.12542779608947
  }
}