{
  "lobjval": 15224.271057962886,
  "fobjval": 13631.622676754694,
  "lz1": 13316.860455748434,
  "lz2": 1907.4106022144515,
  "best_it": 19,
  "best_E0": 1026.347626647278,
  "best_B0": {
    "1": 70.17586431257082,
    "2": 184.4149403777428,
    "3": 231.815358697888,
    "4": 64.61922586840382,
    "5": 177.07902115234,
    "6": 25.937631630105994,
    "7": 168.13461604298254,
    "8": 155.141189246133,
    "9": 263.5459832942323,
    "10": 139.82851605693722,
    "11": 164.0639498880703,
    "12": 300.7750364539944
  }
}