{
  "lobjval": 170039.31038565713,
  "fobjval": 79506.43656083824,
  "lz1": 168768.6308849515,
  "lz2": 1270.6795007056344,
  "best_it": 15,
  "best_E0": 5747.627765280274,
  "best_B0": {
    "1": 209.67515773745774,
    "2": 122.14117337284736,
    "3": 13.762949215325714,
    "4": 254.74710615931144,
    "5": 27.03796533864145,
    "6": 182.32180435815164,
    "7": 322.69831959811336,
    "8": 113.64761261758643,
    "9": 133.06016754347974
  }
}