{
  "lobjval": 172233.81440112137,
  "fobjval": 86494.50996643567,
  "lz1": 170230.77708319825,
  "lz2": 2003.0373179231376,
  "best_it": 5,
  "best_E0": 3974.971162500495,
  "best_B0": {
    "1": 116.43098517173816,
    "2": 8.069530001825417,
    "3": 329.5798051878779,
    "4": 240.72398159225784,
    "5": 140.1626012025153,
    "6": 154.8773988281592,
    "7": 104.12456869325881,
    "8": 196.16910728643742,
    "9": 432.3815507438363,
    "10": 356.3123444546929,
    "11": 128.0050080187119,
    "12": 3.4153639111272467
  }
}