{
  "lobjval": 245910.06898333837,
  "fobjval": 207189.8396369483,
  "lz1": 244831.14006920377,
  "lz2": 1078.9289141345973,
  "best_it": 29,
  "best_E0": 9611.144911011203,
  "best_B0": {
    "1": 403.1006080524479,
    "2": 239.54324132413856,
    "3": 222.820177368723,
    "4": 141.69844228154318,
    "5": 55.30904868084,
    "6": 96.3812419689318
  }
}