{
  "lobjval": 175289.1081272959,
  "fobjval": 94239.48185739157,
  "lz1": 168366.6868762258,
  "lz2": 6922.42125107009,
  "best_it": 1,
  "best_E0": 4319.974439017077,
  "best_B0": {
    "1": 96.29698103940251,
    "2": 50.63232064253651,
    "3": 112.59766043817035,
    "4": 1206.5520220776518,
    "5": 2189.8702296741367,
    "6": 546.4888383518111,
    "7": 129.82163996813958,
    "8": 16.38795775821278,
    "9": 768.1988877382867,
    "10": 1100.776672910288,
    "11": 728.0911813910459,
    "12": 384.5148850284668
  }
}