{
  "lobjval": 355660.11428414995,
  "fobjval": 125676.1838602903,
  "lz1": 350849.0517840784,
  "lz2": 4811.062500071517,
  "best_it": 1,
  "best_E0": 6870.346048185043,
  "best_B0": {
    "1": 338.5499233035389,
    "2": 202.77437249150023,
    "3": 820.7414255020041,
    "4": 39.53998200619586,
    "5": 453.62733883242413,
    "6": 867.0389939720562,
    "7": 806.8432795691303,
    "8": 567.6809584729049,
    "9": 477.75170501388817,
    "10": 171.8613055365522,
    "11": 394.77999864468626,
    "12": 308.82890782806084
  }
}