{
  "lobjval": 44613.928441196294,
  "fobjval": 181867.8063108797,
  "lz1": 39236.311749487955,
  "lz2": 5377.6166917083365,
  "best_it": 2,
  "best_E0": 2753.4253859289797,
  "best_B0": {
    "1": 185.57189429333306,
    "2": 1509.903952272124,
    "3": 182.87401357513218,
    "4": 278.555972874805,
    "5": 30.916674134316946,
    "6": 382.62828929893647,
    "7": 967.2049581544487,
    "8": 216.69668491869783,
    "9": 1710.6531360968834
  }
}