{
  "lobjval": 306160.16489774466,
  "fobjval": 66889.80274600637,
  "lz1": 305485.13476747775,
  "lz2": 675.0301302668906,
  "best_it": 2,
  "best_E0": 4541.507709425142,
  "best_B0": {
    "1": 59.214414982787716,
    "2": 57.5926404536594,
    "3": 37.706148387059635,
    "4": 171.7137269862957,
    "5": 42.6167293022729,
    "6": 16.229996837784793,
    "7": 154.34545026883882,
    "8": 1.079530319346657,
    "9": 93.73078096726724,
    "10": 25.62663321022268,
    "11": 34.280945878450524,
    "12": 57.28646638474988
  }
}