{
  "lobjval": 12622.672552435313,
  "fobjval": 86608.90645707793,
  "lz1": 9437.295385362291,
  "lz2": 3185.3771670730225,
  "best_it": 2,
  "best_E0": 612.8113886560227,
  "best_B0": {
    "1": 81.04655332101763,
    "2": 712.7786422110455,
    "3": 106.52670923088938,
    "4": 373.08894735160544,
    "5": 90.00989166797811,
    "6": 505.56735904800024,
    "7": 633.5751586259337,
    "8": 194.86658070039587,
    "9": 508.26912532883637
  }
}