{
  "lobjval": 25317.778941282682,
  "fobjval": 70252.80807054616,
  "lz1": 20586.08565895683,
  "lz2": 4731.693282325856,
  "best_it": 3,
  "best_E0": 1460.0060751033207,
  "best_B0": {
    "1": 364.81632862507774,
    "2": 110.95909435919249,
    "3": 605.1948456284655,
    "4": 277.83769091543473,
    "5": 124.4276140439544,
    "6": 174.04087361307324,
    "7": 22.435032892568685,
    "8": 1546.797135505748,
    "9": 801.4263430706606,
    "10": 125.91655366297512,
    "11": 318.38972390111417,
    "12": 351.1188849021858
  }
}