{
  "lobjval": 8570.963145449063,
  "fobjval": 62233.28678696762,
  "lz1": 1639.3333463718618,
  "lz2": 6931.629799077202,
  "best_it": 4,
  "best_E0": 420.6895433480079,
  "best_B0": {
    "1": 821.0336736458062,
    "2": 647.2453111463628,
    "3": 1527.6152102620244,
    "4": 823.3293472418305,
    "5": 1235.7303006128275,
    "6": 673.0499192832649,
    "7": 593.8897875631948,
    "8": 603.1209159340386,
    "9": 6.6153333878885645
  }
}