{
  "lobjval": 182321.0324463819,
  "fobjval": 167164.99999999968,
  "lz1": 181820.10072523003,
  "lz2": 500.93172115187735,
  "best_it": 4,
  "best_E0": 19082.26710767299,
  "best_B0": {
    "1": 116.97066434605357,
    "2": 151.7113935680142,
    "3": 240.2692203401794
  }
}