{
  "lobjval": 43324.97898841652,
  "fobjval": 22764.33830382202,
  "lz1": 39725.25166627446,
  "lz2": 3599.727322142064,
  "best_it": 18,
  "best_E0": 1695.3995068803392,
  "best_B0": {
    "1": 259.89297188398837,
    "2": 240.96073107072377,
    "3": 528.734240585306,
    "4": 399.95768350709835,
    "5": 230.77213497923825,
    "6": 242.81960255477162,
    "7": 8.949468067517138,
    "8": 413.9330407385861,
    "9": 571.9930834294126,
    "10": 199.48649090226954,
    "11": 117.31462046116839,
    "12": 461.0600024011979
  }
}