{
  "lobjval": 63633.69048972603,
  "fobjval": 61621.65171782035,
  "lz1": 57271.75847049903,
  "lz2": 6361.932019227005,
  "best_it": 4,
  "best_E0": 4909.406439404387,
  "best_B0": {
    "1": 219.73511260179893,
    "2": 809.8499622356005,
    "3": 931.7234529060117,
    "4": 970.1337345603216,
    "5": 699.867846711096,
    "6": 341.15787041011583,
    "7": 913.8792603689235,
    "8": 953.9213676536107,
    "9": 729.2123784728437
  }
}