{
  "lobjval": 117688.21781294387,
  "fobjval": 62918.840194488395,
  "lz1": 116340.84800302263,
  "lz2": 1347.369809921239,
  "best_it": 23,
  "best_E0": 3295.8504131442864,
  "best_B0": {
    "1": 134.86295806043714,
    "2": 294.20879529330693,
    "3": 115.21502366066196,
    "4": 5.130103100260824,
    "5": 225.90477793782833,
    "6": 3.4843297262624144,
    "7": 92.75409174577568,
    "8": 154.40348026781302,
    "9": 151.42727273057065,
    "10": 49.68053873040814,
    "11": 182.92115538210913,
    "12": 51.98002403073072
  }
}