{
  "lobjval": 53931.919244385026,
  "fobjval": 60124.69541041447,
  "lz1": 48124.64269344185,
  "lz2": 5807.276550943179,
  "best_it": 5,
  "best_E0": 4083.6476368421227,
  "best_B0": {
    "1": 1487.7609781401545,
    "2": 16.580335683955646,
    "3": 480.4366863188786,
    "4": 367.63493909042745,
    "5": 640.0132768418246,
    "6": 503.3934947237994,
    "7": 540.274189377889,
    "8": 932.3164310245603,
    "9": 911.5662345817232
  }
}