{
  "lobjval": 40598.39635799305,
  "fobjval": 34225.66987161623,
  "lz1": 37267.25482701515,
  "lz2": 3331.141530977896,
  "best_it": 29,
  "best_E0": 3985.25121234922,
  "best_B0": {
    "1": 154.59254517418404,
    "2": 712.6085097823068,
    "3": 474.1181543470041,
    "4": 242.4941431721627,
    "5": 289.54577199951177,
    "6": 42.31140225780675,
    "7": 958.7851201236589,
    "8": 431.9551113441836,
    "9": 123.60770636689777
  }
}