{
  "lobjval": 23657.119291792595,
  "fobjval": 28807.619732058796,
  "lz1": 22292.814528083116,
  "lz2": 1364.3047637094799,
  "best_it": 24,
  "best_E0": 2647.779086992579,
  "best_B0": {
    "1": 392.47969529658127,
    "2": 113.42333816221053,
    "3": 240.8846145867017,
    "4": 231.3145719995885,
    "5": 135.06035104992625,
    "6": 313.1764647537133
  }
}