{
  "lobjval": 215212.9496398989,
  "fobjval": 78239.44451906528,
  "lz1": 209873.0022157065,
  "lz2": 5339.947424192404,
  "best_it": 2,
  "best_E0": 5484.865939892836,
  "best_B0": {
    "1": 363.5644551089755,
    "2": 755.6611597825256,
    "3": 335.6009010977541,
    "4": 324.514540021486,
    "5": 38.80007655268874,
    "6": 521.076138353025,
    "7": 1643.7111098165155,
    "8": 697.0927796820268,
    "9": 76.93815111520469,
    "10": 64.62764046219803,
    "11": 77.90652271591657,
    "12": 854.5354825262491
  }
}