{
  "lobjval": 32458.981819946574,
  "fobjval": 44673.67409205633,
  "lz1": 27109.45415180674,
  "lz2": 5349.52766813983,
  "best_it": 8,
  "best_E0": 2393.7707860314995,
  "best_B0": {
    "1": 464.1687195304631,
    "2": 214.48718613632792,
    "3": 168.26394867838636,
    "4": 689.6337343045112,
    "5": 71.7896392372068,
    "6": 649.6901695934564,
    "7": 336.9813548867432,
    "8": 527.286911601226,
    "9": 420.1230359180887,
    "10": 509.5912574894788,
    "11": 350.72176337283577,
    "12": 1001.9597450143527
  }
}