{
  "lobjval": 157915.64059916086,
  "fobjval": 61457.811988980466,
  "lz1": 157095.2880488525,
  "lz2": 820.3525503083674,
  "best_it": 6,
  "best_E0": 5389.159904487008,
  "best_B0": {
    "1": 33.23849949624486,
    "2": 157.75932621164173,
    "3": 104.4320133517565,
    "4": 49.87020481248597,
    "5": 64.20778131178037,
    "6": 181.1688344727694,
    "7": 74.13521503641873,
    "8": 95.85068359917258,
    "9": 118.52413364193524
  }
}