{
  "lobjval": 240492.18282574494,
  "fobjval": 259658.01244893792,
  "lz1": 238901.3591373736,
  "lz2": 1590.8236883713262,
  "best_it": 8,
  "best_E0": 35461.16667568736,
  "best_B0": {
    "1": 431.04963639758284,
    "2": 630.3591027979371,
    "3": 546.048524910751
  }
}