{
  "lobjval": 118216.44169572358,
  "fobjval": 57991.85926100976,
  "lz1": 117035.11734062171,
  "lz2": 1181.32435510187,
  "best_it": 1,
  "best_E0": 3519.287897564534,
  "best_B0": {
    "1": 441.92056662414984,
    "2": 125.90037540310112,
    "3": 171.91173415223574,
    "4": 27.387953136076923,
    "5": 55.9461390581104,
    "6": 16.598844294917495,
    "7": 65.96657170418098,
    "8": 330.6309345311025,
    "9": 52.63199727279766
  }
}