{
  "lobjval": 241612.91627362327,
  "fobjval": 118120.2385370387,
  "lz1": 240841.6214956858,
  "lz2": 771.2947779374707,
  "best_it": 23,
  "best_E0": 10195.221631166014,
  "best_B0": {
    "1": 91.81563395979981,
    "2": 65.61607637945359,
    "3": 6.309248587304281,
    "4": 100.84817212474604,
    "5": 90.8595785239173,
    "6": 173.41252495686334,
    "7": 173.06940237474836,
    "8": 24.648604678765718,
    "9": 103.78701697621484
  }
}