{
  "lobjval": 38608.207538929186,
  "fobjval": 71127.8135908038,
  "lz1": 35741.95727032119,
  "lz2": 2866.2502686079965,
  "best_it": 4,
  "best_E0": 2030.976692593121,
  "best_B0": {
    "1": 212.1402399260908,
    "2": 123.15465019270974,
    "3": 422.17637098941003,
    "4": 431.5473983014083,
    "5": 508.785978222048,
    "6": 634.1398167716065,
    "7": 24.573114491962123,
    "8": 133.03801707272393,
    "9": 103.79301147469116,
    "10": 1.2504454896976374,
    "11": 219.35919343234835,
    "12": 96.99347508375004
  }
}