{
  "lobjval": 210562.6413120471,
  "fobjval": 83187.6426758432,
  "lz1": 209295.07038564718,
  "lz2": 1267.5709263999333,
  "best_it": 8,
  "best_E0": 10079.481300668222,
  "best_B0": {
    "1": 166.11516934065935,
    "2": 339.74142253204934,
    "3": 50.24681916771018,
    "4": 184.84328361280407,
    "5": 538.8784428819731,
    "6": 123.81843630626007
  }
}