{
  "lobjval": 28824.575076134042,
  "fobjval": 144804.89390026146,
  "lz1": 23997.11400825816,
  "lz2": 4827.461067875884,
  "best_it": 6,
  "best_E0": 2095.8178173151287,
  "best_B0": {
    "1": 337.2154548750714,
    "2": 1587.0744187965354,
    "3": 979.9597504207952,
    "4": 143.84254721848006,
    "5": 349.8883108494567,
    "6": 251.22139398265932,
    "7": 479.6861505404053,
    "8": 576.6777169078553,
    "9": 182.05350245796265
  }
}