{
  "lobjval": 20956.958732601768,
  "fobjval": 93467.28894467733,
  "lz1": 15805.16892178038,
  "lz2": 5151.789810821389,
  "best_it": 27,
  "best_E0": 6385.926837082981,
  "best_B0": {
    "1": 730.2157073780272,
    "2": 1274.0510062463952,
    "3": 1295.8836137153921,
    "4": 574.173717761932,
    "5": 622.1744994078631,
    "6": 655.2912663117794
  }
}