{
  "lobjval": 15239.721500719406,
  "fobjval": 67006.88985986199,
  "lz1": 7946.897195891286,
  "lz2": 7292.824304828119,
  "best_it": 6,
  "best_E0": 1388.104313692801,
  "best_B0": {
    "1": 865.0694170521715,
    "2": 60.93667157950028,
    "3": 1240.72799216464,
    "4": 1465.7156003467792,
    "5": 949.196364350324,
    "6": 654.125673698488,
    "7": 747.5849935864452,
    "8": 353.6474751475475,
    "9": 1069.1125467044103
  }
}