{
  "lobjval": 237036.9000699799,
  "fobjval": 138937.76026133128,
  "lz1": 235839.13443310352,
  "lz2": 1197.7656368763837,
  "best_it": 19,
  "best_E0": 16660.42228771223,
  "best_B0": {
    "1": 158.88350773660733,
    "2": 225.11880056194673,
    "3": 342.0934330118138,
    "4": 263.93151826658664,
    "5": 215.9760512061587,
    "6": 41.715177749458725
  }
}