{
  "lobjval": 17427.71142771067,
  "fobjval": 38776.829873176335,
  "lz1": 15528.680878652207,
  "lz2": 1899.0305490584637,
  "best_it": 4,
  "best_E0": 804.2376678968297,
  "best_B0": {
    "1": 97.71988311747769,
    "2": 104.40389271466898,
    "3": 285.8243344570159,
    "4": 30.57415196448647,
    "5": 290.6959715125255,
    "6": 163.3176629148605,
    "7": 362.61640142591574,
    "8": 373.45048429634295,
    "9": 235.57374807448804
  }
}