{
  "lobjval": 5177.888493944753,
  "fobjval": 45334.42222584937,
  "lz1": 1285.2267917454287,
  "lz2": 3892.6617021993234,
  "best_it": 28,
  "best_E0": 171.36357223253805,
  "best_B0": {
    "1": 671.7942508344454,
    "2": 512.7910963546095,
    "3": 82.36010319507177,
    "4": 339.51233674676826,
    "5": 294.60986055495414,
    "6": 336.68989717639715,
    "7": 129.88453288654716,
    "8": 1128.7277457527973,
    "9": 396.2918786977694
  }
}