{
  "lobjval": 201440.21723485895,
  "fobjval": 125967.14381157124,
  "lz1": 198812.17995785884,
  "lz2": 2628.0372770001013,
  "best_it": 19,
  "best_E0": 47283.63553682582,
  "best_B0": {
    "1": 481.324028573498,
    "2": 871.5586328022397,
    "3": 1332.271929908695
  }
}