{
  "lobjval": 434209.86266059265,
  "fobjval": 418374.4988623016,
  "lz1": 432220.9511100303,
  "lz2": 1988.9115505623627,
  "best_it": 21,
  "best_E0": 70532.1610941163,
  "best_B0": {
    "1": 641.7699817955307,
    "2": 653.6834758615631,
    "3": 750.8688258408577
  }
}