{
  "lobjval": 12561.643600098978,
  "fobjval": 47833.38645267351,
  "lz1": 8392.846952023803,
  "lz2": 4168.796648075174,
  "best_it": 5,
  "best_E0": 410.2967004547566,
  "best_B0": {
    "1": 263.81803166926477,
    "2": 930.8517247881766,
    "3": 422.6187125407444,
    "4": 29.47907301471572,
    "5": 822.5913613704704,
    "6": 288.77725669193296,
    "7": 106.48680422380642,
    "8": 763.619452606851,
    "9": 362.90927874510373,
    "10": 80.96610562478435,
    "11": 96.75826000112986,
    "12": 21.10585914454382
  }
}