{
  "lobjval": 147029.2419047855,
  "fobjval": 83947.73652502432,
  "lz1": 145283.91849095473,
  "lz2": 1745.3234138307637,
  "best_it": 28,
  "best_E0": 4412.3155795341345,
  "best_B0": {
    "1": 172.9921191063877,
    "2": 322.6454705896898,
    "3": 226.975870546708,
    "4": 329.3737782607394,
    "5": 0.13888090931614414,
    "6": 103.76112909429273,
    "7": 363.3691656971056,
    "8": 161.65040744712238,
    "9": 222.7333376127101
  }
}