{
  "lobjval": 83618.98548997894,
  "fobjval": 22206.60128527529,
  "lz1": 81475.7740047278,
  "lz2": 2143.211485251126,
  "best_it": 3,
  "best_E0": 3455.521147814065,
  "best_B0": {
    "1": 276.8768046996867,
    "2": 34.5382877572124,
    "3": 206.05710453458943,
    "4": 0.14206715581951612,
    "5": 397.6965811117625,
    "6": 279.93859130837313,
    "7": 0.42331115276465203,
    "8": 183.86194557333081,
    "9": 282.6132517445034,
    "10": 270.3574158321019,
    "11": 204.83580286875537,
    "12": 180.12652931478237
  }
}