{
  "lobjval": 416256.7282074728,
  "fobjval": 136596.27873727705,
  "lz1": 412885.05023792584,
  "lz2": 3371.6779695470022,
  "best_it": 22,
  "best_E0": 71574.45141668287,
  "best_B0": {
    "1": 766.248031052679,
    "2": 1670.0520262311006,
    "3": 968.4723903290283
  }
}