{
  "lobjval": 343523.610000741,
  "fobjval": 183203.7980911662,
  "lz1": 341512.121982812,
  "lz2": 2011.4880179290035,
  "best_it": 26,
  "best_E0": 24976.344360519342,
  "best_B0": {
    "1": 148.22226752117095,
    "2": 304.7544860937698,
    "3": 48.869921574267515,
    "4": 343.99452905749376,
    "5": 1143.4139231191746,
    "6": 236.94735949832796
  }
}