{
  "lobjval": 365832.7212166277,
  "fobjval": 181547.1274730556,
  "lz1": 364211.8505541543,
  "lz2": 1620.8706624733816,
  "best_it": 10,
  "best_E0": 12465.080265134155,
  "best_B0": {
    "1": 93.13303737923013,
    "2": 371.9063503512735,
    "3": 450.10950912351495,
    "4": 0.27490926504679536,
    "5": 149.43853042087636,
    "6": 248.40617926270141,
    "7": 12.029752441751414,
    "8": 305.73449559858875,
    "9": 139.20623030011504
  }
}