{
  "lobjval": 32196.330837321046,
  "fobjval": 50916.254870559984,
  "lz1": 29377.76680413708,
  "lz2": 2818.564033183965,
  "best_it": 6,
  "best_E0": 962.9503129315417,
  "best_B0": {
    "1": 162.14152148029675,
    "2": 153.46441509866193,
    "3": 95.61940428652711,
    "4": 514.2595249446148,
    "5": 123.0923173987514,
    "6": 105.59017755062222,
    "7": 184.71444479126328,
    "8": 298.97123003586523,
    "9": 473.86542284068923,
    "10": 338.0668096776207,
    "11": 14.01282297128236,
    "12": 476.64531053067026
  }
}