{
  "lobjval": 634748.1854371201,
  "fobjval": 173566.49050892517,
  "lz1": 633607.0267834461,
  "lz2": 1141.1586536740406,
  "best_it": 3,
  "best_E0": 13643.358759913988,
  "best_B0": {
    "1": 251.62706468922548,
    "2": 102.02058090119874,
    "3": 154.3280572742657,
    "4": 130.78575148958424,
    "5": 215.16265864959524,
    "6": 60.494519023588786,
    "7": 21.505526466588243,
    "8": 136.5575821157899,
    "9": 138.70196810026812
  }
}