{
  "lobjval": 11185.205298112433,
  "fobjval": 312991.0,
  "lz1": 10038.123480355662,
  "lz2": 1147.0818177567699,
  "best_it": 12,
  "best_E0": 10038.123480355658,
  "best_B0": {
    "1": 397.01361074220483,
    "2": 417.3610857680129,
    "3": 332.7071212465522
  }
}