{
  "lobjval": 3103.0163682931743,
  "fobjval": 164851.0,
  "lz1": 0.0,
  "lz2": 3103.0163682931743,
  "best_it": 11,
  "best_E0": 35508.97843111628,
  "best_B0": {
    "1": 1012.079641364744,
    "2": 930.3789979295801,
    "3": 1160.55772899885
  }
}