{
  "lobjval": 3593.32681098606,
  "fobjval": 21048.95109900358,
  "lz1": 356.9696946834656,
  "lz2": 3236.3571163025945,
  "best_it": 8,
  "best_E0": 94.55486004662612,
  "best_B0": {
    "1": 400.67606780665386,
    "2": 183.1952013081055,
    "3": 501.8244179384701,
    "4": 447.17662242030684,
    "5": 320.57836171015543,
    "6": 117.92736680031824,
    "7": 435.90284791955537,
    "8": 116.26165924111959,
    "9": 4.9163278394617205,
    "10": 289.73864293987697,
    "11": 405.68302708464944,
    "12": 12.524995429280267
  }
}