{
  "lobjval": 106371.74432256946,
  "fobjval": 30195.42751180586,
  "lz1": 103390.13342768807,
  "lz2": 2981.610894881387,
  "best_it": 24,
  "best_E0": 5368.892486761982,
  "best_B0": {
    "1": 692.00896383941,
    "2": 121.24834570965386,
    "3": 329.99192595178795,
    "4": 345.5766263510005,
    "5": 38.54890560284482,
    "6": 170.46824440812264,
    "7": 34.422707939460764,
    "8": 554.6246642915577,
    "9": 83.54100114543606,
    "10": 584.3188930793079,
    "11": 122.11635617233051,
    "12": 176.81339473341052
  }
}