{
  "lobjval": 484468.8628384616,
  "fobjval": 127839.80251591394,
  "lz1": 483754.890673741,
  "lz2": 713.972164720581,
  "best_it": 24,
  "best_E0": 14612.149059853647,
  "best_B0": {
    "1": 150.74935436093165,
    "2": 127.31680521987236,
    "3": 279.7531120099271,
    "4": 144.0578832451841,
    "5": 67.91293187849,
    "6": 4.985932324367136
  }
}