{
  "lobjval": 35959.87601861688,
  "fobjval": 115051.48860292396,
  "lz1": 30936.857043241762,
  "lz2": 5023.018975375115,
  "best_it": 1,
  "best_E0": 2117.380114206063,
  "best_B0": {
    "1": 389.92820366892295,
    "2": 1174.2135563925474,
    "3": 260.54170786033853,
    "4": 11.241841185850038,
    "5": 205.70273367514955,
    "6": 308.5634789272885,
    "7": 322.5037685845425,
    "8": 288.5918828369119,
    "9": 779.4396149564615,
    "10": 865.3436847842062,
    "11": 95.82855614781126,
    "12": 367.5264200229236
  }
}