{
  "lobjval": 146508.9087525859,
  "fobjval": 57680.040460022195,
  "lz1": 145390.62596369156,
  "lz2": 1118.2827888943307,
  "best_it": 13,
  "best_E0": 36779.10479323053,
  "best_B0": {
    "1": 226.7699056642657,
    "2": 442.36577472896295,
    "3": 458.71391416725186
  }
}