{
  "lobjval": 620862.2714113389,
  "fobjval": 178391.0838665975,
  "lz1": 619980.2839474846,
  "lz2": 881.9874638543574,
  "best_it": 15,
  "best_E0": 20803.630651838394,
  "best_B0": {
    "1": 127.0705259828513,
    "2": 116.41280593496643,
    "3": 117.70415062019421,
    "4": 63.052221496720364,
    "5": 363.2870676572977,
    "6": 161.7888460027442
  }
}