{
  "lobjval": 220023.28667952868,
  "fobjval": 75407.69893885922,
  "lz1": 219527.53792720797,
  "lz2": 495.74875232069905,
  "best_it": 17,
  "best_E0": 5185.316687064222,
  "best_B0": {
    "1": 120.50309555015733,
    "2": 25.51457993468182,
    "3": 39.695760505865884,
    "4": 79.87463644855306,
    "5": 87.79364694774267,
    "6": 202.908720517176
  }
}