{
  "lobjval": 51177.85313783797,
  "fobjval": 13721.074507796911,
  "lz1": 49900.805955010444,
  "lz2": 1277.0471828275267,
  "best_it": 20,
  "best_E0": 1700.6720374109775,
  "best_B0": {
    "1": 19.93451890775463,
    "2": 128.6671231456143,
    "3": 191.7569315046346,
    "4": 110.69413642624818,
    "5": 6.508795356242406,
    "6": 88.78068170613292,
    "7": 184.6689621338238,
    "8": 235.35064816041938,
    "9": 115.88944520194852,
    "10": 47.94285530730836,
    "11": 44.725725645064294,
    "12": 219.45880320510662
  }
}