{
  "lobjval": 75802.19100791497,
  "fobjval": 30369.38800025184,
  "lz1": 70819.6632934584,
  "lz2": 4982.527714456565,
  "best_it": 16,
  "best_E0": 3252.9348430878167,
  "best_B0": {
    "1": 537.4619872489828,
    "2": 476.1687376792019,
    "3": 332.0989932880187,
    "4": 242.32371972229646,
    "5": 784.9587377132544,
    "6": 37.12233916640971,
    "7": 511.1311119420978,
    "8": 264.52778607819033,
    "9": 1272.6896432399806,
    "10": 460.09821035899193,
    "11": 88.81815205622476,
    "12": 148.5368398495195
  }
}