{
  "lobjval": 1148675.48103156,
  "fobjval": 628488.5451561023,
  "lz1": 1147007.202747211,
  "lz2": 1668.2782843489617,
  "best_it": 5,
  "best_E0": 87833.15405573093,
  "best_B0": {
    "1": 287.4771195682199,
    "2": 927.5746314997687,
    "3": 571.8900465355019
  }
}