{
  "lobjval": 24126.617999414975,
  "fobjval": 26856.35000096423,
  "lz1": 22417.606297390343,
  "lz2": 1709.011702024631,
  "best_it": 2,
  "best_E0": 675.0231777276185,
  "best_B0": {
    "1": 125.75925551594345,
    "2": 67.65341705669346,
    "3": 175.34742397130424,
    "4": 142.62707782390547,
    "5": 106.53828401252565,
    "6": 16.518929509319786,
    "7": 323.3203768417042,
    "8": 44.59400792668071,
    "9": 150.4786437046062,
    "10": 343.4483472937759,
    "11": 219.17836656253846,
    "12": 47.644156930433454
  }
}