{
  "lobjval": 1018889.3367553185,
  "fobjval": 244118.051649887,
  "lz1": 1017696.7146350517,
  "lz2": 1192.6221202667543,
  "best_it": 18,
  "best_E0": 27231.192525170052,
  "best_B0": {
    "1": 201.0359300572779,
    "2": 110.2638587612343,
    "3": 173.4439159181817,
    "4": 176.74824921633666,
    "5": 270.6159028704942,
    "6": 325.1680879109668
  }
}