{
  "lobjval": 6002.672772596243,
  "fobjval": 72778.27427718337,
  "lz1": 1091.4206534296886,
  "lz2": 4911.252119166554,
  "best_it": 7,
  "best_E0": 459.0086852344772,
  "best_B0": {
    "1": 1035.1463146729725,
    "2": 360.6974956644442,
    "3": 215.37051815061915,
    "4": 287.03553540363293,
    "5": 67.01511093196797,
    "6": 319.07929821245847,
    "7": 806.7417700761004,
    "8": 176.02347709558174,
    "9": 286.53352404415773,
    "10": 470.9077500141808,
    "11": 383.60892333569393,
    "12": 503.09240169088736
  }
}