{
  "lobjval": 45531.01842403653,
  "fobjval": 110697.5041213503,
  "lz1": 43146.214478497015,
  "lz2": 2384.803945539514,
  "best_it": 2,
  "best_E0": 3590.9954165784443,
  "best_B0": {
    "1": 309.12217512163033,
    "2": 102.14972714225817,
    "3": 37.53361327286043,
    "4": 308.72500379105435,
    "5": 68.7848675646752,
    "6": 1.3213383454529173,
    "7": 499.60774195212207,
    "8": 402.1818157188743,
    "9": 748.1662823688614
  }
}