{
  "lobjval": 61768.028676878195,
  "fobjval": 30125.069516594143,
  "lz1": 59956.149799148516,
  "lz2": 1811.8788777296825,
  "best_it": 10,
  "best_E0": 4205.990347771388,
  "best_B0": {
    "1": 131.61263346576536,
    "2": 237.862414258272,
    "3": 360.16101045396493,
    "4": 221.37517046685193,
    "5": 283.8862027044567,
    "6": 186.70452722974534,
    "7": 281.42237789806063,
    "8": 87.81366459683338,
    "9": 104.94057828338947
  }
}