{
  "lobjval": 213500.0060014106,
  "fobjval": 64151.39272866206,
  "lz1": 212742.47633968326,
  "lz2": 757.5296617273443,
  "best_it": 26,
  "best_E0": 3439.6561998549505,
  "best_B0": {
    "1": 76.71911077776967,
    "2": 79.33680142073742,
    "3": 69.99312529682902,
    "4": 14.811283877150725,
    "5": 45.88655694297933,
    "6": 34.82024611584304,
    "7": 69.40354380834071,
    "8": 73.59989622217776,
    "9": 200.42856695983937,
    "10": 46.95870342056802,
    "11": 79.00871679575725,
    "12": 41.474108771692265
  }
}