{
  "lobjval": 37901.49342530614,
  "fobjval": 27333.808592262587,
  "lz1": 37267.58683047021,
  "lz2": 633.9065948359266,
  "best_it": 19,
  "best_E0": 2416.6004509874624,
  "best_B0": {
    "1": 93.80471241969425,
    "2": 44.40392450187651,
    "3": 60.8921061799488,
    "4": 1.014619062964375,
    "5": 6.580096990948391,
    "6": 73.52115462268858,
    "7": 44.38301152448823,
    "8": 45.58686037636921,
    "9": 64.82201124958985,
    "10": 112.97516183842396,
    "11": 75.48111175301861,
    "12": 38.52146901892563
  }
}