{
  "lobjval": 34390.7497163518,
  "fobjval": 30965.58227335727,
  "lz1": 31283.558237911584,
  "lz2": 3107.191478440211,
  "best_it": 8,
  "best_E0": 1985.292186340166,
  "best_B0": {
    "1": 731.6812908603551,
    "2": 325.0875067867587,
    "3": 433.96857460822866,
    "4": 187.87342878417655,
    "5": 413.62629603176805,
    "6": 134.18657299548053,
    "7": 339.355148067051,
    "8": 208.2831076529643,
    "9": 402.04653544185055
  }
}