{
  "lobjval": 15720.842898004266,
  "fobjval": 70013.29755550831,
  "lz1": 12061.405655598157,
  "lz2": 3659.4372424061085,
  "best_it": 10,
  "best_E0": 1427.7939392512671,
  "best_B0": {
    "1": 29.22099943388688,
    "2": 133.64185493437986,
    "3": 205.6303060889852,
    "4": 79.05893192239016,
    "5": 459.24508677698395,
    "6": 374.0697026558587,
    "7": 791.7054983771623,
    "8": 438.2241296677024,
    "9": 298.9039034845698,
    "10": 406.4155063904535,
    "11": 235.52903076572602,
    "12": 280.9005257846573
  }
}