{
  "lobjval": 52610.71358104172,
  "fobjval": 56478.08740776114,
  "lz1": 51857.13593923097,
  "lz2": 753.577641810746,
  "best_it": 8,
  "best_E0": 2924.053332673382,
  "best_B0": {
    "1": 18.02263344273382,
    "2": 132.06266332373605,
    "3": 99.71336969802539,
    "4": 288.19661509106777,
    "5": 68.75802005176428,
    "6": 220.03723787374906
  }
}