{
  "lobjval": 582062.7627099596,
  "fobjval": 192584.1545588905,
  "lz1": 574772.1282338975,
  "lz2": 7290.634476062087,
  "best_it": 3,
  "best_E0": 11594.203989673239,
  "best_B0": {
    "1": 668.6722244202191,
    "2": 1279.1208775758441,
    "3": 892.0043670293785,
    "4": 458.84897476288023,
    "5": 3631.800899956963,
    "6": 442.90227395094536,
    "7": 438.0850946149085,
    "8": 76.97298628916244,
    "9": 3.6464307348046914
  }
}