{
  "lobjval": 13125.098182330337,
  "fobjval": 136605.0,
  "lz1": 8930.9999989608,
  "lz2": 4194.098183369537,
  "best_it": 19,
  "best_E0": 5716.64267579571,
  "best_B0": {
    "1": 4.051328171949619,
    "2": 587.9925028671641,
    "3": 201.34263229195022,
    "4": 572.7034705440022,
    "5": 1049.0652962588185,
    "6": 92.08062521705341,
    "7": 767.9714562177058,
    "8": 682.045057756835,
    "9": 236.8458140478915
  }
}