{
  "lobjval": 67903.64732901029,
  "fobjval": 21107.37712926721,
  "lz1": 65728.69120814023,
  "lz2": 2174.9561208700625,
  "best_it": 13,
  "best_E0": 3299.686903791897,
  "best_B0": {
    "1": 267.7683581292545,
    "2": 358.00318254601206,
    "3": 89.20951565294305,
    "4": 262.6063594990829,
    "5": 193.48886981583132,
    "6": 138.33902623556824,
    "7": 417.0744004610053,
    "8": 13.068150717012372,
    "9": 11.088460412250651,
    "10": 187.49078770046634,
    "11": 257.76816472667315,
    "12": 112.12970424562884
  }
}