{
  "lobjval": 539735.6283554352,
  "fobjval": 408163.4752422136,
  "lz1": 538367.6545765032,
  "lz2": 1367.973778931966,
  "best_it": 29,
  "best_E0": 35133.26143708528,
  "best_B0": {
    "1": 656.6714268582288,
    "2": 750.8321833162207,
    "3": 70.28210125451345
  }
}