{
  "lobjval": 11247.527238403096,
  "fobjval": 48329.98428693647,
  "lz1": 5664.771109059293,
  "lz2": 5582.756129343803,
  "best_it": 21,
  "best_E0": 1116.2110559722744,
  "best_B0": {
    "1": 419.7882418604799,
    "2": 1263.5534568973148,
    "3": 503.8906540578479,
    "4": 194.33663747080396,
    "5": 439.27347694811556,
    "6": 974.2404458451795,
    "7": 307.16155864054736,
    "8": 523.6181516474317,
    "9": 977.2643577475775
  }
}