{
  "lobjval": 10775.103250376258,
  "fobjval": 135122.19343232582,
  "lz1": 4935.464957780945,
  "lz2": 5839.638292595312,
  "best_it": 3,
  "best_E0": 415.90996833629873,
  "best_B0": {
    "1": 699.423885687372,
    "2": 160.91925538347004,
    "3": 973.7687646957847,
    "4": 996.483373404684,
    "5": 445.24163210542207,
    "6": 641.7274955503091,
    "7": 408.60197063924045,
    "8": 293.98667465662174,
    "9": 1241.8057421049734
  }
}