{
  "lobjval": 105414.8474842627,
  "fobjval": 273092.5919315841,
  "lz1": 103459.82933644005,
  "lz2": 1955.0181478226532,
  "best_it": 17,
  "best_E0": 37395.11903726739,
  "best_B0": {
    "1": 627.1600583619015,
    "2": 512.2306746372844,
    "3": 815.6274148234672
  }
}