{
  "lobjval": 423294.7088553327,
  "fobjval": 119476.46034262094,
  "lz1": 421823.69578372966,
  "lz2": 1471.0130716030276,
  "best_it": 15,
  "best_E0": 16690.554474325276,
  "best_B0": {
    "1": 119.70891018778434,
    "2": 523.6703448954397,
    "3": 182.083802789195,
    "4": 162.5742849649768,
    "5": 5.223126416253436,
    "6": 626.3281170046113
  }
}