{
  "lobjval": 258977.17194327916,
  "fobjval": 255564.52421877388,
  "lz1": 257300.5600830923,
  "lz2": 1676.6118601868611,
  "best_it": 14,
  "best_E0": 10545.975187045495,
  "best_B0": {
    "1": 177.4427848197858,
    "2": 404.0153924263934,
    "3": 153.35152599680512,
    "4": 273.12428403960246,
    "5": 144.90677723218357,
    "6": 570.7555296045145
  }
}