{
  "lobjval": 143723.98560214174,
  "fobjval": 175443.74274345132,
  "lz1": 139325.2377188744,
  "lz2": 4398.747883267327,
  "best_it": 1,
  "best_E0": 3980.5018847839942,
  "best_B0": {
    "1": 523.5357876422039,
    "2": 404.84189356640707,
    "3": 12.520636891842853,
    "4": 232.09380500598348,
    "5": 252.59592474552107,
    "6": 667.5093338357127,
    "7": 1674.3099397868943,
    "8": 522.6727618404589,
    "9": 454.7342461225968
  }
}