{
  "lobjval": 147710.45093477113,
  "fobjval": 49386.09729319681,
  "lz1": 147256.77056569362,
  "lz2": 453.6803690775196,
  "best_it": 2,
  "best_E0": 4033.6547456900157,
  "best_B0": {
    "1": 115.73961980483338,
    "2": 31.093214538273592,
    "3": 0.08170076226674787,
    "4": 97.26889083046969,
    "5": 46.09363057759631,
    "6": 20.86668649587547,
    "7": 120.27992031598637,
    "8": 17.442554336634114,
    "9": 58.28629904659927
  }
}