{
  "lobjval": 312150.7116936291,
  "fobjval": 89545.80811274724,
  "lz1": 311237.3038259513,
  "lz2": 913.4078676777939,
  "best_it": 16,
  "best_E0": 5018.151093211856,
  "best_B0": {
    "1": 52.1433300666257,
    "2": 96.15066117809285,
    "3": 134.52010461744155,
    "4": 77.11562191434805,
    "5": 59.37633082005289,
    "6": 82.1213579899467,
    "7": 12.811653513512292,
    "8": 114.51774045331553,
    "9": 52.92057519119314,
    "10": 86.73486721355349,
    "11": 124.74163639568347,
    "12": 83.80198033523868
  }
}