{
  "lobjval": 52615.075242401246,
  "fobjval": 202213.25845581474,
  "lz1": 47645.43451354351,
  "lz2": 4969.640728857737,
  "best_it": 12,
  "best_E0": 3826.942531207544,
  "best_B0": {
    "1": 499.9862879790481,
    "2": 205.65293123215574,
    "3": 1306.5177424764222,
    "4": 168.25930622843043,
    "5": 167.25507743016504,
    "6": 71.93230428770303,
    "7": 2198.9907085991963,
    "8": 515.3926295624478,
    "9": 46.696035015764686
  }
}