{
  "lobjval": 785492.484713884,
  "fobjval": 361958.45349231805,
  "lz1": 783325.155037192,
  "lz2": 2167.329676691941,
  "best_it": 2,
  "best_E0": 101528.7802141997,
  "best_B0": {
    "1": 646.4578572030401,
    "2": 913.493392776339,
    "3": 657.7230333907028
  }
}