{
  "lobjval": 54887.92869506534,
  "fobjval": 33750.27567349947,
  "lz1": 54303.56916928864,
  "lz2": 584.3595257766985,
  "best_it": 6,
  "best_E0": 1635.5383187478403,
  "best_B0": {
    "1": 78.72218738368942,
    "2": 80.01852459358733,
    "3": 45.33818624532694,
    "4": 3.3390462425619867,
    "5": 80.95062939587373,
    "6": 82.70987845337001,
    "7": 42.75612181447759,
    "8": 103.06748673000573,
    "9": 117.60127522857474
  }
}