{
  "lobjval": 90071.07836359733,
  "fobjval": 44981.69266070847,
  "lz1": 82631.56671184655,
  "lz2": 7439.51165175079,
  "best_it": 4,
  "best_E0": 4210.124916621807,
  "best_B0": {
    "1": 1922.6040753883167,
    "2": 64.35735351156362,
    "3": 1013.7421957912662,
    "4": 831.9765875697474,
    "5": 235.23498314129267,
    "6": 510.45446873548826,
    "7": 2200.88719434256,
    "8": 639.5413476393801,
    "9": 217.70986415768172
  }
}