{
  "lobjval": 338624.5387607624,
  "fobjval": 174355.16447526964,
  "lz1": 336019.0801524428,
  "lz2": 2605.45860831961,
  "best_it": 15,
  "best_E0": 13820.547249672585,
  "best_B0": {
    "1": 1092.7263183010982,
    "2": 356.83948279494496,
    "3": 316.5970072375826,
    "4": 396.33024782749834,
    "5": 349.6302171945608,
    "6": 259.04745399064825
  }
}