{
  "lobjval": 286029.082179875,
  "fobjval": 89041.3347806189,
  "lz1": 284302.68390698166,
  "lz2": 1726.3982728933265,
  "best_it": 14,
  "best_E0": 7537.744416349452,
  "best_B0": {
    "1": 53.76887228035139,
    "2": 108.4227112047414,
    "3": 189.98460658996748,
    "4": 175.89414924798993,
    "5": 198.52164055899135,
    "6": 168.39261213962465,
    "7": 173.76016452652976,
    "8": 142.2975204453454,
    "9": 109.20768798297642,
    "10": 191.96500215859788,
    "11": 264.22327589143805,
    "12": 50.11933902439286
  }
}