{
  "lobjval": 76135.88674682457,
  "fobjval": 100675.97532514704,
  "lz1": 73318.34650132668,
  "lz2": 2817.5402454978966,
  "best_it": 1,
  "best_E0": 2994.8309679731324,
  "best_B0": {
    "1": 150.16495609295097,
    "2": 250.99354945092443,
    "3": 267.1227254070159,
    "4": 98.22589066413836,
    "5": 10.013355749921486,
    "6": 473.61276449637444,
    "7": 52.34831340035748,
    "8": 2.6167521181715965,
    "9": 347.24148868445997,
    "10": 135.50767504358913,
    "11": 532.4028651330742,
    "12": 642.2702274637087
  }
}