{
  "lobjval": 342040.0704244101,
  "fobjval": 177690.3804838563,
  "lz1": 339425.4827553113,
  "lz2": 2614.587669098805,
  "best_it": 1,
  "best_E0": 16321.421970424972,
  "best_B0": {
    "1": 606.0584108065251,
    "2": 661.092738721965,
    "3": 183.34611454538157,
    "4": 464.4802251936233,
    "5": 1020.3033319858163,
    "6": 7.824108707140252
  }
}