{
  "lobjval": 458119.00568116066,
  "fobjval": 202154.69675390626,
  "lz1": 453669.9421992184,
  "lz2": 4449.063481942294,
  "best_it": 6,
  "best_E0": 127895.3980345392,
  "best_B0": {
    "1": 1017.0064315134567,
    "2": 1550.0243457634551,
    "3": 1914.0339909680727
  }
}