{
  "lobjval": 120889.90655752044,
  "fobjval": 150721.58938138073,
  "lz1": 120149.58681383787,
  "lz2": 740.319743682579,
  "best_it": 16,
  "best_E0": 7431.090416339996,
  "best_B0": {
    "1": 139.39883694577026,
    "2": 115.75410516251256,
    "3": 57.34363017767814,
    "4": 106.68425318199698,
    "5": 91.50022859356034,
    "6": 264.07626950285027
  }
}