{
  "lobjval": 11120.958003205757,
  "fobjval": 59632.10061224183,
  "lz1": 9073.955153553006,
  "lz2": 2047.0028496527505,
  "best_it": 2,
  "best_E0": 626.2699109047318,
  "best_B0": {
    "1": 66.88660157971155,
    "2": 555.022327419452,
    "3": 90.81097260891728,
    "4": 256.3491041956335,
    "5": 317.4511771360541,
    "6": 186.8873970786609,
    "7": 129.63682447314918,
    "8": 126.41260240646005,
    "9": 347.9712872148343
  }
}