{
  "lobjval": 145848.66526377722,
  "fobjval": 61594.2576661646,
  "lz1": 141719.0536892936,
  "lz2": 4129.611574483638,
  "best_it": 25,
  "best_E0": 9582.430664974701,
  "best_B0": {
    "1": 169.16503995077557,
    "2": 724.1686309828391,
    "3": 455.9816757997742,
    "4": 8.875507697683815,
    "5": 594.5483594258881,
    "6": 1111.4614778758616,
    "7": 538.0129767799125,
    "8": 538.6642576071594,
    "9": 230.57308744525832
  }
}