{
  "lobjval": 650487.4986773618,
  "fobjval": 532718.3887512544,
  "lz1": 648949.7921690582,
  "lz2": 1537.70650830349,
  "best_it": 9,
  "best_E0": 59275.37082915067,
  "best_B0": {
    "1": 453.47321628583234,
    "2": 790.7152810907926,
    "3": 381.971615934799
  }
}