{
  "lobjval": 21179.070299287727,
  "fobjval": 19542.00450751173,
  "lz1": 19424.664436463612,
  "lz2": 1754.405862824116,
  "best_it": 24,
  "best_E0": 1662.5615218947785,
  "best_B0": {
    "1": 158.16100238287498,
    "2": 209.67088473350873,
    "3": 56.241997037457686,
    "4": 240.46290316573598,
    "5": 49.6574327253077,
    "6": 179.36278278548124,
    "7": 484.28165281807065,
    "8": 221.5526277727365,
    "9": 180.06859228893822
  }
}