{
  "lobjval": 128619.02980245589,
  "fobjval": 125137.99755922557,
  "lz1": 123706.7367146505,
  "lz2": 4912.2930878053885,
  "best_it": 1,
  "best_E0": 4128.918708516309,
  "best_B0": {
    "1": 1304.4560405506757,
    "2": 21.569569001321806,
    "3": 306.09819505676603,
    "4": 490.8105905720976,
    "5": 191.04466932774932,
    "6": 936.1701414209466,
    "7": 589.3576512752394,
    "8": 235.21923619985284,
    "9": 1133.107667880512
  }
}