{
  "lobjval": 8262.301690696631,
  "fobjval": 24930.10096592294,
  "lz1": 4340.391579443569,
  "lz2": 3921.9101112530625,
  "best_it": 18,
  "best_E0": 1021.2686069278989,
  "best_B0": {
    "1": 93.92970777896468,
    "2": 214.7913637874575,
    "3": 256.0895916944798,
    "4": 197.46563012581578,
    "5": 619.512729832578,
    "6": 200.9690616532328,
    "7": 498.4391531544944,
    "8": 393.1333275987783,
    "9": 723.5724989592777,
    "10": 360.654511823062,
    "11": 182.64936715404494,
    "12": 180.70316769087705
  }
}