{
  "lobjval": 40353.29164231927,
  "fobjval": 36587.32560653299,
  "lz1": 39722.74339281523,
  "lz2": 630.5482495040408,
  "best_it": 12,
  "best_E0": 1768.9061221073903,
  "best_B0": {
    "1": 70.95654537538375,
    "2": 55.57242886346147,
    "3": 20.600152749330753,
    "4": 67.87330416681931,
    "5": 41.50463636909279,
    "6": 129.60175127421476,
    "7": 94.08004366979644,
    "8": 58.26944081476185,
    "9": 117.69343269928096
  }
}