{
  "lobjval": 45318.93880431803,
  "fobjval": 23725.607767054687,
  "lz1": 44037.70252379719,
  "lz2": 1281.236280520837,
  "best_it": 1,
  "best_E0": 8199.008412651063,
  "best_B0": {
    "1": 324.19280944887106,
    "2": 400.49766810637504,
    "3": 158.7075988734866,
    "4": 294.8953512175653,
    "5": 166.7184882653111,
    "6": 20.760736330558068
  }
}