{
  "lobjval": 196216.20998736317,
  "fobjval": 82825.58410089952,
  "lz1": 195645.78758300678,
  "lz2": 570.4224043564024,
  "best_it": 20,
  "best_E0": 7612.239998323923,
  "best_B0": {
    "1": 104.13659803997231,
    "2": 54.315164175380154,
    "3": 143.97011544912579,
    "4": 41.04844870658117,
    "5": 86.84225028837407,
    "6": 122.15279872376978,
    "7": 2.814608027088113,
    "8": 18.265230964588792,
    "9": 46.24413368995595
  }
}