{
  "lobjval": 173503.44614936592,
  "fobjval": 49441.39191756698,
  "lz1": 172301.0082030843,
  "lz2": 1202.4379462816373,
  "best_it": 24,
  "best_E0": 35680.40412165066,
  "best_B0": {
    "1": 410.28340651791086,
    "2": 331.0962974859793,
    "3": 461.05824227774724
  }
}