{
  "lobjval": 90379.24343166579,
  "fobjval": 54805.81928314475,
  "lz1": 90026.98482621778,
  "lz2": 352.2586054480083,
  "best_it": 5,
  "best_E0": 1974.6203796644759,
  "best_B0": {
    "1": 63.22803504303782,
    "2": 92.29513013790995,
    "3": 35.024200519886755,
    "4": 37.684404974899216,
    "5": 0.07783323533229027,
    "6": 40.3274954758609,
    "7": 37.438508044771744,
    "8": 11.389346002054712,
    "9": 56.22333220360571
  }
}