{
  "lobjval": 114549.02502684171,
  "fobjval": 60382.681015470545,
  "lz1": 113514.7339043252,
  "lz2": 1034.2911225165187,
  "best_it": 19,
  "best_E0": 4052.1820416669007,
  "best_B0": {
    "1": 121.516556339619,
    "2": 345.8256473525905,
    "3": 73.83998403154018,
    "4": 186.9133050205739,
    "5": 90.65396213163011,
    "6": 90.46587503517574,
    "7": 59.0515011343136,
    "8": 121.57457977750677,
    "9": 38.33632878965413
  }
}