{
  "lobjval": 14258.822517070246,
  "fobjval": 109003.72530047833,
  "lz1": 6325.745727220885,
  "lz2": 7933.0767898493605,
  "best_it": 7,
  "best_E0": 973.1916503448465,
  "best_B0": {
    "1": 783.9867395304411,
    "2": 730.37349219931,
    "3": 508.4069121217897,
    "4": 1693.517625362774,
    "5": 628.7498343155887,
    "6": 517.64708385727,
    "7": 297.97622073129173,
    "8": 1052.7282124913638,
    "9": 187.28634772368966,
    "10": 352.78109513388205,
    "11": 1140.211006023908,
    "12": 39.41222039631208
  }
}