{
  "lobjval": 59507.80272298467,
  "fobjval": 31248.043193896014,
  "lz1": 54912.510887799595,
  "lz2": 4595.291835185074,
  "best_it": 22,
  "best_E0": 3113.8432451185736,
  "best_B0": {
    "1": 122.18302571466482,
    "2": 345.4244389625978,
    "3": 200.94697220135203,
    "4": 868.6529540963938,
    "5": 71.86406656362986,
    "6": 300.105771667878,
    "7": 893.2791773645504,
    "8": 189.38377259016167,
    "9": 300.6198639095878,
    "10": 917.7398281150648,
    "11": 236.36283220535526,
    "12": 353.28454512360844
  }
}