{
  "lobjval": 7762.416009888666,
  "fobjval": 131539.59810357325,
  "lz1": 1214.5331874732979,
  "lz2": 6547.882822415368,
  "best_it": 21,
  "best_E0": 1214.5331874732979,
  "best_B0": {
    "1": 724.3817624220284,
    "2": 305.3328048853108,
    "3": 49.71373599122934,
    "4": 2032.2319934292127,
    "5": 257.1779665070009,
    "6": 1208.0911669854027,
    "7": 1170.3960547933907,
    "8": 500.68193647263706,
    "9": 299.875400929154
  }
}