{
  "lobjval": 15781.515285493684,
  "fobjval": 73858.90694186074,
  "lz1": 12260.382436055785,
  "lz2": 3521.132849437899,
  "best_it": 1,
  "best_E0": 603.959725914078,
  "best_B0": {
    "1": 279.5081207571002,
    "2": 38.8471541532998,
    "3": 364.7939746241166,
    "4": 334.8371087811797,
    "5": 11.01764461672402,
    "6": 120.00360690287674,
    "7": 1005.4733832534762,
    "8": 69.22670005717131,
    "9": 373.0939116687227,
    "10": 616.9944629688724,
    "11": 162.49329526274713,
    "12": 193.04640542445932
  }
}