{
  "lobjval": 113958.11826216207,
  "fobjval": 51384.046836010326,
  "lz1": 113530.39605768258,
  "lz2": 427.7222044794873,
  "best_it": 2,
  "best_E0": 2555.2306222138095,
  "best_B0": {
    "1": 44.51500954524912,
    "2": 60.51908060131309,
    "3": 5.994498402980558,
    "4": 38.43165660273803,
    "5": 75.03568232339508,
    "6": 100.757837822548,
    "7": 42.10744498622983,
    "8": 71.13532756036082,
    "9": 37.54783955030479
  }
}