{
  "lobjval": 963.1820212625885,
  "fobjval": 194022.0,
  "lz1": 0.0,
  "lz2": 963.1820212625885,
  "best_it": 28,
  "best_E0": 12351.819957053694,
  "best_B0": {
    "1": 349.1307523659283,
    "2": 337.8171306267804,
    "3": 276.2341382698798
  }
}