{
  "lobjval": 356691.95436015486,
  "fobjval": 191488.5615439878,
  "lz1": 351701.75084686495,
  "lz2": 4990.203513289909,
  "best_it": 28,
  "best_E0": 54775.418923889265,
  "best_B0": {
    "1": 1689.1058499869496,
    "2": 1297.8318294109201,
    "3": 2149.377947618082
  }
}