{
  "lobjval": 22015.34457108352,
  "fobjval": 40088.59557072993,
  "lz1": 15833.37725041684,
  "lz2": 6181.9673206666785,
  "best_it": 2,
  "best_E0": 2016.9907325371755,
  "best_B0": {
    "1": 23.137300168450885,
    "2": 496.6415227582905,
    "3": 258.75755639024123,
    "4": 866.8148482118025,
    "5": 672.731314647863,
    "6": 428.41382841432215,
    "7": 797.2908945767334,
    "8": 188.8163234264317,
    "9": 300.8234801950649,
    "10": 600.7808028689176,
    "11": 1155.2834454449182,
    "12": 397.9709659693157
  }
}