{
  "lobjval": 68233.13421569626,
  "fobjval": 61112.92442446456,
  "lz1": 66539.84884892913,
  "lz2": 1693.2853667671343,
  "best_it": 20,
  "best_E0": 25008.045418102323,
  "best_B0": {
    "1": 986.6661596361214,
    "2": 412.77855468920274,
    "3": 385.50439146508177
  }
}