{
  "lobjval": 112344.85514652345,
  "fobjval": 71196.14393789171,
  "lz1": 109474.49686126721,
  "lz2": 2870.35828525624,
  "best_it": 3,
  "best_E0": 2558.386743383182,
  "best_B0": {
    "1": 179.5250028356952,
    "2": 601.5269811264342,
    "3": 69.10573248923549,
    "4": 306.24093909817856,
    "5": 327.74217587520087,
    "6": 383.8338277664613,
    "7": 97.57841144612097,
    "8": 151.31166078801596,
    "9": 19.673503205339966,
    "10": 246.19045321303872,
    "11": 440.43591495573514,
    "12": 190.18226975972993
  }
}