{
  "lobjval": 217032.96781017518,
  "fobjval": 85315.4061895642,
  "lz1": 214401.1816612407,
  "lz2": 2631.786148934486,
  "best_it": 1,
  "best_E0": 3823.6647997169894,
  "best_B0": {
    "1": 93.34970436887058,
    "2": 295.2365196099294,
    "3": 429.6257396214607,
    "4": 447.033308813331,
    "5": 491.90777893848343,
    "6": 61.889549315465956,
    "7": 71.48009570006707,
    "8": 375.46640282459646,
    "9": 90.23922368133913,
    "10": 112.39643137381942,
    "11": 136.2594321767388,
    "12": 303.6268786565899
  }
}