{
  "lobjval": 1220.1969589247276,
  "fobjval": 578692.0,
  "lz1": 0.0,
  "lz2": 1220.1969589247276,
  "best_it": 12,
  "best_E0": 55749.32999243853,
  "best_B0": {
    "1": 348.33631401877,
    "2": 442.3558165113255,
    "3": 429.50482839463217
  }
}