{
  "lobjval": 111242.22823921568,
  "fobjval": 59577.41859593945,
  "lz1": 108972.803660506,
  "lz2": 2269.4245787096747,
  "best_it": 2,
  "best_E0": 3394.026817457458,
  "best_B0": {
    "1": 83.3669387876626,
    "2": 41.15174412390242,
    "3": 309.15244354779867,
    "4": 129.5253511445568,
    "5": 68.43449665190218,
    "6": 703.4699007729743,
    "7": 104.85805329989442,
    "8": 725.6296408344185,
    "9": 225.57707324830338
  }
}