{
  "lobjval": 8882.19859165401,
  "fobjval": 61543.73778015129,
  "lz1": 7298.226446669598,
  "lz2": 1583.972144984412,
  "best_it": 5,
  "best_E0": 544.6437646762589,
  "best_B0": {
    "1": 396.0422137124959,
    "2": 99.75788227464268,
    "3": 214.17848756304585,
    "4": 1.7570079910133043,
    "5": 90.85066318649908,
    "6": 71.63295903020565,
    "7": 384.55911218217136,
    "8": 94.08157486114155,
    "9": 256.5448021154851
  }
}