{
  "lobjval": 379688.55322215654,
  "fobjval": 278630.0,
  "lz1": 379079.9939214346,
  "lz2": 608.5593007219251,
  "best_it": 2,
  "best_E0": 51434.47856650608,
  "best_B0": {
    "1": 282.2409579532488,
    "2": 175.5267247810147,
    "3": 150.98952248457786
  }
}