{
  "lobjval": 457775.7893294251,
  "fobjval": 172962.69255352317,
  "lz1": 455871.4711318898,
  "lz2": 1904.3181975352745,
  "best_it": 16,
  "best_E0": 21712.850877706915,
  "best_B0": {
    "1": 128.74340610715421,
    "2": 175.02355346937998,
    "3": 412.51921389812645,
    "4": 341.9591228371169,
    "5": 476.37711744777266,
    "6": 530.2230627897676
  }
}