{
  "lobjval": 52787.88527608443,
  "fobjval": 55541.3183817605,
  "lz1": 52095.76901858519,
  "lz2": 692.1162574992444,
  "best_it": 2,
  "best_E0": 2813.0020412790095,
  "best_B0": {
    "1": 110.23391480690157,
    "2": 22.272105156267088,
    "3": 147.60218792375738,
    "4": 300.53376103474346,
    "5": 105.89045081222373,
    "6": 51.38946559563522
  }
}