{
  "lobjval": 468752.13042442844,
  "fobjval": 129035.086283579,
  "lz1": 467340.74099842884,
  "lz2": 1411.3894259995805,
  "best_it": 19,
  "best_E0": 8438.990310900319,
  "best_B0": {
    "1": 71.30270104529595,
    "2": 208.63387012659152,
    "3": 45.656745872960435,
    "4": 104.93420866263648,
    "5": 71.47562141474233,
    "6": 27.180791230201315,
    "7": 112.11153338937375,
    "8": 104.83985371765303,
    "9": 210.4952791005948,
    "10": 138.50742484900528,
    "11": 129.25342854872326,
    "12": 272.53830281467833
  }
}