{
  "lobjval": 86509.38172908295,
  "fobjval": 40115.12830709192,
  "lz1": 83281.20175225686,
  "lz2": 3228.179976826084,
  "best_it": 13,
  "best_E0": 5904.750252153207,
  "best_B0": {
    "1": 182.50959082596125,
    "2": 249.14860220225023,
    "3": 31.802118702798975,
    "4": 371.77809521866243,
    "5": 198.7109878728284,
    "6": 706.8613675814584,
    "7": 583.018320490035,
    "8": 457.61453722097076,
    "9": 25.88867050252161,
    "10": 289.3041678508119,
    "11": 15.451508866036535,
    "12": 227.94495702549239
  }
}