{
  "lobjval": 15415.090981538135,
  "fobjval": 136501.8994775911,
  "lz1": 8179.364118339101,
  "lz2": 7235.726863199034,
  "best_it": 9,
  "best_E0": 1090.581882389001,
  "best_B0": {
    "1": 1276.2343657540057,
    "2": 1170.363237935127,
    "3": 1296.1529621882112,
    "4": 362.1672313363641,
    "5": 703.8536987237406,
    "6": 521.2162848111767,
    "7": 402.15584230289926,
    "8": 865.4926653749153,
    "9": 648.9963936013935
  }
}