{
  "lobjval": 118833.66146983087,
  "fobjval": 43071.199239459645,
  "lz1": 115550.11197915496,
  "lz2": 3283.549490675906,
  "best_it": 26,
  "best_E0": 6015.415584101468,
  "best_B0": {
    "1": 382.89404135528497,
    "2": 69.83850115655969,
    "3": 352.14651852497366,
    "4": 384.0183798117732,
    "5": 312.27708640430086,
    "6": 75.41250410272859,
    "7": 250.7410057469111,
    "8": 435.3024160975857,
    "9": 131.60572972251265,
    "10": 600.3340504743518,
    "11": 209.9557428254335,
    "12": 245.7343623815762
  }
}