{
  "lobjval": 307178.2247655527,
  "fobjval": 173252.0601297648,
  "lz1": 306377.7382709352,
  "lz2": 800.486494617478,
  "best_it": 22,
  "best_E0": 12554.07050796256,
  "best_B0": {
    "1": 161.07896855508594,
    "2": 142.71951227345576,
    "3": 75.95877269814173,
    "4": 215.6983239537295,
    "5": 141.17537772784672,
    "6": 99.76233234839198
  }
}