{
  "lobjval": 14703.853356428504,
  "fobjval": 46481.35907778445,
  "lz1": 11482.615936804985,
  "lz2": 3221.23741962352,
  "best_it": 3,
  "best_E0": 800.4922031854752,
  "best_B0": {
    "1": 415.86129636245056,
    "2": 196.33767601024184,
    "3": 450.65140851263374,
    "4": 205.99449772745174,
    "5": 72.88470097169488,
    "6": 70.02340425289738,
    "7": 467.1623521143907,
    "8": 344.7511822566166,
    "9": 408.15289550736645,
    "10": 302.1298774299174,
    "11": 318.0446413610709,
    "12": 66.07669445095378
  }
}