{
  "lobjval": 8030.984068901269,
  "fobjval": 12283.838157210292,
  "lz1": 5768.8049847895745,
  "lz2": 2262.179084111695,
  "best_it": 6,
  "best_E0": 806.9370333308178,
  "best_B0": {
    "1": 370.01903076474514,
    "2": 374.149603206948,
    "3": 12.970156601165156,
    "4": 267.7769150464907,
    "5": 269.54272162849264,
    "6": 91.58837504300163,
    "7": 210.18839315873302,
    "8": 198.16754093119476,
    "9": 285.6203597543442,
    "10": 159.3760607313056,
    "11": 3.5344163313928845,
    "12": 19.814881247385188
  }
}