{
  "lobjval": 57982.09317594178,
  "fobjval": 29374.91405554409,
  "lz1": 56632.70188297369,
  "lz2": 1349.3912929680848,
  "best_it": 17,
  "best_E0": 6238.653184959861,
  "best_B0": {
    "1": 195.07471655471397,
    "2": 685.5184050059132,
    "3": 264.95588261315294,
    "4": 125.43731407886425,
    "5": 188.24763708101784,
    "6": 19.379136756773416
  }
}