{
  "lobjval": 178797.94536152246,
  "fobjval": 93927.75093170669,
  "lz1": 176595.73602439967,
  "lz2": 2202.2093371227907,
  "best_it": 26,
  "best_E0": 37038.8971246206,
  "best_B0": {
    "1": 577.4965907831925,
    "2": 986.5010406639325,
    "3": 703.6968042115053
  }
}