{
  "lobjval": 15952.811221728267,
  "fobjval": 57857.516541026496,
  "lz1": 14259.267543525173,
  "lz2": 1693.543678203094,
  "best_it": 16,
  "best_E0": 1158.495426307834,
  "best_B0": {
    "1": 61.347314224476605,
    "2": 334.5394346363835,
    "3": 259.68576759793757,
    "4": 177.69586762270768,
    "5": 77.4611941181262,
    "6": 383.5028674171872,
    "7": 106.71620069136591,
    "8": 5.040398828427689,
    "9": 305.62409591142915
  }
}