{
  "lobjval": 549776.6959562905,
  "fobjval": 154284.28327901653,
  "lz1": 549321.8978997451,
  "lz2": 454.7980565452616,
  "best_it": 28,
  "best_E0": 29599.77916730389,
  "best_B0": {
    "1": 288.41017764456956,
    "2": 56.015923804654534,
    "3": 160.56748828119206
  }
}