{
  "lobjval": 119774.6806184866,
  "fobjval": 29371.40182225445,
  "lz1": 116484.28481329166,
  "lz2": 3290.3958051949385,
  "best_it": 9,
  "best_E0": 4988.807576404082,
  "best_B0": {
    "1": 130.8532229839435,
    "2": 590.0665429336204,
    "3": 458.2338097317262,
    "4": 66.11301952746088,
    "5": 244.86690841758093,
    "6": 222.17935461041998,
    "7": 612.6734676586332,
    "8": 226.30343077691677,
    "9": 297.476249204453,
    "10": 241.9275676522295,
    "11": 132.30089457806758,
    "12": 304.7330420247337
  }
}