{
  "lobjval": 873818.7598553359,
  "fobjval": 395481.37807125394,
  "lz1": 872718.5071640592,
  "lz2": 1100.2526912766834,
  "best_it": 27,
  "best_E0": 83446.6855506353,
  "best_B0": {
    "1": 214.51206137518383,
    "2": 399.44789262182985,
    "3": 537.2238078300423
  }
}