{
  "lobjval": 210467.35064845008,
  "fobjval": 58710.175603697266,
  "lz1": 205948.99408857443,
  "lz2": 4518.3565598756495,
  "best_it": 26,
  "best_E0": 11404.781994609855,
  "best_B0": {
    "1": 919.3237078265084,
    "2": 624.056099536698,
    "3": 116.71717349269701,
    "4": 243.82846379107664,
    "5": 334.77737421600415,
    "6": 805.6814078987538,
    "7": 483.74082991765704,
    "8": 981.6344601298824,
    "9": 404.48182141292807
  }
}