{
  "lobjval": 24927.101766119154,
  "fobjval": 40369.262987398615,
  "lz1": 21056.349098904673,
  "lz2": 3870.75266721448,
  "best_it": 13,
  "best_E0": 2284.4139500741962,
  "best_B0": {
    "1": 284.59411513974254,
    "2": 1046.3351574903268,
    "3": 214.30972513226217,
    "4": 551.9568775650743,
    "5": 499.0624694455217,
    "6": 274.4671947832314,
    "7": 402.3759618525003,
    "8": 415.4422186638816,
    "9": 219.9933285320185
  }
}