{
  "lobjval": 309662.5304962879,
  "fobjval": 127775.45153450055,
  "lz1": 308935.32645338395,
  "lz2": 727.2040429039648,
  "best_it": 9,
  "best_E0": 7322.807025881937,
  "best_B0": {
    "1": 103.54633597356676,
    "2": 218.99283308107346,
    "3": 83.63476733577767,
    "4": 207.17200567497378,
    "5": 132.434220202704,
    "6": 45.905497797648565
  }
}