{
  "lobjval": 421557.74698496104,
  "fobjval": 163022.60406242692,
  "lz1": 420320.7590016318,
  "lz2": 1236.9879833292011,
  "best_it": 2,
  "best_E0": 12717.27121477267,
  "best_B0": {
    "1": 175.31022625670704,
    "2": 1.0805958402198805,
    "3": 496.01026835372784,
    "4": 95.62175932726994,
    "5": 158.99079580587372,
    "6": 129.69364678000443,
    "7": 81.91082356583718,
    "8": 153.37671299055518,
    "9": 38.004994265837446
  }
}