{
  "lobjval": 114586.08260725415,
  "fobjval": 59075.566012969255,
  "lz1": 110672.52595603769,
  "lz2": 3913.556651216461,
  "best_it": 3,
  "best_E0": 2755.6567034540903,
  "best_B0": {
    "1": 534.7623871570702,
    "2": 595.7962361284459,
    "3": 81.66757226805517,
    "4": 279.99625297482345,
    "5": 237.43497515449772,
    "6": 370.9736095995236,
    "7": 557.7831461019433,
    "8": 219.90376707021937,
    "9": 124.08902445520147,
    "10": 413.18498933832626,
    "11": 307.242478760871,
    "12": 314.84542638903423
  }
}