{
  "lobjval": 125337.63504113334,
  "fobjval": 29589.163081366525,
  "lz1": 123229.56313836532,
  "lz2": 2108.0719027680184,
  "best_it": 19,
  "best_E0": 7026.70834886535,
  "best_B0": {
    "1": 37.27427246253484,
    "2": 477.0357336292381,
    "3": 404.0761371517678,
    "4": 140.63465006686926,
    "5": 309.1767022557768,
    "6": 197.8782429764006,
    "7": 508.07390500202587,
    "8": 248.32148172356665,
    "9": 16.79997660623542
  }
}