{
  "lobjval": 8478.377507887513,
  "fobjval": 89485.81089775373,
  "lz1": 4728.749975206818,
  "lz2": 3749.627532680696,
  "best_it": 16,
  "best_E0": 2364.374987603409,
  "best_B0": {
    "1": 995.320705261583,
    "2": 576.0313130510676,
    "3": 234.09007191111886,
    "4": 117.59446224140464,
    "5": 134.07708247071466,
    "6": 141.83880445208072,
    "7": 696.063350719335,
    "8": 412.64045881774007,
    "9": 469.44521224729635
  }
}