{
  "lobjval": 48980.415707704735,
  "fobjval": 26543.621597806203,
  "lz1": 46372.70946269053,
  "lz2": 2607.7062450142066,
  "best_it": 11,
  "best_E0": 2850.0218772845474,
  "best_B0": {
    "1": 133.6431793784017,
    "2": 474.4976497832622,
    "3": 38.214757494356306,
    "4": 473.0910971065583,
    "5": 272.39652645877476,
    "6": 616.132009278702,
    "7": 87.81804738831097,
    "8": 410.6586946063237,
    "9": 279.0224443882678
  }
}