{
  "lobjval": 96087.7860102217,
  "fobjval": 45294.46090435298,
  "lz1": 93738.18138973853,
  "lz2": 2349.6046204831655,
  "best_it": 26,
  "best_E0": 9826.217903317192,
  "best_B0": {
    "1": 7.054900527093751,
    "2": 470.4558395901813,
    "3": 568.3135312539746,
    "4": 383.4333554559929,
    "5": 716.0422768352048,
    "6": 292.3495226725276
  }
}