{
  "lobjval": 655349.9763289208,
  "fobjval": 267571.3871517103,
  "lz1": 654531.2382909906,
  "lz2": 818.738037930225,
  "best_it": 16,
  "best_E0": 56615.171687631846,
  "best_B0": {
    "1": 63.33602843163105,
    "2": 149.47504385267598,
    "3": 688.0321632769347
  }
}