{
  "lobjval": 85598.35421393378,
  "fobjval": 44125.06603485051,
  "lz1": 77579.72791211393,
  "lz2": 8018.626301819848,
  "best_it": 15,
  "best_E0": 3638.747552411898,
  "best_B0": {
    "1": 541.2410401580216,
    "2": 1643.268140895697,
    "3": 499.08355371403775,
    "4": 437.4494750836767,
    "5": 421.3038357975447,
    "6": 581.2463523014875,
    "7": 352.5464087474201,
    "8": 0.9146224219572181,
    "9": 254.06673968328792,
    "10": 726.3880974303269,
    "11": 1003.8610096643926,
    "12": 1737.1648297454176
  }
}