{
  "lobjval": 57685.86898846783,
  "fobjval": 26226.492885545133,
  "lz1": 57072.90278862925,
  "lz2": 612.9661998385787,
  "best_it": 2,
  "best_E0": 1593.4890419275864,
  "best_B0": {
    "1": 43.21755277714151,
    "2": 16.231498160480307,
    "3": 54.772308739263636,
    "4": 48.6834604522388,
    "5": 65.98614969580642,
    "6": 191.8218255862751,
    "7": 66.81644465708314,
    "8": 50.5239080953524,
    "9": 63.722570049179296,
    "10": 7.537456336339594,
    "11": 18.159916680279444,
    "12": 46.199706103261775
  }
}