{
  "lobjval": 12616.398743950114,
  "fobjval": 15872.55280113704,
  "lz1": 10262.686149754023,
  "lz2": 2353.7125941960912,
  "best_it": 3,
  "best_E0": 1287.7770696948983,
  "best_B0": {
    "1": 305.5615358688693,
    "2": 361.0971841661646,
    "3": 102.41545967835552,
    "4": 14.160790952954914,
    "5": 80.55253629949897,
    "6": 303.4006648128289,
    "7": 308.5643435378884,
    "8": 108.84863982300602,
    "9": 307.62538423644276,
    "10": 269.75421039283503,
    "11": 79.45767284518482,
    "12": 134.38358474562176
  }
}