{
  "lobjval": 40559.62535575445,
  "fobjval": 90926.0,
  "lz1": 38409.0,
  "lz2": 2150.625355754451,
  "best_it": 7,
  "best_E0": 48799.591585427035,
  "best_B0": {
    "1": 782.255301041309,
    "2": 632.9043146604138,
    "3": 735.4657400527282
  }
}