{
  "lobjval": 10971.3786798476,
  "fobjval": 47229.187049639455,
  "lz1": 5435.276007005152,
  "lz2": 5536.102672842447,
  "best_it": 22,
  "best_E0": 2090.490771925056,
  "best_B0": {
    "1": 324.7465187975484,
    "2": 575.1758206090634,
    "3": 127.58683285907763,
    "4": 1060.8776029899614,
    "5": 607.4150670795642,
    "6": 886.04594953243,
    "7": 571.6008744521162,
    "8": 1020.3647928342407,
    "9": 377.79153449008004
  }
}