{
  "lobjval": 2007.7350416071524,
  "fobjval": 40036.11987236839,
  "lz1": 268.95803632076166,
  "lz2": 1738.7770052863907,
  "best_it": 4,
  "best_E0": 41.37815943396269,
  "best_B0": {
    "1": 76.21115300344064,
    "2": 443.17503345059015,
    "3": 58.181610267193676,
    "4": 27.800567401255897,
    "5": 249.95660608127162,
    "6": 331.1999348662763,
    "7": 136.22422772904315,
    "8": 241.19468755797828,
    "9": 174.83318492934092
  }
}