{
  "lobjval": 18586.263711536267,
  "fobjval": 36839.11121029041,
  "lz1": 12953.012915547904,
  "lz2": 5633.250795988364,
  "best_it": 12,
  "best_E0": 1830.8145463486492,
  "best_B0": {
    "1": 828.8326817049103,
    "2": 276.2929167528531,
    "3": 720.1447676278608,
    "4": 861.2985737381372,
    "5": 535.7885093827458,
    "6": 246.92451568521983,
    "7": 237.8687167806472,
    "8": 511.9953613694366,
    "9": 117.31330976560888,
    "10": 520.2892108206263,
    "11": 331.1764664321605,
    "12": 468.43391140672514
  }
}