{
  "lobjval": 346063.89579901745,
  "fobjval": 120572.07585602705,
  "lz1": 345072.6988945522,
  "lz2": 991.1969044652427,
  "best_it": 8,
  "best_E0": 8249.463101929687,
  "best_B0": {
    "1": 172.973105241555,
    "2": 162.22647596488758,
    "3": 147.1631105526917,
    "4": 83.4224331684172,
    "5": 193.963209784779,
    "6": 58.23470679593902,
    "7": 122.93939547102134,
    "8": 50.327266511453224,
    "9": 78.82596275956476
  }
}