{
  "lobjval": 581468.3215918381,
  "fobjval": 195286.05098789127,
  "lz1": 580484.4914898383,
  "lz2": 983.8301019997922,
  "best_it": 12,
  "best_E0": 20269.966062360454,
  "best_B0": {
    "1": 153.00624356026242,
    "2": 207.92038201953912,
    "3": 250.54372150294887,
    "4": 35.859037674289915,
    "5": 140.94306369033524,
    "6": 244.70997145316724
  }
}