{
  "lobjval": 1521.9467233092205,
  "fobjval": 82416.0,
  "lz1": 0.0,
  "lz2": 1521.9467233092205,
  "best_it": 15,
  "best_E0": 62198.520188524824,
  "best_B0": {
    "1": 615.7296560248515,
    "2": 502.1558946414485,
    "3": 404.06117264292055
  }
}