{
  "lobjval": 156592.9833834629,
  "fobjval": 647484.549633586,
  "lz1": 154273.06062600767,
  "lz2": 2319.922757455244,
  "best_it": 14,
  "best_E0": 36330.02245407691,
  "best_B0": {
    "1": 178.37691997965513,
    "2": 1150.0021125429398,
    "3": 1109.0635003918803
  }
}