{
  "lobjval": 342958.887966638,
  "fobjval": 125655.9572914142,
  "lz1": 341802.68682124926,
  "lz2": 1156.2011453887415,
  "best_it": 29,
  "best_E0": 8626.443890129189,
  "best_B0": {
    "1": 127.17429979476543,
    "2": 28.60749096931962,
    "3": 63.496863784156474,
    "4": 65.6851748722886,
    "5": 126.65829979293608,
    "6": 89.35253255802593,
    "7": 56.83970827212813,
    "8": 70.24027568508727,
    "9": 118.2244087126994,
    "10": 179.62154697956726,
    "11": 204.0332154294989,
    "12": 111.54778669481901
  }
}