{
  "lobjval": 20725.460912966624,
  "fobjval": 134818.6872740118,
  "lz1": 16669.39409938737,
  "lz2": 4056.0668135792544,
  "best_it": 2,
  "best_E0": 1550.6413115673968,
  "best_B0": {
    "1": 1099.0265681795327,
    "2": 150.2077365240208,
    "3": 121.24771042955388,
    "4": 337.04967159638403,
    "5": 544.4664729894889,
    "6": 419.97300947476475,
    "7": 666.0690338597952,
    "8": 289.6998071405224,
    "9": 443.8332165012566
  }
}