{
  "lobjval": 2939.541666170752,
  "fobjval": 28556.343188043833,
  "lz1": 1333.8173971798892,
  "lz2": 1605.7242689908626,
  "best_it": 8,
  "best_E0": 170.5164285823381,
  "best_B0": {
    "1": 194.72577290858078,
    "2": 265.58878915367137,
    "3": 332.2889117916572,
    "4": 70.3891864370126,
    "5": 16.16583728552221,
    "6": 47.34652203614188,
    "7": 186.5029499994104,
    "8": 99.00169358028259,
    "9": 73.15820917921536,
    "10": 159.92895890675797,
    "11": 96.85310143593169,
    "12": 68.88982914676438
  }
}