{
  "lobjval": 318079.091468496,
  "fobjval": 92323.0058487512,
  "lz1": 317254.90664312174,
  "lz2": 824.1848253742901,
  "best_it": 3,
  "best_E0": 4421.5643492564595,
  "best_B0": {
    "1": 0.8738203670754296,
    "2": 24.35535358951771,
    "3": 85.90994186975962,
    "4": 45.63324710078781,
    "5": 47.32422427668222,
    "6": 152.1767299054542,
    "7": 150.12172325536466,
    "8": 93.21330091064777,
    "9": 39.12911450462543,
    "10": 86.40638384093289,
    "11": 100.2335531634452,
    "12": 65.951673029253
  }
}