{
  "lobjval": 31062.7253261443,
  "fobjval": 107417.02181920316,
  "lz1": 27113.231382887232,
  "lz2": 3949.4939432570677,
  "best_it": 1,
  "best_E0": 2072.67107784614,
  "best_B0": {
    "1": 446.6614371060849,
    "2": 1023.5025488167151,
    "3": 628.6417216998757,
    "4": 324.23417274638626,
    "5": 51.44543400754984,
    "6": 258.15093920144454,
    "7": 231.20446712004735,
    "8": 403.22450057117686,
    "9": 196.09419392490952,
    "10": 380.68125731100423,
    "11": 42.81662076527837,
    "12": 20.447283211527605
  }
}