{
  "lobjval": 19615.99477497663,
  "fobjval": 35324.67962026308,
  "lz1": 16366.116113393604,
  "lz2": 3249.878661583023,
  "best_it": 10,
  "best_E0": 1448.8833605904142,
  "best_B0": {
    "1": 326.48335061681735,
    "2": 507.315246818411,
    "3": 521.0318539230959,
    "4": 599.6407820160442,
    "5": 160.28336619398218,
    "6": 307.5424685097563,
    "7": 1.0132757500112208,
    "8": 349.55657889181504,
    "9": 503.54037335431684
  }
}