{
  "lobjval": 6521.999007152042,
  "fobjval": 102940.47075285247,
  "lz1": 2499.8454866086768,
  "lz2": 4022.153520543365,
  "best_it": 1,
  "best_E0": 359.6899980756677,
  "best_B0": {
    "1": 117.35218854583032,
    "2": 277.05881991394426,
    "3": 83.71165667985336,
    "4": 55.49823877383174,
    "5": 59.02476824081982,
    "6": 727.1036079607834,
    "7": 719.8853853535448,
    "8": 71.7298997769181,
    "9": 917.9856828251187,
    "10": 433.63913221483125,
    "11": 208.16184778594769,
    "12": 354.5991924526984
  }
}