{
  "lobjval": 402694.7795928797,
  "fobjval": 178375.69823533943,
  "lz1": 401786.87297495105,
  "lz2": 907.9066179286252,
  "best_it": 7,
  "best_E0": 13777.061222348033,
  "best_B0": {
    "1": 115.81582749158865,
    "2": 163.95446898107906,
    "3": 55.579123301722035,
    "4": 205.99403332467162,
    "5": 335.8630344657522,
    "6": 97.86243771789864
  }
}