{
  "lobjval": 2479.7580572240563,
  "fobjval": 18244.68644424073,
  "lz1": 640.5251786824241,
  "lz2": 1839.232878541632,
  "best_it": 10,
  "best_E0": 111.88212727183468,
  "best_B0": {
    "1": 317.5388719552073,
    "2": 128.46675695826056,
    "3": 178.45012514420412,
    "4": 54.663796219415076,
    "5": 133.3799858253871,
    "6": 297.98578182442,
    "7": 166.87506855807845,
    "8": 289.3335125650161,
    "9": 272.53897949284755
  }
}