{
  "lobjval": 25096.732940850652,
  "fobjval": 24410.909976084884,
  "lz1": 22320.98118491031,
  "lz2": 2775.751755940342,
  "best_it": 10,
  "best_E0": 1253.8169378449156,
  "best_B0": {
    "1": 418.87523617106035,
    "2": 137.61449398194918,
    "3": 240.9963721291634,
    "4": 34.44175013998579,
    "5": 279.7887349459557,
    "6": 55.7534946001648,
    "7": 156.98788693130285,
    "8": 229.48230658882386,
    "9": 265.7536215939581,
    "10": 177.82015062454772,
    "11": 359.453976939296,
    "12": 461.337962769475
  }
}