{
  "lobjval": 47149.61293990884,
  "fobjval": 14080.934176658604,
  "lz1": 46156.93812846623,
  "lz2": 992.6748114426075,
  "best_it": 12,
  "best_E0": 2124.4753580536576,
  "best_B0": {
    "1": 83.32878915257126,
    "2": 153.33441102127358,
    "3": 132.38311119393794,
    "4": 35.576694361952185,
    "5": 65.31268635297067,
    "6": 45.132410657225925,
    "7": 49.7349201639593,
    "8": 12.997272947396697,
    "9": 101.51489810069825,
    "10": 135.74148644131327,
    "11": 90.6808643507078,
    "12": 174.59932055310662
  }
}