{
  "lobjval": 66377.36599735917,
  "fobjval": 27520.356535070357,
  "lz1": 65743.19684296151,
  "lz2": 634.1691543976622,
  "best_it": 25,
  "best_E0": 1680.8745193785048,
  "best_B0": {
    "1": 2.0230918623177736,
    "2": 142.53670297624103,
    "3": 39.754929069418736,
    "4": 2.216169027456786,
    "5": 102.90411035810588,
    "6": 53.96511312416779,
    "7": 62.771783713697324,
    "8": 113.7739795122275,
    "9": 36.47653528460388,
    "10": 28.087992973978547,
    "11": 45.412621712121755,
    "12": 61.70254434289307
  }
}