{
  "lobjval": 4591.114633015548,
  "fobjval": 19362.276917786086,
  "lz1": 1018.6515301118516,
  "lz2": 3572.463102903697,
  "best_it": 13,
  "best_E0": 187.7698673017238,
  "best_B0": {
    "1": 84.27027101405267,
    "2": 822.8268202194195,
    "3": 228.3534381518328,
    "4": 19.024286803066033,
    "5": 815.2940263899368,
    "6": 497.05657674102434,
    "7": 368.7046992259579,
    "8": 128.28738387617113,
    "9": 613.1320864727737
  }
}