{
  "lobjval": 2574.354391865945,
  "fobjval": 38453.58869285061,
  "lz1": 564.6066397822431,
  "lz2": 2009.7477520837022,
  "best_it": 4,
  "best_E0": 86.86255996649892,
  "best_B0": {
    "1": 214.07761582107477,
    "2": 309.3962181354136,
    "3": 182.29527984250154,
    "4": 136.00174515322936,
    "5": 148.407085345241,
    "6": 114.72840927028417,
    "7": 258.9276353323056,
    "8": 386.7967201492629,
    "9": 259.1170430343889
  }
}