{
  "lobjval": 2527.3859172913953,
  "fobjval": 20887.956324509523,
  "lz1": 799.5919988687394,
  "lz2": 1727.7939184226557,
  "best_it": 9,
  "best_E0": 246.0283073441067,
  "best_B0": {
    "1": 159.64895680002837,
    "2": 57.141078799495745,
    "3": 205.07841276198883,
    "4": 202.79315941436693,
    "5": 212.66819606984737,
    "6": 224.34766488761983,
    "7": 369.2102524324827,
    "8": 190.90514365866548,
    "9": 106.00105359816027
  }
}