{
  "lobjval": 3891.6004733745804,
  "fobjval": 150894.3806995692,
  "lz1": 206.72633912708196,
  "lz2": 3684.874134247498,
  "best_it": 6,
  "best_E0": 19.23035712079643,
  "best_B0": {
    "1": 1249.4038114172004,
    "2": 18.33530984657998,
    "3": 580.1466958269725,
    "4": 105.70929334834469,
    "5": 264.0751252698789,
    "6": 714.8003397444674,
    "7": 469.23410167371986,
    "8": 144.4464368256222,
    "9": 138.72302029507063
  }
}