{
  "lobjval": 35007.558915130074,
  "fobjval": 27478.27425206971,
  "lz1": 31601.273249899557,
  "lz2": 3406.2856652305154,
  "best_it": 22,
  "best_E0": 2241.2250531843656,
  "best_B0": {
    "1": 181.4190668039168,
    "2": 525.7382957830634,
    "3": 488.14565806751085,
    "4": 173.7656844004022,
    "5": 497.84854486993737,
    "6": 276.62954535184457,
    "7": 218.48320487334718,
    "8": 220.05036936584477,
    "9": 410.7964853564464,
    "10": 164.0499259919577,
    "11": 279.5000433146548,
    "12": 4.666514018692541
  }
}