{
  "lobjval": 484666.9083265415,
  "fobjval": 186958.69000797832,
  "lz1": 481223.0779594175,
  "lz2": 3443.830367124004,
  "best_it": 21,
  "best_E0": 91487.39053542272,
  "best_B0": {
    "1": 1469.132476521518,
    "2": 1043.9742712923198,
    "3": 1012.3501146144763
  }
}