{
  "lobjval": 277310.7591385187,
  "fobjval": 127165.71271885917,
  "lz1": 271537.0524184393,
  "lz2": 5773.706720079419,
  "best_it": 1,
  "best_E0": 4366.918163979901,
  "best_B0": {
    "1": 112.92554515858028,
    "2": 336.695622265484,
    "3": 0.5226674218229879,
    "4": 54.2299125715017,
    "5": 1246.3633529738604,
    "6": 988.6713054982678,
    "7": 810.6571193438687,
    "8": 6.994909922754944,
    "9": 735.6232272128461,
    "10": 610.3574236528045,
    "11": 567.5925109105702,
    "12": 810.7805318153129
  }
}