{
  "lobjval": 5202.790711545069,
  "fobjval": 25872.594635044086,
  "lz1": 1229.8094031614369,
  "lz2": 3972.981308383632,
  "best_it": 6,
  "best_E0": 198.35635534861885,
  "best_B0": {
    "1": 235.87033917840074,
    "2": 96.40565259398569,
    "3": 200.02574374658906,
    "4": 239.5039670022886,
    "5": 316.75164134706694,
    "6": 321.62177909349117,
    "7": 875.1078830115264,
    "8": 216.59391044174234,
    "9": 426.48475229435434,
    "10": 191.36734421055687,
    "11": 414.8947297214181,
    "12": 444.2050782259034
  }
}