{
  "lobjval": 233941.9449362631,
  "fobjval": 67495.29194510618,
  "lz1": 233454.46603529633,
  "lz2": 487.4789009667776,
  "best_it": 4,
  "best_E0": 4018.750168757153,
  "best_B0": {
    "1": 41.4079987702352,
    "2": 54.18230906948637,
    "3": 70.44645711326538,
    "4": 18.6694688736784,
    "5": 73.12073875696488,
    "6": 7.663214048690021,
    "7": 12.117011814679461,
    "8": 58.62762454984059,
    "9": 20.605779166925636,
    "10": 41.21743896568515,
    "11": 47.8350503987256,
    "12": 70.10081177930945
  }
}