{
  "lobjval": 257354.59370508726,
  "fobjval": 205939.30607843457,
  "lz1": 252546.18681323476,
  "lz2": 4808.406891852488,
  "best_it": 2,
  "best_E0": 77012.1327469011,
  "best_B0": {
    "1": 1120.150584190277,
    "2": 1040.840499267164,
    "3": 2901.019760493809
  }
}