{
  "lobjval": 64381.87110940046,
  "fobjval": 27839.479524569128,
  "lz1": 63377.559212314096,
  "lz2": 1004.3118970863646,
  "best_it": 2,
  "best_E0": 1666.5063175366147,
  "best_B0": {
    "1": 34.89186698193512,
    "2": 6.648630279107176,
    "3": 34.04038863489047,
    "4": 316.48147692391296,
    "5": 122.04117946106028,
    "6": 19.517107283477102,
    "7": 36.898740006423914,
    "8": 135.7526381494407,
    "9": 395.43696414721137,
    "10": 1.2580173458553647,
    "11": 34.26046561050089,
    "12": 18.772280274418502
  }
}