{
  "lobjval": 4540.563268434953,
  "fobjval": 18510.44595605301,
  "lz1": 2228.89774454756,
  "lz2": 2311.665523887393,
  "best_it": 3,
  "best_E0": 466.7848679668467,
  "best_B0": {
    "1": 174.38915630118407,
    "2": 154.162073703217,
    "3": 149.59693415857262,
    "4": 202.6221643642975,
    "5": 527.649570464846,
    "6": 304.0881903935351,
    "7": 123.33039161840114,
    "8": 665.5023724306853,
    "9": 18.84349429312595
  }
}