{
  "lobjval": 551865.6331937569,
  "fobjval": 275659.5334189364,
  "lz1": 550412.8424905515,
  "lz2": 1452.7907032054322,
  "best_it": 22,
  "best_E0": 26354.064724220727,
  "best_B0": {
    "1": 180.5259176133671,
    "2": 364.2849315727192,
    "3": 440.12234926827557,
    "4": 143.03716636003088,
    "5": 136.62731685568318,
    "6": 287.0563646626399
  }
}