{
  "lobjval": 34591.052341944436,
  "fobjval": 41242.40006848519,
  "lz1": 24795.15620627992,
  "lz2": 9795.896135664514,
  "best_it": 2,
  "best_E0": 1918.387327371754,
  "best_B0": {
    "1": 2404.710038020814,
    "2": 764.3041812804086,
    "3": 484.1905139253034,
    "4": 314.8488093464276,
    "5": 515.262590872024,
    "6": 245.57626211887242,
    "7": 562.8940389993018,
    "8": 883.8188192186032,
    "9": 2053.1824766361274,
    "10": 87.12868109525249,
    "11": 3.430538750935616,
    "12": 1530.4576489439783
  }
}