{
  "lobjval": 127351.46845684887,
  "fobjval": 64702.63306144563,
  "lz1": 126681.89593979908,
  "lz2": 669.5725170497902,
  "best_it": 20,
  "best_E0": 2278.355570191045,
  "best_B0": {
    "1": 10.517058128660432,
    "2": 50.17649297473573,
    "3": 8.716041394646256,
    "4": 88.36735422535608,
    "5": 66.35531837505609,
    "6": 1.2833191886129722,
    "7": 49.842192754058125,
    "8": 135.97153306371413,
    "9": 159.23821157855568,
    "10": 49.969858255861084,
    "11": 71.54087782072726,
    "12": 44.73090436388913
  }
}