{
  "lobjval": 54732.92770580448,
  "fobjval": 18535.846167480748,
  "lz1": 53503.92369034713,
  "lz2": 1229.0040154573535,
  "best_it": 27,
  "best_E0": 3397.3661788257114,
  "best_B0": {
    "1": 2.6667997047964054,
    "2": 146.80478374376202,
    "3": 129.39167811916857,
    "4": 244.21218439281395,
    "5": 35.497232091614634,
    "6": 97.82173899974407,
    "7": 384.33944626703465,
    "8": 93.6999038350842,
    "9": 170.8279992712141
  }
}