{
  "lobjval": 2232.413971979753,
  "fobjval": 387878.0,
  "lz1": 0.0,
  "lz2": 2232.413971979753,
  "best_it": 20,
  "best_E0": 28781.3174773345,
  "best_B0": {
    "1": 759.7029605949855,
    "2": 698.4142185442311,
    "3": 774.2967928405367
  }
}