{
  "lobjval": 76949.16034736454,
  "fobjval": 27011.93027121642,
  "lz1": 74532.3029033434,
  "lz2": 2416.8574440211432,
  "best_it": 29,
  "best_E0": 4846.342879771942,
  "best_B0": {
    "1": 82.24615704023637,
    "2": 181.43459917295243,
    "3": 184.43645448290982,
    "4": 138.02239758792004,
    "5": 127.83785766031845,
    "6": 514.1471077779021,
    "7": 183.72799737712896,
    "8": 251.89974754335205,
    "9": 504.7449087854226,
    "10": 176.94854483852208,
    "11": 151.69939940041118,
    "12": 58.97466416178329
  }
}