{
  "lobjval": 97681.7416130167,
  "fobjval": 128670.61627772666,
  "lz1": 94580.22635687259,
  "lz2": 3101.5152561441073,
  "best_it": 2,
  "best_E0": 2422.0288439658993,
  "best_B0": {
    "1": 605.3988543927339,
    "2": 324.45206358195907,
    "3": 148.84841897765455,
    "4": 12.895475375606349,
    "5": 265.7687349741845,
    "6": 418.4717949422788,
    "7": 331.45806266459795,
    "8": 1081.1641983132001,
    "9": 91.20987516040259
  }
}