{
  "lobjval": 74019.74513477649,
  "fobjval": 110173.02741383202,
  "lz1": 73303.32836111469,
  "lz2": 716.416773661803,
  "best_it": 9,
  "best_E0": 15166.205867816774,
  "best_B0": {
    "1": 154.02006987036495,
    "2": 306.31349729090834,
    "3": 256.0832065005296
  }
}