{
  "lobjval": 112219.23267485942,
  "fobjval": 55373.74664600464,
  "lz1": 108748.91454423501,
  "lz2": 3470.318130624408,
  "best_it": 20,
  "best_E0": 18012.916065218775,
  "best_B0": {
    "1": 792.7210855674322,
    "2": 14.613791296881814,
    "3": 1023.0102777427799,
    "4": 993.364039409671,
    "5": 368.4487850911913,
    "6": 540.8617880021993
  }
}