{
  "lobjval": 300044.86723892024,
  "fobjval": 65120.873480403345,
  "lz1": 297054.8151884957,
  "lz2": 2990.0520504245596,
  "best_it": 27,
  "best_E0": 22030.594908355622,
  "best_B0": {
    "1": 666.9191372717895,
    "2": 37.40490157834601,
    "3": 881.4214759518321,
    "4": 296.70473313506227,
    "5": 475.08174443518135,
    "6": 798.6226078488439
  }
}