{
  "lobjval": 244821.193938565,
  "fobjval": 120830.71672942057,
  "lz1": 243839.8471145538,
  "lz2": 981.3468240112156,
  "best_it": 19,
  "best_E0": 5978.60520296927,
  "best_B0": {
    "1": 202.85673158728278,
    "2": 65.60093117902247,
    "3": 185.24065520226048,
    "4": 98.57894620752114,
    "5": 88.45589314541152,
    "6": 50.2814153364351,
    "7": 102.59424113157503,
    "8": 181.73216138643014,
    "9": 87.34457843830401
  }
}