{
  "lobjval": 9734.453817499274,
  "fobjval": 16210.870405315247,
  "lz1": 6601.59070870069,
  "lz2": 3132.863108798583,
  "best_it": 13,
  "best_E0": 449.087803312972,
  "best_B0": {
    "1": 196.03708073479928,
    "2": 13.206148555472502,
    "3": 405.0523485412768,
    "4": 117.76010794433036,
    "5": 119.3382549923281,
    "6": 693.5416345211353,
    "7": 203.49235490462956,
    "8": 669.3118974700094,
    "9": 206.1196632951286,
    "10": 98.89091338630018,
    "11": 335.78028050561386,
    "12": 81.20542464767698
  }
}