{
  "lobjval": 894109.8745985528,
  "fobjval": 578257.6708392503,
  "lz1": 892453.0220959923,
  "lz2": 1656.8525025604677,
  "best_it": 22,
  "best_E0": 106038.61823682969,
  "best_B0": {
    "1": 1022.2201954939515,
    "2": 328.87351941748835,
    "3": 430.40282674780735
  }
}