{
  "lobjval": 64279.59116344555,
  "fobjval": 19351.235529674395,
  "lz1": 62969.389662701804,
  "lz2": 1310.201500743744,
  "best_it": 21,
  "best_E0": 4183.919727784504,
  "best_B0": {
    "1": 145.4350345929627,
    "2": 19.506978905388696,
    "3": 46.81746634010666,
    "4": 165.77291220482545,
    "5": 45.346133143990116,
    "6": 376.53495936630776,
    "7": 158.85573279443372,
    "8": 269.0201228892681,
    "9": 171.78471164838913
  }
}