{
  "lobjval": 80604.53967692434,
  "fobjval": 47970.63359909275,
  "lz1": 78574.78988022884,
  "lz2": 2029.7497966954963,
  "best_it": 24,
  "best_E0": 7360.941351769607,
  "best_B0": {
    "1": 43.72448318244514,
    "2": 322.08494916988496,
    "3": 788.3611498003597,
    "4": 475.72466031204493,
    "5": 305.56405751004706,
    "6": 220.15783109973
  }
}