{
  "lobjval": 5425.316075193612,
  "fobjval": 204161.0,
  "lz1": 0.0,
  "lz2": 5425.316075193612,
  "best_it": 27,
  "best_E0": 2662.2694854274373,
  "best_B0": {
    "1": 2528.2507785774433,
    "2": 1540.0955658275425,
    "3": 1356.9697307886265
  }
}