{
  "lobjval": 30883.464219075875,
  "fobjval": 86700.29589781073,
  "lz1": 28635.85701376089,
  "lz2": 2247.607205314985,
  "best_it": 1,
  "best_E0": 2255.9349646083183,
  "best_B0": {
    "1": 64.2156463414089,
    "2": 151.36273095530285,
    "3": 193.28124434715915,
    "4": 475.97674685608723,
    "5": 60.44762121750384,
    "6": 341.0070197384133,
    "7": 68.33926431395952,
    "8": 51.42431893051599,
    "9": 85.8475732198185,
    "10": 31.09193006426892,
    "11": 19.830143314869503,
    "12": 758.0079585599211
  }
}