{
  "lobjval": 91046.34991465943,
  "fobjval": 45709.383314434905,
  "lz1": 83794.95133795684,
  "lz2": 7251.398576702591,
  "best_it": 17,
  "best_E0": 3614.0979361882764,
  "best_B0": {
    "1": 526.3103463608463,
    "2": 911.8887862203745,
    "3": 827.2859412865369,
    "4": 239.78711085843858,
    "5": 822.2162291568311,
    "6": 560.7258655570106,
    "7": 1239.3964436014576,
    "8": 1226.226327982946,
    "9": 16.105450322928835,
    "10": 381.681153590168,
    "11": 69.97138713410789,
    "12": 723.2094748011582
  }
}