{
  "lobjval": 80129.61634429185,
  "fobjval": 58252.30245330453,
  "lz1": 78890.34053520537,
  "lz2": 1239.275809086474,
  "best_it": 3,
  "best_E0": 26742.488317018753,
  "best_B0": {
    "1": 460.2047303002957,
    "2": 331.26109103814565,
    "3": 447.80998774803265
  }
}