{
  "lobjval": 112794.98482413284,
  "fobjval": 34437.64620658315,
  "lz1": 112160.37811864782,
  "lz2": 634.6067054850351,
  "best_it": 23,
  "best_E0": 3495.489869882399,
  "best_B0": {
    "1": 65.89719532892468,
    "2": 48.53765444084294,
    "3": 20.11025167748929,
    "4": 85.37693353999873,
    "5": 34.30373789946766,
    "6": 170.81615678992472,
    "7": 31.91864525390126,
    "8": 160.88432267754865,
    "9": 73.25742099948215
  }
}