{
  "lobjval": 7732.739665228083,
  "fobjval": 109584.33135625768,
  "lz1": 4310.601617458771,
  "lz2": 3422.138047769312,
  "best_it": 1,
  "best_E0": 282.6624011275254,
  "best_B0": {
    "1": 377.9658268490578,
    "2": 798.6101133338069,
    "3": 277.75109041246986,
    "4": 6.428041790262807,
    "5": 196.59356016258877,
    "6": 254.73728133578388,
    "7": 488.0409107917854,
    "8": 169.63215374612318,
    "9": 56.70088682043899,
    "10": 464.50407227658826,
    "11": 274.2564181868812,
    "12": 59.74431607840638
  }
}