{
  "lobjval": 25588.744836951864,
  "fobjval": 26980.67454720354,
  "lz1": 21809.081058776974,
  "lz2": 3779.6637781748896,
  "best_it": 24,
  "best_E0": 2095.2473067239875,
  "best_B0": {
    "1": 51.81558249963285,
    "2": 109.75791598283529,
    "3": 277.5807794667385,
    "4": 288.05716455232084,
    "5": 320.4446644726856,
    "6": 191.342619770807,
    "7": 666.0212287753258,
    "8": 275.59951207372137,
    "9": 892.808204571585,
    "10": 77.13870997200755,
    "11": 241.07383947777208,
    "12": 482.8820842564691
  }
}