{
  "lobjval": 52648.42207965615,
  "fobjval": 40666.93831165231,
  "lz1": 52306.36573439286,
  "lz2": 342.0563452632959,
  "best_it": 20,
  "best_E0": 1851.4040453839118,
  "best_B0": {
    "1": 54.94742814935184,
    "2": 36.048795916380506,
    "3": 30.025724344615263,
    "4": 30.78834734934341,
    "5": 25.30614964958636,
    "6": 49.414540511242464,
    "7": 19.819583892042253,
    "8": 27.78526365837413,
    "9": 21.23331748169215,
    "10": 22.002843757905694,
    "11": 0.9736056905733993,
    "12": 35.579657778443554
  }
}