{
  "lobjval": 39848.11772919136,
  "fobjval": 38639.56085288001,
  "lz1": 39194.60337895103,
  "lz2": 653.5143502403272,
  "best_it": 18,
  "best_E0": 2160.312972706937,
  "best_B0": {
    "1": 13.541307700714759,
    "2": 71.52405454107391,
    "3": 77.1752812404648,
    "4": 63.30513687122702,
    "5": 4.0960597698341825,
    "6": 105.30956342748779,
    "7": 57.02306008183948,
    "8": 249.9337117821562,
    "9": 50.04407673904098
  }
}