{
  "lobjval": 6987.159457315903,
  "fobjval": 119345.96645339657,
  "lz1": 6252.013314902157,
  "lz2": 735.1461424137462,
  "best_it": 14,
  "best_E0": 6252.01331490215,
  "best_B0": {
    "1": 255.90784292874497,
    "2": 226.14340651335706,
    "3": 253.09489297164424
  }
}