{
  "lobjval": 33263.36110438261,
  "fobjval": 23537.522848360328,
  "lz1": 29717.727962575056,
  "lz2": 3545.6331418075497,
  "best_it": 17,
  "best_E0": 1885.2397361560402,
  "best_B0": {
    "1": 54.319003933927696,
    "2": 210.51384398026622,
    "3": 313.54669580031174,
    "4": 259.03455166746363,
    "5": 203.19896846711526,
    "6": 86.83148240939329,
    "7": 369.6151066333727,
    "8": 670.6937093375212,
    "9": 192.86428685898946,
    "10": 96.40856314732802,
    "11": 874.7043007621271,
    "12": 293.2573952134615
  }
}