{
  "lobjval": 3789.1727184579668,
  "fobjval": 83137.41228434944,
  "lz1": 969.2637149529573,
  "lz2": 2819.9090035050094,
  "best_it": 2,
  "best_E0": 484.63182836081097,
  "best_B0": {
    "1": 83.72595267000597,
    "2": 32.77843622067125,
    "3": 215.40260743543513,
    "4": 36.6229336431778,
    "5": 231.44852130222282,
    "6": 390.38192579577003,
    "7": 196.21340444558723,
    "8": 363.9691942222053,
    "9": 273.17293641597587,
    "10": 430.9600904968053,
    "11": 167.02327518025578,
    "12": 399.4685560129879
  }
}