{
  "lobjval": 20497.19646829887,
  "fobjval": 18840.498849550455,
  "lz1": 19362.183190696687,
  "lz2": 1135.0132776021837,
  "best_it": 20,
  "best_E0": 1149.0450464295402,
  "best_B0": {
    "1": 120.21828069124827,
    "2": 148.86066458500437,
    "3": 141.4988803380919,
    "4": 238.30759879090073,
    "5": 102.54951392806177,
    "6": 54.68877630809951,
    "7": 169.18752161292088,
    "8": 99.630632318578,
    "9": 98.3935202321782
  }
}