{
  "lobjval": 132419.85108995627,
  "fobjval": 50306.15276341427,
  "lz1": 131977.63788025535,
  "lz2": 442.2132097009093,
  "best_it": 26,
  "best_E0": 8573.77867170692,
  "best_B0": {
    "1": 15.325555064484481,
    "2": 89.78370118501519,
    "3": 55.29493033611231,
    "4": 97.11228653280122,
    "5": 114.31453342833021,
    "6": 93.26748703453157
  }
}