{
  "lobjval": 148341.59501023302,
  "fobjval": 84392.01026731731,
  "lz1": 147432.06391527792,
  "lz2": 909.5310949551141,
  "best_it": 2,
  "best_E0": 8569.95118523157,
  "best_B0": {
    "1": 380.55619888811674,
    "2": 49.85777910277569,
    "3": 132.96780131126593,
    "4": 165.80546663157563,
    "5": 119.90351732803084,
    "6": 119.46564915101723
  }
}