{
  "lobjval": 56855.82458052446,
  "fobjval": 52299.76283172673,
  "lz1": 51907.86736311129,
  "lz2": 4947.957217413167,
  "best_it": 22,
  "best_E0": 4881.5160285600605,
  "best_B0": {
    "1": 544.8451864087689,
    "2": 103.16073269305451,
    "3": 317.71432106081033,
    "4": 68.55727711711005,
    "5": 287.2846178484306,
    "6": 881.1571369324678,
    "7": 592.3094049802862,
    "8": 384.85570895356125,
    "9": 285.90948013460064,
    "10": 541.9362061185002,
    "11": 377.40525022658744,
    "12": 697.4428262542363
  }
}