{
  "lobjval": 109598.81369573338,
  "fobjval": 99440.7660551143,
  "lz1": 105480.05314976996,
  "lz2": 4118.760545963427,
  "best_it": 2,
  "best_E0": 3453.3162209205634,
  "best_B0": {
    "1": 1325.5425470204304,
    "2": 215.15797867534036,
    "3": 93.28803317787258,
    "4": 5.042720988709233,
    "5": 537.2258687966425,
    "6": 542.5789916659545,
    "7": 245.6907332388693,
    "8": 62.20733504716393,
    "9": 201.85933339954465,
    "10": 54.97158436389607,
    "11": 1033.2729446467417,
    "12": 56.01535723440075
  }
}