{
  "lobjval": 283662.64688295807,
  "fobjval": 430794.5858013602,
  "lz1": 282369.50507285184,
  "lz2": 1293.1418101062054,
  "best_it": 11,
  "best_E0": 37314.52146504454,
  "best_B0": {
    "1": 280.86580127435707,
    "2": 952.514774619633,
    "3": 171.85674052732912
  }
}