{
  "lobjval": 56528.528400627045,
  "fobjval": 160562.8558234828,
  "lz1": 55817.53674325341,
  "lz2": 710.9916573736363,
  "best_it": 12,
  "best_E0": 13440.64273877996,
  "best_B0": {
    "1": 106.5137364350332,
    "2": 116.06385270105137,
    "3": 170.25463187006517,
    "4": 58.581812119896696,
    "5": 132.51927279560206,
    "6": 169.338301780861
  }
}