{
  "lobjval": 3137.9722484625936,
  "fobjval": 62618.86428488799,
  "lz1": 1553.2392995706718,
  "lz2": 1584.7329488919218,
  "best_it": 21,
  "best_E0": 403.43877910926545,
  "best_B0": {
    "1": 145.125611563375,
    "2": 83.7046948379562,
    "3": 146.8916903754717,
    "4": 308.25365502312536,
    "5": 275.068966687571,
    "6": 64.98625199624261,
    "7": 76.15545671402174,
    "8": 95.20310077527964,
    "9": 393.37790870999856
  }
}