{
  "lobjval": 29430.78285934679,
  "fobjval": 191935.54738831724,
  "lz1": 23684.148894897902,
  "lz2": 5746.633964448886,
  "best_it": 1,
  "best_E0": 1703.8956039494892,
  "best_B0": {
    "1": 194.86446926315247,
    "2": 191.40986609256674,
    "3": 45.343532999332155,
    "4": 1223.4555905127754,
    "5": 1811.4875400118608,
    "6": 230.5269069779616,
    "7": 569.3204659741185,
    "8": 663.6598731154235,
    "9": 929.7479429123971
  }
}