{
  "lobjval": 217192.6189737964,
  "fobjval": 185575.00219338882,
  "lz1": 216718.85208229558,
  "lz2": 473.76689150082535,
  "best_it": 14,
  "best_E0": 17714.907046274227,
  "best_B0": {
    "1": 91.5403940463953,
    "2": 63.21872245689115,
    "3": 357.16836399534765
  }
}