{
  "lobjval": 413860.66890263814,
  "fobjval": 91219.22263421863,
  "lz1": 411833.14970360417,
  "lz2": 2027.5191990339947,
  "best_it": 3,
  "best_E0": 8694.144803570203,
  "best_B0": {
    "1": 350.13871014360996,
    "2": 49.81822180058878,
    "3": 286.8039044696807,
    "4": 186.65040786069397,
    "5": 24.881934712235434,
    "6": 507.78814508941906,
    "7": 86.65489526851086,
    "8": 3.6761571993292206,
    "9": 180.29385738995188,
    "10": 228.72658430249058,
    "11": 334.6698175743559,
    "12": 4.424242836058651
  }
}