{
  "lobjval": 12503.86463263665,
  "fobjval": 99647.55093503297,
  "lz1": 8516.901878040093,
  "lz2": 3986.9627545965577,
  "best_it": 1,
  "best_E0": 362.91142905817503,
  "best_B0": {
    "1": 328.9448504582666,
    "2": 23.004317992674977,
    "3": 162.46958346196297,
    "4": 398.95760821302144,
    "5": 295.39895754057653,
    "6": 385.7913937130886,
    "7": 920.2752368038502,
    "8": 241.02616397678256,
    "9": 389.66927568348444,
    "10": 683.425922095796,
    "11": 160.00339296413372,
    "12": 44.621887872828964
  }
}