{
  "lobjval": 56291.59097139727,
  "fobjval": 20079.7432933225,
  "lz1": 54281.47384821639,
  "lz2": 2010.1171231808808,
  "best_it": 13,
  "best_E0": 3297.7195500885664,
  "best_B0": {
    "1": 115.54056748880744,
    "2": 117.54887503327691,
    "3": 36.99607365228771,
    "4": 162.49378991801458,
    "5": 176.23205902544643,
    "6": 38.50808715864046,
    "7": 370.8347581675486,
    "8": 41.82436068999175,
    "9": 4.285836309922776,
    "10": 475.2797705919028,
    "11": 119.23490010104817,
    "12": 453.6036086455554
  }
}