{
  "lobjval": 113157.67465553302,
  "fobjval": 116550.60125713123,
  "lz1": 111199.73500849426,
  "lz2": 1957.9396470387599,
  "best_it": 3,
  "best_E0": 8874.099835679952,
  "best_B0": {
    "1": 296.59711424960034,
    "2": 256.2929997142516,
    "3": 384.7099885904126,
    "4": 243.1846766722595,
    "5": 71.78975968659194,
    "6": 361.1166871452041,
    "7": 127.17172758463029,
    "8": 60.354710454476255,
    "9": 211.01517903329864
  }
}