{
  "lobjval": 134107.687446263,
  "fobjval": 81051.6048589237,
  "lz1": 132447.37865564163,
  "lz2": 1660.3087906213887,
  "best_it": 10,
  "best_E0": 6154.056209645304,
  "best_B0": {
    "1": 91.95025657532877,
    "2": 120.71723035549181,
    "3": 237.12092505882316,
    "4": 190.02269203383702,
    "5": 244.71852094964584,
    "6": 227.08324423221615,
    "7": 254.9578425786754,
    "8": 100.20705907280954,
    "9": 273.6146557608276
  }
}