{
  "lobjval": 22898.308739632444,
  "fobjval": 107452.56259381011,
  "lz1": 18414.611659857568,
  "lz2": 4483.697079774877,
  "best_it": 2,
  "best_E0": 680.3638968069349,
  "best_B0": {
    "1": 140.91924894137767,
    "2": 3.605504145129994,
    "3": 509.802107857514,
    "4": 360.04995161536635,
    "5": 486.89656690415086,
    "6": 67.79234272392951,
    "7": 235.21798128982053,
    "8": 891.9919922089514,
    "9": 685.8032646275013,
    "10": 68.95890031635986,
    "11": 830.0754490435728,
    "12": 298.9665165742902
  }
}