{
  "lobjval": 100780.0683122202,
  "fobjval": 26289.105602803582,
  "lz1": 100161.30691388737,
  "lz2": 618.7613983328362,
  "best_it": 8,
  "best_E0": 1869.343098802131,
  "best_B0": {
    "1": 89.90973251298692,
    "2": 67.74329958109838,
    "3": 60.310116094843586,
    "4": 154.81161504190078,
    "5": 34.992053301716595,
    "6": 14.863868335091679,
    "7": 45.40692824093967,
    "8": 67.75193292855126,
    "9": 85.40319855737019,
    "10": 29.480929298286824,
    "11": 17.690406449492592,
    "12": 13.901877323700498
  }
}