{
  "lobjval": 53630.0009866575,
  "fobjval": 99038.29627305451,
  "lz1": 47862.57781045785,
  "lz2": 5767.423176199649,
  "best_it": 2,
  "best_E0": 2781.6684441856946,
  "best_B0": {
    "1": 277.6687070856042,
    "2": 49.80215008158117,
    "3": 247.7560490957761,
    "4": 53.64718304480976,
    "5": 254.42950982873043,
    "6": 407.7545599110296,
    "7": 822.0105983546746,
    "8": 1882.6024696982518,
    "9": 455.9190251766655,
    "10": 266.01923164146484,
    "11": 441.6029747664589,
    "12": 649.6889399289973
  }
}