{
  "lobjval": 31533.590042399253,
  "fobjval": 267774.0,
  "lz1": 30846.0,
  "lz2": 687.5900423992523,
  "best_it": 27,
  "best_E0": 22347.05712064141,
  "best_B0": {
    "1": 217.89038254029705,
    "2": 273.5989751358035,
    "3": 196.1006847231518
  }
}