{
  "lobjval": 199667.643187767,
  "fobjval": 43039.782972320965,
  "lz1": 197843.8998137107,
  "lz2": 1823.7433740562863,
  "best_it": 2,
  "best_E0": 4188.022511105131,
  "best_B0": {
    "1": 376.1220243767629,
    "2": 188.18090248407893,
    "3": 0.7154455423061102,
    "4": 46.64708063611378,
    "5": 193.57731355630762,
    "6": 512.3043468507682,
    "7": 446.1989294371012,
    "8": 207.73649848263753,
    "9": 63.35718765575535,
    "10": 45.13476125138207,
    "11": 41.04856457324543,
    "12": 12.153590499065
  }
}