{
  "lobjval": 169259.1629049944,
  "fobjval": 92036.21354913493,
  "lz1": 167682.9118163108,
  "lz2": 1576.2510886835717,
  "best_it": 15,
  "best_E0": 6779.6120489307505,
  "best_B0": {
    "1": 233.7684219560869,
    "2": 535.4946272517032,
    "3": 128.84310954159923,
    "4": 207.962725030824,
    "5": 227.74890282593591,
    "6": 357.34308750751404
  }
}