{
  "lobjval": 232583.4941688736,
  "fobjval": 100210.56309349126,
  "lz1": 230408.3107548733,
  "lz2": 2175.18341400032,
  "best_it": 25,
  "best_E0": 46791.12200275878,
  "best_B0": {
    "1": 909.8000663114713,
    "2": 674.2392195374297,
    "3": 591.1441281514195
  }
}