{
  "lobjval": 96890.99745464805,
  "fobjval": 58896.40982123456,
  "lz1": 94152.83971067099,
  "lz2": 2738.1577439770585,
  "best_it": 1,
  "best_E0": 3263.865431404946,
  "best_B0": {
    "1": 167.3162662137085,
    "2": 369.5976853140493,
    "3": 332.87226791869415,
    "4": 319.57846186167177,
    "5": 436.6006339626688,
    "6": 72.14841129264036,
    "7": 191.09912859851767,
    "8": 762.9779552789812,
    "9": 299.88685582411273
  }
}