{
  "lobjval": 68190.36349920384,
  "fobjval": 284684.2520030035,
  "lz1": 67422.12527126068,
  "lz2": 768.2382279431656,
  "best_it": 1,
  "best_E0": 17977.527141731753,
  "best_B0": {
    "1": 183.80881170265258,
    "2": 441.92463214830275,
    "3": 175.96557629044202
  }
}