{
  "lobjval": 156904.7588084286,
  "fobjval": 85904.3295475978,
  "lz1": 153241.16123332348,
  "lz2": 3663.597575105117,
  "best_it": 11,
  "best_E0": 13945.875869335287,
  "best_B0": {
    "1": 366.7676057908093,
    "2": 661.5856652008578,
    "3": 218.2589061985559,
    "4": 1249.171670368572,
    "5": 564.9442079648825,
    "6": 873.0318973421231
  }
}