{
  "lobjval": 86307.9995387988,
  "fobjval": 63376.33991989308,
  "lz1": 76931.68027532709,
  "lz2": 9376.319263471707,
  "best_it": 5,
  "best_E0": 4648.386578890721,
  "best_B0": {
    "1": 727.8399877052053,
    "2": 578.9031420258044,
    "3": 1413.0219286782212,
    "4": 638.1211989238619,
    "5": 314.3637403963321,
    "6": 2067.1981533857297,
    "7": 2595.9135247841973,
    "8": 949.7800427533,
    "9": 228.39433844063748
  }
}