{
  "lobjval": 8384.422666329916,
  "fobjval": 94190.32948491887,
  "lz1": 2531.5760804004058,
  "lz2": 5852.846585929509,
  "best_it": 4,
  "best_E0": 1317.0048973181301,
  "best_B0": {
    "1": 185.57622119239812,
    "2": 1882.2804692496206,
    "3": 823.8376531468491,
    "4": 629.9622562445192,
    "5": 220.75871845208692,
    "6": 936.891279536082,
    "7": 544.0059625792497,
    "8": 15.454515697081744,
    "9": 614.0795098316208
  }
}