{
  "lobjval": 214943.96019146946,
  "fobjval": 74371.089499292,
  "lz1": 214561.74568813786,
  "lz2": 382.2145033315998,
  "best_it": 9,
  "best_E0": 6300.109785675557,
  "best_B0": {
    "1": 96.73046136256787,
    "2": 101.26977597521051,
    "3": 65.79044235288168,
    "4": 26.650006708627693,
    "5": 57.07237429356127,
    "6": 61.587243971453226
  }
}