{
  "lobjval": 10388.388342121572,
  "fobjval": 41939.42526062121,
  "lz1": 9141.318036130098,
  "lz2": 1247.0703059914745,
  "best_it": 14,
  "best_E0": 1639.071165447494,
  "best_B0": {
    "1": 76.95721151396836,
    "2": 37.80933747746787,
    "3": 103.44102481095054,
    "4": 90.23660432168856,
    "5": 14.814216466811835,
    "6": 316.6291731519722,
    "7": 134.96151727620568,
    "8": 228.5586062904794,
    "9": 282.57826835363903
  }
}