{
  "lobjval": 75505.3375633786,
  "fobjval": 145249.12406213707,
  "lz1": 74611.38393554084,
  "lz2": 893.9536278377574,
  "best_it": 25,
  "best_E0": 4948.824147880641,
  "best_B0": {
    "1": 66.10427672064318,
    "2": 161.32611649352066,
    "3": 82.5088805298692,
    "4": 309.7979135647719,
    "5": 153.73915388512944,
    "6": 138.1764581454867
  }
}