{
  "lobjval": 63696.573292197085,
  "fobjval": 26323.297747003213,
  "lz1": 63148.51124147571,
  "lz2": 548.0620507213729,
  "best_it": 27,
  "best_E0": 1754.454238476858,
  "best_B0": {
    "1": 1.408996702988087,
    "2": 43.310533877356896,
    "3": 88.71045161391628,
    "4": 79.04357628844224,
    "5": 11.673717299392468,
    "6": 22.873986082960588,
    "7": 51.11646612107198,
    "8": 63.94142670243609,
    "9": 114.04747844728334,
    "10": 37.27172481361794,
    "11": 45.951918358574034,
    "12": 36.72432580382778
  }
}