{
  "lobjval": 81938.56567924007,
  "fobjval": 211906.74314307346,
  "lz1": 80796.0881577101,
  "lz2": 1142.4775215299678,
  "best_it": 14,
  "best_E0": 31907.550118293977,
  "best_B0": {
    "1": 288.47852630779613,
    "2": 237.65872605025953,
    "3": 624.6879183000417
  }
}