{
  "lobjval": 132652.0567050041,
  "fobjval": 109938.52541278189,
  "lz1": 132034.17027970482,
  "lz2": 617.8864252992717,
  "best_it": 29,
  "best_E0": 22357.671480689925,
  "best_B0": {
    "1": 199.11800350893287,
    "2": 263.2063281010812,
    "3": 155.56209368925755
  }
}