{
  "lobjval": 17429.094767711333,
  "fobjval": 91593.49440168258,
  "lz1": 14899.952895345834,
  "lz2": 2529.141872365498,
  "best_it": 1,
  "best_E0": 1273.500247465456,
  "best_B0": {
    "1": 718.0677741804043,
    "2": 63.85614933081443,
    "3": 146.09781153106653,
    "4": 22.436877180089297,
    "5": 88.63231665958146,
    "6": 555.6169411700812,
    "7": 182.61657431682715,
    "8": 202.39173225863686,
    "9": 581.1945882019567
  }
}