{
  "lobjval": 105085.67056870404,
  "fobjval": 53727.826939281294,
  "lz1": 103543.04338623758,
  "lz2": 1542.6271824664518,
  "best_it": 18,
  "best_E0": 20791.84225926361,
  "best_B0": {
    "1": 173.13895229937145,
    "2": 877.2547439284449,
    "3": 663.4334862386355
  }
}