{
  "lobjval": 297405.9326300248,
  "fobjval": 196487.92148977003,
  "lz1": 296103.0222475253,
  "lz2": 1302.9103824995038,
  "best_it": 6,
  "best_E0": 9286.96256603766,
  "best_B0": {
    "1": 81.50957521017773,
    "2": 166.20586951380184,
    "3": 207.60560818974358,
    "4": 186.2768694319675,
    "5": 198.92560502938505,
    "6": 34.175011394164365,
    "7": 225.57888553386726,
    "8": 229.3241595958066,
    "9": 83.82590496990417
  }
}