{
  "lobjval": 176426.91236850418,
  "fobjval": 634618.0,
  "lz1": 175013.72139277976,
  "lz2": 1413.190975724422,
  "best_it": 28,
  "best_E0": 60067.83019582031,
  "best_B0": {
    "1": 294.1266512523805,
    "2": 572.9053256799365,
    "3": 599.0353890818745
  }
}