{
  "lobjval": 500609.8578227856,
  "fobjval": 314858.1148701871,
  "lz1": 498646.6307113707,
  "lz2": 1963.2271114149567,
  "best_it": 23,
  "best_E0": 54070.73831631433,
  "best_B0": {
    "1": 143.51058383880587,
    "2": 1024.1063938384102,
    "3": 981.2697445118698
  }
}