{
  "lobjval": 281840.2252238677,
  "fobjval": 186704.2292379723,
  "lz1": 279984.73725398385,
  "lz2": 1855.4879698838204,
  "best_it": 27,
  "best_E0": 14902.592479480527,
  "best_B0": {
    "1": 446.0927662022334,
    "2": 383.984895432296,
    "3": 234.93347817578845,
    "4": 48.62848847632711,
    "5": 403.4799272170504,
    "6": 446.1636023339875
  }
}