{
  "lobjval": 187862.8245484355,
  "fobjval": 86720.77826720123,
  "lz1": 183654.7852804905,
  "lz2": 4208.039267945014,
  "best_it": 1,
  "best_E0": 5575.624298290162,
  "best_B0": {
    "1": 548.4904739174092,
    "2": 120.759882305852,
    "3": 430.11330476078984,
    "4": 95.94680475367875,
    "5": 803.095618173089,
    "6": 860.372646484244,
    "7": 1447.449113091103,
    "8": 116.35158717645687,
    "9": 119.11230083960189
  }
}