{
  "lobjval": 27029.108769643928,
  "fobjval": 137474.9634963156,
  "lz1": 21031.529551382977,
  "lz2": 5997.579218260951,
  "best_it": 2,
  "best_E0": 1794.158919063754,
  "best_B0": {
    "1": 649.1943882863695,
    "2": 644.4212696425401,
    "3": 322.26439786198216,
    "4": 1125.4282975656843,
    "5": 915.4352662826918,
    "6": 793.7706612445032,
    "7": 279.6005583601777,
    "8": 569.1152167292664,
    "9": 747.4289640860471
  }
}