{
  "lobjval": 118680.92012418678,
  "fobjval": 34298.54366788959,
  "lz1": 118134.7847836136,
  "lz2": 546.1353405731849,
  "best_it": 1,
  "best_E0": 3500.750586196407,
  "best_B0": {
    "1": 76.65451939108513,
    "2": 59.35492010036953,
    "3": 131.68475421541478,
    "4": 102.48350729796478,
    "5": 3.8664749001882135,
    "6": 106.91696770964586,
    "7": 37.9231542677063,
    "8": 41.72113785086782,
    "9": 26.384041069218874
  }
}