{
  "lobjval": 109437.82548313464,
  "fobjval": 121925.37707728779,
  "lz1": 105283.09379581832,
  "lz2": 4154.731687316324,
  "best_it": 2,
  "best_E0": 2966.8850167166993,
  "best_B0": {
    "1": 1348.9231581599056,
    "2": 183.51663546517727,
    "3": 380.76184774347803,
    "4": 564.0641560034475,
    "5": 672.4869590848796,
    "6": 0.16940640045255442,
    "7": 297.36699279411454,
    "8": 94.97588291830968,
    "9": 849.6030758119042
  }
}