{
  "lobjval": 57971.474801167205,
  "fobjval": 98962.51466367723,
  "lz1": 53065.08010944666,
  "lz2": 4906.394691720547,
  "best_it": 13,
  "best_E0": 7690.591320209662,
  "best_B0": {
    "1": 786.6825217778689,
    "2": 438.3530231450413,
    "3": 1059.2006922785195,
    "4": 979.2312144237255,
    "5": 872.5486062904849,
    "6": 883.6920921904023
  }
}