{
  "lobjval": 197325.84867551786,
  "fobjval": 85710.49174040699,
  "lz1": 196503.89152587263,
  "lz2": 821.9571496452158,
  "best_it": 16,
  "best_E0": 5233.892773641077,
  "best_B0": {
    "1": 59.57028377285003,
    "2": 4.836182503192221,
    "3": 72.04295955877794,
    "4": 186.02778355847985,
    "5": 65.33423651326311,
    "6": 163.98471086908054,
    "7": 43.22405851074461,
    "8": 104.8201785359042,
    "9": 164.01440442872655
  }
}