{
  "lobjval": 252505.61570874188,
  "fobjval": 122735.31337190632,
  "lz1": 251734.31188401932,
  "lz2": 771.3038247225713,
  "best_it": 17,
  "best_E0": 18760.257045103317,
  "best_B0": {
    "1": 165.05732946188198,
    "2": 323.26014009652437,
    "3": 320.8383831834699
  }
}