{
  "lobjval": 206633.65483319364,
  "fobjval": 61907.22693969276,
  "lz1": 205382.77801134874,
  "lz2": 1250.8768218449015,
  "best_it": 17,
  "best_E0": 5309.201803101857,
  "best_B0": {
    "1": 0.38637739868680665,
    "2": 67.16476981599072,
    "3": 193.92459765295897,
    "4": 158.87539723546055,
    "5": 166.04208076980285,
    "6": 178.1059830531964,
    "7": 1.047086807103599,
    "8": 37.385289666366255,
    "9": 105.6825780933232,
    "10": 88.90227258737468,
    "11": 205.8100935707126,
    "12": 131.70199930625276
  }
}