{
  "lobjval": 85356.94734841555,
  "fobjval": 112840.0,
  "lz1": 84816.0,
  "lz2": 540.9473484155392,
  "best_it": 4,
  "best_E0": 30705.138496426414,
  "best_B0": {
    "1": 130.46202780723885,
    "2": 143.07802198445106,
    "3": 267.4072986238492
  }
}