{
  "lobjval": 19332.03831580489,
  "fobjval": 121795.7208742934,
  "lz1": 10062.87623909092,
  "lz2": 9269.16207671397,
  "best_it": 2,
  "best_E0": 741.7354376780046,
  "best_B0": {
    "1": 716.2453927519625,
    "2": 698.9457315495147,
    "3": 870.4653534714788,
    "4": 1979.6397501324723,
    "5": 305.94247082448226,
    "6": 651.5750214527935,
    "7": 875.4770628350859,
    "8": 1120.764345544362,
    "9": 2111.103431506718
  }
}