{
  "lobjval": 382823.71033364115,
  "fobjval": 123108.79482655539,
  "lz1": 381883.00503203704,
  "lz2": 940.7053016041039,
  "best_it": 4,
  "best_E0": 10709.056604952599,
  "best_B0": {
    "1": 167.85649977676366,
    "2": 28.400218987141955,
    "3": 2.6651614746522463,
    "4": 137.16211936516686,
    "5": 111.79988047987466,
    "6": 314.52760057054354,
    "7": 137.1159303899895,
    "8": 1.1720569686670186,
    "9": 154.68795423224543
  }
}