{
  "lobjval": 120970.05663010346,
  "fobjval": 86796.87667402872,
  "lz1": 118016.86401199568,
  "lz2": 2953.1926181077683,
  "best_it": 2,
  "best_E0": 2977.764234823877,
  "best_B0": {
    "1": 661.9986206920281,
    "2": 16.327793740946486,
    "3": 363.0856194957772,
    "4": 716.9413947498988,
    "5": 163.22392620235186,
    "6": 496.0225584900766,
    "7": 296.63374631302696,
    "8": 150.19019974705554,
    "9": 241.01151068924918
  }
}