{
  "lobjval": 350.49680789691774,
  "fobjval": 160848.0,
  "lz1": 0.0,
  "lz2": 350.49680789691774,
  "best_it": 16,
  "best_E0": 3731.6466483316017,
  "best_B0": {
    "1": 110.37472687867628,
    "2": 129.74576099506007,
    "3": 110.37632002318142
  }
}