{
  "lobjval": 172528.71042271052,
  "fobjval": 118247.27691707364,
  "lz1": 171018.83554930566,
  "lz2": 1509.8748734048484,
  "best_it": 23,
  "best_E0": 11658.12697675861,
  "best_B0": {
    "1": 4.987178555245531,
    "2": 473.3112486098531,
    "3": 332.6624321280292,
    "4": 346.0585648531613,
    "5": 260.9786017991585,
    "6": 200.2584456930294
  }
}