{
  "lobjval": 93553.6004798503,
  "fobjval": 30759.5113208685,
  "lz1": 87145.30458362703,
  "lz2": 6408.295896223263,
  "best_it": 16,
  "best_E0": 3052.6960073012738,
  "best_B0": {
    "1": 349.0173848332822,
    "2": 4.846918708767531,
    "3": 939.8986862509528,
    "4": 292.580039386057,
    "5": 461.0121502530964,
    "6": 379.05340234435164,
    "7": 534.2701324300947,
    "8": 689.1708849005998,
    "9": 174.75608382216095,
    "10": 1485.6989586165757,
    "11": 490.89060410596767,
    "12": 798.9689903337511
  }
}