{
  "lobjval": 208964.94560571108,
  "fobjval": 174710.73565917352,
  "lz1": 204013.4532376432,
  "lz2": 4951.492368067864,
  "best_it": 2,
  "best_E0": 4967.348693104748,
  "best_B0": {
    "1": 1218.404707715948,
    "2": 1168.6695021102935,
    "3": 1435.128485706134,
    "4": 266.4124564978565,
    "5": 124.55446697677738,
    "6": 581.6005877507632,
    "7": 108.79163197727449,
    "8": 278.67186312827374,
    "9": 30.02093788154331
  }
}