{
  "lobjval": 139784.6171135006,
  "fobjval": 54021.591640343104,
  "lz1": 138640.5552203294,
  "lz2": 1144.0618931712,
  "best_it": 3,
  "best_E0": 21454.96171208376,
  "best_B0": {
    "1": 310.95092646788225,
    "2": 348.3699379827074,
    "3": 559.4277367321399
  }
}