{
  "lobjval": 87274.85501201866,
  "fobjval": 43961.84475017873,
  "lz1": 78688.32366998501,
  "lz2": 8586.531342033646,
  "best_it": 15,
  "best_E0": 3857.3314872497203,
  "best_B0": {
    "1": 180.20127711123317,
    "2": 137.46543586421518,
    "3": 702.1966873011315,
    "4": 576.8813404506553,
    "5": 529.3740430665478,
    "6": 970.5156415234524,
    "7": 780.9228753215546,
    "8": 220.56453696347356,
    "9": 1739.9177993286985,
    "10": 2343.483452660004,
    "11": 219.57309155102666,
    "12": 510.47549966583904
  }
}