{
  "lobjval": 265272.77135608095,
  "fobjval": 57123.92628477112,
  "lz1": 264311.59924235323,
  "lz2": 961.1721137277008,
  "best_it": 22,
  "best_E0": 6606.854329382115,
  "best_B0": {
    "1": 175.88587866038915,
    "2": 6.7103837500811805,
    "3": 145.73077244805597,
    "4": 87.91557873148025,
    "5": 243.6766323114989,
    "6": 107.42118982905268,
    "7": 126.67990353503777,
    "8": 17.333668182187306,
    "9": 137.48695177106907
  }
}