{
  "lobjval": 217474.4569012961,
  "fobjval": 76991.3480948419,
  "lz1": 217072.06820396511,
  "lz2": 402.38869733097636,
  "best_it": 8,
  "best_E0": 7194.932729619995,
  "best_B0": {
    "1": 55.30579565392519,
    "2": 79.51251640095808,
    "3": 100.37661013223443,
    "4": 87.43513434291329,
    "5": 24.346683888608602,
    "6": 77.67106384608954
  }
}