{
  "lobjval": 484901.57429534197,
  "fobjval": 182587.54605872073,
  "lz1": 479988.0687261536,
  "lz2": 4913.505569188361,
  "best_it": 2,
  "best_E0": 101917.06635360952,
  "best_B0": {
    "1": 1588.84774864176,
    "2": 1746.668217263376,
    "3": 1806.652731501873
  }
}