{
  "lobjval": 56966.67312927665,
  "fobjval": 27697.494450953905,
  "lz1": 55688.698443523754,
  "lz2": 1277.974685752893,
  "best_it": 13,
  "best_E0": 5289.381181405011,
  "best_B0": {
    "1": 211.63547191981868,
    "2": 242.1317838504608,
    "3": 269.69293425961524,
    "4": 0.30902980649287537,
    "5": 225.4319516675172,
    "6": 429.3091997822195
  }
}