{
  "lobjval": 79159.23432907634,
  "fobjval": 31897.92468178965,
  "lz1": 75709.46000410436,
  "lz2": 3449.774324971979,
  "best_it": 13,
  "best_E0": 4022.493447011182,
  "best_B0": {
    "1": 378.94734881822114,
    "2": 255.70312183436738,
    "3": 281.10503410186124,
    "4": 154.20596641745757,
    "5": 185.50459168580963,
    "6": 343.86195581713014,
    "7": 351.56492872297576,
    "8": 53.52104337184842,
    "9": 565.8108058906839,
    "10": 620.2657830609671,
    "11": 193.97378642922047,
    "12": 254.7611673807992
  }
}