{
  "lobjval": 127654.31143018583,
  "fobjval": 98916.21833640212,
  "lz1": 124157.88807821456,
  "lz2": 3496.423351971273,
  "best_it": 2,
  "best_E0": 2023.7634568576348,
  "best_B0": {
    "1": 137.6676422120077,
    "2": 190.35998861549885,
    "3": 1005.4441804474852,
    "4": 632.5401315058116,
    "5": 282.47878592161607,
    "6": 113.21475444769493,
    "7": 190.40404319425375,
    "8": 214.30087866755918,
    "9": 703.372507592105,
    "10": 263.1276620901864,
    "11": 12.476599652039702,
    "12": 117.77692460710988
  }
}