{
  "lobjval": 42867.97401154825,
  "fobjval": 50230.9237924546,
  "lz1": 41472.45615423367,
  "lz2": 1395.5178573145795,
  "best_it": 2,
  "best_E0": 1891.4009828540786,
  "best_B0": {
    "1": 3.3978213607406893,
    "2": 131.05833965743147,
    "3": 259.39488993028283,
    "4": 440.7772733429222,
    "5": 4.64904576871601,
    "6": 2.0356620103559835,
    "7": 134.54887816446418,
    "8": 66.52487799091281,
    "9": 108.33810438428297,
    "10": 14.452477213313696,
    "11": 24.93074083079864,
    "12": 276.7632722970869
  }
}