{
  "lobjval": 209341.7291895867,
  "fobjval": 86225.7673573976,
  "lz1": 207096.964268668,
  "lz2": 2244.764920918707,
  "best_it": 2,
  "best_E0": 4114.455069283599,
  "best_B0": {
    "1": 74.11197601252923,
    "2": 1.977222549878201,
    "3": 665.7844952168213,
    "4": 750.4689547840636,
    "5": 46.33399928646101,
    "6": 475.6967843178151,
    "7": 4.106169135218025,
    "8": 370.57157349447465,
    "9": 174.05666792012812
  }
}