{
  "lobjval": 546.9968696851779,
  "fobjval": 108657.0,
  "lz1": 0.0,
  "lz2": 546.9968696851779,
  "best_it": 10,
  "best_E0": 1058.1314186685427,
  "best_B0": {
    "1": 249.65822738283003,
    "2": 175.66472350608797,
    "3": 121.67391879625991
  }
}