{
  "lobjval": 83289.18702492488,
  "fobjval": 64345.85395858314,
  "lz1": 73606.61030765556,
  "lz2": 9682.576717269312,
  "best_it": 2,
  "best_E0": 4968.567318155444,
  "best_B0": {
    "1": 1868.3003495865387,
    "2": 721.6718724345179,
    "3": 343.3739019370783,
    "4": 1897.2857481960934,
    "5": 1695.4213442873902,
    "6": 23.181338094915127,
    "7": 1576.5506298529444,
    "8": 1258.564610493748,
    "9": 328.09148004037775
  }
}