{
  "lobjval": 295699.4492580139,
  "fobjval": 79216.73333325266,
  "lz1": 294498.7637651791,
  "lz2": 1200.6854928348296,
  "best_it": 10,
  "best_E0": 8764.447753152343,
  "best_B0": {
    "1": 45.4230355830246,
    "2": 252.0476978120818,
    "3": 160.57060598878644,
    "4": 288.28403225450927,
    "5": 119.62223080469965,
    "6": 45.702428582067164,
    "7": 124.55608890455441,
    "8": 156.62532690240496,
    "9": 102.10535561400441
  }
}