{
  "lobjval": 46357.420273170654,
  "fobjval": 43474.60286592189,
  "lz1": 43359.35781444284,
  "lz2": 2998.062458727811,
  "best_it": 21,
  "best_E0": 3956.020704290537,
  "best_B0": {
    "1": 469.4484026500616,
    "2": 257.67667713753934,
    "3": 274.7787429701545,
    "4": 375.31001234486877,
    "5": 647.9428187888705,
    "6": 290.09352513788843,
    "7": 459.8179718880316,
    "8": 2.2460274617235343,
    "9": 257.3985933774737
  }
}