{
  "lobjval": 30005.705679383984,
  "fobjval": 18549.48081617963,
  "lz1": 27305.29255666302,
  "lz2": 2700.413122720964,
  "best_it": 2,
  "best_E0": 1664.4538847442338,
  "best_B0": {
    "1": 281.9575315647494,
    "2": 215.01525899207186,
    "3": 540.0989731425332,
    "4": 260.34481611474007,
    "5": 665.9353223089687,
    "6": 116.51491725595972,
    "7": 473.8822936818214,
    "8": 84.13219707881426,
    "9": 117.92157438707919
  }
}