{
  "lobjval": 21887.171542827644,
  "fobjval": 49832.28921057796,
  "lz1": 18691.386914010935,
  "lz2": 3195.78462881671,
  "best_it": 4,
  "best_E0": 1200.7314934054134,
  "best_B0": {
    "1": 251.3083281639728,
    "2": 422.792673405506,
    "3": 454.5356837950861,
    "4": 105.51641033732827,
    "5": 398.3994273866389,
    "6": 19.51108522498983,
    "7": 369.80046097325794,
    "8": 128.84120360188626,
    "9": 214.73480755020552,
    "10": 346.24045015616275,
    "11": 199.58988051255452,
    "12": 388.1732248438253
  }
}