{
  "lobjval": 111529.46070708195,
  "fobjval": 44102.87240049086,
  "lz1": 104874.64707094824,
  "lz2": 6654.813636133715,
  "best_it": 11,
  "best_E0": 5146.632097064087,
  "best_B0": {
    "1": 1144.675914265385,
    "2": 1275.3342510673392,
    "3": 1056.1237910013708,
    "4": 1066.9683725652092,
    "5": 25.824121090668328,
    "6": 552.0945816716537,
    "7": 491.5427643590965,
    "8": 59.72881786060209,
    "9": 322.0721078559849,
    "10": 257.6742459212405,
    "11": 332.4776323139429,
    "12": 435.1435606314312
  }
}