{
  "lobjval": 85978.96768059433,
  "fobjval": 111398.27025815006,
  "lz1": 83496.85883653336,
  "lz2": 2482.108844060968,
  "best_it": 3,
  "best_E0": 2520.6152242490357,
  "best_B0": {
    "1": 30.65575142482422,
    "2": 432.1376567835941,
    "3": 835.4008139177843,
    "4": 625.8119764926668,
    "5": 427.023674918181,
    "6": 50.5108700496828,
    "7": 58.83632478924342,
    "8": 104.21442366343577,
    "9": 46.12582189064117
  }
}