{
  "lobjval": 161155.77006128538,
  "fobjval": 376922.39468335256,
  "lz1": 160402.21266589867,
  "lz2": 753.5573953867271,
  "best_it": 6,
  "best_E0": 45519.324779452465,
  "best_B0": {
    "1": 226.34715254006875,
    "2": 242.9551419238323,
    "3": 287.35699922944684
  }
}