{
  "lobjval": 45627.10516685202,
  "fobjval": 30105.496175252763,
  "lz1": 41653.73524649957,
  "lz2": 3973.3699203524484,
  "best_it": 22,
  "best_E0": 4259.357292012692,
  "best_B0": {
    "1": 495.93907631690473,
    "2": 273.5375802058172,
    "3": 684.74777204654,
    "4": 1379.0143897223943,
    "5": 254.78606361022963,
    "6": 42.676469721335685,
    "7": 460.455870522973,
    "8": 285.9099989343132,
    "9": 238.17008703028517
  }
}