{
  "lobjval": 113054.8640599656,
  "fobjval": 32133.335061781414,
  "lz1": 111459.19580023718,
  "lz2": 1595.668259728421,
  "best_it": 3,
  "best_E0": 2442.9133013371816,
  "best_B0": {
    "1": 452.07413163381244,
    "2": 74.67532213358531,
    "3": 151.84523020789928,
    "4": 216.30027458911135,
    "5": 66.13700792475832,
    "6": 101.5074953309998,
    "7": 535.6759412204012,
    "8": 0.7668811477031028,
    "9": 179.79886598894944
  }
}