{
  "lobjval": 385391.29290034255,
  "fobjval": 123186.66924054493,
  "lz1": 382533.1474037262,
  "lz2": 2858.1454966163647,
  "best_it": 1,
  "best_E0": 7999.823293331244,
  "best_B0": {
    "1": 830.4072558086879,
    "2": 734.9294141948731,
    "3": 46.2926123488552,
    "4": 121.66221427198089,
    "5": 224.50459585139558,
    "6": 9.142776185425458,
    "7": 246.46653045346477,
    "8": 860.5288961859652,
    "9": 166.6223787760843
  }
}