{
  "lobjval": 317751.2868907346,
  "fobjval": 94606.61356786398,
  "lz1": 316517.54388014734,
  "lz2": 1233.743010587274,
  "best_it": 25,
  "best_E0": 13861.325598025422,
  "best_B0": {
    "1": 166.03183909154964,
    "2": 301.98845466163965,
    "3": 238.61430766200243,
    "4": 131.7746737996658,
    "5": 0.5229593972442652,
    "6": 489.89524457348756
  }
}