{
  "lobjval": 122009.09212434926,
  "fobjval": 55619.02839972073,
  "lz1": 120306.32731142253,
  "lz2": 1702.7648129267284,
  "best_it": 5,
  "best_E0": 26617.804679982342,
  "best_B0": {
    "1": 659.2385730739572,
    "2": 784.4393492043523,
    "3": 307.452134389052
  }
}