{
  "lobjval": 20501.294607637414,
  "fobjval": 98583.95462690803,
  "lz1": 11728.115159330657,
  "lz2": 8773.179448306759,
  "best_it": 3,
  "best_E0": 1244.729202955879,
  "best_B0": {
    "1": 1354.6858572016952,
    "2": 967.0773027043547,
    "3": 574.6797821786527,
    "4": 66.25469086930522,
    "5": 890.2460627887701,
    "6": 546.275500692662,
    "7": 1246.4430039757194,
    "8": 223.7739180889545,
    "9": 1683.0491335093143,
    "10": 156.63683662923026,
    "11": 823.5258418482028,
    "12": 264.4579791790432
  }
}