{
  "lobjval": 99966.40825532474,
  "fobjval": 61963.39504767495,
  "lz1": 97908.15627526768,
  "lz2": 2058.251980057058,
  "best_it": 1,
  "best_E0": 2285.142077757877,
  "best_B0": {
    "1": 4.863845035871909,
    "2": 0.9777339612521425,
    "3": 26.8242068921924,
    "4": 204.77140767966745,
    "5": 160.67934104855982,
    "6": 381.27751351725055,
    "7": 531.34566993639,
    "8": 554.0966082027932,
    "9": 154.4294961941625,
    "10": 47.92655243691975,
    "11": 85.26072239106159,
    "12": 79.83212120744815
  }
}