{
  "lobjval": 267259.4031213369,
  "fobjval": 122274.06594857044,
  "lz1": 265412.2022503123,
  "lz2": 1847.20087102455,
  "best_it": 26,
  "best_E0": 8585.37520583195,
  "best_B0": {
    "1": 193.52887673770218,
    "2": 270.4925520617417,
    "3": 235.37410927902943,
    "4": 229.94917642037043,
    "5": 240.65495593045551,
    "6": 118.67895762970979,
    "7": 393.3756511644209,
    "8": 161.22046358227485,
    "9": 138.02742379671545
  }
}