{
  "lobjval": 69175.05126388477,
  "fobjval": 38622.90723519679,
  "lz1": 68487.8738109224,
  "lz2": 687.1774529623683,
  "best_it": 28,
  "best_E0": 2046.1673848949458,
  "best_B0": {
    "1": 104.79156512491915,
    "2": 24.08900657344405,
    "3": 121.64117213180427,
    "4": 51.72782249838222,
    "5": 262.42779610711534,
    "6": 52.979987934375046,
    "7": 61.87298131746867,
    "8": 67.36624439546708,
    "9": 5.149500054968501
  }
}