{
  "lobjval": 490790.06929699454,
  "fobjval": 124727.98143797251,
  "lz1": 489733.2215282877,
  "lz2": 1056.8477687068364,
  "best_it": 5,
  "best_E0": 9368.110646767238,
  "best_B0": {
    "1": 6.096843487780161,
    "2": 135.36350303103572,
    "3": 7.780814692235099,
    "4": 229.73065094059035,
    "5": 162.9528962310635,
    "6": 137.11003568744115,
    "7": 125.564521699023,
    "8": 123.60417667617216,
    "9": 243.63685389319917
  }
}