{
  "lobjval": 9072.807189569201,
  "fobjval": 60832.610664253225,
  "lz1": 7445.298397985867,
  "lz2": 1627.5087915833333,
  "best_it": 2,
  "best_E0": 525.2709686930375,
  "best_B0": {
    "1": 37.98372162725248,
    "2": 252.08767413228244,
    "3": 142.91541094691246,
    "4": 72.74203488277814,
    "5": 321.9186452563583,
    "6": 157.63025332520792,
    "7": 357.81734185383283,
    "8": 158.72776248142117,
    "9": 142.36346599234182
  }
}