{
  "lobjval": 44094.28763134049,
  "fobjval": 32480.975014904867,
  "lz1": 39240.25813569341,
  "lz2": 4854.029495647082,
  "best_it": 16,
  "best_E0": 1888.821089564063,
  "best_B0": {
    "1": 169.09262895016298,
    "2": 383.8039041007349,
    "3": 890.4819415533314,
    "4": 472.9037144560267,
    "5": 204.1144174065175,
    "6": 367.47659851582193,
    "7": 275.5318127641036,
    "8": 739.5969956225197,
    "9": 129.54603293646088,
    "10": 223.0622640324989,
    "11": 678.1994231516558,
    "12": 504.4701939479501
  }
}