{
  "lobjval": 79752.8503601058,
  "fobjval": 47188.15877502956,
  "lz1": 78678.16628259525,
  "lz2": 1074.6840775105527,
  "best_it": 7,
  "best_E0": 2437.1869835820203,
  "best_B0": {
    "1": 200.57152302699245,
    "2": 93.53390126219077,
    "3": 99.24945315263524,
    "4": 71.8923444236307,
    "5": 61.62208638623486,
    "6": 220.6234127221281,
    "7": 118.35773998222729,
    "8": 26.62497357024609,
    "9": 157.50264000788556,
    "10": 5.9792720098206,
    "11": 47.722588782296036,
    "12": 60.197292059348484
  }
}