{
  "lobjval": 20100.946158572173,
  "fobjval": 44432.83097905004,
  "lz1": 16436.253192467033,
  "lz2": 3664.692966105138,
  "best_it": 1,
  "best_E0": 3442.1472654357617,
  "best_B0": {
    "1": 431.3255692148338,
    "2": 159.11270284691878,
    "3": 402.13441681374553,
    "4": 808.0129278355929,
    "5": 483.9591836010389,
    "6": 33.45970585569761,
    "7": 429.1028601356252,
    "8": 556.3578835602772,
    "9": 416.6992929534984
  }
}