{
  "lobjval": 405827.8884850434,
  "fobjval": 119641.19309780566,
  "lz1": 405066.0382766073,
  "lz2": 761.8502084361461,
  "best_it": 9,
  "best_E0": 7587.37183730042,
  "best_B0": {
    "1": 14.697612895929558,
    "2": 108.7671124777801,
    "3": 65.46464180992648,
    "4": 75.39046035770546,
    "5": 66.8858632662958,
    "6": 234.05793991003264,
    "7": 110.70663314076685,
    "8": 108.20678327375985,
    "9": 21.613244678212926
  }
}