{
  "lobjval": 258579.24569522197,
  "fobjval": 111544.011752537,
  "lz1": 254599.30160410755,
  "lz2": 3979.944091114418,
  "best_it": 2,
  "best_E0": 8545.816180798813,
  "best_B0": {
    "1": 1297.2917758306612,
    "2": 16.58573731464463,
    "3": 501.4276617570674,
    "4": 692.3611934110419,
    "5": 245.69935831362028,
    "6": 485.37803903872384,
    "7": 208.1600814218386,
    "8": 164.94303106922447,
    "9": 616.2630817158108
  }
}