{
  "lobjval": 199465.61400567097,
  "fobjval": 43711.77465712831,
  "lz1": 194118.47451132603,
  "lz2": 5347.139494344936,
  "best_it": 9,
  "best_E0": 8564.34361052562,
  "best_B0": {
    "1": 469.5091214057786,
    "2": 93.01756277453407,
    "3": 567.695488230337,
    "4": 136.7630558881856,
    "5": 434.0531912474296,
    "6": 370.0235891996124,
    "7": 402.5620090665044,
    "8": 103.9225552688427,
    "9": 417.1688625931272,
    "10": 972.4250353716204,
    "11": 440.14015827897003,
    "12": 1462.0700751183012
  }
}