{
  "lobjval": 157219.48858789328,
  "fobjval": 85819.07607068442,
  "lz1": 156438.69301118742,
  "lz2": 780.7955767058731,
  "best_it": 9,
  "best_E0": 4288.736769263573,
  "best_B0": {
    "1": 95.98930846364517,
    "2": 48.899654381479635,
    "3": 7.420221657836287,
    "4": 95.78225632060904,
    "5": 105.63173868359081,
    "6": 57.65758767409445,
    "7": 103.34959668019953,
    "8": 284.53249273427923,
    "9": 85.50097601021209
  }
}