{
  "lobjval": 124082.04809659373,
  "fobjval": 127913.79969533405,
  "lz1": 123288.68781339223,
  "lz2": 793.3602832015025,
  "best_it": 17,
  "best_E0": 5163.694907012096,
  "best_B0": {
    "1": 122.4624407286802,
    "2": 181.67569129986043,
    "3": 217.77143609885763,
    "4": 152.6027045999682,
    "5": 44.039923309446834,
    "6": 129.09913230046593
  }
}