{
  "lobjval": 178248.39202737893,
  "fobjval": 60328.91042892496,
  "lz1": 173943.64005080416,
  "lz2": 4304.751976574758,
  "best_it": 4,
  "best_E0": 8395.048197662294,
  "best_B0": {
    "1": 38.95517465057198,
    "2": 679.4883782214855,
    "3": 396.7794621398936,
    "4": 744.317680472155,
    "5": 740.672120295435,
    "6": 555.2287805006385,
    "7": 193.64900741957047,
    "8": 549.6756494286026,
    "9": 783.7371092828781
  }
}