{
  "lobjval": 18365.612095585795,
  "fobjval": 199233.58765033056,
  "lz1": 13825.45989596744,
  "lz2": 4540.152199618356,
  "best_it": 13,
  "best_E0": 1286.0892926473357,
  "best_B0": {
    "1": 819.6483001404864,
    "2": 238.06641544000712,
    "3": 685.352110835755,
    "4": 561.5655269369165,
    "5": 1049.1745947404127,
    "6": 118.72995190034307,
    "7": 191.81453417821402,
    "8": 411.6355068915234,
    "9": 477.0261514811748
  }
}