{
  "lobjval": 153157.50146984396,
  "fobjval": 424804.3665935538,
  "lz1": 151003.0185238986,
  "lz2": 2154.4829459453667,
  "best_it": 26,
  "best_E0": 51832.12040166765,
  "best_B0": {
    "1": 787.5685794696201,
    "2": 528.2852149302938,
    "3": 869.0291515454545
  }
}