{
  "lobjval": 8108.235198080676,
  "fobjval": 69070.67167870358,
  "lz1": 3730.177960188927,
  "lz2": 4378.057237891749,
  "best_it": 18,
  "best_E0": 1055.7107434492937,
  "best_B0": {
    "1": 0.919018651788224,
    "2": 169.49196085836235,
    "3": 452.34795388928376,
    "4": 2309.465495075665,
    "5": 695.1524734232087,
    "6": 246.74565636597737,
    "7": 110.54249524769585,
    "8": 291.8611619985573,
    "9": 101.53102238123314
  }
}