{
  "lobjval": 16189.896701203288,
  "fobjval": 65649.97090176686,
  "lz1": 7091.4275077719185,
  "lz2": 9098.469193431369,
  "best_it": 29,
  "best_E0": 1668.57117828688,
  "best_B0": {
    "1": 1272.4914940392064,
    "2": 1939.4895611942877,
    "3": 903.8274278777333,
    "4": 83.23874015704999,
    "5": 524.4702516569826,
    "6": 628.8242797949648,
    "7": 1541.7975814979734,
    "8": 1560.511140909853,
    "9": 643.8187163047386
  }
}