{
  "lobjval": 88190.72376566542,
  "fobjval": 42679.9129100549,
  "lz1": 83772.15434330334,
  "lz2": 4418.569422362079,
  "best_it": 6,
  "best_E0": 4420.894877430323,
  "best_B0": {
    "1": 470.59289759875145,
    "2": 328.99798204218894,
    "3": 636.9469401435008,
    "4": 35.306665916608644,
    "5": 222.83170410940497,
    "6": 660.1945441125191,
    "7": 1146.3441900349821,
    "8": 359.42302341619234,
    "9": 784.8693894125931
  }
}