{
  "lobjval": 147293.4647771481,
  "fobjval": 121502.047896493,
  "lz1": 143818.6959144052,
  "lz2": 3474.7688627428884,
  "best_it": 1,
  "best_E0": 4259.384176506685,
  "best_B0": {
    "1": 51.94499992977427,
    "2": 29.848078937956736,
    "3": 1815.5042184041313,
    "4": 124.14441553870888,
    "5": 574.1904350539105,
    "6": 85.64050403441559,
    "7": 307.3818204666007,
    "8": 185.91774729504843,
    "9": 675.8636690911745
  }
}