{
  "lobjval": 131409.33610759166,
  "fobjval": 125002.11005170559,
  "lz1": 130624.54033654147,
  "lz2": 784.7957710502016,
  "best_it": 17,
  "best_E0": 20742.379287717093,
  "best_B0": {
    "1": 256.8441880550263,
    "2": 284.44000885172096,
    "3": 252.71157414345436
  }
}