{
  "lobjval": 152303.08506048654,
  "fobjval": 85000.03052809108,
  "lz1": 150256.848496178,
  "lz2": 2046.2365643085582,
  "best_it": 28,
  "best_E0": 59082.385156358636,
  "best_B0": {
    "1": 500.3501789296427,
    "2": 849.146083425373,
    "3": 696.7403019535424
  }
}