{
  "lobjval": 92178.96697353589,
  "fobjval": 30537.409933233772,
  "lz1": 90308.05431037836,
  "lz2": 1870.9126631575273,
  "best_it": 19,
  "best_E0": 6186.659335524433,
  "best_B0": {
    "1": 239.71764953672843,
    "2": 486.9550098613153,
    "3": 181.9378862500308,
    "4": 294.4283660742846,
    "5": 283.77752246285485,
    "6": 10.375999451893424,
    "7": 160.21205685571292,
    "8": 206.74458494854593,
    "9": 135.9094559387712
  }
}