{
  "lobjval": 437854.27827268804,
  "fobjval": 283999.32536494435,
  "lz1": 437047.8587944373,
  "lz2": 806.4194782507267,
  "best_it": 15,
  "best_E0": 54101.53954275871,
  "best_B0": {
    "1": 281.16799660280725,
    "2": 227.688849472551,
    "3": 316.9532902192218
  }
}