{
  "lobjval": 948.4138427385149,
  "fobjval": 27830.0,
  "lz1": 0.0,
  "lz2": 948.4138427385149,
  "best_it": 16,
  "best_E0": 2729.6843954862957,
  "best_B0": {
    "1": 9.472735964761021,
    "2": 160.14334002444028,
    "3": 207.35090096749562,
    "4": 167.33325286289673,
    "5": 265.6466587125438,
    "6": 138.46695420637724
  }
}