{
  "lobjval": 124756.09361676722,
  "fobjval": 58757.59064413568,
  "lz1": 123759.32307355001,
  "lz2": 996.7705432172036,
  "best_it": 26,
  "best_E0": 4695.6337760558,
  "best_B0": {
    "1": 31.2611417446631,
    "2": 148.09805771170372,
    "3": 184.0098812719407,
    "4": 209.05583056010744,
    "5": 25.304546178706637,
    "6": 77.0712353054137,
    "7": 208.9158289877015,
    "8": 87.4285734867926,
    "9": 117.83016847326142
  }
}