{
  "lobjval": 4214.506641106485,
  "fobjval": 115383.0,
  "lz1": 0.0,
  "lz2": 4214.506641106485,
  "best_it": 10,
  "best_E0": 69863.01075360905,
  "best_B0": {
    "1": 1168.0478438369894,
    "2": 1671.2268018250388,
    "3": 1375.231995444457
  }
}