{
  "lobjval": 137828.60083882065,
  "fobjval": 32776.68829058288,
  "lz1": 134956.82275594596,
  "lz2": 2871.7780828746786,
  "best_it": 16,
  "best_E0": 5587.198093099007,
  "best_B0": {
    "1": 108.13557829350388,
    "2": 308.9054642077973,
    "3": 230.3192028706616,
    "4": 940.6187071533318,
    "5": 207.28324984292578,
    "6": 41.701141763669135,
    "7": 194.79563818931132,
    "8": 132.01929781265218,
    "9": 396.29486148501974,
    "10": 213.25341947856154,
    "11": 335.28952283826254,
    "12": 35.05782750992427
  }
}