{
  "lobjval": 193685.61141797082,
  "fobjval": 44614.33103065501,
  "lz1": 189963.66052159545,
  "lz2": 3721.950896375387,
  "best_it": 9,
  "best_E0": 7234.654347198488,
  "best_B0": {
    "1": 1018.3587787930103,
    "2": 332.8322015077951,
    "3": 272.5718364556957,
    "4": 99.72780504004689,
    "5": 199.03244082864148,
    "6": 316.48951422235405,
    "7": 444.4185940745643,
    "8": 221.11200954036588,
    "9": 174.5592919290884,
    "10": 315.07225679743914,
    "11": 26.90332852419542,
    "12": 588.9648773661252
  }
}