{
  "lobjval": 208009.9985335714,
  "fobjval": 71049.97739907289,
  "lz1": 204913.54634188415,
  "lz2": 3096.4521916872345,
  "best_it": 3,
  "best_E0": 18717.5658670766,
  "best_B0": {
    "1": 765.4009472505268,
    "2": 796.3385894195778,
    "3": 806.1135173369431,
    "4": 84.3154289304776,
    "5": 639.1077198770969,
    "6": 132.98344479522504
  }
}