{
  "lobjval": 245744.06646919937,
  "fobjval": 189873.54105899224,
  "lz1": 245216.66983019316,
  "lz2": 527.3966390062037,
  "best_it": 3,
  "best_E0": 26413.97104638438,
  "best_B0": {
    "1": 183.83134693443384,
    "2": 214.35165036660464,
    "3": 129.92818502309646
  }
}