{
  "lobjval": 18252.57724726939,
  "fobjval": 31450.47342496513,
  "lz1": 14759.497494738855,
  "lz2": 3493.0797525305356,
  "best_it": 18,
  "best_E0": 2049.9302075901937,
  "best_B0": {
    "1": 974.0847990080754,
    "2": 451.12617987009884,
    "3": 244.44753931757558,
    "4": 625.1792730761033,
    "5": 182.28944440678143,
    "6": 310.50603840124217,
    "7": 261.8496579575911,
    "8": 355.8118945653904,
    "9": 168.0599608238573
  }
}