{
  "lobjval": 41679.348148627454,
  "fobjval": 74943.43710470956,
  "lz1": 39278.55249507311,
  "lz2": 2400.7956535543453,
  "best_it": 1,
  "best_E0": 936.3182954530942,
  "best_B0": {
    "1": 282.17108939674836,
    "2": 75.38419308061137,
    "3": 69.25190986046618,
    "4": 327.74262007846244,
    "5": 133.70023300080896,
    "6": 241.17998600229564,
    "7": 64.46258210762466,
    "8": 191.7883569122736,
    "9": 562.541203789873,
    "10": 271.02448699194713,
    "11": 239.8421438962294,
    "12": 40.24192888612303
  }
}