{
  "lobjval": 176729.3912285474,
  "fobjval": 91731.8094908919,
  "lz1": 172540.06773287102,
  "lz2": 4189.323495676382,
  "best_it": 2,
  "best_E0": 4456.651107140865,
  "best_B0": {
    "1": 259.33321790246606,
    "2": 83.21208839623093,
    "3": 317.00784405680287,
    "4": 468.0773747741312,
    "5": 483.29102003944325,
    "6": 996.2812199319051,
    "7": 281.6135083472914,
    "8": 64.42794525768635,
    "9": 424.2946653793913,
    "10": 16.361961056630033,
    "11": 539.9126391194765,
    "12": 573.7706409529721
  }
}