{
  "lobjval": 56750.926620303915,
  "fobjval": 13224.445268568423,
  "lz1": 55382.432675890166,
  "lz2": 1368.4939444137476,
  "best_it": 4,
  "best_E0": 2446.699684257917,
  "best_B0": {
    "1": 41.29283307283363,
    "2": 36.42492534693794,
    "3": 48.52999994652129,
    "4": 78.93272990736332,
    "5": 428.51115121877945,
    "6": 48.612317513691735,
    "7": 82.39474769193404,
    "8": 108.84561823452007,
    "9": 406.4574545234279,
    "10": 50.30181393276198,
    "11": 118.94471406351934,
    "12": 58.892296124622085
  }
}