{
  "lobjval": 17409.639739489445,
  "fobjval": 89760.76217768715,
  "lz1": 13549.101149595872,
  "lz2": 3860.5385898935733,
  "best_it": 4,
  "best_E0": 1092.6694475480094,
  "best_B0": {
    "1": 2.944559383501655,
    "2": 935.9654764409775,
    "3": 182.5806728029089,
    "4": 147.32423285303818,
    "5": 533.0721052616946,
    "6": 680.6851235151705,
    "7": 129.25820922414516,
    "8": 557.6825112427022,
    "9": 760.360581490422
  }
}