{
  "lobjval": 65709.1209254278,
  "fobjval": 38392.09890304336,
  "lz1": 65159.216232811916,
  "lz2": 549.9046926158809,
  "best_it": 27,
  "best_E0": 3720.712378247462,
  "best_B0": {
    "1": 79.7015730784299,
    "2": 45.38066124343654,
    "3": 54.005634678492825,
    "4": 1.124352111797031,
    "5": 43.72781848416756,
    "6": 45.198818726832464,
    "7": 188.19589307069708,
    "8": 56.07450789838299,
    "9": 69.21391847951931
  }
}