{
  "lobjval": 12901.104654270519,
  "fobjval": 48789.79373159527,
  "lz1": 7830.780828047138,
  "lz2": 5070.32382622338,
  "best_it": 6,
  "best_E0": 1118.1253117551275,
  "best_B0": {
    "1": 378.0728591604485,
    "2": 639.424904065816,
    "3": 529.633642604627,
    "4": 120.31418031820343,
    "5": 413.4847828984637,
    "6": 429.39520549616725,
    "7": 542.014211489418,
    "8": 1205.0614712263964,
    "9": 826.8739961902078
  }
}