{
  "lobjval": 8720.548135107652,
  "fobjval": 20229.884147556004,
  "lz1": 6072.760266052787,
  "lz2": 2647.7878690548646,
  "best_it": 23,
  "best_E0": 1148.626576458244,
  "best_B0": {
    "1": 826.1222148207994,
    "2": 553.4329819449104,
    "3": 19.787439001357036,
    "4": 127.86909920628332,
    "5": 296.92529519959334,
    "6": 163.44548178948202,
    "7": 154.23476850948234,
    "8": 238.9738479627448,
    "9": 280.4173411493885
  }
}