{
  "lobjval": 28769.610053962737,
  "fobjval": 55841.65980480188,
  "lz1": 27050.437955783702,
  "lz2": 1719.1720981790359,
  "best_it": 2,
  "best_E0": 874.0044573758864,
  "best_B0": {
    "1": 29.67585451346586,
    "2": 313.000440767234,
    "3": 12.942260388657086,
    "4": 157.3620630147867,
    "5": 143.72690664948593,
    "6": 167.76155430343613,
    "7": 425.08569098006166,
    "8": 172.7203904308546,
    "9": 405.54122664553563
  }
}