{
  "lobjval": 57871.695200333554,
  "fobjval": 19822.00043611378,
  "lz1": 56578.898682918276,
  "lz2": 1292.7965174152766,
  "best_it": 7,
  "best_E0": 3463.9692000063633,
  "best_B0": {
    "1": 126.25907310088188,
    "2": 49.3434027468597,
    "3": 205.05946658803327,
    "4": 360.1994118281598,
    "5": 155.18702490026772,
    "6": 137.76619726190907,
    "7": 56.16194224516286,
    "8": 93.46684334975055,
    "9": 185.92492207767788
  }
}