{
  "lobjval": 766.2076288531185,
  "fobjval": 405016.0,
  "lz1": 0.0,
  "lz2": 766.2076288531185,
  "best_it": 19,
  "best_E0": 39168.07756922445,
  "best_B0": {
    "1": 207.13609015228423,
    "2": 253.52970164674434,
    "3": 305.54183705408997
  }
}