{
  "lobjval": 341.4062287620818,
  "fobjval": 173575.0,
  "lz1": 0.0,
  "lz2": 341.4062287620818,
  "best_it": 9,
  "best_E0": 40750.88710638541,
  "best_B0": {
    "1": 103.75137360874223,
    "2": 97.65324379295198,
    "3": 140.00161136038756
  }
}