{
  "lobjval": 26267.32988703134,
  "fobjval": 13606.581664204976,
  "lz1": 24358.79237506981,
  "lz2": 1908.5375119615314,
  "best_it": 20,
  "best_E0": 1076.6031624870982,
  "best_B0": {
    "1": 187.73016364818852,
    "2": 54.844749718310744,
    "3": 222.99704744571,
    "4": 79.99053297770922,
    "5": 262.03911038485006,
    "6": 67.79929811028994,
    "7": 282.6943368237598,
    "8": 100.45679347162877,
    "9": 290.50533628553296,
    "10": 244.47537045516515,
    "11": 192.0424812629745,
    "12": 35.19432182508989
  }
}