{
  "lobjval": 126537.49168126896,
  "fobjval": 29834.264448098547,
  "lz1": 124414.73454551566,
  "lz2": 2122.757135753302,
  "best_it": 12,
  "best_E0": 7585.124821690834,
  "best_B0": {
    "1": 555.4757648860082,
    "2": 95.9263991998694,
    "3": 293.6731495153955,
    "4": 5.020563646970891,
    "5": 162.61111535531168,
    "6": 377.0414773127245,
    "7": 400.88170508979994,
    "8": 258.4479414478871,
    "9": 170.0977325259733
  }
}