{
  "lobjval": 1296.4397843519873,
  "fobjval": 253576.0,
  "lz1": 0.0,
  "lz2": 1296.4397843519873,
  "best_it": 3,
  "best_E0": 31953.603333598614,
  "best_B0": {
    "1": 559.7329225807742,
    "2": 446.8134704739458,
    "3": 289.8933912972674
  }
}