{
  "lobjval": 228697.44536283932,
  "fobjval": 115953.19679934156,
  "lz1": 226651.5404325343,
  "lz2": 2045.904930305018,
  "best_it": 21,
  "best_E0": 8687.530240254902,
  "best_B0": {
    "1": 213.31617941968557,
    "2": 202.3057072520382,
    "3": 241.8776196961061,
    "4": 215.06675762425942,
    "5": 439.40809472397393,
    "6": 262.5112684058391,
    "7": 22.119515028091698,
    "8": 312.55791720972695,
    "9": 221.94344689420691
  }
}