{
  "lobjval": 174644.05408344662,
  "fobjval": 211124.18791576973,
  "lz1": 173551.15677748274,
  "lz2": 1092.8973059638936,
  "best_it": 1,
  "best_E0": 15884.510102373024,
  "best_B0": {
    "1": 449.27685096420475,
    "2": 302.26923581527876,
    "3": 349.6890239805125
  }
}