{
  "lobjval": 39453.19162551217,
  "fobjval": 25502.683224776014,
  "lz1": 38118.81060205145,
  "lz2": 1334.3810234607126,
  "best_it": 17,
  "best_E0": 3791.6249866117805,
  "best_B0": {
    "1": 2.485520739304997,
    "2": 151.5358130913521,
    "3": 303.31144868827533,
    "4": 166.43204020768275,
    "5": 381.7626901372857,
    "6": 403.0259350598205
  }
}