{
  "lobjval": 161792.90613095323,
  "fobjval": 44296.49100072149,
  "lz1": 157619.0700037025,
  "lz2": 4173.836127250704,
  "best_it": 27,
  "best_E0": 5835.186668222406,
  "best_B0": {
    "1": 949.4285513300795,
    "2": 28.69975663847092,
    "3": 589.0100439738253,
    "4": 470.7143766467288,
    "5": 517.3007624697048,
    "6": 250.67623198586608,
    "7": 57.158850878029725,
    "8": 29.469239199845866,
    "9": 389.0427968716981,
    "10": 398.06192497134504,
    "11": 400.62979932610904,
    "12": 489.1130664508041
  }
}