{
  "lobjval": 13433.430552696023,
  "fobjval": 145088.88456094614,
  "lz1": 8102.173665986495,
  "lz2": 5331.256886709528,
  "best_it": 6,
  "best_E0": 2772.6069579421464,
  "best_B0": {
    "1": 308.8669838786528,
    "2": 192.87216390826592,
    "3": 1220.302237252184,
    "4": 69.9068821333433,
    "5": 1033.4648455347472,
    "6": 453.50592912077894,
    "7": 228.52793836714974,
    "8": 330.7653974964744,
    "9": 1504.3002010874372
  }
}