{
  "lobjval": 89141.76038928241,
  "fobjval": 65316.746618943915,
  "lz1": 86570.41630921846,
  "lz2": 2571.344080063949,
  "best_it": 2,
  "best_E0": 1209.9322625275367,
  "best_B0": {
    "1": 311.27550773070186,
    "2": 5.595880218105114,
    "3": 59.30742699736341,
    "4": 491.9655777714557,
    "5": 274.3781038237463,
    "6": 243.7502849717691,
    "7": 525.4651769225472,
    "8": 399.94401756878455,
    "9": 170.72006254818558,
    "10": 136.64347457567473,
    "11": 15.144905784188534,
    "12": 217.31892134607966
  }
}