{
  "lobjval": 651485.4331959916,
  "fobjval": 250910.18252287674,
  "lz1": 649840.559418305,
  "lz2": 1644.8737776864855,
  "best_it": 29,
  "best_E0": 98776.97527860157,
  "best_B0": {
    "1": 509.6324787300819,
    "2": 174.17836219777007,
    "3": 1043.6106952934535
  }
}