{
  "lobjval": 16553.845548560075,
  "fobjval": 63861.03840927002,
  "lz1": 12933.108049624261,
  "lz2": 3620.7374989358154,
  "best_it": 1,
  "best_E0": 988.3480061652149,
  "best_B0": {
    "1": 372.9999709024025,
    "2": 558.9533902690139,
    "3": 308.6454104441517,
    "4": 434.89996168744,
    "5": 114.95052243210031,
    "6": 179.74299471913542,
    "7": 1042.3185410109486,
    "8": 648.1917179130176,
    "9": 4.100993734569693
  }
}