{
  "lobjval": 9077.622065784828,
  "fobjval": 39039.00674316488,
  "lz1": 7483.125232061676,
  "lz2": 1594.496833723152,
  "best_it": 1,
  "best_E0": 376.98363889479475,
  "best_B0": {
    "1": 21.346015111210644,
    "2": 34.91981448618257,
    "3": 142.25550597479068,
    "4": 205.10752443474703,
    "5": 298.7052585727552,
    "6": 228.96064606218656,
    "7": 12.578475111679536,
    "8": 39.9787535698951,
    "9": 122.11443349663413,
    "10": 40.48656974994965,
    "11": 358.9443361642282,
    "12": 150.9995308098455
  }
}