{
  "lobjval": 223888.41796210982,
  "fobjval": 199695.00686643668,
  "lz1": 222911.0604873059,
  "lz2": 977.3574748039105,
  "best_it": 23,
  "best_E0": 14941.45712083091,
  "best_B0": {
    "1": 18.000341140784922,
    "2": 386.6022964421775,
    "3": 142.51808235002386,
    "4": 86.0338555555111,
    "5": 265.4726557468343,
    "6": 150.7074457721897
  }
}