{
  "lobjval": 6518.966943291441,
  "fobjval": 41478.52237415643,
  "lz1": 4432.76878246554,
  "lz2": 2086.1981608259002,
  "best_it": 10,
  "best_E0": 686.2774097846981,
  "best_B0": {
    "1": 390.22068935267976,
    "2": 22.565376920191817,
    "3": 192.09360590950146,
    "4": 267.7724365362375,
    "5": 408.9128344838019,
    "6": 497.50035153228595,
    "7": 248.63890031302896,
    "8": 24.44927615891276,
    "9": 69.36825423315476
  }
}