{
  "lobjval": 350579.98800987186,
  "fobjval": 112942.29006135635,
  "lz1": 348426.883899241,
  "lz2": 2153.1041106308544,
  "best_it": 29,
  "best_E0": 11866.205358774067,
  "best_B0": {
    "1": 91.88702025720679,
    "2": 484.37193440747325,
    "3": 354.13700601140147,
    "4": 177.96574444516872,
    "5": 349.11477624000264,
    "6": 334.31423115775925,
    "7": 214.1488558578181,
    "8": 92.04601746339544,
    "9": 250.39058096450424
  }
}