{
  "lobjval": 267372.8041103457,
  "fobjval": 80881.57891086004,
  "lz1": 266887.3602981503,
  "lz2": 485.4438121954442,
  "best_it": 28,
  "best_E0": 9952.047592352197,
  "best_B0": {
    "1": 96.09064940694257,
    "2": 59.27119844044251,
    "3": 37.03810693163792,
    "4": 173.89191179080223,
    "5": 86.15390635986489,
    "6": 65.06708476777293
  }
}