{
  "lobjval": 430293.7266244906,
  "fobjval": 293046.5996500796,
  "lz1": 428626.0807496558,
  "lz2": 1667.6458748348018,
  "best_it": 12,
  "best_E0": 64113.947741307886,
  "best_B0": {
    "1": 512.7040067291587,
    "2": 616.4110868527556,
    "3": 566.5307812528878
  }
}