{
  "lobjval": 847640.6955740509,
  "fobjval": 242135.7578763149,
  "lz1": 845715.0610851408,
  "lz2": 1925.6344889101176,
  "best_it": 28,
  "best_E0": 83985.3855755427,
  "best_B0": {
    "1": 1102.7572960996713,
    "2": 370.843199905068,
    "3": 452.0339929053783
  }
}