{
  "lobjval": 10248.928545363542,
  "fobjval": 97283.34287126924,
  "lz1": 5559.234935178206,
  "lz2": 4689.693610185337,
  "best_it": 1,
  "best_E0": 741.2313246904193,
  "best_B0": {
    "1": 776.9018723855851,
    "2": 255.02939592930383,
    "3": 58.3991663714482,
    "4": 811.7708661070701,
    "5": 777.6622874752865,
    "6": 814.5786111687642,
    "7": 437.7116406245614,
    "8": 523.2176055560269,
    "9": 234.42216456729142
  }
}