{
  "lobjval": 359851.9461707242,
  "fobjval": 107840.0511555064,
  "lz1": 357785.594859881,
  "lz2": 2066.3513108431944,
  "best_it": 2,
  "best_E0": 8433.621772560818,
  "best_B0": {
    "1": 61.109810088960835,
    "2": 140.9531620773675,
    "3": 248.91175001083099,
    "4": 17.22689236910878,
    "5": 123.89497192899255,
    "6": 569.6659479769394,
    "7": 494.23903900593,
    "8": 307.93904739666607,
    "9": 297.3512143257598
  }
}