{
  "lobjval": 128574.10741119139,
  "fobjval": 40042.02140568869,
  "lz1": 128143.13554709958,
  "lz2": 430.9718640918137,
  "best_it": 17,
  "best_E0": 2381.1242915425314,
  "best_B0": {
    "1": 31.20606268908083,
    "2": 10.940564977998172,
    "3": 5.085812232480724,
    "4": 1.5594711656388034,
    "5": 30.37263773810332,
    "6": 24.888078660583464,
    "7": 130.39216002383557,
    "8": 32.51216399003387,
    "9": 57.249457739283486,
    "10": 14.640702210902067,
    "11": 24.56738412227992,
    "12": 127.06368910203425
  }
}