{
  "lobjval": 88521.82250738966,
  "fobjval": 92153.1981880937,
  "lz1": 83761.40883519273,
  "lz2": 4760.413672196932,
  "best_it": 21,
  "best_E0": 24698.395963091945,
  "best_B0": {
    "1": 65.98163970408054,
    "2": 901.167720490253,
    "3": 911.0160633360385,
    "4": 819.4677679444563,
    "5": 1357.1571253922814,
    "6": 705.6233553298218
  }
}