{
  "lobjval": 52585.60766492559,
  "fobjval": 21783.029366535382,
  "lz1": 49649.80391360303,
  "lz2": 2935.8037513225645,
  "best_it": 1,
  "best_E0": 2532.41387462546,
  "best_B0": {
    "1": 405.4337097707946,
    "2": 388.07254189965363,
    "3": 101.53565836859578,
    "4": 667.7886214718663,
    "5": 475.3262382793391,
    "6": 160.84122369435948,
    "7": 151.61239081433737,
    "8": 63.67221294880292,
    "9": 132.12571512754624,
    "10": 316.76343250553697,
    "11": 119.36879858006998,
    "12": 114.71591037495
  }
}