{
  "lobjval": 107686.2462635228,
  "fobjval": 91621.79368344785,
  "lz1": 105819.32804250998,
  "lz2": 1866.9182210128156,
  "best_it": 1,
  "best_E0": 2208.4811189720144,
  "best_B0": {
    "1": 80.9902580945587,
    "2": 406.3987509962137,
    "3": 14.781090420491841,
    "4": 58.03087792275535,
    "5": 73.85049822882777,
    "6": 686.1406832835155,
    "7": 122.82814168250927,
    "8": 291.5700451396757,
    "9": 249.19867834780214
  }
}