{
  "lobjval": 17314.97782724516,
  "fobjval": 13975.148870469202,
  "lz1": 15247.195351960549,
  "lz2": 2067.782475284611,
  "best_it": 18,
  "best_E0": 659.338177381881,
  "best_B0": {
    "1": 182.77795017885632,
    "2": 59.847294504052805,
    "3": 163.12333073721956,
    "4": 47.409182510209334,
    "5": 91.06355412731003,
    "6": 94.49946832264253,
    "7": 164.9095228115135,
    "8": 273.6575630409313,
    "9": 120.69086534732821,
    "10": 428.5808392190691,
    "11": 403.9963947733617,
    "12": 116.23513160475085
  }
}