{
  "lobjval": 3486.7704522631666,
  "fobjval": 38411.29792346603,
  "lz1": 1914.5466669385596,
  "lz2": 1572.2237853246068,
  "best_it": 12,
  "best_E0": 957.2733334692798,
  "best_B0": {
    "1": 111.86872626579458,
    "2": 50.26851646899097,
    "3": 129.77620732299786,
    "4": 123.19186276114442,
    "5": 688.6371719058523,
    "6": 48.89365158864471,
    "7": 120.9554042495486,
    "8": 276.2400130826767,
    "9": 31.964965013652243
  }
}