{
  "lobjval": 83660.90343551498,
  "fobjval": 25863.76834991752,
  "lz1": 82105.9136893934,
  "lz2": 1554.9897461215696,
  "best_it": 1,
  "best_E0": 2142.5509812553373,
  "best_B0": {
    "1": 16.921441489077047,
    "2": 149.0199832059763,
    "3": 30.28705079437052,
    "4": 29.229903926655545,
    "5": 215.44533117459753,
    "6": 322.9453897900849,
    "7": 30.285650472061874,
    "8": 11.651456669190823,
    "9": 51.28913626031228,
    "10": 74.59597332562421,
    "11": 300.3739052760111,
    "12": 446.45002547552843
  }
}