{
  "lobjval": 211224.67177187296,
  "fobjval": 135560.18376621942,
  "lz1": 208313.05519573865,
  "lz2": 2911.61657613431,
  "best_it": 29,
  "best_E0": 72660.54112601974,
  "best_B0": {
    "1": 1088.0820047102231,
    "2": 740.693389779746,
    "3": 1082.8411816443408
  }
}