{
  "lobjval": 81602.53887658485,
  "fobjval": 22247.239128056266,
  "lz1": 79817.76994145893,
  "lz2": 1784.7689351259137,
  "best_it": 23,
  "best_E0": 3246.7365596818936,
  "best_B0": {
    "1": 1.8854034377233275,
    "2": 200.7896771161746,
    "3": 158.27038039922326,
    "4": 112.3422503646628,
    "5": 201.5352541189465,
    "6": 115.75812751280736,
    "7": 167.5628567352401,
    "8": 194.43851330667064,
    "9": 124.2346288070066,
    "10": 109.79699445797492,
    "11": 102.4582518720065,
    "12": 396.48830020152286
  }
}