{
  "lobjval": 219920.17297578146,
  "fobjval": 92340.66696631975,
  "lz1": 216838.60782549722,
  "lz2": 3081.5651502842516,
  "best_it": 3,
  "best_E0": 3170.585353983097,
  "best_B0": {
    "1": 398.058788338725,
    "2": 573.01670049509,
    "3": 369.20814473867466,
    "4": 232.12690421533284,
    "5": 56.69955511894834,
    "6": 167.70396187499358,
    "7": 33.66975719856643,
    "8": 200.65558439351702,
    "9": 253.75248088143613,
    "10": 304.45075885572277,
    "11": 22.09903106604077,
    "12": 776.8473344870833
  }
}