{
  "lobjval": 9735.945554678307,
  "fobjval": 15135.117738226185,
  "lz1": 7433.46529749561,
  "lz2": 2302.4802571826963,
  "best_it": 10,
  "best_E0": 828.2412587553385,
  "best_B0": {
    "1": 96.4873402763572,
    "2": 2.288398803431952,
    "3": 186.02419427732403,
    "4": 130.85258016199424,
    "5": 366.2349137732548,
    "6": 311.6744664318226,
    "7": 150.21770099205068,
    "8": 328.7694309867609,
    "9": 255.68395167480668,
    "10": 238.79540265818278,
    "11": 79.94856108945014,
    "12": 172.2042753326617
  }
}