{
  "lobjval": 276355.44465986255,
  "fobjval": 171848.60270894237,
  "lz1": 275804.8713252371,
  "lz2": 550.5733346254532,
  "best_it": 28,
  "best_E0": 35428.85021374785,
  "best_B0": {
    "1": 51.45525192192999,
    "2": 385.0335093365827,
    "3": 151.68457336694047
  }
}