{
  "lobjval": 433274.6505809095,
  "fobjval": 114547.23119294031,
  "lz1": 431291.91126218066,
  "lz2": 1982.7393187288822,
  "best_it": 1,
  "best_E0": 14194.837106926161,
  "best_B0": {
    "1": 371.16540889007535,
    "2": 252.72413189937458,
    "3": 174.10178359015674,
    "4": 114.30049638313898,
    "5": 398.20900282876624,
    "6": 333.96952305489344,
    "7": 4.746864031335339,
    "8": 169.19300949256552,
    "9": 331.20608043827525
  }
}