{
  "lobjval": 189012.94581623416,
  "fobjval": 87780.92443596254,
  "lz1": 187107.87001457278,
  "lz2": 1905.0758016613927,
  "best_it": 29,
  "best_E0": 45359.83664942956,
  "best_B0": {
    "1": 803.7594010036811,
    "2": 498.035287252129,
    "3": 603.2811134055826
  }
}