{
  "lobjval": 64657.135614705854,
  "fobjval": 97552.1038929857,
  "lz1": 62372.47135931467,
  "lz2": 2284.6642553911834,
  "best_it": 7,
  "best_E0": 13971.837238607513,
  "best_B0": {
    "1": 634.1296508668158,
    "2": 1072.9781148998538,
    "3": 685.6033890466364
  }
}