{
  "lobjval": 452958.6737812875,
  "fobjval": 117622.02722502415,
  "lz1": 451947.82959028246,
  "lz2": 1010.8441910050585,
  "best_it": 28,
  "best_E0": 9538.5705080525,
  "best_B0": {
    "1": 171.61311890703374,
    "2": 96.75712205595936,
    "3": 38.086775020669265,
    "4": 225.1963642544304,
    "5": 33.1666383440041,
    "6": 167.6906756542852,
    "7": 211.9437134754308,
    "8": 19.363473277578933,
    "9": 147.76398641782515
  }
}