{
  "lobjval": 16335.806939213484,
  "fobjval": 24405.385219588767,
  "lz1": 14972.382922419361,
  "lz2": 1363.4240167941223,
  "best_it": 18,
  "best_E0": 2248.8965883935834,
  "best_B0": {
    "1": 153.35250025017206,
    "2": 104.8512514525528,
    "3": 262.82449321352334,
    "4": 147.1241319746287,
    "5": 536.0429596611218,
    "6": 188.9792119602486
  }
}