{
  "lobjval": 125142.51254599175,
  "fobjval": 98225.44016386766,
  "lz1": 124552.76244754315,
  "lz2": 589.7500984485952,
  "best_it": 24,
  "best_E0": 3258.3148918641086,
  "best_B0": {
    "1": 16.168977336276665,
    "2": 22.156291101826085,
    "3": 77.91456582082881,
    "4": 71.95186881198164,
    "5": 78.95167048526358,
    "6": 145.1896574956384,
    "7": 95.21673232814248,
    "8": 55.62788618972522,
    "9": 63.67248825884957
  }
}