{
  "lobjval": 9025.207946800205,
  "fobjval": 20526.763564453842,
  "lz1": 6759.96505632835,
  "lz2": 2265.2428904718545,
  "best_it": 24,
  "best_E0": 1112.7514496013737,
  "best_B0": {
    "1": 353.69668362788343,
    "2": 152.31796841418125,
    "3": 54.47557269282567,
    "4": 503.72465874978957,
    "5": 200.8189481359929,
    "6": 183.59701097699585,
    "7": 347.64797433888884,
    "8": 133.80700658783033,
    "9": 339.2857292265347
  }
}