{
  "lobjval": 102693.32302480939,
  "fobjval": 66254.44797832826,
  "lz1": 100358.61126277618,
  "lz2": 2334.711762033217,
  "best_it": 1,
  "best_E0": 1624.3111035751729,
  "best_B0": {
    "1": 102.2891842441099,
    "2": 173.6604466541957,
    "3": 108.05482814415718,
    "4": 57.0394028034887,
    "5": 388.46130802573697,
    "6": 5.803940859922137,
    "7": 376.38777091399976,
    "8": 266.1435263772986,
    "9": 61.362130002874714,
    "10": 290.96357605848857,
    "11": 397.54989122420557,
    "12": 262.4316570080855
  }
}