{
  "lobjval": 15746.257575774533,
  "fobjval": 202212.0,
  "lz1": 10032.0,
  "lz2": 5714.257575774533,
  "best_it": 7,
  "best_E0": 6606.642265326716,
  "best_B0": {
    "1": 374.2409118807826,
    "2": 0.6736071002395252,
    "3": 1256.2976076764724,
    "4": 1520.9139299649523,
    "5": 157.67190794507786,
    "6": 409.4952069753901,
    "7": 656.7171929062301,
    "8": 209.0091999843607,
    "9": 1129.2380113410272
  }
}