{
  "lobjval": 76001.51663001346,
  "fobjval": 22864.63531709704,
  "lz1": 72653.57785474743,
  "lz2": 3347.938775266019,
  "best_it": 28,
  "best_E0": 2873.4450349457584,
  "best_B0": {
    "1": 183.69264853503222,
    "2": 523.2246692514123,
    "3": 455.3450561922309,
    "4": 71.61898863112698,
    "5": 161.65976030116096,
    "6": 170.0144112995287,
    "7": 310.8619529951868,
    "8": 177.81789675025814,
    "9": 608.5930539886201,
    "10": 103.32423135833255,
    "11": 339.8372166991114,
    "12": 401.9489563553131
  }
}