{
  "lobjval": 158977.4214384674,
  "fobjval": 40056.56853959318,
  "lz1": 156615.1617885002,
  "lz2": 2362.259649967182,
  "best_it": 25,
  "best_E0": 9149.978466795212,
  "best_B0": {
    "1": 200.09752349527267,
    "2": 4.703728300809826,
    "3": 450.26212952237086,
    "4": 92.84909877687834,
    "5": 228.00505242581545,
    "6": 535.7316439174149,
    "7": 589.7121607828568,
    "8": 332.26488219102293,
    "9": 65.43041776258488
  }
}