{
  "lobjval": 227707.65040904313,
  "fobjval": 88888.49247076131,
  "lz1": 226400.9346195972,
  "lz2": 1306.7157894459256,
  "best_it": 19,
  "best_E0": 9006.337762869322,
  "best_B0": {
    "1": 116.98533160354489,
    "2": 295.9212506765066,
    "3": 167.49817026202982,
    "4": 89.63709474150264,
    "5": 246.92819771900326,
    "6": 70.73887292945123,
    "7": 42.71542480019997,
    "8": 209.36675891526787,
    "9": 155.07644786343758
  }
}