{
  "lobjval": 437759.45489235903,
  "fobjval": 277767.5412070349,
  "lz1": 435619.2225819179,
  "lz2": 2140.2323104411603,
  "best_it": 11,
  "best_E0": 84545.5558322445,
  "best_B0": {
    "1": 905.9164338008911,
    "2": 930.8689689313608,
    "3": 341.6681446253449
  }
}