{
  "lobjval": 167989.85733550607,
  "fobjval": 83522.97236408193,
  "lz1": 166474.6258468449,
  "lz2": 1515.2314886611705,
  "best_it": 5,
  "best_E0": 6692.183937922262,
  "best_B0": {
    "1": 183.75408344942446,
    "2": 46.139785941153185,
    "3": 472.14213504130765,
    "4": 302.4291120041149,
    "5": 75.02670421737224,
    "6": 144.84587715348013,
    "7": 27.353600269904142,
    "8": 176.58125792540852,
    "9": 213.317391572468
  }
}