{
  "lobjval": 17577.2185824338,
  "fobjval": 134690.6119336009,
  "lz1": 13557.433655443481,
  "lz2": 4019.78492699032,
  "best_it": 19,
  "best_E0": 1351.2392347258267,
  "best_B0": {
    "1": 709.3043591610954,
    "2": 368.5338404909335,
    "3": 80.24108542346139,
    "4": 678.8681471187766,
    "5": 333.60600389213175,
    "6": 731.8964052474365,
    "7": 455.67374050288345,
    "8": 192.36774991922584,
    "9": 472.38176195852935
  }
}