{
  "lobjval": 105448.31500270638,
  "fobjval": 42861.703522672,
  "lz1": 104270.45003756664,
  "lz2": 1177.864965139749,
  "best_it": 28,
  "best_E0": 2473.1472273588993,
  "best_B0": {
    "1": 34.94089231432036,
    "2": 112.55735143038532,
    "3": 55.607790578736214,
    "4": 263.94803604492483,
    "5": 16.05132627928493,
    "6": 42.03415924780743,
    "7": 199.60123827444724,
    "8": 161.25860651277637,
    "9": 65.62417730064713,
    "10": 89.43636309807513,
    "11": 174.24568645904068,
    "12": 52.986285325148934
  }
}