{
  "lobjval": 5747.467635929605,
  "fobjval": 189189.93572257133,
  "lz1": 1172.2411992173431,
  "lz2": 4575.2264367122625,
  "best_it": 1,
  "best_E0": 80.56640544449095,
  "best_B0": {
    "1": 515.0925026973391,
    "2": 148.5502256095363,
    "3": 353.00160970394813,
    "4": 349.09762709091336,
    "5": 558.5876352559281,
    "6": 317.9432050118092,
    "7": 836.2519639955157,
    "8": 299.2583254005958,
    "9": 1202.8815743141802
  }
}