{
  "lobjval": 237368.04039862906,
  "fobjval": 125096.34341544866,
  "lz1": 236515.6441573603,
  "lz2": 852.3962412687417,
  "best_it": 20,
  "best_E0": 5186.855391154824,
  "best_B0": {
    "1": 93.98692632484428,
    "2": 89.91198768485846,
    "3": 93.59007471077348,
    "4": 74.81881968692484,
    "5": 99.67602614162543,
    "6": 81.88308472351079,
    "7": 34.32657515485304,
    "8": 90.26081865320361,
    "9": 251.9621382565379
  }
}