{
  "lobjval": 25945.002366391727,
  "fobjval": 34901.914264485735,
  "lz1": 22328.99914416547,
  "lz2": 3616.0032222262553,
  "best_it": 13,
  "best_E0": 4253.142694126756,
  "best_B0": {
    "1": 1062.201771091864,
    "2": 160.93083349882068,
    "3": 337.7923314053391,
    "4": 71.01753004133207,
    "5": 817.0187844078512,
    "6": 200.99775491588844,
    "7": 459.50084892358683,
    "8": 169.06349501657425,
    "9": 367.64104892221417
  }
}