{
  "lobjval": 126658.27880029671,
  "fobjval": 43592.27190188768,
  "lz1": 125867.51531141021,
  "lz2": 790.7634888864939,
  "best_it": 7,
  "best_E0": 3800.243570749995,
  "best_B0": {
    "1": 122.47087675454253,
    "2": 34.22789660702292,
    "3": 73.44199223600879,
    "4": 76.51238527523432,
    "5": 86.4220688287191,
    "6": 7.612218427106397,
    "7": 16.622680935462945,
    "8": 63.777243474757285,
    "9": 131.37108549232067,
    "10": 82.5791390190526,
    "11": 54.95253220033273,
    "12": 92.7678678004278
  }
}