{
  "lobjval": 12776.06636268652,
  "fobjval": 131399.90326522622,
  "lz1": 6010.610881541943,
  "lz2": 6765.455481144579,
  "best_it": 1,
  "best_E0": 512.753534918269,
  "best_B0": {
    "1": 422.53913802286945,
    "2": 1300.576414811909,
    "3": 462.67854381440037,
    "4": 620.2293637513504,
    "5": 113.44732549431694,
    "6": 678.5844049728493,
    "7": 757.5222602585909,
    "8": 1419.060442715264,
    "9": 1053.5451226522339
  }
}