{
  "lobjval": 262917.8767358881,
  "fobjval": 87751.1293371122,
  "lz1": 262076.57133941512,
  "lz2": 841.30539647296,
  "best_it": 3,
  "best_E0": 4785.296126266549,
  "best_B0": {
    "1": 70.98695177172094,
    "2": 40.144245893191744,
    "3": 54.470355814238346,
    "4": 66.58269595853754,
    "5": 68.9400669091365,
    "6": 24.984785955351814,
    "7": 11.684419104683823,
    "8": 137.06137889070274,
    "9": 67.00526782354302,
    "10": 146.87146907535185,
    "11": 151.56756218897132,
    "12": 47.6707257419654
  }
}