{
  "lobjval": 7618.727218510242,
  "fobjval": 102241.22860591207,
  "lz1": 5333.74784111711,
  "lz2": 2284.9793773931324,
  "best_it": 1,
  "best_E0": 496.16258987117885,
  "best_B0": {
    "1": 148.75184641523074,
    "2": 177.30276780392776,
    "3": 107.53320306047486,
    "4": 609.8744531415668,
    "5": 16.281368618801544,
    "6": 316.0402499370003,
    "7": 486.82620930507795,
    "8": 62.78821318393656,
    "9": 359.58106592711596
  }
}