{
  "lobjval": 2776.963908157227,
  "fobjval": 91103.0,
  "lz1": 0.0,
  "lz2": 2776.963908157227,
  "best_it": 25,
  "best_E0": 2179.0991639541526,
  "best_B0": {
    "1": 451.620390649094,
    "2": 565.3831525312054,
    "3": 1759.9603649769272
  }
}