{
  "lobjval": 44824.14551400745,
  "fobjval": 26445.295995300818,
  "lz1": 43110.59772835748,
  "lz2": 1713.547785649964,
  "best_it": 3,
  "best_E0": 1097.2119574315795,
  "best_B0": {
    "1": 4.566044736093464,
    "2": 196.70864755286763,
    "3": 1.7358485152896772,
    "4": 145.2129297504464,
    "5": 235.65259331460553,
    "6": 119.07215990313601,
    "7": 113.60528840247433,
    "8": 247.89309737167412,
    "9": 14.150692316287648,
    "10": 159.94312664774506,
    "11": 288.99075858946827,
    "12": 368.8775503329572
  }
}