{
  "lobjval": 274963.1887486969,
  "fobjval": 264734.79432179686,
  "lz1": 273531.6746199259,
  "lz2": 1431.514128770975,
  "best_it": 20,
  "best_E0": 11993.762475299709,
  "best_B0": {
    "1": 620.4634820130095,
    "2": 155.33355385195182,
    "3": 268.2110745905586,
    "4": 252.22416487574952,
    "5": 256.0979354584899,
    "6": 4.39181762722549
  }
}