{
  "lobjval": 775997.1911056523,
  "fobjval": 404022.24706197565,
  "lz1": 775023.3960111868,
  "lz2": 973.7950944655172,
  "best_it": 5,
  "best_E0": 77225.62297251221,
  "best_B0": {
    "1": 271.8332180593893,
    "2": 259.2523375473209,
    "3": 461.82757664501537
  }
}