{
  "lobjval": 361147.56440270273,
  "fobjval": 535607.0,
  "lz1": 359982.50683456147,
  "lz2": 1165.0575681412497,
  "best_it": 13,
  "best_E0": 78289.50147612492,
  "best_B0": {
    "1": 330.55574377986727,
    "2": 483.76091379785083,
    "3": 351.03708137694963
  }
}