{
  "lobjval": 84582.08961615457,
  "fobjval": 39011.65492018931,
  "lz1": 84145.1592388591,
  "lz2": 436.93037729546637,
  "best_it": 5,
  "best_E0": 1517.314760136025,
  "best_B0": {
    "1": 68.7233785158235,
    "2": 20.189886749586883,
    "3": 4.275400349934033,
    "4": 48.38625594508448,
    "5": 173.86989652070767,
    "6": 21.136982522357467,
    "7": 1.7840897876602557,
    "8": 39.47112295725988,
    "9": 0.6832270554448873,
    "10": 44.306960604154725,
    "11": 30.81655296546983,
    "12": 37.756267314492
  }
}