{
  "lobjval": 635313.5755513818,
  "fobjval": 398640.1644579251,
  "lz1": 633162.4515860169,
  "lz2": 2151.1239653648436,
  "best_it": 15,
  "best_E0": 49036.03401958218,
  "best_B0": {
    "1": 737.1988567251801,
    "2": 712.07420936834,
    "3": 756.7004854172745
  }
}