{
  "lobjval": 82993.86845951604,
  "fobjval": 35217.93036919243,
  "lz1": 82291.19832446236,
  "lz2": 702.6701350536905,
  "best_it": 14,
  "best_E0": 4371.86716058922,
  "best_B0": {
    "1": 118.78129622404361,
    "2": 8.036889077583716,
    "3": 157.65161260797163,
    "4": 33.978123181953585,
    "5": 20.514547594590702,
    "6": 63.13418875428599,
    "7": 177.88165090585818,
    "8": 105.52620274309572,
    "9": 76.2846313009241
  }
}