{
  "lobjval": 451848.1016182329,
  "fobjval": 191460.53349500522,
  "lz1": 450064.4135391212,
  "lz2": 1783.6880791117105,
  "best_it": 18,
  "best_E0": 21900.595039791755,
  "best_B0": {
    "1": 255.79001954648442,
    "2": 36.52222069921375,
    "3": 456.63449729981147,
    "4": 492.7815867129479,
    "5": 486.7660942608428,
    "6": 190.35288441883515
  }
}