{
  "lobjval": 142911.02518633037,
  "fobjval": 57358.90647858247,
  "lz1": 142000.1804236804,
  "lz2": 910.8447626499739,
  "best_it": 4,
  "best_E0": 4028.499383660876,
  "best_B0": {
    "1": 52.18972847918728,
    "2": 132.6576414364506,
    "3": 126.07098578490715,
    "4": 191.1305333729038,
    "5": 37.03970137217066,
    "6": 2.874954019070482,
    "7": 297.2719539497311,
    "8": 72.75245015800022,
    "9": 81.69373907444165
  }
}