{
  "lobjval": 50036.31603265375,
  "fobjval": 150355.49624101317,
  "lz1": 44888.925330840655,
  "lz2": 5147.39070181309,
  "best_it": 3,
  "best_E0": 2387.7842337113843,
  "best_B0": {
    "1": 284.7144708612136,
    "2": 375.6930369925428,
    "3": 1132.2843594371418,
    "4": 275.48693086153276,
    "5": 403.1490440428411,
    "6": 330.4147510194603,
    "7": 1220.31665801116,
    "8": 494.74324644460995,
    "9": 48.257169760377515,
    "10": 439.29393786250137,
    "11": 25.92351133064665,
    "12": 325.46034868591056
  }
}