{
  "lobjval": 21001.532202789786,
  "fobjval": 143030.9454200917,
  "lz1": 17319.734200978008,
  "lz2": 3681.798001811778,
  "best_it": 8,
  "best_E0": 2525.548392791822,
  "best_B0": {
    "1": 218.24227347857675,
    "2": 890.3047126836991,
    "3": 277.3582637509643,
    "4": 175.32459482718357,
    "5": 60.9328487251715,
    "6": 473.3326420921946,
    "7": 1414.9313518006777,
    "8": 243.75304818024708,
    "9": 12.043471266340187
  }
}