{
  "lobjval": 35263.688598874745,
  "fobjval": 27102.103820480006,
  "lz1": 32495.99125893261,
  "lz2": 2767.6973399421386,
  "best_it": 24,
  "best_E0": 2833.6917157910707,
  "best_B0": {
    "1": 245.97206408327568,
    "2": 220.84865270743666,
    "3": 113.88213791045851,
    "4": 390.02658076865345,
    "5": 35.031211199006265,
    "6": 28.920310832215034,
    "7": 389.44551702916823,
    "8": 192.87092389695798,
    "9": 195.4222305809506,
    "10": 399.90327505757995,
    "11": 540.2107715275224,
    "12": 83.74409424802359
  }
}