{
  "lobjval": 11805.799268692594,
  "fobjval": 32819.52354922563,
  "lz1": 9274.388133074934,
  "lz2": 2531.411135617659,
  "best_it": 11,
  "best_E0": 1091.1044862441092,
  "best_B0": {
    "1": 203.71918620104424,
    "2": 250.87894634150447,
    "3": 77.70963759517224,
    "4": 271.35880554645445,
    "5": 161.74044868876769,
    "6": 870.375247357476,
    "7": 269.2201983288521,
    "8": 145.14153265998831,
    "9": 292.9641673674959
  }
}