{
  "lobjval": 298421.2505502545,
  "fobjval": 119961.88485009735,
  "lz1": 293278.6130882793,
  "lz2": 5142.637461975138,
  "best_it": 1,
  "best_E0": 7455.707362702742,
  "best_B0": {
    "1": 38.43077707181216,
    "2": 504.55593303486694,
    "3": 785.2159043592038,
    "4": 739.9124688171999,
    "5": 27.66310429250499,
    "6": 1148.8257359976815,
    "7": 370.8676229353921,
    "8": 1224.6365571662823,
    "9": 565.7571604578994
  }
}