{
  "lobjval": 52177.93899741112,
  "fobjval": 39174.162263725775,
  "lz1": 50774.454313198556,
  "lz2": 1403.4846842125642,
  "best_it": 1,
  "best_E0": 1674.4716879329999,
  "best_B0": {
    "1": 20.59754906873317,
    "2": 213.71746251975466,
    "3": 426.38758609679047,
    "4": 5.64185275629649,
    "5": 77.27773355001996,
    "6": 216.80603905222227,
    "7": 124.0522972867253,
    "8": 65.85167793748424,
    "9": 369.9783686149726
  }
}