{
  "lobjval": 99058.71129678453,
  "fobjval": 61992.725814039484,
  "lz1": 94009.62638263621,
  "lz2": 5049.084914148317,
  "best_it": 19,
  "best_E0": 6137.744963735976,
  "best_B0": {
    "1": 51.0567330760968,
    "2": 502.8869948010464,
    "3": 490.2525289872917,
    "4": 917.0055767261074,
    "5": 818.1588060916574,
    "6": 969.6417578289796,
    "7": 589.7327152176779,
    "8": 368.77299460419465,
    "9": 532.4622873779946
  }
}