{
  "lobjval": 4832.040882100492,
  "fobjval": 37056.09341718381,
  "lz1": 3473.612625110172,
  "lz2": 1358.42825699032,
  "best_it": 1,
  "best_E0": 271.375989039902,
  "best_B0": {
    "1": 111.66717614010685,
    "2": 76.96109156211988,
    "3": 414.7551703901211,
    "4": 269.52359048834603,
    "5": 141.13551050119284,
    "6": 45.52797367591048,
    "7": 162.3840230485326,
    "8": 140.57828611132828,
    "9": 42.00658170200569
  }
}