{
  "lobjval": 4879.696028481436,
  "fobjval": 36880.748918194746,
  "lz1": 1513.8717193087452,
  "lz2": 3365.824309172691,
  "best_it": 11,
  "best_E0": 465.8066828642293,
  "best_B0": {
    "1": 460.4818117234064,
    "2": 537.801748118431,
    "3": 319.82754880431975,
    "4": 201.15419938786098,
    "5": 521.9196962393364,
    "6": 726.382387342244,
    "7": 364.1546685724745,
    "8": 24.300304339561787,
    "9": 209.80194464505632
  }
}