{
  "lobjval": 7870.584795084591,
  "fobjval": 61289.209115955055,
  "lz1": 6637.016175052678,
  "lz2": 1233.5686200319133,
  "best_it": 11,
  "best_E0": 663.7016174432799,
  "best_B0": {
    "1": 88.66548044320557,
    "2": 177.8042799066094,
    "3": 133.11165954884578,
    "4": 79.72711244143969,
    "5": 0.2949456303120766,
    "6": 262.1028284216924,
    "7": 170.35202156929932,
    "8": 295.23358644204757,
    "9": 60.050424718387355
  }
}