{
  "lobjval": 39190.26214119501,
  "fobjval": 46163.53266526439,
  "lz1": 38811.207834361834,
  "lz2": 379.05430683317525,
  "best_it": 2,
  "best_E0": 1910.4068722061652,
  "best_B0": {
    "1": 3.5416589124801465,
    "2": 24.813475729531312,
    "3": 55.031560736900616,
    "4": 9.626775132087594,
    "5": 38.23535580917233,
    "6": 0.2648809274766468,
    "7": 36.64755123939234,
    "8": 47.62892821034609,
    "9": 34.997437333774364,
    "10": 46.067951130766815,
    "11": 40.85327457284302,
    "12": 71.67303750800522
  }
}