{
  "lobjval": 7632.89053913562,
  "fobjval": 37332.44403747722,
  "lz1": 2097.3204051087273,
  "lz2": 5535.570134026892,
  "best_it": 24,
  "best_E0": 322.66467770903495,
  "best_B0": {
    "1": 300.0050381286807,
    "2": 193.06928142179308,
    "3": 460.9255443270252,
    "4": 825.3252246798469,
    "5": 534.1668143393609,
    "6": 12.114093980210592,
    "7": 855.7325755781982,
    "8": 187.27797677381244,
    "9": 555.985230121476,
    "10": 252.04555605078755,
    "11": 922.1233561512138,
    "12": 436.7994424744876
  }
}