{
  "lobjval": 209794.7338506595,
  "fobjval": 58798.73422448908,
  "lz1": 207156.57388015868,
  "lz2": 2638.1599705008384,
  "best_it": 8,
  "best_E0": 23048.474849083497,
  "best_B0": {
    "1": 941.11010211558,
    "2": 700.3034815848274,
    "3": 412.8903156512423,
    "4": 354.0210129807076,
    "5": 380.4191547451721,
    "6": 86.51222972562039
  }
}