{
  "lobjval": 47706.791703498486,
  "fobjval": 67763.31970084974,
  "lz1": 44245.94500985691,
  "lz2": 3460.846693641579,
  "best_it": 2,
  "best_E0": 1326.353956954994,
  "best_B0": {
    "1": 287.1918842627447,
    "2": 160.74087562363562,
    "3": 251.31497275096868,
    "4": 59.73001292797316,
    "5": 144.74447433608768,
    "6": 128.0193582576487,
    "7": 132.19836142158053,
    "8": 737.3160982933447,
    "9": 88.4435642294112,
    "10": 672.925199566202,
    "11": 692.3278200813774,
    "12": 232.3822020492401
  }
}