{
  "lobjval": 114807.90949300489,
  "fobjval": 142313.19305140557,
  "lz1": 111783.6147023463,
  "lz2": 3024.2947906585887,
  "best_it": 11,
  "best_E0": 26561.139134488494,
  "best_B0": {
    "1": 987.1253200428324,
    "2": 908.6346702291968,
    "3": 1215.4450202337614
  }
}