{
  "lobjval": 214394.3405421976,
  "fobjval": 194109.92039198033,
  "lz1": 212956.2951075898,
  "lz2": 1438.0454346078052,
  "best_it": 23,
  "best_E0": 40223.76322196594,
  "best_B0": {
    "1": 420.1944625087109,
    "2": 566.6632823060613,
    "3": 484.2346122412945
  }
}