{
  "lobjval": 78107.27674706015,
  "fobjval": 31628.659610417417,
  "lz1": 73152.185173419,
  "lz2": 4955.091573641148,
  "best_it": 21,
  "best_E0": 4400.013695046105,
  "best_B0": {
    "1": 1542.0012437246337,
    "2": 366.72946704455455,
    "3": 67.32269257692467,
    "4": 745.5184218218632,
    "5": 186.57259084158562,
    "6": 204.93322056130876,
    "7": 623.7631986035434,
    "8": 176.36984120974213,
    "9": 188.12242653384146,
    "10": 332.00037977360154,
    "11": 725.8760749693023,
    "12": 8.292506931678002
  }
}