{
  "lobjval": 43556.30458372875,
  "fobjval": 264441.7603745921,
  "lz1": 37716.3610517738,
  "lz2": 5839.943531954955,
  "best_it": 1,
  "best_E0": 4946.1779725492925,
  "best_B0": {
    "1": 323.24253651036156,
    "2": 81.15146038594223,
    "3": 1703.606629155579,
    "4": 2166.650640378595,
    "5": 278.0438349401846,
    "6": 1398.6224890125795
  }
}