{
  "lobjval": 109945.90146457139,
  "fobjval": 45133.42958654723,
  "lz1": 107637.19172342686,
  "lz2": 2308.709741144531,
  "best_it": 2,
  "best_E0": 2012.7004258846544,
  "best_B0": {
    "1": 323.5403054848941,
    "2": 64.04300117952965,
    "3": 124.77152204730487,
    "4": 364.1361838572126,
    "5": 238.28753281486442,
    "6": 263.85912916665296,
    "7": 61.079586758567686,
    "8": 500.34184841337253,
    "9": 0.2722785571338142,
    "10": 224.63833597671842,
    "11": 206.09200549235953,
    "12": 86.5842277613144
  }
}