{
  "lobjval": 105221.67750334629,
  "fobjval": 46810.299700252464,
  "lz1": 98287.49533738878,
  "lz2": 6934.182165957502,
  "best_it": 5,
  "best_E0": 4054.5937639004087,
  "best_B0": {
    "1": 269.58918430252777,
    "2": 757.783184898869,
    "3": 1050.5291139954302,
    "4": 1167.3363520852786,
    "5": 524.8285490765888,
    "6": 782.8764253419561,
    "7": 309.20423979574855,
    "8": 1402.9374275987047,
    "9": 390.223574172579,
    "10": 10.401086728390739,
    "11": 131.40655745448083,
    "12": 321.9933581273195
  }
}