{
  "lobjval": 125595.88439614605,
  "fobjval": 42735.69629367029,
  "lz1": 124575.38822154624,
  "lz2": 1020.496174599814,
  "best_it": 20,
  "best_E0": 3306.022641311618,
  "best_B0": {
    "1": 34.75058534021012,
    "2": 61.56968280652719,
    "3": 124.42679025556777,
    "4": 152.54100010325328,
    "5": 400.86468286755485,
    "6": 17.056787490883835,
    "7": 57.941169471558446,
    "8": 72.37416770957596,
    "9": 84.05498321366386,
    "10": 80.69785670561404,
    "11": 31.20071058849138,
    "12": 23.319867353807492
  }
}