{
  "lobjval": 129434.9905522589,
  "fobjval": 50888.34905092395,
  "lz1": 128803.07930135437,
  "lz2": 631.9112509045298,
  "best_it": 12,
  "best_E0": 5067.942408054724,
  "best_B0": {
    "1": 97.92884149570041,
    "2": 116.05382294184759,
    "3": 183.28792981285153,
    "4": 44.730130228897636,
    "5": 95.72750916288562,
    "6": 143.34751762416036
  }
}