{
  "lobjval": 7288.406690419568,
  "fobjval": 29166.574455869733,
  "lz1": 4023.868402355285,
  "lz2": 3264.538288064283,
  "best_it": 22,
  "best_E0": 792.8804733516304,
  "best_B0": {
    "1": 313.31015271566787,
    "2": 754.7531754534605,
    "3": 370.12342952135526,
    "4": 461.6030474928642,
    "5": 364.5007997552277,
    "6": 250.38345369351515,
    "7": 605.3517475647639,
    "8": 23.06282504339894,
    "9": 146.24842733608838
  }
}