{
  "lobjval": 73690.7681803558,
  "fobjval": 17365.517128146093,
  "lz1": 72425.9461239883,
  "lz2": 1264.8220563675031,
  "best_it": 16,
  "best_E0": 4107.985487849148,
  "best_B0": {
    "1": 53.519413474029754,
    "2": 288.98384897140306,
    "3": 1.057814381434009,
    "4": 150.2484745374942,
    "5": 130.863895602291,
    "6": 80.68195612495315,
    "7": 185.02042576708095,
    "8": 288.2481261445242,
    "9": 199.39718829829425
  }
}