{
  "lobjval": 167818.7122200672,
  "fobjval": 43075.60342714821,
  "lz1": 164872.95926138145,
  "lz2": 2945.7529586857363,
  "best_it": 4,
  "best_E0": 10272.496342855486,
  "best_B0": {
    "1": 482.62487209193836,
    "2": 865.3635049635237,
    "3": 323.978763529842,
    "4": 49.64416589025885,
    "5": 40.59152219666811,
    "6": 149.2672016110203,
    "7": 299.10672603254153,
    "8": 436.20040649118306,
    "9": 579.5223498248345
  }
}