{
  "lobjval": 178867.65507258291,
  "fobjval": 77763.78720284814,
  "lz1": 177496.96027415546,
  "lz2": 1370.6947984274489,
  "best_it": 5,
  "best_E0": 4618.8683465064105,
  "best_B0": {
    "1": 124.32853898721964,
    "2": 94.60788437548203,
    "3": 170.23678353462782,
    "4": 1.357994389210077,
    "5": 291.2039501932633,
    "6": 210.52010728372417,
    "7": 69.26493376726697,
    "8": 364.81845876426667,
    "9": 153.03406650360563
  }
}