{
  "lobjval": 15797.065965591159,
  "fobjval": 93864.81763445307,
  "lz1": 9704.134774920287,
  "lz2": 6092.931190670871,
  "best_it": 4,
  "best_E0": 1028.7068662011775,
  "best_B0": {
    "1": 907.9203654832868,
    "2": 237.5424877245046,
    "3": 673.3274356244764,
    "4": 989.0053567589521,
    "5": 744.9346540154543,
    "6": 315.79127071305265,
    "7": 651.0914520665956,
    "8": 489.5714310999222,
    "9": 504.2572857540159,
    "10": 32.255956034309655,
    "11": 163.61130720299388,
    "12": 409.90925688336205
  }
}