{
  "lobjval": 54116.78698568561,
  "fobjval": 34028.88987240089,
  "lz1": 48785.239329087744,
  "lz2": 5331.547656597864,
  "best_it": 23,
  "best_E0": 2061.4315979620296,
  "best_B0": {
    "1": 311.2299149485223,
    "2": 555.2570528226162,
    "3": 857.2069873151605,
    "4": 279.1034921099316,
    "5": 194.86972811431116,
    "6": 373.6210187842686,
    "7": 540.6881272896887,
    "8": 254.08529372728543,
    "9": 640.4981309470361,
    "10": 230.46821972612793,
    "11": 663.3808853489552,
    "12": 533.5048932606596
  }
}