{
  "lobjval": 1543610.4487832007,
  "fobjval": 550659.8519117865,
  "lz1": 1541895.4020222505,
  "lz2": 1715.0467609502412,
  "best_it": 9,
  "best_E0": 81549.84385531522,
  "best_B0": {
    "1": 441.45371073452816,
    "2": 1332.4839646982089,
    "3": 116.72778989760567
  }
}