{
  "lobjval": 228707.08570206352,
  "fobjval": 58288.40847897055,
  "lz1": 227464.1998478489,
  "lz2": 1242.8858542146172,
  "best_it": 27,
  "best_E0": 5752.771977061072,
  "best_B0": {
    "1": 325.9252128674625,
    "2": 117.74870095668551,
    "3": 91.96802853039893,
    "4": 45.6562840603103,
    "5": 160.33232840228007,
    "6": 167.15736092438604,
    "7": 97.12017097120291,
    "8": 124.04326810987303,
    "9": 14.418183218094347,
    "10": 14.610484891665113,
    "11": 104.32432426466099,
    "12": 90.33584870352594
  }
}