{
  "lobjval": 117763.66664766359,
  "fobjval": 37807.34246625635,
  "lz1": 116613.77831961832,
  "lz2": 1149.8883280452746,
  "best_it": 1,
  "best_E0": 2584.1766178197527,
  "best_B0": {
    "1": 3.7822642701834,
    "2": 117.20298811905988,
    "3": 125.16973755210226,
    "4": 12.298419713164753,
    "5": 216.98558386261234,
    "6": 71.64328883866354,
    "7": 37.720739093295954,
    "8": 381.80400071509246,
    "9": 126.89548805745757,
    "10": 62.0418902737036,
    "11": 68.50367089019012,
    "12": 59.16594125998902
  }
}