{
  "lobjval": 45231.1191850151,
  "fobjval": 21942.95104437582,
  "lz1": 43671.26010860741,
  "lz2": 1559.8590764076935,
  "best_it": 14,
  "best_E0": 2184.3340873372335,
  "best_B0": {
    "1": 211.51910409641945,
    "2": 47.67086201513787,
    "3": 106.80333714887779,
    "4": 202.98565489383233,
    "5": 116.99274625828645,
    "6": 140.2616119946921,
    "7": 121.98698263768776,
    "8": 110.95355922703486,
    "9": 185.51476360705195,
    "10": 151.59422888537148,
    "11": 67.76963236662421,
    "12": 146.6510573805756
  }
}