{
  "lobjval": 264777.2914964493,
  "fobjval": 207545.16375607246,
  "lz1": 263509.9969691372,
  "lz2": 1267.2945273120856,
  "best_it": 21,
  "best_E0": 14782.922254547086,
  "best_B0": {
    "1": 120.4677734807358,
    "2": 204.22328381636174,
    "3": 149.38875400716506,
    "4": 18.423260044355303,
    "5": 319.1961263751983,
    "6": 17.152415503080714,
    "7": 311.843624325206,
    "8": 127.7455532137964,
    "9": 95.99659971761841
  }
}