{
  "lobjval": 214859.86523325727,
  "fobjval": 368680.68075972993,
  "lz1": 212594.32138661886,
  "lz2": 2265.5438466383976,
  "best_it": 15,
  "best_E0": 43985.03201102455,
  "best_B0": {
    "1": 571.9410094432604,
    "2": 819.8572883575229,
    "3": 873.745548837614
  }
}