{
  "lobjval": 21777.474894411265,
  "fobjval": 59335.933129017554,
  "lz1": 15456.778688369648,
  "lz2": 6320.696206041615,
  "best_it": 13,
  "best_E0": 2657.703825981191,
  "best_B0": {
    "1": 689.3099567537882,
    "2": 1480.753413797594,
    "3": 1201.8712806273675,
    "4": 322.5186198719728,
    "5": 431.04966226828486,
    "6": 1390.3264660221068,
    "7": 251.5935601119772,
    "8": 99.94669482035614,
    "9": 521.1644035147194
  }
}