{
  "lobjval": 8584.683502449494,
  "fobjval": 14598.46006735804,
  "lz1": 6943.850287681251,
  "lz2": 1640.8332147682422,
  "best_it": 15,
  "best_E0": 639.9862016525163,
  "best_B0": {
    "1": 99.71556444457103,
    "2": 136.33743524461514,
    "3": 114.76297712495679,
    "4": 4.256049028472683,
    "5": 156.668793266275,
    "6": 148.54795449496427,
    "7": 122.67290154698176,
    "8": 258.9879885606911,
    "9": 180.89650444129157,
    "10": 64.06815069657043,
    "11": 203.78044138327454,
    "12": 171.14035239495223
  }
}