{
  "lobjval": 319039.7094323983,
  "fobjval": 99652.1373073371,
  "lz1": 316482.38657021115,
  "lz2": 2557.3228621871604,
  "best_it": 19,
  "best_E0": 46985.60861650956,
  "best_B0": {
    "1": 1745.5005893543741,
    "2": 116.72703782079051,
    "3": 995.143876464801
  }
}