{
  "lobjval": 152988.7378870215,
  "fobjval": 79025.37796374231,
  "lz1": 147555.99913741736,
  "lz2": 5432.738749604143,
  "best_it": 22,
  "best_E0": 27592.676894356286,
  "best_B0": {
    "1": 1776.9060543897358,
    "2": 524.1471896512908,
    "3": 1114.696353714912,
    "4": 1737.7378813203118,
    "5": 572.1006043916275,
    "6": 123.87159613844322
  }
}