{
  "lobjval": 75913.4637986476,
  "fobjval": 33454.69109371248,
  "lz1": 75312.15616027165,
  "lz2": 601.3076383759436,
  "best_it": 7,
  "best_E0": 3083.312909405274,
  "best_B0": {
    "1": 75.89548262678778,
    "2": 39.59646761343486,
    "3": 6.810325465893618,
    "4": 68.62283023911029,
    "5": 157.50401449345293,
    "6": 41.77969192602472,
    "7": 81.87662772780466,
    "8": 132.9211160197608,
    "9": 43.28773312203606
  }
}