{
  "lobjval": 94389.40742192612,
  "fobjval": 59546.32912621769,
  "lz1": 91133.7525195577,
  "lz2": 3255.6549023684197,
  "best_it": 7,
  "best_E0": 6513.993560178946,
  "best_B0": {
    "1": 188.10998914323238,
    "2": 327.66517200986726,
    "3": 524.0952301224688,
    "4": 1212.850222569871,
    "5": 847.1559585606476,
    "6": 469.6671611101591
  }
}