{
  "lobjval": 223964.72241156112,
  "fobjval": 116491.56673887066,
  "lz1": 222741.85295600523,
  "lz2": 1222.8694555558977,
  "best_it": 23,
  "best_E0": 15219.524337360523,
  "best_B0": {
    "1": 136.26779428483027,
    "2": 264.03827414672907,
    "3": 166.2874100472387,
    "4": 329.91341797163426,
    "5": 312.7138261214042,
    "6": 66.27020346140844
  }
}