{
  "lobjval": 123807.4252471159,
  "fobjval": 43992.81663430394,
  "lz1": 122725.69635237072,
  "lz2": 1081.728894745176,
  "best_it": 11,
  "best_E0": 2619.7557646773216,
  "best_B0": {
    "1": 43.67295466985119,
    "2": 26.861499742135045,
    "3": 336.9407759149241,
    "4": 62.38547217306453,
    "5": 64.81825515742358,
    "6": 119.54865121445216,
    "7": 188.48450593469545,
    "8": 77.67116202951438,
    "9": 98.55410778404627,
    "10": 41.37040861230077,
    "11": 95.07083820108662,
    "12": 41.841821208653734
  }
}