{
  "lobjval": 274654.6822685585,
  "fobjval": 180202.51662944708,
  "lz1": 267961.10315294494,
  "lz2": 6693.579115613559,
  "best_it": 1,
  "best_E0": 5461.36845843878,
  "best_B0": {
    "1": 207.29424152384018,
    "2": 1237.9406325324567,
    "3": 1057.4964588396595,
    "4": 751.6309893736628,
    "5": 724.5332363927514,
    "6": 94.74470895895485,
    "7": 1468.7245166477219,
    "8": 1118.858471419424,
    "9": 482.24104095949355
  }
}