{
  "lobjval": 3189.619849329988,
  "fobjval": 99729.23974874697,
  "lz1": 47.89582893962778,
  "lz2": 3141.7240203903602,
  "best_it": 9,
  "best_E0": 13.30439692767367,
  "best_B0": {
    "1": 189.0768668756646,
    "2": 286.85146248464054,
    "3": 649.6428359241673,
    "4": 63.43047550538109,
    "5": 491.6695078016774,
    "6": 284.60807079032116,
    "7": 555.1239105116183,
    "8": 258.85473711963976,
    "9": 362.46615337725024
  }
}