{
  "lobjval": 1086232.8451284855,
  "fobjval": 381212.799068282,
  "lz1": 1085269.6608948095,
  "lz2": 963.1842336760034,
  "best_it": 1,
  "best_E0": 56235.39717639601,
  "best_B0": {
    "1": 425.7757628962678,
    "2": 334.2560565962494,
    "3": 231.6261076538875
  }
}