{
  "lobjval": 6281.553098280522,
  "fobjval": 20831.79177440585,
  "lz1": 4172.634718163624,
  "lz2": 2108.9183801168983,
  "best_it": 27,
  "best_E0": 1159.0651994898953,
  "best_B0": {
    "1": 471.4224771516957,
    "2": 119.1284222992243,
    "3": 334.3698104240196,
    "4": 111.46631111549466,
    "5": 318.3830315778817,
    "6": 178.49002073279502,
    "7": 133.04791627712208,
    "8": 136.3982726402825,
    "9": 317.80276989327666
  }
}