{
  "lobjval": 119941.79017996832,
  "fobjval": 60139.110501049974,
  "lz1": 109818.35574407766,
  "lz2": 10123.434435890647,
  "best_it": 10,
  "best_E0": 6896.471200891198,
  "best_B0": {
    "1": 2160.6734347600986,
    "2": 996.5237230361838,
    "3": 886.435912345798,
    "4": 3220.426881217939,
    "5": 1007.9660387144015,
    "6": 387.1184386256588,
    "7": 891.7820726674945,
    "8": 33.749420482884005,
    "9": 898.364348779142
  }
}