{
  "lobjval": 816935.1997449951,
  "fobjval": 254833.89608460662,
  "lz1": 814991.5732614689,
  "lz2": 1943.6264835261654,
  "best_it": 10,
  "best_E0": 88447.5538980767,
  "best_B0": {
    "1": 261.74560599364867,
    "2": 988.6882274558325,
    "3": 806.1622460809184
  }
}