{
  "lobjval": 39542.60241657769,
  "fobjval": 181797.0,
  "lz1": 34973.11186691445,
  "lz2": 4569.490549663244,
  "best_it": 17,
  "best_E0": 27905.111866914416,
  "best_B0": {
    "1": 1890.4296572590238,
    "2": 1233.8547632154389,
    "3": 1445.2061291887815
  }
}