{
  "lobjval": 12419.453332296496,
  "fobjval": 44765.36854294868,
  "lz1": 10943.165500863379,
  "lz2": 1476.2878314331176,
  "best_it": 2,
  "best_E0": 636.2305523496649,
  "best_B0": {
    "1": 276.28074946219164,
    "2": 53.87373692331441,
    "3": 156.36889865747028,
    "4": 304.9264944280602,
    "5": 68.0326562365999,
    "6": 1.7646526245615883,
    "7": 211.4880463970051,
    "8": 76.5430252948125,
    "9": 158.7610692706076,
    "10": 26.422405732945503,
    "11": 94.5959831118875,
    "12": 72.36122012127429
  }
}