{
  "lobjval": 34527.95332162552,
  "fobjval": 13784.25202916739,
  "lz1": 33149.524398441885,
  "lz2": 1378.4289231836356,
  "best_it": 22,
  "best_E0": 1860.0625657918497,
  "best_B0": {
    "1": 62.501594445396364,
    "2": 188.8922865861852,
    "3": 156.90046787155038,
    "4": 133.04479447728593,
    "5": 133.86097012871332,
    "6": 40.561113512732355,
    "7": 39.01672219320898,
    "8": 155.23254743285312,
    "9": 172.03006530227847,
    "10": 77.14454454561246,
    "11": 216.67909668498518,
    "12": 55.90085070964146
  }
}