{
  "lobjval": 240619.10534683795,
  "fobjval": 295957.3976178542,
  "lz1": 239817.75722162647,
  "lz2": 801.3481252114753,
  "best_it": 15,
  "best_E0": 40305.50541539901,
  "best_B0": {
    "1": 288.552380528006,
    "2": 223.26171876946393,
    "3": 289.53402591400544
  }
}