{
  "lobjval": 63931.88848513324,
  "fobjval": 44900.1068269257,
  "lz1": 61119.997415951475,
  "lz2": 2811.891069181768,
  "best_it": 1,
  "best_E0": 1549.7977877568053,
  "best_B0": {
    "1": 152.6624246051291,
    "2": 439.9091649646596,
    "3": 224.10557113614087,
    "4": 2.606413010210525,
    "5": 135.53218076963265,
    "6": 910.9132395785717,
    "7": 145.35320125644702,
    "8": 191.19011313030683,
    "9": 446.69916713342667,
    "10": 49.25954753604583,
    "11": 346.4337377471481,
    "12": 15.719829537615654
  }
}