{
  "lobjval": 4141.816783438746,
  "fobjval": 104204.29700632984,
  "lz1": 1029.7268392080825,
  "lz2": 3112.0899442306636,
  "best_it": 12,
  "best_E0": 95.78854318214549,
  "best_B0": {
    "1": 303.5901291230092,
    "2": 500.87596304438483,
    "3": 116.70206237787362,
    "4": 431.62493914289286,
    "5": 202.7565968480386,
    "6": 595.6740305255491,
    "7": 60.87630477891429,
    "8": 217.94943800016705,
    "9": 682.0404803898334
  }
}