{
  "lobjval": 14005.731071784096,
  "fobjval": 57017.83031902702,
  "lz1": 5883.463116995291,
  "lz2": 8122.267954788804,
  "best_it": 20,
  "best_E0": 905.1481718454293,
  "best_B0": {
    "1": 805.9992001722504,
    "2": 353.4362078546078,
    "3": 1061.6272173920809,
    "4": 1689.8910617387987,
    "5": 248.51071058991053,
    "6": 12.03742498224633,
    "7": 327.4387353481296,
    "8": 622.6535923014761,
    "9": 597.6220717362248,
    "10": 611.278862246705,
    "11": 925.2210434119334,
    "12": 866.5518270144405
  }
}