{
  "lobjval": 50548.93811447016,
  "fobjval": 55878.93866273685,
  "lz1": 42449.34333664064,
  "lz2": 8099.594777829523,
  "best_it": 11,
  "best_E0": 3967.716014560546,
  "best_B0": {
    "1": 1658.7978477157917,
    "2": 666.5646370885413,
    "3": 32.724807594564425,
    "4": 501.8903044606021,
    "5": 835.7083326345784,
    "6": 783.721450152255,
    "7": 378.44875439582955,
    "8": 92.23171865517182,
    "9": 341.1765420986534,
    "10": 751.5437532958134,
    "11": 1348.9703264844115,
    "12": 835.1501429313093
  }
}