{
  "lobjval": 27719.740855748194,
  "fobjval": 31506.622783343577,
  "lz1": 24025.247678652788,
  "lz2": 3694.4931770954076,
  "best_it": 24,
  "best_E0": 2611.439965070564,
  "best_B0": {
    "1": 70.17352676451758,
    "2": 502.0351753511077,
    "3": 212.45684073040246,
    "4": 3.140301326778379,
    "5": 520.4316384766062,
    "6": 456.239153511218,
    "7": 1283.828201858883,
    "8": 201.2481265013824,
    "9": 499.5042258354551
  }
}