{
  "lobjval": 545762.5089908731,
  "fobjval": 184006.87263118828,
  "lz1": 545104.573847484,
  "lz2": 657.9351433891209,
  "best_it": 8,
  "best_E0": 29250.636754057097,
  "best_B0": {
    "1": 366.6003595058958,
    "2": 16.295011418573996,
    "3": 365.69980545728765
  }
}