{
  "lobjval": 32110.283826051374,
  "fobjval": 31929.466408566914,
  "lz1": 28397.227864240485,
  "lz2": 3713.0559618108873,
  "best_it": 22,
  "best_E0": 2122.4517623025504,
  "best_B0": {
    "1": 322.4733369083311,
    "2": 461.91133507865277,
    "3": 235.11066176944993,
    "4": 222.82302173724267,
    "5": 170.28525097391113,
    "6": 1282.4252573733418,
    "7": 131.01410658634387,
    "8": 449.08604300609517,
    "9": 524.6107243203218
  }
}