{
  "lobjval": 203096.62346492938,
  "fobjval": 135401.82022380602,
  "lz1": 200014.84198887143,
  "lz2": 3081.7814760579636,
  "best_it": 6,
  "best_E0": 33471.220025300834,
  "best_B0": {
    "1": 984.46982638557,
    "2": 1012.7079733199253,
    "3": 1202.1589927496323
  }
}