{
  "lobjval": 45677.292854973864,
  "fobjval": 53345.83508216793,
  "lz1": 43921.38309955676,
  "lz2": 1755.9097554171046,
  "best_it": 1,
  "best_E0": 1374.755078389567,
  "best_B0": {
    "1": 138.13020209411013,
    "2": 387.27043228728417,
    "3": 30.224885310152608,
    "4": 37.047660979242465,
    "5": 86.8152895994317,
    "6": 216.91738025428492,
    "7": 182.7784011389126,
    "8": 99.25547170111703,
    "9": 619.8785143347487
  }
}