{
  "lobjval": 40430.23234614669,
  "fobjval": 76908.96888545719,
  "lz1": 40057.60878539814,
  "lz2": 372.62356074854915,
  "best_it": 16,
  "best_E0": 2224.207464865412,
  "best_B0": {
    "1": 75.77387455775491,
    "2": 50.09122688237196,
    "3": 86.92522718080556,
    "4": 34.031318125860636,
    "5": 69.58380779916813,
    "6": 70.52263275324583
  }
}