{
  "lobjval": 117758.93342404561,
  "fobjval": 132914.29258935686,
  "lz1": 113785.89089439894,
  "lz2": 3973.042529646664,
  "best_it": 11,
  "best_E0": 26708.458447635843,
  "best_B0": {
    "1": 2272.3824617010696,
    "2": 1455.5999424272718,
    "3": 476.5740240666664
  }
}