{
  "lobjval": 16833.317060051755,
  "fobjval": 122179.04665340537,
  "lz1": 10652.408456961935,
  "lz2": 6180.908603089819,
  "best_it": 2,
  "best_E0": 792.0006287682938,
  "best_B0": {
    "1": 649.0963910904675,
    "2": 499.6562189231949,
    "3": 585.3311120474934,
    "4": 102.22196012494769,
    "5": 1582.6086505614037,
    "6": 1634.0367663298066,
    "7": 624.4337749298282,
    "8": 21.403366799199176,
    "9": 540.224385548388
  }
}