{
  "lobjval": 218684.83133579482,
  "fobjval": 85214.85858129908,
  "lz1": 217416.5391714294,
  "lz2": 1268.2921643654101,
  "best_it": 24,
  "best_E0": 7775.614967090649,
  "best_B0": {
    "1": 47.83846857535969,
    "2": 59.22795789224598,
    "3": 164.73002899077116,
    "4": 135.3552717338431,
    "5": 244.55281735864926,
    "6": 349.97649535673503,
    "7": 173.17565949277105,
    "8": 178.78288904649168,
    "9": 43.8567928155502
  }
}