{
  "lobjval": 10805.533372176174,
  "fobjval": 41995.02556287119,
  "lz1": 6301.012285588113,
  "lz2": 4504.521086588061,
  "best_it": 3,
  "best_E0": 768.416132388794,
  "best_B0": {
    "1": 483.26899144494973,
    "2": 353.13210657638774,
    "3": 632.7938023501883,
    "4": 341.0567206952866,
    "5": 20.697707374189804,
    "6": 1123.2122101525754,
    "7": 441.1572338188117,
    "8": 674.1532321145564,
    "9": 542.6726764772271
  }
}