{
  "lobjval": 38117.004320396074,
  "fobjval": 63008.787945718126,
  "lz1": 35544.68537469974,
  "lz2": 2572.3189456963405,
  "best_it": 1,
  "best_E0": 1582.957740979542,
  "best_B0": {
    "1": 352.18064304042275,
    "2": 438.4284286928808,
    "3": 101.17689381737758,
    "4": 378.9193166504936,
    "5": 225.02405266514353,
    "6": 577.5685588935128,
    "7": 316.5901926078185,
    "8": 25.668629725364312,
    "9": 264.3902723759299
  }
}