{
  "lobjval": 68135.06681490646,
  "fobjval": 34246.0263395286,
  "lz1": 67015.8520461611,
  "lz2": 1119.2147687453512,
  "best_it": 7,
  "best_E0": 2992.0611621931516,
  "best_B0": {
    "1": 100.52255272660669,
    "2": 291.9734608370747,
    "3": 220.65228981632137,
    "4": 97.58938772388049,
    "5": 77.9839672005464,
    "6": 168.01980752696454,
    "7": 47.242017486197426,
    "8": 189.71690349382956,
    "9": 0.876854053737784
  }
}