{
  "lobjval": 99546.64237599932,
  "fobjval": 130186.29815780348,
  "lz1": 97989.3199900935,
  "lz2": 1557.3223859058235,
  "best_it": 21,
  "best_E0": 5804.087147020019,
  "best_B0": {
    "1": 105.145025965255,
    "2": 16.584815910487908,
    "3": 260.2953284175105,
    "4": 446.0575751587835,
    "5": 217.8832779622027,
    "6": 648.51188216776
  }
}