{
  "lobjval": 6481.132000286699,
  "fobjval": 64604.67753436234,
  "lz1": 2402.001934229404,
  "lz2": 4079.1300660572947,
  "best_it": 5,
  "best_E0": 568.8951949431708,
  "best_B0": {
    "1": 150.0646996407139,
    "2": 95.75851281389679,
    "3": 254.29380250205742,
    "4": 408.19157702793154,
    "5": 321.8977714486733,
    "6": 242.8106887402638,
    "7": 733.232568086126,
    "8": 425.4752487620848,
    "9": 455.56682674911565,
    "10": 15.842653112017466,
    "11": 653.3826706665998,
    "12": 328.3019984574901
  }
}