{
  "lobjval": 16153.770632040747,
  "fobjval": 51783.37206554217,
  "lz1": 14804.673891979839,
  "lz2": 1349.0967400609081,
  "best_it": 3,
  "best_E0": 1427.6249479303656,
  "best_B0": {
    "1": 36.082788639032934,
    "2": 143.51487269966134,
    "3": 84.28953627843072,
    "4": 267.162832565222,
    "5": 2.3334962447307332,
    "6": 57.66147856993452,
    "7": 41.339196745100445,
    "8": 271.09365934902644,
    "9": 17.81071116608744,
    "10": 156.67135478263842,
    "11": 233.3185409839128,
    "12": 44.65605838214806
  }
}