{
  "lobjval": 90452.03335187632,
  "fobjval": 185007.74302391952,
  "lz1": 89308.79591397147,
  "lz2": 1143.2374379048563,
  "best_it": 22,
  "best_E0": 18477.681913235458,
  "best_B0": {
    "1": 472.03732533875575,
    "2": 307.83415496977767,
    "3": 363.36595759632286
  }
}