{
  "lobjval": 51845.7734878196,
  "fobjval": 33542.07223553767,
  "lz1": 48039.198277713,
  "lz2": 3806.575210106597,
  "best_it": 20,
  "best_E0": 3994.943723717352,
  "best_B0": {
    "1": 479.51901232033083,
    "2": 65.32315076580714,
    "3": 305.8573653132771,
    "4": 663.2217818375759,
    "5": 499.6498742534282,
    "6": 215.99681655221045,
    "7": 1077.6061109397112,
    "8": 394.9406684554335,
    "9": 204.54511230962663
  }
}