{
  "lobjval": 199539.50854533064,
  "fobjval": 86391.1697571337,
  "lz1": 198378.90317957316,
  "lz2": 1160.6053657574946,
  "best_it": 4,
  "best_E0": 8064.986814799295,
  "best_B0": {
    "1": 419.9070339278969,
    "2": 94.11717340602804,
    "3": 258.0070949775598,
    "4": 225.63046322899532,
    "5": 47.5024626666208,
    "6": 212.63109856185594
  }
}