{
  "lobjval": 38578.10842104121,
  "fobjval": 22019.52299354483,
  "lz1": 35631.375156104055,
  "lz2": 2946.7332649371538,
  "best_it": 7,
  "best_E0": 1751.5626098947996,
  "best_B0": {
    "1": 81.47865801056304,
    "2": 173.11681168434544,
    "3": 40.43197000478437,
    "4": 110.16547186048565,
    "5": 245.5643430200253,
    "6": 257.28567394008456,
    "7": 406.5824999275252,
    "8": 223.60701406416973,
    "9": 623.3206162723136,
    "10": 384.57529747225357,
    "11": 115.15607699306318,
    "12": 380.0513125191333
  }
}