{
  "lobjval": 695176.0536256005,
  "fobjval": 171778.25586182968,
  "lz1": 694118.8312486948,
  "lz2": 1057.22237690573,
  "best_it": 29,
  "best_E0": 15798.981572844614,
  "best_B0": {
    "1": 37.64629543260643,
    "2": 222.5422940952891,
    "3": 193.2644511615161,
    "4": 164.50536969236447,
    "5": 361.2100527692124,
    "6": 173.19418175056916
  }
}