{
  "lobjval": 7069.733296591206,
  "fobjval": 49572.65917220747,
  "lz1": 5233.78554466401,
  "lz2": 1835.947751927197,
  "best_it": 2,
  "best_E0": 427.2477995644089,
  "best_B0": {
    "1": 52.7072650473619,
    "2": 209.53772280538627,
    "3": 158.03367056291268,
    "4": 197.17485789951033,
    "5": 52.75920651414307,
    "6": 192.82673049914368,
    "7": 89.76974099611807,
    "8": 83.06997677899102,
    "9": 194.34972041233982,
    "10": 116.38016665998526,
    "11": 350.6777285797351,
    "12": 148.4749605273205
  }
}