{
  "lobjval": 56918.272829903166,
  "fobjval": 82982.8902482216,
  "lz1": 52850.648396780474,
  "lz2": 4067.624433122693,
  "best_it": 2,
  "best_E0": 2738.3755645893575,
  "best_B0": {
    "1": 24.35828311004623,
    "2": 331.21906013946284,
    "3": 704.3055868149843,
    "4": 1582.8622258386604,
    "5": 52.023031738469065,
    "6": 495.84419849263855,
    "7": 195.43262861060663,
    "8": 487.703107466777,
    "9": 355.28786386735175
  }
}