{
  "lobjval": 1006988.639220744,
  "fobjval": 284888.99063644744,
  "lz1": 1006315.1735816086,
  "lz2": 673.4656391354631,
  "best_it": 14,
  "best_E0": 52022.792645643785,
  "best_B0": {
    "1": 117.86391441304241,
    "2": 203.83186556679428,
    "3": 394.6691026388718
  }
}