{
  "lobjval": 10032.445979204631,
  "fobjval": 171286.11617500306,
  "lz1": 9590.907731227731,
  "lz2": 441.5382479769004,
  "best_it": 3,
  "best_E0": 9590.907731227728,
  "best_B0": {
    "1": 126.35412043548075,
    "2": 117.34129542404736,
    "3": 197.8428321173723
  }
}