{
  "lobjval": 42616.19278126075,
  "fobjval": 100889.79449022473,
  "lz1": 41080.16042897531,
  "lz2": 1536.0323522854383,
  "best_it": 6,
  "best_E0": 3533.5066754328614,
  "best_B0": {
    "1": 493.054271157632,
    "2": 116.91422834121121,
    "3": 43.97156465225665,
    "4": 308.5791188593687,
    "5": 205.76150947290245,
    "6": 457.1611311397795
  }
}