{
  "lobjval": 2671.8363895911457,
  "fobjval": 127557.0,
  "lz1": 0.0,
  "lz2": 2671.8363895911457,
  "best_it": 8,
  "best_E0": 11868.013235082191,
  "best_B0": {
    "1": 830.956271478456,
    "2": 778.8119997021474,
    "3": 1062.0681184105424
  }
}