{
  "lobjval": 425428.1017840286,
  "fobjval": 118849.26677460056,
  "lz1": 423049.170415518,
  "lz2": 2378.931368510579,
  "best_it": 23,
  "best_E0": 12864.747636459299,
  "best_B0": {
    "1": 11.173779907303862,
    "2": 0.04864516618045213,
    "3": 489.98566725439105,
    "4": 185.3211603774043,
    "5": 61.27842635419113,
    "6": 113.73498779810845,
    "7": 101.09285737249317,
    "8": 1135.222189494205,
    "9": 597.4462021906445
  }
}