{
  "lobjval": 193205.52142004878,
  "fobjval": 49641.2029254387,
  "lz1": 191250.3673909936,
  "lz2": 1955.1540290551875,
  "best_it": 17,
  "best_E0": 15708.852062334745,
  "best_B0": {
    "1": 311.8333306128492,
    "2": 446.93683029980383,
    "3": 390.6459879518283,
    "4": 198.43330830962844,
    "5": 240.5418198869955,
    "6": 483.62436361620445
  }
}