{
  "lobjval": 83146.26506907465,
  "fobjval": 35608.89924557296,
  "lz1": 80690.9222850518,
  "lz2": 2455.342784022856,
  "best_it": 27,
  "best_E0": 7821.82671718502,
  "best_B0": {
    "1": 280.6354026818394,
    "2": 420.17262601088447,
    "3": 564.5964212791407,
    "4": 393.9180180686955,
    "5": 296.0283344575495,
    "6": 58.82372877849683,
    "7": 86.36625092792974,
    "8": 120.3517414672776,
    "9": 366.63826542087895
  }
}