{
  "lobjval": 93388.39173485036,
  "fobjval": 50818.238893037385,
  "lz1": 91893.7263702398,
  "lz2": 1494.6653646105542,
  "best_it": 1,
  "best_E0": 2114.1585537516403,
  "best_B0": {
    "1": 14.950570854835826,
    "2": 81.7858978699915,
    "3": 527.8000756620228,
    "4": 328.86460003232315,
    "5": 149.8091241624839,
    "6": 0.20749797822675414,
    "7": 118.98682238401432,
    "8": 72.41686692568409,
    "9": 375.6924377779563
  }
}