{
  "lobjval": 105230.08835580453,
  "fobjval": 28946.06292084355,
  "lz1": 103629.81459401283,
  "lz2": 1600.2737617917023,
  "best_it": 29,
  "best_E0": 4693.832478826795,
  "best_B0": {
    "1": 236.0791314772217,
    "2": 219.42144545651237,
    "3": 164.2693492880655,
    "4": 172.88528932043934,
    "5": 15.389382805509069,
    "6": 233.05966767410374,
    "7": 262.7011602201847,
    "8": 142.4124246908892,
    "9": 247.3761224065891
  }
}