{
  "lobjval": 648794.9718866913,
  "fobjval": 258220.40749697835,
  "lz1": 647550.1877658057,
  "lz2": 1244.784120885492,
  "best_it": 18,
  "best_E0": 18786.050149026207,
  "best_B0": {
    "1": 120.20081734942644,
    "2": 276.674065111029,
    "3": 406.3047347171652,
    "4": 6.81223828807965,
    "5": 155.22187363540422,
    "6": 387.08404013867977
  }
}