{
  "lobjval": 47109.43356116707,
  "fobjval": 30796.14913324779,
  "lz1": 43550.35204451001,
  "lz2": 3559.0815166570587,
  "best_it": 3,
  "best_E0": 2819.0519924787177,
  "best_B0": {
    "1": 12.131146276496363,
    "2": 483.86867360458507,
    "3": 205.89183400409217,
    "4": 374.52257712580825,
    "5": 642.7630246665922,
    "6": 662.8759239453158,
    "7": 455.8405244123265,
    "8": 534.999765724104,
    "9": 320.34073455501846
  }
}