{
  "lobjval": 40636.75139807862,
  "fobjval": 134200.90697718287,
  "lz1": 37037.75377328648,
  "lz2": 3598.9976247921395,
  "best_it": 3,
  "best_E0": 2916.358564805685,
  "best_B0": {
    "1": 242.35356583131963,
    "2": 65.94180279132753,
    "3": 367.23339277973656,
    "4": 519.7776787354996,
    "5": 695.1940816831819,
    "6": 610.6195490506656,
    "7": 151.5203080419631,
    "8": 852.614420414089,
    "9": 101.17853183677957
  }
}