{
  "lobjval": 459915.66816009756,
  "fobjval": 204102.5092858426,
  "lz1": 458687.3685627035,
  "lz2": 1228.2995973940797,
  "best_it": 4,
  "best_E0": 56535.004146241336,
  "best_B0": {
    "1": 396.4134440972461,
    "2": 419.5537555501626,
    "3": 419.6654971833389
  }
}