{
  "lobjval": 175735.9373074835,
  "fobjval": 46321.33363495568,
  "lz1": 171025.37416991685,
  "lz2": 4710.563137566645,
  "best_it": 29,
  "best_E0": 7892.752357821072,
  "best_B0": {
    "1": 266.530295594766,
    "2": 560.9623942588211,
    "3": 14.681783503991204,
    "4": 1535.7545891979648,
    "5": 308.79436664843473,
    "6": 165.38469815130532,
    "7": 291.7292030015687,
    "8": 395.7898449872869,
    "9": 257.6204574006293,
    "10": 55.02080950609965,
    "11": 728.8550020043465,
    "12": 414.9092368736315
  }
}