{
  "lobjval": 112027.99490749004,
  "fobjval": 49345.4108386072,
  "lz1": 111671.27200456898,
  "lz2": 356.72290292105447,
  "best_it": 10,
  "best_E0": 3537.6668520120197,
  "best_B0": {
    "1": 33.27813401708437,
    "2": 0.3345648307494239,
    "3": 41.76339597720973,
    "4": 14.273078522221926,
    "5": 89.90167830763866,
    "6": 29.039542523420632,
    "7": 45.938325535426735,
    "8": 68.39749709191015,
    "9": 58.6407677440768
  }
}