{
  "lobjval": 121983.42483918864,
  "fobjval": 53828.0,
  "lz1": 120151.01476085553,
  "lz2": 1832.4100783331155,
  "best_it": 10,
  "best_E0": 33288.25311647291,
  "best_B0": {
    "1": 488.42747426589216,
    "2": 555.1865062070007,
    "3": 809.6333991016238
  }
}