{
  "lobjval": 60378.73253899358,
  "fobjval": 136708.8432218139,
  "lz1": 56381.42152427055,
  "lz2": 3997.3110147230345,
  "best_it": 3,
  "best_E0": 1416.7138594533333,
  "best_B0": {
    "1": 547.1256537120987,
    "2": 1207.5538261695983,
    "3": 440.86485410844233,
    "4": 364.8782556086908,
    "5": 201.03094970030276,
    "6": 250.06565081516226,
    "7": 142.86611127395022,
    "8": 597.9240893381846,
    "9": 167.600443384305,
    "10": 30.910313857519984,
    "11": 56.84061552847465,
    "12": 137.6931696858253
  }
}