{
  "lobjval": 5120.681085017744,
  "fobjval": 104361.28020035682,
  "lz1": 2206.3766929231724,
  "lz2": 2914.3043920945715,
  "best_it": 17,
  "best_E0": 573.0848552920464,
  "best_B0": {
    "1": 510.5289504704973,
    "2": 209.8344257803436,
    "3": 271.97992677522427,
    "4": 94.19283647887431,
    "5": 208.65125838693055,
    "6": 166.22075642104215,
    "7": 635.3345862822989,
    "8": 449.3291036820789,
    "9": 373.96339637024266
  }
}