{
  "lobjval": 161296.47050673704,
  "fobjval": 42032.67144371031,
  "lz1": 157716.42096808297,
  "lz2": 3580.0495386540765,
  "best_it": 18,
  "best_E0": 7853.783796439522,
  "best_B0": {
    "1": 643.3670880365215,
    "2": 8.614942371371104,
    "3": 198.08001643199208,
    "4": 255.09306931445468,
    "5": 468.8190349280869,
    "6": 606.9828754576923,
    "7": 47.041004165000054,
    "8": 289.7693888703686,
    "9": 573.0460718997922,
    "10": 63.76891237410179,
    "11": 248.04755208107142,
    "12": 347.54622919078577
  }
}