{
  "lobjval": 79656.06205800611,
  "fobjval": 29368.954622883917,
  "lz1": 78041.71299303972,
  "lz2": 1614.349064966383,
  "best_it": 2,
  "best_E0": 1494.990717506983,
  "best_B0": {
    "1": 215.36221211268452,
    "2": 223.46717000867324,
    "3": 90.60513771291214,
    "4": 108.42005952219218,
    "5": 57.32925123715012,
    "6": 152.6059324197189,
    "7": 244.08776708824166,
    "8": 37.00717443499068,
    "9": 154.2310405434522,
    "10": 179.77547752899727,
    "11": 258.1856446822821,
    "12": 82.81799423753074
  }
}