{
  "lobjval": 911574.073174368,
  "fobjval": 270229.11033453234,
  "lz1": 910719.608853702,
  "lz2": 854.4643206660471,
  "best_it": 21,
  "best_E0": 44615.46356591821,
  "best_B0": {
    "1": 582.5772250408675,
    "2": 232.56022354516418,
    "3": 125.99260034643353
  }
}