{
  "lobjval": 219276.60671303255,
  "fobjval": 157532.84986590582,
  "lz1": 209307.49346336315,
  "lz2": 9969.11324966941,
  "best_it": 1,
  "best_E0": 4938.870572000142,
  "best_B0": {
    "1": 147.77144363559043,
    "2": 1967.0614030953511,
    "3": 457.63819449302724,
    "4": 1192.7519281417444,
    "5": 2104.6372177158573,
    "6": 95.93542484911103,
    "7": 1187.9961952481917,
    "8": 214.64754916511313,
    "9": 1572.5922957305486,
    "10": 97.30507691676567,
    "11": 1032.005146930707,
    "12": 22.405119516925566
  }
}