{
  "lobjval": 53379.273804929355,
  "fobjval": 18116.217399215988,
  "lz1": 52322.96863034897,
  "lz2": 1056.3051745803823,
  "best_it": 16,
  "best_E0": 3274.9982023733924,
  "best_B0": {
    "1": 4.085349554781871,
    "2": 138.27945379449088,
    "3": 85.44794730144744,
    "4": 208.21081695566826,
    "5": 224.987109006865,
    "6": 85.0810988174404,
    "7": 151.11394672025716,
    "8": 60.176172432523444,
    "9": 155.85416034117443
  }
}