{
  "lobjval": 261393.64466196063,
  "fobjval": 132706.92662113206,
  "lz1": 256574.35853876668,
  "lz2": 4819.286123193941,
  "best_it": 2,
  "best_E0": 3374.5110825520687,
  "best_B0": {
    "1": 632.8034569739334,
    "2": 11.821589522830154,
    "3": 720.429170746223,
    "4": 112.35405486791755,
    "5": 837.680620075241,
    "6": 184.75652393870607,
    "7": 112.52699591015963,
    "8": 950.9004510803771,
    "9": 613.9527501970957,
    "10": 260.7816372271412,
    "11": 493.19335981927685,
    "12": 278.7448829984079
  }
}