{
  "lobjval": 15027.401823611654,
  "fobjval": 29784.802822235804,
  "lz1": 13476.931774604307,
  "lz2": 1550.4700490073465,
  "best_it": 6,
  "best_E0": 818.4371523039053,
  "best_B0": {
    "1": 122.80030910748417,
    "2": 32.657729921424774,
    "3": 306.3799383713101,
    "4": 24.107469717905005,
    "5": 195.4964023422435,
    "6": 162.8078938009987,
    "7": 125.06158703461531,
    "8": 49.491493882230024,
    "9": 170.2219008647345,
    "10": 101.95770351450466,
    "11": 98.20284013923524,
    "12": 223.97957787506584
  }
}