{
  "lobjval": 18568.334520630608,
  "fobjval": 63273.74349425896,
  "lz1": 15334.536539085577,
  "lz2": 3233.79798154503,
  "best_it": 21,
  "best_E0": 2408.56594837795,
  "best_B0": {
    "1": 620.7448840778924,
    "2": 257.18361493033336,
    "3": 707.6379333674897,
    "4": 247.6132519043104,
    "5": 204.5824300304564,
    "6": 279.74179355467805,
    "7": 243.96347341508982,
    "8": 305.6636433295817,
    "9": 390.75261642883515
  }
}