{
  "lobjval": 144584.55657958807,
  "fobjval": 584210.4780744894,
  "lz1": 142729.97328964292,
  "lz2": 1854.5832899451614,
  "best_it": 2,
  "best_E0": 61724.82106356969,
  "best_B0": {
    "1": 324.6503250417078,
    "2": 318.6241888858363,
    "3": 1367.3859700220216
  }
}