{
  "lobjval": 241304.45311692834,
  "fobjval": 86380.09324023087,
  "lz1": 240586.78964152007,
  "lz2": 717.6634754082673,
  "best_it": 27,
  "best_E0": 5977.931193457871,
  "best_B0": {
    "1": 35.70913577535954,
    "2": 102.9855756197907,
    "3": 12.723588276095967,
    "4": 57.23463084556172,
    "5": 71.20666370174047,
    "6": 241.59351942925704,
    "7": 49.63690136768399,
    "8": 115.69245490214642,
    "9": 99.8525433161126
  }
}