{
  "lobjval": 30631.20140283114,
  "fobjval": 27336.247321724568,
  "lz1": 27084.354915374333,
  "lz2": 3546.8464874568035,
  "best_it": 18,
  "best_E0": 1969.3407618984938,
  "best_B0": {
    "1": 894.4639411289756,
    "2": 144.34378406959098,
    "3": 57.22881730255325,
    "4": 410.28429782659003,
    "5": 233.7655904437967,
    "6": 209.5916417618802,
    "7": 172.45094501967375,
    "8": 512.9003817935193,
    "9": 972.4353588608136
  }
}