{
  "lobjval": 84506.33200223507,
  "fobjval": 44920.71473616871,
  "lz1": 78557.53146917344,
  "lz2": 5948.800533061622,
  "best_it": 4,
  "best_E0": 3366.943934313228,
  "best_B0": {
    "1": 1713.7598298894536,
    "2": 284.185667621721,
    "3": 318.88017254583707,
    "4": 685.6501336261315,
    "5": 571.4730713761562,
    "6": 171.7896330630012,
    "7": 546.2929206147883,
    "8": 115.1734749080238,
    "9": 235.91560635354116,
    "10": 1034.916707390088,
    "11": 212.4351377512453,
    "12": 235.83903766488535
  }
}