{
  "lobjval": 266177.89506795065,
  "fobjval": 87690.92020642193,
  "lz1": 263414.78401115915,
  "lz2": 2763.1110567914907,
  "best_it": 2,
  "best_E0": 4906.059173042082,
  "best_B0": {
    "1": 310.73327047144136,
    "2": 96.71300834419198,
    "3": 16.596926495428576,
    "4": 410.89792116102086,
    "5": 318.5671776232646,
    "6": 1126.9469905629485,
    "7": 435.8989961865633,
    "8": 9.894992117588313,
    "9": 415.2434056848661
  }
}