{
  "lobjval": 213885.9895297128,
  "fobjval": 56058.00423824901,
  "lz1": 212591.04196536273,
  "lz2": 1294.947564350054,
  "best_it": 7,
  "best_E0": 5243.712560743867,
  "best_B0": {
    "1": 3.4773845114633355,
    "2": 164.9636870085413,
    "3": 355.44936205012095,
    "4": 76.94029468197391,
    "5": 0.8941491160198416,
    "6": 59.16228753852224,
    "7": 46.82431141611942,
    "8": 139.48961793263314,
    "9": 84.37830074352036,
    "10": 259.5295454461499,
    "11": 105.8782729395991,
    "12": 107.34352953286977
  }
}