{
  "lobjval": 69216.50342815374,
  "fobjval": 50960.90525058361,
  "lz1": 68597.92072481693,
  "lz2": 618.5827033368071,
  "best_it": 4,
  "best_E0": 4043.749539202213,
  "best_B0": {
    "1": 133.6016310889448,
    "2": 84.41505477054673,
    "3": 185.22565198200468,
    "4": 80.24956589842482,
    "5": 129.42539775747775,
    "6": 55.11592331090781
  }
}