{
  "lobjval": 241654.3738929027,
  "fobjval": 88435.89635552373,
  "lz1": 240779.61702250043,
  "lz2": 874.7568704022681,
  "best_it": 3,
  "best_E0": 4670.536756675084,
  "best_B0": {
    "1": 56.024283457977305,
    "2": 10.220668770123174,
    "3": 24.980229031073634,
    "4": 112.10968578493393,
    "5": 111.9484237161056,
    "6": 132.1423756748937,
    "7": 54.19021353584558,
    "8": 76.4449030122255,
    "9": 102.06508014917873,
    "10": 110.45971114631686,
    "11": 51.68679241658341,
    "12": 99.18725186604351
  }
}