{
  "lobjval": 1071875.049776506,
  "fobjval": 412496.0061795473,
  "lz1": 1071056.6222440903,
  "lz2": 818.4275324155416,
  "best_it": 26,
  "best_E0": 68875.93228262088,
  "best_B0": {
    "1": 215.6877891099684,
    "2": 324.2047830652788,
    "3": 290.7187003003679
  }
}