{
  "lobjval": 83429.42099329641,
  "fobjval": 29812.747383127506,
  "lz1": 81398.72836481813,
  "lz2": 2030.692628478288,
  "best_it": 8,
  "best_E0": 4770.67972135183,
  "best_B0": {
    "1": 398.9000002384111,
    "2": 339.47966738250346,
    "3": 118.25447113960405,
    "4": 178.22845997206986,
    "5": 277.56117784024036,
    "6": 104.892614610696,
    "7": 277.66828274828447,
    "8": 122.1981761678761,
    "9": 331.9035788285223
  }
}