{
  "lobjval": 46466.11694178428,
  "fobjval": 584620.8150579743,
  "lz1": 44326.284746215744,
  "lz2": 2139.832195568538,
  "best_it": 10,
  "best_E0": 44326.284746215744,
  "best_B0": {
    "1": 332.27798140892196,
    "2": 993.4866019847631,
    "3": 814.0676121748537
  }
}