{
  "lobjval": 267965.4860493233,
  "fobjval": 126337.12892189121,
  "lz1": 267024.0066771716,
  "lz2": 941.4793721516879,
  "best_it": 10,
  "best_E0": 7283.1318309561,
  "best_B0": {
    "1": 7.473047164939862,
    "2": 88.95403853928615,
    "3": 71.71267153528717,
    "4": 149.58386899555677,
    "5": 210.7138809609715,
    "6": 45.76470109040912,
    "7": 48.09597191702816,
    "8": 198.9757265322187,
    "9": 197.4295819530626
  }
}