{
  "lobjval": 216344.13653052825,
  "fobjval": 85335.39684416342,
  "lz1": 215057.92233268317,
  "lz2": 1286.2141978450752,
  "best_it": 20,
  "best_E0": 8083.51536197443,
  "best_B0": {
    "1": 4.536239771167313,
    "2": 192.19218929478322,
    "3": 135.2866773357341,
    "4": 325.53888165580605,
    "5": 24.77213707639924,
    "6": 251.43482568222637,
    "7": 134.9310655451383,
    "8": 134.93130681229806,
    "9": 185.36188287525945
  }
}