{
  "lobjval": 195940.76511490857,
  "fobjval": 178443.91996729135,
  "lz1": 194430.94883282346,
  "lz2": 1509.8162820851073,
  "best_it": 9,
  "best_E0": 8178.982019870056,
  "best_B0": {
    "1": 508.33041794197993,
    "2": 409.9438655150018,
    "3": 100.12568139310203,
    "4": 233.99867650523558,
    "5": 119.76391904480663,
    "6": 165.29135653595588
  }
}