{
  "lobjval": 11495.843917242331,
  "fobjval": 92184.66145326261,
  "lz1": 3929.7667625249946,
  "lz2": 7566.077154717337,
  "best_it": 14,
  "best_E0": 413.65965921315734,
  "best_B0": {
    "1": 576.5222099827315,
    "2": 1052.6985208400258,
    "3": 455.4567143857525,
    "4": 496.1521196638524,
    "5": 683.340885903122,
    "6": 2106.097175956652,
    "7": 205.7243234306839,
    "8": 456.76029425890385,
    "9": 476.5933658744483,
    "10": 378.4822730230502,
    "11": 292.8860968473833,
    "12": 406.0461575113891
  }
}