{
  "lobjval": 265607.067989604,
  "fobjval": 93276.11155399372,
  "lz1": 264625.18713714636,
  "lz2": 981.8808524576439,
  "best_it": 19,
  "best_E0": 14996.801746198886,
  "best_B0": {
    "1": 110.6293727766747,
    "2": 122.23948537210542,
    "3": 41.38817192472865,
    "4": 389.45782384732337,
    "5": 151.44092183947163,
    "6": 234.18162353160284
  }
}