{
  "lobjval": 104914.74294721022,
  "fobjval": 42029.68058268133,
  "lz1": 100766.84562995411,
  "lz2": 4147.897317256113,
  "best_it": 10,
  "best_E0": 6012.680076873113,
  "best_B0": {
    "1": 217.8344014769683,
    "2": 521.5760403659291,
    "3": 71.39663315087225,
    "4": 190.85488154741407,
    "5": 676.3680149506704,
    "6": 268.00286319495564,
    "7": 193.44196541664078,
    "8": 469.1775796686505,
    "9": 1768.2761905643713
  }
}