{
  "lobjval": 39276.47170268667,
  "fobjval": 174019.38328189027,
  "lz1": 33190.47113029359,
  "lz2": 6086.000572393084,
  "best_it": 2,
  "best_E0": 1849.0513164510148,
  "best_B0": {
    "1": 438.00063521118716,
    "2": 176.26936975418562,
    "3": 297.24014990660584,
    "4": 1456.5730332962175,
    "5": 823.8615806873918,
    "6": 743.58606672555,
    "7": 1456.3814385116846,
    "8": 840.0317648703017,
    "9": 4.89281391627485
  }
}