{
  "lobjval": 907686.1437913957,
  "fobjval": 553926.9999999111,
  "lz1": 906339.2285480779,
  "lz2": 1346.9152433178651,
  "best_it": 29,
  "best_E0": 120370.81903205178,
  "best_B0": {
    "1": 325.2727848487915,
    "2": 364.3661221588585,
    "3": 665.1308932799952
  }
}