{
  "lobjval": 325520.2658871454,
  "fobjval": 173039.4338770345,
  "lz1": 324162.3397816481,
  "lz2": 1357.9261054973663,
  "best_it": 4,
  "best_E0": 8869.318451323708,
  "best_B0": {
    "1": 286.415197883531,
    "2": 88.36918648767583,
    "3": 34.17399638476103,
    "4": 89.8318046319207,
    "5": 136.79183743044499,
    "6": 192.5771924744904,
    "7": 293.5559215301125,
    "8": 111.67771458999314,
    "9": 226.35602169134276
  }
}