{
  "lobjval": 5333.804739232848,
  "fobjval": 61996.0,
  "lz1": 4014.0,
  "lz2": 1319.804739232848,
  "best_it": 22,
  "best_E0": 5843.896714161711,
  "best_B0": {
    "1": 565.7213272598427,
    "2": 284.2136043391949,
    "3": 469.8698076338104
  }
}