{
  "lobjval": 643739.9495581043,
  "fobjval": 391075.23393126356,
  "lz1": 642481.216961343,
  "lz2": 1258.7325967613433,
  "best_it": 27,
  "best_E0": 55147.02824245358,
  "best_B0": {
    "1": 228.33653356048154,
    "2": 165.4746602823896,
    "3": 947.0472736898839
  }
}