{
  "lobjval": 206355.32951547398,
  "fobjval": 51023.82558116062,
  "lz1": 205112.1897478425,
  "lz2": 1243.1397676314955,
  "best_it": 2,
  "best_E0": 3935.154230929458,
  "best_B0": {
    "1": 6.6282518930867305,
    "2": 42.38993863121274,
    "3": 190.79224778283483,
    "4": 137.33004969168292,
    "5": 72.1165615899353,
    "6": 170.65104890740903,
    "7": 189.92275811480053,
    "8": 160.6314064706868,
    "9": 497.45227388409467
  }
}