{
  "lobjval": 7413.598668128446,
  "fobjval": 208892.02344178653,
  "lz1": 2144.6132104088956,
  "lz2": 5268.98545771955,
  "best_it": 14,
  "best_E0": 557.0423923139988,
  "best_B0": {
    "1": 695.4419988179225,
    "2": 702.5243493288652,
    "3": 1002.1088602629698,
    "4": 370.63296091959506,
    "5": 426.6437381654196,
    "6": 1032.2354606414597,
    "7": 161.81313942144442,
    "8": 167.04125436479694,
    "9": 716.114119720501
  }
}