{
  "lobjval": 4698.917162566425,
  "fobjval": 90625.44536319656,
  "lz1": 1522.437984229451,
  "lz2": 3176.4791783369737,
  "best_it": 24,
  "best_E0": 1522.437984229451,
  "best_B0": {
    "1": 80.173969668277,
    "2": 462.4126695257046,
    "3": 886.6647893497492,
    "4": 183.03596720513778,
    "5": 386.2139092178936,
    "6": 288.5997963256533,
    "7": 343.6171452499284,
    "8": 277.4689524794652,
    "9": 268.2919793151645
  }
}