{
  "lobjval": 801760.5050150543,
  "fobjval": 357820.16499384586,
  "lz1": 798885.2184729988,
  "lz2": 2875.2865420554585,
  "best_it": 27,
  "best_E0": 70980.55199130547,
  "best_B0": {
    "1": 274.3973961212037,
    "2": 1224.8673465450008,
    "3": 1661.6680122298976
  }
}