{
  "lobjval": 20384.08460416985,
  "fobjval": 93387.56846547102,
  "lz1": 14573.555129036862,
  "lz2": 5810.5294751329875,
  "best_it": 24,
  "best_E0": 1625.3035459892412,
  "best_B0": {
    "1": 631.1625821028474,
    "2": 468.9935163021578,
    "3": 142.45537065771063,
    "4": 110.83074588843222,
    "5": 951.4132331685308,
    "6": 744.7255800297208,
    "7": 124.74703070864784,
    "8": 353.07712125472574,
    "9": 2326.1397192711565
  }
}