{
  "lobjval": 82588.35339222405,
  "fobjval": 42513.771529692014,
  "lz1": 78256.8394612819,
  "lz2": 4331.513930942146,
  "best_it": 5,
  "best_E0": 4127.130955225219,
  "best_B0": {
    "1": 755.8593178934634,
    "2": 702.5507133022292,
    "3": 295.7212817233525,
    "4": 595.2003535543968,
    "5": 858.3869557717653,
    "6": 166.97967211028052,
    "7": 329.93587914607167,
    "8": 511.7076896306669,
    "9": 367.04005411746374
  }
}