{
  "lobjval": 73551.11125013331,
  "fobjval": 21654.90774968062,
  "lz1": 71838.40755064819,
  "lz2": 1712.703699485117,
  "best_it": 2,
  "best_E0": 3149.467005198584,
  "best_B0": {
    "1": 85.19749878565253,
    "2": 142.96502056119274,
    "3": 111.25203478632986,
    "4": 248.2813405477363,
    "5": 236.7892725401288,
    "6": 193.63214839380956,
    "7": 53.003289358727336,
    "8": 62.55242735173286,
    "9": 249.97027810280974,
    "10": 152.02466339850284,
    "11": 205.72121000910886,
    "12": 93.99599544368738
  }
}