{
  "lobjval": 948192.162205452,
  "fobjval": 258008.6864374231,
  "lz1": 947528.10050881,
  "lz2": 664.0616966419874,
  "best_it": 14,
  "best_E0": 49460.08157639777,
  "best_B0": {
    "1": 323.74548060536097,
    "2": 290.22146691121117,
    "3": 95.7194277822299
  }
}