{
  "lobjval": 262106.54628318833,
  "fobjval": 85092.23374869184,
  "lz1": 258559.7988602459,
  "lz2": 3546.747422942429,
  "best_it": 21,
  "best_E0": 24976.430121770136,
  "best_B0": {
    "1": 402.7237838743302,
    "2": 672.4271223381566,
    "3": 476.71646996829185,
    "4": 1044.0204400484788,
    "5": 600.1447324410764,
    "6": 489.804153211094
  }
}