{
  "lobjval": 123193.80328570816,
  "fobjval": 61785.52124411087,
  "lz1": 121787.49344181003,
  "lz2": 1406.3098438981283,
  "best_it": 3,
  "best_E0": 27209.572804474217,
  "best_B0": {
    "1": 194.80968276834315,
    "2": 822.171459917477,
    "3": 458.3883656144721
  }
}