{
  "lobjval": 543226.5981225737,
  "fobjval": 375722.06132269837,
  "lz1": 541237.125324809,
  "lz2": 1989.4727977646783,
  "best_it": 16,
  "best_E0": 73820.05006642657,
  "best_B0": {
    "1": 901.1882623883469,
    "2": 806.5177866783721,
    "3": 377.16264070539705
  }
}