{
  "lobjval": 730830.9924133922,
  "fobjval": 249425.52259330294,
  "lz1": 729851.5514016512,
  "lz2": 979.4410117409075,
  "best_it": 14,
  "best_E0": 31022.402022278384,
  "best_B0": {
    "1": 83.29038537943975,
    "2": 190.12072378791225,
    "3": 152.54929789179064,
    "4": 214.14127790792682,
    "5": 389.48767678669907,
    "6": 17.628054683246372
  }
}