{
  "lobjval": 27289.800099016444,
  "fobjval": 142462.6302619352,
  "lz1": 20545.247417619168,
  "lz2": 6744.552681397275,
  "best_it": 5,
  "best_E0": 2711.3834882186175,
  "best_B0": {
    "1": 980.138629385407,
    "2": 1238.0880023282502,
    "3": 158.34139549204502,
    "4": 69.19427187039747,
    "5": 501.9025839347635,
    "6": 114.13973657755388,
    "7": 748.1769448134941,
    "8": 2.38405784982456,
    "9": 1052.1582730379446,
    "10": 1247.413137034749,
    "11": 303.46584103646626,
    "12": 431.34093768534757
  }
}