{
  "lobjval": 169707.52872991623,
  "fobjval": 83703.46829146006,
  "lz1": 165866.5026515431,
  "lz2": 3841.026078373129,
  "best_it": 1,
  "best_E0": 4420.391059046595,
  "best_B0": {
    "1": 1519.3159465081412,
    "2": 316.92920214368525,
    "3": 75.7919363552324,
    "4": 17.468446830447363,
    "5": 891.0831008458117,
    "6": 514.5439861599007,
    "7": 113.06519398155586,
    "8": 545.0951240629822,
    "9": 239.00674957240608
  }
}