{
  "lobjval": 960.5750709811675,
  "fobjval": 49441.0,
  "lz1": 0.0,
  "lz2": 960.5750709811675,
  "best_it": 1,
  "best_E0": 25417.871096501378,
  "best_B0": {
    "1": 269.688653692632,
    "2": 345.73791049400256,
    "3": 345.14850679453303
  }
}