{
  "lobjval": 50098.905097014205,
  "fobjval": 86608.07164199279,
  "lz1": 45322.55327156621,
  "lz2": 4776.351825447995,
  "best_it": 1,
  "best_E0": 1582.563293759412,
  "best_B0": {
    "1": 4.940902778831069,
    "2": 327.42593315418037,
    "3": 94.3239683374415,
    "4": 1083.0063858642593,
    "5": 533.5684137613933,
    "6": 427.11227688335975,
    "7": 898.856680508651,
    "8": 1317.7267741011792,
    "9": 241.68857373554692
  }
}