{
  "lobjval": 72164.07809843909,
  "fobjval": 51906.854099988275,
  "lz1": 70493.72953167013,
  "lz2": 1670.3485667689501,
  "best_it": 2,
  "best_E0": 1655.1269007267917,
  "best_B0": {
    "1": 37.55567122460889,
    "2": 42.34290863463205,
    "3": 188.16979109712048,
    "4": 352.0537193292814,
    "5": 106.66070581625479,
    "6": 42.15653618179551,
    "7": 287.70828758362984,
    "8": 549.082794596104,
    "9": 184.38546069415764
  }
}