{
  "lobjval": 164824.04048596436,
  "fobjval": 49509.66938655416,
  "lz1": 163740.31782363786,
  "lz2": 1083.7226623265076,
  "best_it": 2,
  "best_E0": 2491.0746152284078,
  "best_B0": {
    "1": 220.89584341967435,
    "2": 70.80567852072953,
    "3": 10.658733856312542,
    "4": 402.60635675052924,
    "5": 77.02555830607481,
    "6": 222.01101864128012,
    "7": 50.08862137003267,
    "8": 20.619639630201792,
    "9": 156.05067538224148
  }
}