{
  "lobjval": 155771.87148428123,
  "fobjval": 62086.30662784366,
  "lz1": 154892.50532435908,
  "lz2": 879.3661599221393,
  "best_it": 23,
  "best_E0": 5364.261488778978,
  "best_B0": {
    "1": 6.038498462618768,
    "2": 153.57584335357973,
    "3": 53.96442939076155,
    "4": 78.02036199120266,
    "5": 91.83259834695174,
    "6": 110.82318616572232,
    "7": 122.75899553471514,
    "8": 110.38790624065683,
    "9": 197.3108044048017
  }
}