{
  "lobjval": 124710.01938822649,
  "fobjval": 93149.56838591269,
  "lz1": 121224.48975475124,
  "lz2": 3485.5296334752434,
  "best_it": 1,
  "best_E0": 2969.824466746985,
  "best_B0": {
    "1": 235.2786608780634,
    "2": 194.43640818612158,
    "3": 119.4121389191689,
    "4": 24.261933783086203,
    "5": 130.36939134189853,
    "6": 1192.2684443178705,
    "7": 493.54112249579424,
    "8": 71.17360052799951,
    "9": 58.255405474444274,
    "10": 412.1605946547287,
    "11": 505.2568346899848,
    "12": 196.91857558433088
  }
}