{
  "lobjval": 93368.70067824947,
  "fobjval": 33272.87129648022,
  "lz1": 90851.55466519973,
  "lz2": 2517.1460130497426,
  "best_it": 27,
  "best_E0": 5321.749207153845,
  "best_B0": {
    "1": 4.104681965197585,
    "2": 179.1645577159349,
    "3": 519.3151084421214,
    "4": 76.06146766451614,
    "5": 201.7041089088058,
    "6": 301.88618784678886,
    "7": 234.95331450122498,
    "8": 208.3684203758411,
    "9": 49.387784761777915,
    "10": 257.69212723076896,
    "11": 346.8364425809769,
    "12": 239.18122409956635
  }
}