{
  "lobjval": 4166.170036504367,
  "fobjval": 65740.42793682172,
  "lz1": 1217.511105618731,
  "lz2": 2948.6589308856364,
  "best_it": 4,
  "best_E0": 1217.511105618731,
  "best_B0": {
    "1": 467.4341366645383,
    "2": 295.42007954431494,
    "3": 21.737451334162028,
    "4": 516.0242715491651,
    "5": 765.4123611870343,
    "6": 190.25390188781392,
    "7": 143.6702746072676,
    "8": 232.2003626552478,
    "9": 316.50609145609246
  }
}