{
  "lobjval": 94038.55655871678,
  "fobjval": 34681.97941744703,
  "lz1": 92813.69371110393,
  "lz2": 1224.862847612848,
  "best_it": 2,
  "best_E0": 2639.5064377499216,
  "best_B0": {
    "1": 55.03508072557216,
    "2": 19.989714043766032,
    "3": 558.2954652990774,
    "4": 68.73694490846599,
    "5": 114.80546706062157,
    "6": 72.67259436455848,
    "7": 92.15737285451684,
    "8": 91.80475397471302,
    "9": 319.90206561452595
  }
}