{
  "lobjval": 52073.18382488915,
  "fobjval": 94669.01518785322,
  "lz1": 50956.701871536265,
  "lz2": 1116.4819533528853,
  "best_it": 25,
  "best_E0": 5664.162927300515,
  "best_B0": {
    "1": 203.69785484592492,
    "2": 152.2621442297878,
    "3": 251.0567664507155,
    "4": 37.97020182086384,
    "5": 234.01785779585396,
    "6": 300.16366032916324
  }
}