{
  "lobjval": 83703.73593085824,
  "fobjval": 139712.90660264366,
  "lz1": 78808.0011280742,
  "lz2": 4895.734802784037,
  "best_it": 0,
  "best_E0": 3441.397429167315,
  "best_B0": {
    "1": 428.5745283957648,
    "2": 1027.8314537527424,
    "3": 724.0153713642761,
    "4": 339.7055254477814,
    "5": 33.0229296596634,
    "6": 126.54995118928244,
    "7": 575.8958546655197,
    "8": 802.9101515783007,
    "9": 1014.6533511313205
  }
}