{
  "lobjval": 78805.88045851105,
  "fobjval": 84312.67615605489,
  "lz1": 77623.61826857454,
  "lz2": 1182.2621899365045,
  "best_it": 27,
  "best_E0": 4901.857860630158,
  "best_B0": {
    "1": 290.79618719937685,
    "2": 272.012340712409,
    "3": 118.59352741688791,
    "4": 154.85729782013226,
    "5": 168.50613713809733,
    "6": 218.05400747632774
  }
}