{
  "lobjval": 113303.60967892753,
  "fobjval": 136499.85706163396,
  "lz1": 109099.53405399175,
  "lz2": 4204.075624935781,
  "best_it": 3,
  "best_E0": 3397.2234369018993,
  "best_B0": {
    "1": 244.75872419039263,
    "2": 148.31380055324172,
    "3": 192.82242649165397,
    "4": 89.04210561679568,
    "5": 514.9466141416566,
    "6": 1215.9964264158114,
    "7": 724.8723028711561,
    "8": 519.5935381756412,
    "9": 705.4483941160881
  }
}