{
  "lobjval": 323432.3646800249,
  "fobjval": 267378.7847823929,
  "lz1": 321247.90780100686,
  "lz2": 2184.4568790180488,
  "best_it": 8,
  "best_E0": 35526.97676691734,
  "best_B0": {
    "1": 1035.4743207759075,
    "2": 722.442549920612,
    "3": 437.12400499292136
  }
}