{
  "lobjval": 86073.03406998608,
  "fobjval": 88519.41843499646,
  "lz1": 85567.01908914038,
  "lz2": 506.0149808457011,
  "best_it": 24,
  "best_E0": 3043.9228406911875,
  "best_B0": {
    "1": 38.23609916160965,
    "2": 90.62739615034552,
    "3": 134.69552016760693,
    "4": 84.04349678298239,
    "5": 68.10953258509106,
    "6": 108.54395149717395
  }
}