{
  "lobjval": 80618.29373386198,
  "fobjval": 45116.94558119196,
  "lz1": 78736.59550613604,
  "lz2": 1881.6982277259383,
  "best_it": 7,
  "best_E0": 12859.991866132039,
  "best_B0": {
    "1": 283.7774475008964,
    "2": 160.35020298582964,
    "3": 454.29609341749347,
    "4": 535.5938706383063,
    "5": 254.66127210672562,
    "6": 253.4685382211397
  }
}