{
  "lobjval": 292814.65554818214,
  "fobjval": 90332.98680615294,
  "lz1": 292182.8357745376,
  "lz2": 631.8197736445552,
  "best_it": 6,
  "best_E0": 7761.059712405048,
  "best_B0": {
    "1": 76.18614414776098,
    "2": 121.82521600662514,
    "3": 36.265037655563304,
    "4": 3.242739158533225,
    "5": 98.60450454273902,
    "6": 93.85250880813238,
    "7": 106.47865896403368,
    "8": 50.904211363404364,
    "9": 97.82727211473212
  }
}