{
  "lobjval": 29613.590681510923,
  "fobjval": 14533.300844583795,
  "lz1": 27630.065605917927,
  "lz2": 1983.5250755929956,
  "best_it": 5,
  "best_E0": 2018.5004184304105,
  "best_B0": {
    "1": 3.3959294839705283,
    "2": 76.63898643935839,
    "3": 185.64897539247485,
    "4": 73.67837319941734,
    "5": 164.56337626851882,
    "6": 467.76174119841096,
    "7": 148.12308601556612,
    "8": 423.2710291249349,
    "9": 219.39526738768564,
    "10": 145.45265854247708,
    "11": 71.46552666142014,
    "12": 89.88390149419524
  }
}