{
  "lobjval": 11012.065226882536,
  "fobjval": 72485.68460301301,
  "lz1": 7398.92069948374,
  "lz2": 3613.144527398796,
  "best_it": 2,
  "best_E0": 804.8488665877414,
  "best_B0": {
    "1": 293.522642756748,
    "2": 545.3603287515976,
    "3": 574.5610252177211,
    "4": 224.78613624055296,
    "5": 555.9083654971008,
    "6": 465.63059629374305,
    "7": 665.8818908199776,
    "8": 268.11407859863596,
    "9": 27.885266669003187
  }
}