{
  "lobjval": 119212.92716022258,
  "fobjval": 56721.273400315506,
  "lz1": 115937.5199068933,
  "lz2": 3275.407253329278,
  "best_it": 2,
  "best_E0": 2938.3247273407383,
  "best_B0": {
    "1": 2.5500000633984095,
    "2": 267.1475809483934,
    "3": 86.33193556430636,
    "4": 475.27944115472724,
    "5": 729.3533570047521,
    "6": 673.7438637688817,
    "7": 563.2686914668438,
    "8": 34.09993774855862,
    "9": 620.800442265856
  }
}