{
  "lobjval": 17853.124469637525,
  "fobjval": 65966.09555256461,
  "lz1": 16422.87195722239,
  "lz2": 1430.252512415137,
  "best_it": 2,
  "best_E0": 1309.9835802666678,
  "best_B0": {
    "1": 130.73332510436148,
    "2": 198.76198041547448,
    "3": 134.9064378758298,
    "4": 53.34270339476961,
    "5": 127.76151989525776,
    "6": 75.15256858438282,
    "7": 4.498963387378517,
    "8": 176.24831539316568,
    "9": 619.0687490037602
  }
}