{
  "lobjval": 31388.571443272405,
  "fobjval": 17652.562628965927,
  "lz1": 29658.2659753827,
  "lz2": 1730.3054678897074,
  "best_it": 13,
  "best_E0": 1704.329132378645,
  "best_B0": {
    "1": 202.0782565123203,
    "2": 95.86289374915398,
    "3": 2.861377644818322,
    "4": 271.7625197911045,
    "5": 132.07620437102477,
    "6": 303.6817667038034,
    "7": 167.06247043963828,
    "8": 331.6895754573157,
    "9": 279.64133542290824
  }
}