{
  "lobjval": 32282.325008990418,
  "fobjval": 36051.11989317983,
  "lz1": 26924.79114389751,
  "lz2": 5357.53386509291,
  "best_it": 12,
  "best_E0": 3167.6224875173457,
  "best_B0": {
    "1": 328.56069955364376,
    "2": 507.6812477820245,
    "3": 263.64274791678065,
    "4": 2.8996450282078228,
    "5": 171.1361874267453,
    "6": 956.2888958935024,
    "7": 13.797597489909585,
    "8": 1084.3450794651224,
    "9": 275.3770658528832,
    "10": 632.4130494467403,
    "11": 169.5976966350337,
    "12": 990.6447974747871
  }
}