{
  "lobjval": 100295.09708969778,
  "fobjval": 68822.069624711,
  "lz1": 97156.54666703605,
  "lz2": 3138.5504226617268,
  "best_it": 2,
  "best_E0": 1681.3262927866544,
  "best_B0": {
    "1": 18.58093921798343,
    "2": 121.21204584709638,
    "3": 28.676617459466772,
    "4": 515.2757490283127,
    "5": 378.62927868068914,
    "6": 372.2148577122595,
    "7": 188.538289519642,
    "8": 223.38356921109965,
    "9": 181.71737759279424,
    "10": 655.3160833834106,
    "11": 50.293531315683175,
    "12": 567.4392382367001
  }
}