{
  "lobjval": 74616.1259370918,
  "fobjval": 55144.64474130851,
  "lz1": 71789.99485032985,
  "lz2": 2826.1310867619413,
  "best_it": 18,
  "best_E0": 12783.563172226617,
  "best_B0": {
    "1": 379.1748363603601,
    "2": 525.5942388346508,
    "3": 382.754798862372,
    "4": 284.73380193754923,
    "5": 1449.632364833778,
    "6": 22.967518899987
  }
}