{
  "lobjval": 241500.2916641258,
  "fobjval": 86638.35206166358,
  "lz1": 234158.5416872924,
  "lz2": 7341.749976833423,
  "best_it": 1,
  "best_E0": 6014.477941892891,
  "best_B0": {
    "1": 7.338791716895405,
    "2": 1830.5886561865977,
    "3": 1012.7044107300612,
    "4": 382.7522776975898,
    "5": 607.552054428051,
    "6": 82.90664691669761,
    "7": 87.99536711402408,
    "8": 318.09394816887703,
    "9": 34.59795558673932,
    "10": 1787.537666523544,
    "11": 87.85116792100794,
    "12": 1682.3046867138114
  }
}