{
  "lobjval": 60248.15652026264,
  "fobjval": 15018.706274907074,
  "lz1": 58656.8986669119,
  "lz2": 1591.257853350739,
  "best_it": 11,
  "best_E0": 2379.8995908803226,
  "best_B0": {
    "1": 136.50251838983309,
    "2": 104.74225044014662,
    "3": 72.67404068041466,
    "4": 73.52218301237056,
    "5": 675.7142652473374,
    "6": 13.061997638160518,
    "7": 43.86883874416093,
    "8": 71.00511393385337,
    "9": 87.8632177061109,
    "10": 104.44055865637411,
    "11": 212.26465036537624,
    "12": 132.89908685939938
  }
}