{
  "lobjval": 113468.33558747864,
  "fobjval": 55446.709856959525,
  "lz1": 112877.29616084116,
  "lz2": 591.0394266374757,
  "best_it": 13,
  "best_E0": 5901.522986195362,
  "best_B0": {
    "1": 136.75311695667102,
    "2": 112.75195597692382,
    "3": 154.4430022048267,
    "4": 102.86123591152032,
    "5": 120.37636911324616,
    "6": 2.5055559405626466
  }
}