{
  "lobjval": 53228.03647423828,
  "fobjval": 32012.784026428264,
  "lz1": 49087.654837715716,
  "lz2": 4140.3816365225675,
  "best_it": 4,
  "best_E0": 2809.5703684148293,
  "best_B0": {
    "1": 629.1044755034274,
    "2": 4.954532386036394,
    "3": 209.03675317681706,
    "4": 120.79640332593996,
    "5": 488.3978800537087,
    "6": 545.3409445499366,
    "7": 321.62032443791236,
    "8": 50.47950949472819,
    "9": 907.2236892297026,
    "10": 237.22438735030954,
    "11": 210.15889274378117,
    "12": 492.6523509438498
  }
}