{
  "lobjval": 123691.491775301,
  "fobjval": 43904.92688037718,
  "lz1": 120235.26771024827,
  "lz2": 3456.224065052729,
  "best_it": 13,
  "best_E0": 5359.873293727445,
  "best_B0": {
    "1": 158.48387313665404,
    "2": 73.57718071591982,
    "3": 475.37211308043067,
    "4": 284.0638216835958,
    "5": 215.5980471013457,
    "6": 478.1381704501701,
    "7": 320.58013975394255,
    "8": 404.151492846628,
    "9": 204.59250006867117,
    "10": 429.01218014426223,
    "11": 290.6340412445999,
    "12": 282.9189476846186
  }
}