{
  "lobjval": 48419.133011646016,
  "fobjval": 200749.5472223794,
  "lz1": 46941.565614586216,
  "lz2": 1477.567397059802,
  "best_it": 12,
  "best_E0": 4980.852274162645,
  "best_B0": {
    "1": 14.11611851112427,
    "2": 140.6582386514787,
    "3": 332.22463638577585,
    "4": 334.8237738094169,
    "5": 202.59569377849456,
    "6": 155.1800799365527,
    "7": 98.8067253366352,
    "8": 262.65165370796797,
    "9": 48.35152016753787
  }
}