{
  "lobjval": 7690.052910909735,
  "fobjval": 132089.1266359551,
  "lz1": 3575.207757391853,
  "lz2": 4114.845153517882,
  "best_it": 1,
  "best_E0": 262.13793935832825,
  "best_B0": {
    "1": 122.32086234731631,
    "2": 22.374980471619434,
    "3": 93.11229754188886,
    "4": 520.0964426991923,
    "5": 950.7586511903039,
    "6": 846.9278617690172,
    "7": 128.3439638737997,
    "8": 164.31808910242506,
    "9": 193.63467994759222,
    "10": 240.19791047392496,
    "11": 413.84411685395787,
    "12": 425.6084167036222
  }
}