{
  "lobjval": 129670.06445939778,
  "fobjval": 59595.7735544403,
  "lz1": 127784.85525065333,
  "lz2": 1885.2092087444466,
  "best_it": 2,
  "best_E0": 3404.6262441047443,
  "best_B0": {
    "1": 297.96067243794573,
    "2": 335.96060079268955,
    "3": 577.4848411118047,
    "4": 195.85390341779825,
    "5": 83.3383114103034,
    "6": 106.62326772729809,
    "7": 262.1555196420056,
    "8": 206.7979603552336,
    "9": 31.157283939191586
  }
}