{
  "lobjval": 254350.78835534496,
  "fobjval": 187523.95796406304,
  "lz1": 253205.38685463724,
  "lz2": 1145.4015007077105,
  "best_it": 19,
  "best_E0": 43462.790020695946,
  "best_B0": {
    "1": 325.7337220969565,
    "2": 681.6419210506112,
    "3": 214.0155145360807
  }
}