{
  "lobjval": 6038.025128264753,
  "fobjval": 28213.452176035564,
  "lz1": 4476.212007896374,
  "lz2": 1561.8131203683793,
  "best_it": 4,
  "best_E0": 426.30590551394044,
  "best_B0": {
    "1": 143.59067632008907,
    "2": 250.00390878355182,
    "3": 251.98385205233967,
    "4": 71.700326573514,
    "5": 102.737900122347,
    "6": 138.84045809846083,
    "7": 36.71126408702525,
    "8": 48.329458389059205,
    "9": 269.8699269600095,
    "10": 86.1127411924413,
    "11": 113.3003680342481,
    "12": 70.6197712515482
  }
}