{
  "lobjval": 122252.5846742039,
  "fobjval": 45336.53526885968,
  "lz1": 121306.92101732137,
  "lz2": 945.663656882529,
  "best_it": 15,
  "best_E0": 4151.80624732412,
  "best_B0": {
    "1": 52.06784544326875,
    "2": 58.80226957329199,
    "3": 80.44363401457603,
    "4": 75.53205953254313,
    "5": 50.309809910024065,
    "6": 129.74405038421924,
    "7": 149.699901365515,
    "8": 82.62453068952405,
    "9": 221.46622099204527,
    "10": 8.796817293241995,
    "11": 68.08050807150389,
    "12": 35.6246774690136
  }
}