{
  "lobjval": 203283.41680663053,
  "fobjval": 93980.34311571726,
  "lz1": 199302.7267817866,
  "lz2": 3980.6900248439388,
  "best_it": 17,
  "best_E0": 15468.372589057499,
  "best_B0": {
    "1": 795.4873102629887,
    "2": 1067.6097124773805,
    "3": 617.4124167207177,
    "4": 1293.374796513412,
    "5": 309.3081483688996,
    "6": 135.15203357221952
  }
}