{
  "lobjval": 75686.96681173387,
  "fobjval": 64573.71253006249,
  "lz1": 74986.51744087161,
  "lz2": 700.4493708622633,
  "best_it": 18,
  "best_E0": 2483.416766348834,
  "best_B0": {
    "1": 82.89990706191612,
    "2": 140.12939456292287,
    "3": 118.83708817299996,
    "4": 32.79991873241876,
    "5": 0.40742556688947734,
    "6": 39.70627546169933,
    "7": 54.819100305509494,
    "8": 86.24644044403396,
    "9": 7.102836446563097,
    "10": 65.74951123878802,
    "11": 42.76268504579494,
    "12": 75.54204740776873
  }
}