{
  "lobjval": 37635.895094495085,
  "fobjval": 13080.994037678092,
  "lz1": 35616.63156493511,
  "lz2": 2019.2635295599778,
  "best_it": 9,
  "best_E0": 1507.5175974945644,
  "best_B0": {
    "1": 287.73895211357785,
    "2": 201.4730111355692,
    "3": 78.80757308111498,
    "4": 120.36223953591467,
    "5": 38.69173011159217,
    "6": 146.24259908912677,
    "7": 290.93635551658195,
    "8": 387.44572786846373,
    "9": 18.7251276608113,
    "10": 407.36022333668666,
    "11": 46.7132579587591,
    "12": 79.98349627192964
  }
}