{
  "lobjval": 13204.035178319697,
  "fobjval": 29156.39156767191,
  "lz1": 7364.904215872301,
  "lz2": 5839.130962447394,
  "best_it": 16,
  "best_E0": 602.4461526275909,
  "best_B0": {
    "1": 518.4229408423901,
    "2": 183.95043283133842,
    "3": 281.8908889017413,
    "4": 442.5107696711474,
    "5": 1020.0573202939236,
    "6": 492.0859134916274,
    "7": 793.4804398746534,
    "8": 120.97264734033713,
    "9": 764.0616037022489,
    "10": 232.9369608986982,
    "11": 870.9895262602286,
    "12": 155.8377722228438
  }
}