{
  "lobjval": 3941.7060325975126,
  "fobjval": 41700.553117476426,
  "lz1": 1993.3629740383894,
  "lz2": 1948.3430585591232,
  "best_it": 11,
  "best_E0": 265.7817298717835,
  "best_B0": {
    "1": 130.18108970464635,
    "2": 235.1221089627706,
    "3": 4.437558437177347,
    "4": 336.836113871507,
    "5": 430.27587148274984,
    "6": 90.63396181416499,
    "7": 460.4393987461019,
    "8": 103.21505483215662,
    "9": 174.4019007078482
  }
}