{
  "lobjval": 180696.7572914588,
  "fobjval": 45004.80516517663,
  "lz1": 179817.89707447594,
  "lz2": 878.8602169828696,
  "best_it": 29,
  "best_E0": 3771.4186911512647,
  "best_B0": {
    "1": 55.313826248279746,
    "2": 98.60867933177326,
    "3": 150.9766516261462,
    "4": 60.68016884605937,
    "5": 40.749798791228514,
    "6": 25.23290226121671,
    "7": 167.6909196140845,
    "8": 36.8849557904833,
    "9": 6.950981102878452,
    "10": 83.6461664980413,
    "11": 58.876444222030855,
    "12": 176.26727894457767
  }
}