{
  "lobjval": 1243512.1531577401,
  "fobjval": 296761.61568163824,
  "lz1": 1242322.3048789145,
  "lz2": 1189.8482788256028,
  "best_it": 21,
  "best_E0": 33597.67579931028,
  "best_B0": {
    "1": 28.17521236770847,
    "2": 148.12620217835246,
    "3": 492.6503901623828,
    "4": 203.76583835420638,
    "5": 127.88554470826605,
    "6": 261.5844025856952
  }
}