{
  "lobjval": 153125.24129406342,
  "fobjval": 122984.5887019416,
  "lz1": 151707.80330723836,
  "lz2": 1417.437986825075,
  "best_it": 17,
  "best_E0": 8195.910020454969,
  "best_B0": {
    "1": 288.2107433653439,
    "2": 257.36952979801436,
    "3": 130.38595570113003,
    "4": 340.1409716349817,
    "5": 23.535263975270798,
    "6": 450.1011956358257
  }
}