{
  "lobjval": 23855.005742883135,
  "fobjval": 116315.0,
  "lz1": 23156.0,
  "lz2": 699.0057428831358,
  "best_it": 14,
  "best_E0": 13325.01633777439,
  "best_B0": {
    "1": 234.33141579921303,
    "2": 238.850541107515,
    "3": 225.82378597640775
  }
}