{
  "lobjval": 308872.2901981127,
  "fobjval": 83924.07712836555,
  "lz1": 308081.00513917796,
  "lz2": 791.2850589347723,
  "best_it": 10,
  "best_E0": 6229.935747592311,
  "best_B0": {
    "1": 84.7618372122333,
    "2": 23.19164754631872,
    "3": 81.07050981334594,
    "4": 2.7444863827449497,
    "5": 75.4913666134004,
    "6": 180.24537728674665,
    "7": 81.7348607568393,
    "8": 282.52575696198807,
    "9": 51.13195840551718
  }
}