{
  "lobjval": 45394.64017960015,
  "fobjval": 68128.37933242232,
  "lz1": 40048.97801251,
  "lz2": 5345.66216709015,
  "best_it": 1,
  "best_E0": 2073.450062221612,
  "best_B0": {
    "1": 1200.5716914317418,
    "2": 847.6505374188664,
    "3": 538.6451183214853,
    "4": 1055.2641657783101,
    "5": 6.27097022374211,
    "6": 386.77159483862994,
    "7": 10.21768704323416,
    "8": 515.7364052054063,
    "9": 449.38543929284276,
    "10": 208.70009717549635,
    "11": 113.43006285343834,
    "12": 193.1674423334668
  }
}