{
  "lobjval": 452486.95869469026,
  "fobjval": 187156.31337332266,
  "lz1": 450153.5243518188,
  "lz2": 2333.434342871494,
  "best_it": 28,
  "best_E0": 31933.19767929639,
  "best_B0": {
    "1": 704.1109023515671,
    "2": 297.7965700038202,
    "3": 132.99107079598173,
    "4": 702.4903168465022,
    "5": 103.0846166537544,
    "6": 531.5171359661061
  }
}