{
  "lobjval": 875961.9458636906,
  "fobjval": 257648.57434773972,
  "lz1": 874634.8106418386,
  "lz2": 1327.1352218519824,
  "best_it": 9,
  "best_E0": 26986.525476772666,
  "best_B0": {
    "1": 226.0612612651729,
    "2": 639.586686077559,
    "3": 309.4935277207775,
    "4": 63.599377513789314,
    "5": 174.09320168664067,
    "6": 58.35525632877659
  }
}