{
  "lobjval": 139176.28753840388,
  "fobjval": 142971.03815580957,
  "lz1": 135946.54497440057,
  "lz2": 3229.7425640033066,
  "best_it": 15,
  "best_E0": 29304.712215368807,
  "best_B0": {
    "1": 841.5474483665699,
    "2": 792.1607685519035,
    "3": 1739.0027148404563
  }
}