{
  "lobjval": 275698.38232234854,
  "fobjval": 59918.95570435842,
  "lz1": 274233.67256928165,
  "lz2": 1464.7097530668714,
  "best_it": 25,
  "best_E0": 5876.767093493304,
  "best_B0": {
    "1": 68.57764257417058,
    "2": 179.65063712208996,
    "3": 117.38185257486032,
    "4": 34.94523568419258,
    "5": 93.20883195698126,
    "6": 99.82994371558453,
    "7": 105.80286125047776,
    "8": 241.91744456335766,
    "9": 258.3795244478039,
    "10": 108.43902894121896,
    "11": 269.89108946991416,
    "12": 10.523485660408594
  }
}