{
  "lobjval": 91123.29088281593,
  "fobjval": 52721.30504576918,
  "lz1": 87453.89762137798,
  "lz2": 3669.3932614379423,
  "best_it": 27,
  "best_E0": 6414.259475281319,
  "best_B0": {
    "1": 642.9978997848145,
    "2": 453.0499062986324,
    "3": 352.6357448146883,
    "4": 401.4471599240031,
    "5": 243.3048513606753,
    "6": 445.1420916937145,
    "7": 348.8937546770566,
    "8": 370.7182585318985,
    "9": 31.12617525810428,
    "10": 202.25895220550686,
    "11": 62.647891381946735,
    "12": 248.343128313511
  }
}