{
  "lobjval": 97685.13869450997,
  "fobjval": 26850.806200630155,
  "lz1": 96511.20268280854,
  "lz2": 1173.936011701434,
  "best_it": 19,
  "best_E0": 6536.036428896043,
  "best_B0": {
    "1": 286.7875458827086,
    "2": 142.86083492486972,
    "3": 128.58123062283093,
    "4": 351.7363078903601,
    "5": 129.73258301535634,
    "6": 209.41594096527575
  }
}