{
  "lobjval": 453390.8275620624,
  "fobjval": 185790.75749961083,
  "lz1": 452190.0255786546,
  "lz2": 1200.8019834078082,
  "best_it": 26,
  "best_E0": 14231.206032249294,
  "best_B0": {
    "1": 40.737253948968835,
    "2": 176.92073729750408,
    "3": 148.787749523859,
    "4": 251.23341970074557,
    "5": 100.00416438365191,
    "6": 233.3295871571019,
    "7": 0.4792846755707883,
    "8": 124.59712533324179,
    "9": 180.8263096999852
  }
}