{
  "lobjval": 104393.92176887889,
  "fobjval": 82021.45364589752,
  "lz1": 102976.40442273495,
  "lz2": 1417.517346143939,
  "best_it": 26,
  "best_E0": 6041.85569328861,
  "best_B0": {
    "1": 150.04525409660954,
    "2": 131.00323480096577,
    "3": 118.66936797212469,
    "4": 209.84828797462535,
    "5": 178.15620456111947,
    "6": 337.2850971195365,
    "7": 172.29360311444708,
    "8": 129.50898005384872,
    "9": 12.639207210441164
  }
}