{
  "lobjval": 104008.26966018387,
  "fobjval": 25554.262952138044,
  "lz1": 103361.09808709286,
  "lz2": 647.1715730910088,
  "best_it": 2,
  "best_E0": 2098.9941700889976,
  "best_B0": {
    "1": 33.93827571358319,
    "2": 18.595735200333703,
    "3": 21.84397569732835,
    "4": 0.6978182432946658,
    "5": 62.7020716347308,
    "6": 83.68285848824989,
    "7": 91.82324443849171,
    "8": 58.66675855657944,
    "9": 53.500787067994416,
    "10": 1.7700808614435748,
    "11": 251.69886457123982,
    "12": 41.76756802883084
  }
}