{
  "lobjval": 160026.47525500075,
  "fobjval": 77588.39471814258,
  "lz1": 159607.2885627478,
  "lz2": 419.1866922529481,
  "best_it": 3,
  "best_E0": 5817.734944082222,
  "best_B0": {
    "1": 118.28834898732151,
    "2": 125.37024768589946,
    "3": 47.72260518200674,
    "4": 5.687543572305239,
    "5": 82.60288533523541,
    "6": 68.84981313677105
  }
}