{
  "lobjval": 191711.71753569177,
  "fobjval": 58918.502480505864,
  "lz1": 187705.3988934614,
  "lz2": 4006.318642230397,
  "best_it": 1,
  "best_E0": 4528.552704092421,
  "best_B0": {
    "1": 615.3534097500301,
    "2": 77.8978870622544,
    "3": 151.22213986856949,
    "4": 756.1688456202528,
    "5": 90.19156654736565,
    "6": 276.7403331168693,
    "7": 444.7142923719529,
    "8": 1004.3532289213665,
    "9": 1.8778203786729075,
    "10": 501.5106558611015,
    "11": 23.1819041006593,
    "12": 371.1410995101319
  }
}