{
  "lobjval": 297252.5179258476,
  "fobjval": 200693.92015461932,
  "lz1": 296095.4752068013,
  "lz2": 1157.04271904631,
  "best_it": 4,
  "best_E0": 53026.19768071029,
  "best_B0": {
    "1": 619.3838675276813,
    "2": 207.53189429061982,
    "3": 353.10569436759556
  }
}