{
  "lobjval": 105021.6451974351,
  "fobjval": 33733.99151291458,
  "lz1": 103904.01674055187,
  "lz2": 1117.6284568832243,
  "best_it": 20,
  "best_E0": 9612.221331426888,
  "best_B0": {
    "1": 333.6018802736736,
    "2": 272.2730772190111,
    "3": 128.14303789083783,
    "4": 83.37125162146062,
    "5": 183.87585451398346,
    "6": 188.21473811754726
  }
}