{
  "lobjval": 635465.670840824,
  "fobjval": 177779.0488657165,
  "lz1": 634261.945464835,
  "lz2": 1203.7253759890027,
  "best_it": 11,
  "best_E0": 12874.35501850428,
  "best_B0": {
    "1": 29.24654671019049,
    "2": 297.308143002377,
    "3": 177.60629807413775,
    "4": 312.3945090061157,
    "5": 87.96813227492135,
    "6": 272.2579839000267,
    "7": 83.92691232977388,
    "8": 43.4591520916592,
    "9": 29.31789733805922
  }
}