{
  "lobjval": 268968.0848366217,
  "fobjval": 175557.5885179967,
  "lz1": 268502.8683463933,
  "lz2": 465.2164902284087,
  "best_it": 1,
  "best_E0": 25629.216639030583,
  "best_B0": {
    "1": 161.56414115285793,
    "2": 146.9089226014142,
    "3": 167.64605588448194
  }
}