{
  "lobjval": 42198.21551267527,
  "fobjval": 70600.19772567076,
  "lz1": 39620.870454827644,
  "lz2": 2577.345057847627,
  "best_it": 6,
  "best_E0": 1689.1292174369537,
  "best_B0": {
    "1": 140.34312402983838,
    "2": 183.87178662161236,
    "3": 56.76107355443259,
    "4": 304.17365084973454,
    "5": 45.589765431189186,
    "6": 399.23220931122574,
    "7": 29.558239116858605,
    "8": 188.70004688800267,
    "9": 523.3719876146147,
    "10": 62.660638684213744,
    "11": 5.695148810730825,
    "12": 687.1281488569971
  }
}