{
  "lobjval": 1787029.5705337282,
  "fobjval": 23716.865414543652,
  "lz1": 18338.572933333337,
  "lz2": 1768690.997600395,
  "best_it": 1,
  "best_B0": {
    "1": 484273.72277531336,
    "2": 155400.76738292587,
    "3": 45627.02461557151,
    "4": 50571.83249913728,
    "5": 236358.060769794,
    "6": 45939.50766134975,
    "7": 84070.31639375571,
    "8": 140768.5578735196,
    "9": 12409.688083583023,
    "10": 515882.7195454449
  }
}