{
  "lobjval": 62801.812855507334,
  "fobjval": 22028.685682362928,
  "lz1": 59462.86215937748,
  "lz2": 3338.950696129851,
  "best_it": 15,
  "best_E0": 2221.0676151563525,
  "best_B0": {
    "1": 168.28697208011863,
    "2": 628.0625656504059,
    "3": 700.4428726453827,
    "4": 209.72456749959147,
    "5": 232.4196229441763,
    "6": 327.5518379690111,
    "7": 312.13116947848573,
    "8": 55.718961471951324,
    "9": 135.81178015714423,
    "10": 348.6620171887039,
    "11": 94.87283400721154,
    "12": 304.1222150519078
  }
}