{
  "lobjval": 118484.59736794943,
  "fobjval": 145854.57435844606,
  "lz1": 112000.47844029368,
  "lz2": 6484.118927655758,
  "best_it": 3,
  "best_E0": 2443.0989398013708,
  "best_B0": {
    "1": 37.781934616568584,
    "2": 1031.7310484378847,
    "3": 511.4517805558213,
    "4": 836.4286715430526,
    "5": 456.1329080417948,
    "6": 166.44095761557872,
    "7": 566.6135828393627,
    "8": 661.9489962918481,
    "9": 554.16477216661,
    "10": 884.7180896534436,
    "11": 456.3557272960075,
    "12": 583.2899921823865
  }
}