{
  "lobjval": 41409.26442667641,
  "fobjval": 172280.05412038538,
  "lz1": 40851.22182021975,
  "lz2": 558.0426064566606,
  "best_it": 18,
  "best_E0": 10474.319480745875,
  "best_B0": {
    "1": 148.98387790974417,
    "2": 370.2433861115866,
    "3": 63.68920546118686
  }
}