{
  "lobjval": 17308.43013390439,
  "fobjval": 202619.36227022027,
  "lz1": 10150.578023419086,
  "lz2": 7157.852110485304,
  "best_it": 8,
  "best_E0": 1780.8031620033482,
  "best_B0": {
    "1": 247.1161869237306,
    "2": 953.7558501151676,
    "3": 948.6127473517568,
    "4": 178.8362833854778,
    "5": 2217.0948581810635,
    "6": 1977.1996117783954,
    "7": 96.21396877263646,
    "8": 233.51377840687482,
    "9": 348.7637598425876
  }
}