{
  "lobjval": 53982.18908506111,
  "fobjval": 89346.00187386913,
  "lz1": 53556.7871226747,
  "lz2": 425.4019623864089,
  "best_it": 9,
  "best_E0": 2378.5924992472055,
  "best_B0": {
    "1": 175.84464949658755,
    "2": 97.58473757744939,
    "3": 57.81615018976414,
    "4": 40.540021632556474,
    "5": 47.146252075082536,
    "6": 34.24597546401488
  }
}