{
  "lobjval": 116082.35360268112,
  "fobjval": 52569.71536973699,
  "lz1": 112822.68843824997,
  "lz2": 3259.665164431146,
  "best_it": 22,
  "best_E0": 8435.064261640819,
  "best_B0": {
    "1": 407.06284658617324,
    "2": 316.55605047178153,
    "3": 279.2684894381482,
    "4": 606.6063926625031,
    "5": 567.0629457465685,
    "6": 233.78667482571115,
    "7": 395.6381883782093,
    "8": 64.05576279997342,
    "9": 582.871459105964
  }
}