{
  "lobjval": 197167.3017783487,
  "fobjval": 117589.18940973585,
  "lz1": 196489.82613932336,
  "lz2": 677.4756390253277,
  "best_it": 1,
  "best_E0": 16109.391609189719,
  "best_B0": {
    "1": 109.19658011122901,
    "2": 281.30897715253167,
    "3": 335.28984649009107
  }
}