{
  "lobjval": 138539.3866355117,
  "fobjval": 30339.174940996294,
  "lz1": 136398.43482732514,
  "lz2": 2140.951808186582,
  "best_it": 24,
  "best_E0": 5975.734204836855,
  "best_B0": {
    "1": 106.93103071351487,
    "2": 283.6797578268591,
    "3": 259.5657299728482,
    "4": 143.46107615990596,
    "5": 73.22057059327759,
    "6": 327.3335883868,
    "7": 190.5316011789478,
    "8": 99.9547900884471,
    "9": 333.80580046270285,
    "10": 239.8675366592779,
    "11": 156.33747297470612,
    "12": 57.95205848767637
  }
}