{
  "lobjval": 153934.90690611236,
  "fobjval": 62239.99999999999,
  "lz1": 151193.7218969894,
  "lz2": 2741.1850091229585,
  "best_it": 2,
  "best_E0": 23667.697413561997,
  "best_B0": {
    "1": 444.20201524852587,
    "2": 461.57823389222625,
    "3": 202.95233410163257,
    "4": 610.4296626119299,
    "5": 836.5787125950977,
    "6": 393.60171561679624
  }
}