{
  "lobjval": 67320.4601428234,
  "fobjval": 32487.896146013758,
  "lz1": 62267.59069148632,
  "lz2": 5052.869451337076,
  "best_it": 1,
  "best_E0": 2435.7978199993336,
  "best_B0": {
    "1": 612.9335927696972,
    "2": 321.772943251188,
    "3": 161.4656472977574,
    "4": 196.3121321516943,
    "5": 249.35529588435858,
    "6": 387.19294413408153,
    "7": 348.71023639731965,
    "8": 380.46360735675296,
    "9": 30.66190525711224,
    "10": 520.8348322829677,
    "11": 197.06981952145603,
    "12": 1783.6391330606643
  }
}