{
  "lobjval": 91055.34390687419,
  "fobjval": 34987.716763837685,
  "lz1": 89311.91224965661,
  "lz2": 1743.431657217581,
  "best_it": 2,
  "best_E0": 3418.8101008283443,
  "best_B0": {
    "1": 324.93449723237063,
    "2": 124.61865775867577,
    "3": 369.1230764217566,
    "4": 150.2291414084825,
    "5": 266.23606720693067,
    "6": 260.46050261517956,
    "7": 162.58520045884697,
    "8": 174.5536742745772,
    "9": 12.612654652009434
  }
}