{
  "lobjval": 4789.114937366937,
  "fobjval": 75056.0,
  "lz1": 0.0,
  "lz2": 4789.114937366937,
  "best_it": 9,
  "best_E0": 1210.068931302052,
  "best_B0": {
    "1": 415.7548219887086,
    "2": 290.88002884800085,
    "3": 257.1893940834967,
    "4": 365.81035196771614,
    "5": 385.3493854996577,
    "6": 4.159159277635872,
    "7": 541.918431519352,
    "8": 288.7943837819478,
    "9": 256.04382067824037,
    "10": 1183.4859126425758,
    "11": 552.9109692290151,
    "12": 246.81827785058942
  }
}