{
  "lobjval": 78754.01515150133,
  "fobjval": 31985.065777060197,
  "lz1": 76910.45422967573,
  "lz2": 1843.5609218255972,
  "best_it": 15,
  "best_E0": 7517.617775666655,
  "best_B0": {
    "1": 207.69227970200154,
    "2": 419.7088635326144,
    "3": 232.29063587553142,
    "4": 287.989501890548,
    "5": 215.0565146842069,
    "6": 85.54088505017494,
    "7": 235.8472267194084,
    "8": 69.29514185461564,
    "9": 183.16096468492935
  }
}