{
  "lobjval": 13087.19004579963,
  "fobjval": 147479.9274674091,
  "lz1": 7017.920513060613,
  "lz2": 6069.269532739017,
  "best_it": 2,
  "best_E0": 396.49268435370703,
  "best_B0": {
    "1": 543.0573206082024,
    "2": 543.3167550813963,
    "3": 1003.8946704638042,
    "4": 600.9415298782724,
    "5": 325.45681081840536,
    "6": 645.7537868092321,
    "7": 962.1346960301754,
    "8": 192.10548117641304,
    "9": 595.8153092381069,
    "10": 516.1626477310174,
    "11": 91.01516287493595,
    "12": 82.32600848833877
  }
}