{
  "lobjval": 119091.26659092694,
  "fobjval": 143878.49961047084,
  "lz1": 117815.1141358991,
  "lz2": 1276.1524550278411,
  "best_it": 23,
  "best_E0": 8175.793934342945,
  "best_B0": {
    "1": 222.14984288232074,
    "2": 270.7467168702666,
    "3": 230.73387865702648,
    "4": 138.4118239315433,
    "5": 215.52567195880718,
    "6": 235.64378779182886
  }
}