{
  "lobjval": 194635.654471853,
  "fobjval": 99043.15572764355,
  "lz1": 193626.2007564903,
  "lz2": 1009.453715362688,
  "best_it": 4,
  "best_E0": 15753.84210313384,
  "best_B0": {
    "1": 213.88960353295045,
    "2": 124.73811678466201,
    "3": 40.98753805867567,
    "4": 375.36674912542543,
    "5": 176.38305840343133,
    "6": 124.31429418925836
  }
}