S,F,T,B,D,Z1,Z2,ObjVal,time,GAP
12,12,10,1214,"{1: np.int64(434), 2: np.int64(454), 3: np.int64(397), 4: np.int64(370), 5: np.int64(390), 6: np.int64(453), 7: np.int64(388), 8: np.int64(397), 9: np.int64(406), 10: np.int64(406)}",31806.0,16380.0,48186.0,4.914391994476318,1.6217455404274903e-05
12,12,10,1214,"{1: np.int64(434), 2: np.int64(454), 3: np.int64(397), 4: np.int64(370), 5: np.int64(390), 6: np.int64(453), 7: np.int64(388), 8: np.int64(397), 9: np.int64(406), 10: np.int64(406)}",31806.0,16380.0,48186.0,5.130596876144409,1.6217455404274903e-05
