S,F,T,B,D,Z1,Z2,ObjVal,time,GAP
3,3,5,3064,"{1: np.int64(2002), 2: np.int64(2308), 3: np.int64(2206), 4: np.int64(2249), 5: np.int64(2607)}",89453.68900244603,50771.21282744409,140224.90182989012,0.05049014091491699,0.0
3,3,5,3064,"{1: np.int64(2002), 2: np.int64(2308), 3: np.int64(2206), 4: np.int64(2249), 5: np.int64(2607)}",89453.68900244603,50771.21282744409,140224.90182989012,0.04905390739440918,0.0
