S,F,T,B,D,Z1,Z2,ObjVal,time,GAP
12,12,10,1280,"{1: np.int64(467), 2: np.int64(434), 3: np.int64(400), 4: np.int64(421), 5: np.int64(380), 6: np.int64(427), 7: np.int64(355), 8: np.int64(373), 9: np.int64(395), 10: np.int64(452)}",25096.772743862573,16415.99999999989,41512.77274386247,95.42531704902649,6.753914120248844e-05
