S,F,T,B,D,Z1,Z2,ObjVal,time,GAP
6,6,10,1659,"{1: np.int64(1060), 2: np.int64(1134), 3: np.int64(1205), 4: np.int64(1046), 5: np.int64(1006), 6: np.int64(1295), 7: np.int64(1101), 8: np.int64(1327), 9: np.int64(1305), 10: np.int64(1123)}",69797.57107366686,46408.00000000002,116205.57107366686,100.03002715110779,0.1603417771167453
6,6,10,1659,"{1: np.int64(1060), 2: np.int64(1134), 3: np.int64(1205), 4: np.int64(1046), 5: np.int64(1006), 6: np.int64(1295), 7: np.int64(1101), 8: np.int64(1327), 9: np.int64(1305), 10: np.int64(1123)}",69797.57107366686,46408.00000000002,116205.57107366686,100.0387978553772,0.1603417771167453
