S,F,T,B,D,Z1,Z2,ObjVal,time,GAP
12,12,15,414,"{1: np.int64(246), 2: np.int64(262), 3: np.int64(287), 4: np.int64(281), 5: np.int64(271), 6: np.int64(218), 7: np.int64(258), 8: np.int64(248), 9: np.int64(259), 10: np.int64(275), 11: np.int64(230), 12: np.int64(267), 13: np.int64(221), 14: np.int64(229), 15: np.int64(272)}",27941.092563607755,15295.999999999525,43237.09256360729,1.3475408554077148,0.0
