S,F,T,B,D,Z1,Z2,ObjVal,time,GAP
9,9,5,3653,"{1: np.int64(835), 2: np.int64(856), 3: np.int64(815), 4: np.int64(782), 5: np.int64(728)}",24253.20785286353,16064.0,40317.20785286353,100.0105528831482,0.10799046045829841
9,9,5,3653,"{1: np.int64(835), 2: np.int64(856), 3: np.int64(815), 4: np.int64(782), 5: np.int64(728)}",24253.20785286353,16064.0,40317.20785286353,100.01017689704895,0.10807488081241746
