S,F,T,B,D,Z1,Z2,ObjVal,time,GAP
3,3,5,3533,"{1: np.int64(2186), 2: np.int64(2115), 3: np.int64(2114), 4: np.int64(2412), 5: np.int64(2442)}",107520.0,50246.0,157766.0,0.00900411605834961,0.0
3,3,5,3533,"{1: np.int64(2186), 2: np.int64(2115), 3: np.int64(2114), 4: np.int64(2412), 5: np.int64(2442)}",107520.0,50246.0,157766.0,0.00890493392944336,0.0
