S,F,T,B,D,Z1,Z2,ObjVal,time,GAP
3,3,10,2411,"{1: np.int64(3024), 2: np.int64(3400), 3: np.int64(3071), 4: np.int64(3800), 5: np.int64(3636), 6: np.int64(3281), 7: np.int64(2913), 8: np.int64(3153), 9: np.int64(3341), 10: np.int64(3766)}",259330.0,133540.0,392870.0,0.0115509033203125,0.0
3,3,10,2411,"{1: np.int64(3024), 2: np.int64(3400), 3: np.int64(3071), 4: np.int64(3800), 5: np.int64(3636), 6: np.int64(3281), 7: np.int64(2913), 8: np.int64(3153), 9: np.int64(3341), 10: np.int64(3766)}",259330.0,133540.0,392870.0,0.011497974395751953,0.0
