S,F,T,B,D,Z1,Z2,ObjVal,time,GAP
12,12,5,2508,"{1: np.int64(437), 2: np.int64(359), 3: np.int64(466), 4: np.int64(370), 5: np.int64(475)}",15696.999996968902,8428.0,24124.9999969689,0.7035369873046875,0.0
12,12,5,2508,"{1: np.int64(437), 2: np.int64(359), 3: np.int64(466), 4: np.int64(370), 5: np.int64(475)}",15696.999996968902,8428.0,24124.9999969689,0.7168369293212891,0.0
