S,F,T,B,D,Z1,Z2,ObjVal,time,GAP
12,12,10,1439,"{1: np.int64(610), 2: np.int64(543), 3: np.int64(535), 4: np.int64(649), 5: np.int64(514), 6: np.int64(587), 7: np.int64(645), 8: np.int64(538), 9: np.int64(532), 10: np.int64(649)}",42794.54745761122,23207.99999999978,66002.54745761101,4.753733158111572,0.0
