S,F,T,B,D,Z1,Z2,ObjVal,time,GAP
3,3,5,1363,"{1: np.int64(857), 2: np.int64(1012), 3: np.int64(1131), 4: np.int64(964), 5: np.int64(914)}",35344.0,23837.0,59181.0,0.0450749397277832,0.0
3,3,5,1363,"{1: np.int64(857), 2: np.int64(1012), 3: np.int64(1131), 4: np.int64(964), 5: np.int64(914)}",35344.0,23837.0,59181.0,0.06165194511413574,0.0
3,3,5,1363,"{1: np.int64(857), 2: np.int64(1012), 3: np.int64(1131), 4: np.int64(964), 5: np.int64(914)}",35344.0,23837.0,59181.0,0.045056819915771484,0.0
