S,F,T,B,D,Z1,Z2,ObjVal,time,GAP
12,12,5,2708,"{1: np.int64(384), 2: np.int64(460), 3: np.int64(398), 4: np.int64(450), 5: np.int64(477)}",15171.0,8676.0,23847.0,1.6466801166534424,1.4561373637644316e-12
12,12,5,2708,"{1: np.int64(384), 2: np.int64(460), 3: np.int64(398), 4: np.int64(450), 5: np.int64(477)}",15171.0,8676.0,23847.0,1.6487360000610352,1.4561373637644316e-12
