S,F,T,B,D,Z1,Z2,ObjVal,time,GAP
6,6,10,1061,"{1: np.int64(864), 2: np.int64(783), 3: np.int64(835), 4: np.int64(804), 5: np.int64(796), 6: np.int64(854), 7: np.int64(854), 8: np.int64(934), 9: np.int64(878), 10: np.int64(940)}",64525.78403815759,34168.00000000083,98693.78403815842,1.3385679721832275,0.0
6,6,10,1061,"{1: np.int64(864), 2: np.int64(783), 3: np.int64(835), 4: np.int64(804), 5: np.int64(796), 6: np.int64(854), 7: np.int64(854), 8: np.int64(934), 9: np.int64(878), 10: np.int64(940)}",64525.78403815759,34168.00000000083,98693.78403815842,1.3194029331207275,0.0
