S,F,T,B,D,Z1,Z2,ObjVal,time,GAP
12,12,5,4377,"{1: np.int64(780), 2: np.int64(949), 3: np.int64(902), 4: np.int64(810), 5: np.int64(944)}",30262.443150395175,17539.99999999975,47802.44315039492,1.1696088314056396,0.0
12,12,5,4377,"{1: np.int64(780), 2: np.int64(949), 3: np.int64(902), 4: np.int64(810), 5: np.int64(944)}",30262.443150395175,17539.99999999975,47802.44315039492,1.173705816268921,0.0
