S,F,T,B,D,Z1,Z2,ObjVal,time,GAP
6,6,10,666,"{1: np.int64(478), 2: np.int64(572), 3: np.int64(569), 4: np.int64(449), 5: np.int64(538), 6: np.int64(532), 7: np.int64(494), 8: np.int64(504), 9: np.int64(498), 10: np.int64(563)}",39456.84275176416,20788.0,60244.84275176416,0.24685192108154297,0.0
6,6,10,666,"{1: np.int64(478), 2: np.int64(572), 3: np.int64(569), 4: np.int64(449), 5: np.int64(538), 6: np.int64(532), 7: np.int64(494), 8: np.int64(504), 9: np.int64(498), 10: np.int64(563)}",39456.84275176416,20788.0,60244.84275176416,0.2466449737548828,0.0
