S,F,T,B,D,Z1,Z2,ObjVal,time,GAP
12,12,5,2034,"{1: np.int64(378), 2: np.int64(405), 3: np.int64(430), 4: np.int64(373), 5: np.int64(359)}",12597.955183833024,7779.999999998972,20377.955183831997,1.9548521041870117,0.0
12,12,5,2034,"{1: np.int64(378), 2: np.int64(405), 3: np.int64(430), 4: np.int64(373), 5: np.int64(359)}",12597.955183833024,7779.999999998972,20377.955183831997,1.9416429996490479,0.0
