S,F,T,B,D,Z1,Z2,ObjVal,time,GAP
12,12,10,1832,"{1: np.int64(583), 2: np.int64(551), 3: np.int64(550), 4: np.int64(557), 5: np.int64(609), 6: np.int64(598), 7: np.int64(558), 8: np.int64(529), 9: np.int64(553), 10: np.int64(517)}",44727.999965717885,22419.99999807066,67147.99996378856,26.935115098953247,0.0
