S,F,T,B,D,Z1,Z2,ObjVal,time,GAP
9,9,10,672,"{1: np.int64(300), 2: np.int64(338), 3: np.int64(353), 4: np.int64(350), 5: np.int64(320), 6: np.int64(327), 7: np.int64(334), 8: np.int64(361), 9: np.int64(335), 10: np.int64(322)}",27332.9514368902,13359.999998532687,40692.95143542289,3.638723134994507,0.0
9,9,10,672,"{1: np.int64(300), 2: np.int64(338), 3: np.int64(353), 4: np.int64(350), 5: np.int64(320), 6: np.int64(327), 7: np.int64(334), 8: np.int64(361), 9: np.int64(335), 10: np.int64(322)}",27332.9514368902,13359.999998532687,40692.95143542289,3.6165099143981934,0.0
