S,F,T,B,D,Z1,Z2,ObjVal,time,GAP
3,3,5,2286,"{1: np.int64(1819), 2: np.int64(1816), 3: np.int64(1513), 4: np.int64(1571), 5: np.int64(1730)}",71806.0,33828.0,105634.0,0.0038220882415771484,0.0
3,3,5,2286,"{1: np.int64(1819), 2: np.int64(1816), 3: np.int64(1513), 4: np.int64(1571), 5: np.int64(1730)}",71806.0,33828.0,105634.0,0.003328084945678711,0.0
