S,F,T,B,D,Z1,Z2,ObjVal,time,GAP
12,12,15,414,"{1: np.int64(246), 2: np.int64(262), 3: np.int64(287), 4: np.int64(281), 5: np.int64(271), 6: np.int64(218), 7: np.int64(258), 8: np.int64(248), 9: np.int64(259), 10: np.int64(275), 11: np.int64(230), 12: np.int64(267), 13: np.int64(221), 14: np.int64(229), 15: np.int64(272)}",27437.64960948344,15295.999999980897,42733.64960946434,16.794342041015625,0.0
