S,F,T,B,D,Z1,Z2,ObjVal,time,GAP
12,12,5,2181,"{1: np.int64(390), 2: np.int64(474), 3: np.int64(451), 4: np.int64(405), 5: np.int64(472)}",15739.894446792641,8767.999999998716,24507.894446791353,1.5992920398712158,0.0
12,12,5,2181,"{1: np.int64(390), 2: np.int64(474), 3: np.int64(451), 4: np.int64(405), 5: np.int64(472)}",15739.894446792641,8767.999999998716,24507.894446791353,1.610502004623413,0.0
