S,F,T,B,D,Z1,Z2,ObjVal,time,GAP
12,12,10,727,"{1: np.int64(260), 2: np.int64(272), 3: np.int64(238), 4: np.int64(222), 5: np.int64(234), 6: np.int64(272), 7: np.int64(232), 8: np.int64(238), 9: np.int64(243), 10: np.int64(243)}",19089.0,9816.0,28905.0,9.602081060409546,7.857146162749231e-05
12,12,10,727,"{1: np.int64(260), 2: np.int64(272), 3: np.int64(238), 4: np.int64(222), 5: np.int64(234), 6: np.int64(272), 7: np.int64(232), 8: np.int64(238), 9: np.int64(243), 10: np.int64(243)}",19089.0,9816.0,28905.0,9.771864891052246,7.857146162749231e-05
