S,F,T,B,D,Z1,Z2,ObjVal,time,GAP
12,12,5,5361,"{1: np.int64(862), 2: np.int64(903), 3: np.int64(802), 4: np.int64(851), 5: np.int64(764)}",31017.0,16728.0,47745.0,1.9452710151672363,0.0
12,12,5,5361,"{1: np.int64(862), 2: np.int64(903), 3: np.int64(802), 4: np.int64(851), 5: np.int64(764)}",31017.0,16728.0,47745.0,1.9806089401245117,0.0
