S,F,T,B,D,Z1,Z2,ObjVal,time,GAP
12,12,15,744,"{1: np.int64(390), 2: np.int64(474), 3: np.int64(451), 4: np.int64(405), 5: np.int64(472), 6: np.int64(431), 7: np.int64(456), 8: np.int64(390), 9: np.int64(378), 10: np.int64(409), 11: np.int64(371), 12: np.int64(401), 13: np.int64(474), 14: np.int64(395), 15: np.int64(355)}",47305.99999979792,25007.999999999996,72313.99999979792,0.7284150123596191,0.0
