S,F,T,B,D,Z1,Z2,ObjVal,time,GAP
9,9,5,1493,"{1: np.int64(285), 2: np.int64(325), 3: np.int64(293), 4: np.int64(309), 5: np.int64(305)}",12679.999983763266,6068.000000001568,18747.999983764836,3.3859920501708984,1.0252342753963694e-05
9,9,5,1493,"{1: np.int64(285), 2: np.int64(325), 3: np.int64(293), 4: np.int64(309), 5: np.int64(305)}",12679.999983763266,6068.000000001568,18747.999983764836,3.4353930950164795,1.0252342753963694e-05
