S,F,T,B,D,Z1,Z2,ObjVal,time,GAP
12,12,5,3061,"{1: np.int64(546), 2: np.int64(664), 3: np.int64(631), 4: np.int64(567), 5: np.int64(660)}",22229.580563276988,12272.000000000002,34501.58056327699,1.4524149894714355,0.0
12,12,5,3061,"{1: np.int64(546), 2: np.int64(664), 3: np.int64(631), 4: np.int64(567), 5: np.int64(660)}",22229.580563276988,12272.000000000002,34501.58056327699,1.4513928890228271,0.0
