S,F,T,B,D,Z1,Z2,ObjVal,time,GAP
3,3,15,871,"{1: np.int64(1499), 2: np.int64(1870), 3: np.int64(1550), 4: np.int64(1872), 5: np.int64(1571), 6: np.int64(1895), 7: np.int64(1769), 8: np.int64(1668), 9: np.int64(1675), 10: np.int64(1742), 11: np.int64(1710), 12: np.int64(1572), 13: np.int64(1520), 14: np.int64(1672), 15: np.int64(1883)}",187574.3557617901,111415.48648740446,298989.8422491945,0.3618769645690918,0.0
3,3,15,871,"{1: np.int64(1499), 2: np.int64(1870), 3: np.int64(1550), 4: np.int64(1872), 5: np.int64(1571), 6: np.int64(1895), 7: np.int64(1769), 8: np.int64(1668), 9: np.int64(1675), 10: np.int64(1742), 11: np.int64(1710), 12: np.int64(1572), 13: np.int64(1520), 14: np.int64(1672), 15: np.int64(1883)}",187574.3557617901,111415.48648740446,298989.8422491945,0.36595678329467773,0.0
