S,F,T,B,D,Z1,Z2,ObjVal,time,GAP
6,6,10,2373,"{1: np.int64(1515), 2: np.int64(1620), 3: np.int64(1721), 4: np.int64(1494), 5: np.int64(1437), 6: np.int64(1850), 7: np.int64(1573), 8: np.int64(1895), 9: np.int64(1864), 10: np.int64(1605)}",99704.38055911682,66296.0,166000.3805591168,100.02486395835876,0.1846961378900656
6,6,10,2373,"{1: np.int64(1515), 2: np.int64(1620), 3: np.int64(1721), 4: np.int64(1494), 5: np.int64(1437), 6: np.int64(1850), 7: np.int64(1573), 8: np.int64(1895), 9: np.int64(1864), 10: np.int64(1605)}",99704.38055911682,66296.0,166000.3805591168,100.0314371585846,0.1846961378900656
