S,F,T,B,D,Z1,Z2,ObjVal,time,GAP
9,9,5,2929,"{1: np.int64(728), 2: np.int64(705), 3: np.int64(704), 4: np.int64(804), 5: np.int64(814)}",27622.252387522454,15019.999999994488,42642.25238751694,1.6499531269073486,0.0
9,9,5,2929,"{1: np.int64(728), 2: np.int64(705), 3: np.int64(704), 4: np.int64(804), 5: np.int64(814)}",27622.252387522454,15019.999999994488,42642.25238751694,1.664867877960205,0.0
