S,F,T,B,D,Z1,Z2,ObjVal,time,GAP
6,6,5,1588,"{1: np.int64(437), 2: np.int64(427), 3: np.int64(427), 4: np.int64(538), 5: np.int64(462)}",18847.0,9164.0,28011.0,0.05199313163757324,0.0
6,6,5,1588,"{1: np.int64(437), 2: np.int64(427), 3: np.int64(427), 4: np.int64(538), 5: np.int64(462)}",18847.0,9164.0,28011.0,0.05204200744628906,0.0
