S,F,T,B,D,Z1,Z2,ObjVal,time,GAP
6,6,5,1321,"{1: np.int64(521), 2: np.int64(452), 3: np.int64(573), 4: np.int64(553), 5: np.int64(443)}",19095.785434946836,10168.0,29263.785434946833,0.5471389293670654,0.0
6,6,5,1321,"{1: np.int64(521), 2: np.int64(452), 3: np.int64(573), 4: np.int64(553), 5: np.int64(443)}",19095.785434946836,10168.0,29263.785434946833,0.5399110317230225,0.0
