S,F,T,B,D,Z1,Z2,ObjVal,time,GAP
12,12,15,852,"{1: np.int64(416), 2: np.int64(393), 3: np.int64(393), 4: np.int64(398), 5: np.int64(435), 6: np.int64(427), 7: np.int64(399), 8: np.int64(378), 9: np.int64(395), 10: np.int64(369), 11: np.int64(423), 12: np.int64(443), 13: np.int64(401), 14: np.int64(364), 15: np.int64(376)}",37644.12805700207,24039.999999995995,61684.12805699807,100.03623008728027,0.021183526243413763
