S,F,T,B,D,Z1,Z2,ObjVal,time,GAP
12,12,5,5034,"{1: np.int64(875), 2: np.int64(719), 3: np.int64(933), 4: np.int64(740), 5: np.int64(950)}",31098.064034574105,16868.0,47966.064034574105,7.393628835678101,0.0
12,12,5,5034,"{1: np.int64(875), 2: np.int64(719), 3: np.int64(933), 4: np.int64(740), 5: np.int64(950)}",31098.064034574105,16868.0,47966.064034574105,7.496783971786499,0.0
