S,F,T,B,D,Z1,Z2,ObjVal,time,GAP
12,12,5,2884,"{1: np.int64(610), 2: np.int64(543), 3: np.int64(535), 4: np.int64(649), 5: np.int64(514)}",20661.647825072767,11403.99999999958,32065.647825072345,8.173450946807861,0.0
12,12,5,2884,"{1: np.int64(610), 2: np.int64(543), 3: np.int64(535), 4: np.int64(649), 5: np.int64(514)}",20661.647825072767,11403.99999999958,32065.647825072345,8.238574981689453,0.0
