S,F,T,B,D,Z1,Z2,ObjVal,time,GAP
9,9,5,5432,"{1: np.int64(1237), 2: np.int64(1127), 3: np.int64(1237), 4: np.int64(1011), 5: np.int64(1168)}",44034.0,23120.0,67154.0,1.9854228496551514,0.0
9,9,5,5432,"{1: np.int64(1237), 2: np.int64(1127), 3: np.int64(1237), 4: np.int64(1011), 5: np.int64(1168)}",44034.0,23120.0,67154.0,1.9871838092803955,0.0
