S,F,T,B,D,Z1,Z2,ObjVal,time,GAP
3,3,5,5067,"{1: np.int64(3687), 2: np.int64(3823), 3: np.int64(2921), 4: np.int64(3633), 5: np.int64(3243)}",136943.0,69697.0,206640.0,0.005656003952026367,0.0
3,3,5,5067,"{1: np.int64(3687), 2: np.int64(3823), 3: np.int64(2921), 4: np.int64(3633), 5: np.int64(3243)}",136943.0,69697.0,206640.0,0.005099773406982422,0.0
