S,F,T,B,D,Z1,Z2,ObjVal,time,GAP
3,3,15,1160,"{1: np.int64(2117), 2: np.int64(2380), 3: np.int64(2150), 4: np.int64(2660), 5: np.int64(2545), 6: np.int64(2296), 7: np.int64(2039), 8: np.int64(2207), 9: np.int64(2338), 10: np.int64(2636), 11: np.int64(2059), 12: np.int64(2369), 13: np.int64(2477), 14: np.int64(2366), 15: np.int64(2553)}",269028.0,140832.0,409860.0,0.009668111801147461,0.0
3,3,15,1160,"{1: np.int64(2117), 2: np.int64(2380), 3: np.int64(2150), 4: np.int64(2660), 5: np.int64(2545), 6: np.int64(2296), 7: np.int64(2039), 8: np.int64(2207), 9: np.int64(2338), 10: np.int64(2636), 11: np.int64(2059), 12: np.int64(2369), 13: np.int64(2477), 14: np.int64(2366), 15: np.int64(2553)}",269028.0,140832.0,409860.0,0.009743213653564453,0.0
