S,F,T,B,D,Z1,Z2,ObjVal,time,GAP
3,3,5,4547,"{1: np.int64(2858), 2: np.int64(3374), 3: np.int64(3772), 4: np.int64(3214), 5: np.int64(3049)}",117898.74174748693,79471.12912625654,197369.87087374346,0.05673718452453613,0.0
3,3,5,4547,"{1: np.int64(2858), 2: np.int64(3374), 3: np.int64(3772), 4: np.int64(3214), 5: np.int64(3049)}",117898.74174748693,79471.12912625654,197369.87087374346,0.05914497375488281,0.0
