S,F,T,B,D,Z1,Z2,ObjVal,time,GAP
12,12,10,2033,"{1: np.int64(757), 2: np.int64(810), 3: np.int64(860), 4: np.int64(747), 5: np.int64(718), 6: np.int64(925), 7: np.int64(786), 8: np.int64(947), 9: np.int64(932), 10: np.int64(802)}",56007.57976668109,33135.9999999978,89143.57976667889,9.109786987304688,0.0
