S,F,T,B,D,Z1,Z2,ObjVal,time,GAP
9,9,5,5432,"{1: np.int64(1237), 2: np.int64(1127), 3: np.int64(1237), 4: np.int64(1011), 5: np.int64(1168)}",44294.0,23120.0,67414.0,0.0322270393371582,0.0
9,9,5,5432,"{1: np.int64(1237), 2: np.int64(1127), 3: np.int64(1237), 4: np.int64(1011), 5: np.int64(1168)}",44294.0,23120.0,67414.0,0.032362937927246094,0.0
