S,F,T,B,D,Z1,Z2,ObjVal,time,GAP
9,9,10,617,"{1: np.int64(368), 2: np.int64(382), 3: np.int64(292), 4: np.int64(363), 5: np.int64(324), 6: np.int64(298), 7: np.int64(312), 8: np.int64(360), 9: np.int64(370), 10: np.int64(287)}",22746.824427162606,13423.99999999358,36170.82442715619,4.195267200469971,0.0
9,9,10,617,"{1: np.int64(368), 2: np.int64(382), 3: np.int64(292), 4: np.int64(363), 5: np.int64(324), 6: np.int64(298), 7: np.int64(312), 8: np.int64(360), 9: np.int64(370), 10: np.int64(287)}",22746.824427162606,13423.99999999358,36170.82442715619,4.284111022949219,0.0
