S,F,T,B,D,Z1,Z2,ObjVal,time,GAP
6,6,5,5436,"{1: np.int64(1621), 2: np.int64(1435), 3: np.int64(1627), 4: np.int64(1540), 5: np.int64(1861)}",54887.0,32336.0,87223.0,0.3158869743347168,6.878457729590274e-05
6,6,5,5436,"{1: np.int64(1621), 2: np.int64(1435), 3: np.int64(1627), 4: np.int64(1540), 5: np.int64(1861)}",54887.0,32336.0,87223.0,0.3059399127960205,6.878457729590274e-05
