S,F,T,B,D,Z1,Z2,ObjVal,time,GAP
3,3,5,5339,"{1: np.int64(2999), 2: np.int64(3741), 3: np.int64(3101), 4: np.int64(3744), 5: np.int64(3142)}",129355.81934664151,66907.99999999991,196263.8193466414,0.21351909637451172,0.0
3,3,5,5339,"{1: np.int64(2999), 2: np.int64(3741), 3: np.int64(3101), 4: np.int64(3744), 5: np.int64(3142)}",129355.81934664151,66907.99999999991,196263.8193466414,0.211029052734375,0.0
