S,F,T,B,D,Z1,Z2,ObjVal,time,GAP
12,12,5,2034,"{1: np.int64(378), 2: np.int64(405), 3: np.int64(430), 4: np.int64(373), 5: np.int64(359)}",12532.601533129264,7779.999999999751,20312.60153312901,2.486027956008911,0.0
12,12,5,2034,"{1: np.int64(378), 2: np.int64(405), 3: np.int64(430), 4: np.int64(373), 5: np.int64(359)}",12532.601533129264,7779.999999999751,20312.60153312901,2.4993889331817627,0.0
