S,F,T,B,D,Z1,Z2,ObjVal,time,GAP
9,9,15,1177,"{1: np.int64(756), 2: np.int64(669), 3: np.int64(759), 4: np.int64(719), 5: np.int64(868), 6: np.int64(855), 7: np.int64(777), 8: np.int64(668), 9: np.int64(720), 10: np.int64(717), 11: np.int64(709), 12: np.int64(715), 13: np.int64(864), 14: np.int64(694), 15: np.int64(673)}",67483.64747505859,44651.99999999997,112135.64747505856,100.02521395683289,0.015964568770239808
9,9,15,1177,"{1: np.int64(756), 2: np.int64(669), 3: np.int64(759), 4: np.int64(719), 5: np.int64(868), 6: np.int64(855), 7: np.int64(777), 8: np.int64(668), 9: np.int64(720), 10: np.int64(717), 11: np.int64(709), 12: np.int64(715), 13: np.int64(864), 14: np.int64(694), 15: np.int64(673)}",67505.16843252537,44652.0,112157.16843252536,100.02955603599548,0.016764435266145718
