S,F,T,B,D,Z1,Z2,ObjVal,time,GAP
9,9,15,427,"{1: np.int64(299), 2: np.int64(374), 3: np.int64(310), 4: np.int64(374), 5: np.int64(314), 6: np.int64(379), 7: np.int64(353), 8: np.int64(333), 9: np.int64(335), 10: np.int64(348), 11: np.int64(342), 12: np.int64(314), 13: np.int64(304), 14: np.int64(334), 15: np.int64(376)}",38134.87517253153,20356.0,58490.87517253153,5.109313011169434,0.0
9,9,15,427,"{1: np.int64(299), 2: np.int64(374), 3: np.int64(310), 4: np.int64(374), 5: np.int64(314), 6: np.int64(379), 7: np.int64(353), 8: np.int64(333), 9: np.int64(335), 10: np.int64(348), 11: np.int64(342), 12: np.int64(314), 13: np.int64(304), 14: np.int64(334), 15: np.int64(376)}",38134.87517253153,20356.0,58490.87517253153,5.148519992828369,0.0
