S,F,T,B,D,Z1,Z2,ObjVal,time,GAP
3,3,5,5505,"{1: np.int64(3189), 2: np.int64(3580), 3: np.int64(3154), 4: np.int64(3391), 5: np.int64(3737)}",135957.0,68204.0,204161.0,0.008059024810791016,0.0
3,3,5,5505,"{1: np.int64(3189), 2: np.int64(3580), 3: np.int64(3154), 4: np.int64(3391), 5: np.int64(3737)}",135957.0,68204.0,204161.0,0.007454872131347656,0.0
