S,F,T,B,D,Z1,Z2,ObjVal,time,GAP
12,12,5,4425,"{1: np.int64(900), 2: np.int64(843), 3: np.int64(923), 4: np.int64(766), 5: np.int64(836)}",31233.754891588516,17072.0,48305.75489158851,2.9335360527038574,0.0
12,12,5,4425,"{1: np.int64(900), 2: np.int64(843), 3: np.int64(923), 4: np.int64(766), 5: np.int64(836)}",31233.754891588516,17072.0,48305.75489158851,2.979346990585327,0.0
