S,F,T,B,D,Z1,Z2,ObjVal,time,GAP
6,6,10,1659,"{1: np.int64(1060), 2: np.int64(1134), 3: np.int64(1205), 4: np.int64(1046), 5: np.int64(1006), 6: np.int64(1295), 7: np.int64(1101), 8: np.int64(1327), 9: np.int64(1305), 10: np.int64(1123)}",69797.57150498577,46408.0,116205.57150498575,100.01983308792114,0.007943074172672274
6,6,10,1659,"{1: np.int64(1060), 2: np.int64(1134), 3: np.int64(1205), 4: np.int64(1046), 5: np.int64(1006), 6: np.int64(1295), 7: np.int64(1101), 8: np.int64(1327), 9: np.int64(1305), 10: np.int64(1123)}",69797.57150498577,46408.0,116205.57150498575,100.01793098449707,0.007670216888245992
