S,F,T,B,D,Z1,Z2,ObjVal,time,GAP
12,12,10,661,"{1: np.int64(270), 2: np.int64(252), 3: np.int64(277), 4: np.int64(229), 5: np.int64(251), 6: np.int64(283), 7: np.int64(255), 8: np.int64(246), 9: np.int64(232), 10: np.int64(253)}",19224.93626184717,10192.0,29416.93626184717,11.907352924346924,0.0
