S,F,T,B,D,Z1,Z2,ObjVal,time,GAP
12,12,5,2884,"{1: np.int64(610), 2: np.int64(543), 3: np.int64(535), 4: np.int64(649), 5: np.int64(514)}",19245.638074458286,11403.999999999989,30649.63807445828,2.063591957092285,0.0
12,12,5,2884,"{1: np.int64(610), 2: np.int64(543), 3: np.int64(535), 4: np.int64(649), 5: np.int64(514)}",19245.638074458286,11403.999999999989,30649.63807445828,2.0531280040740967,0.0
