S,F,T,B,D,Z1,Z2,ObjVal,time,GAP
6,6,15,1707,"{1: np.int64(1428), 2: np.int64(1629), 3: np.int64(1467), 4: np.int64(1546), 5: np.int64(1527), 6: np.int64(1740), 7: np.int64(1591), 8: np.int64(1506), 9: np.int64(1668), 10: np.int64(1436), 11: np.int64(1467), 12: np.int64(1910), 13: np.int64(1516), 14: np.int64(1595), 15: np.int64(1782)}",210353.0,95232.0,305585.0,3.87904691696167,0.0
6,6,15,1707,"{1: np.int64(1428), 2: np.int64(1629), 3: np.int64(1467), 4: np.int64(1546), 5: np.int64(1527), 6: np.int64(1740), 7: np.int64(1591), 8: np.int64(1506), 9: np.int64(1668), 10: np.int64(1436), 11: np.int64(1467), 12: np.int64(1910), 13: np.int64(1516), 14: np.int64(1595), 15: np.int64(1782)}",210353.0,95232.0,305585.0,3.708498001098633,0.0
