S,F,T,B,D,Z1,Z2,ObjVal,time,GAP
9,9,10,2222,"{1: np.int64(1063), 2: np.int64(1193), 3: np.int64(1051), 4: np.int64(1130), 5: np.int64(1245), 6: np.int64(978), 7: np.int64(964), 8: np.int64(1020), 9: np.int64(1199), 10: np.int64(1149)}",85523.0,43968.0,129491.0,0.4117591381072998,8.893541252800479e-05
9,9,10,2222,"{1: np.int64(1063), 2: np.int64(1193), 3: np.int64(1051), 4: np.int64(1130), 5: np.int64(1245), 6: np.int64(978), 7: np.int64(964), 8: np.int64(1020), 9: np.int64(1199), 10: np.int64(1149)}",85523.0,43968.0,129491.0,0.40676307678222656,8.893541252800479e-05
