S,F,T,B,D,Z1,Z2,ObjVal,time,GAP
3,3,5,1548,"{1: np.int64(1002), 2: np.int64(974), 3: np.int64(1029), 4: np.int64(979), 5: np.int64(898)}",36912.0,20198.0,57110.0,0.0038771629333496094,0.0
3,3,5,1548,"{1: np.int64(1002), 2: np.int64(974), 3: np.int64(1029), 4: np.int64(979), 5: np.int64(898)}",36912.0,20198.0,57110.0,0.003904104232788086,0.0
