S,F,T,B,D,Z1,Z2,ObjVal,time,GAP
12,12,10,736,"{1: np.int64(233), 2: np.int64(230), 3: np.int64(283), 4: np.int64(238), 5: np.int64(234), 6: np.int64(239), 7: np.int64(283), 8: np.int64(260), 9: np.int64(259), 10: np.int64(266)}",20418.0,10100.0,30518.0,4.141366004943848,0.0
12,12,10,736,"{1: np.int64(233), 2: np.int64(230), 3: np.int64(283), 4: np.int64(238), 5: np.int64(234), 6: np.int64(239), 7: np.int64(283), 8: np.int64(260), 9: np.int64(259), 10: np.int64(266)}",20418.0,10100.0,30518.0,4.129766941070557,0.0
