S,F,T,B,D,Z1,Z2,ObjVal,time,GAP
12,12,10,1331,"{1: np.int64(431), 2: np.int64(451), 3: np.int64(401), 4: np.int64(425), 5: np.int64(382), 6: np.int64(364), 7: np.int64(387), 8: np.int64(465), 9: np.int64(424), 10: np.int64(469)}",33504.99999443824,16795.999999999996,50300.99999443824,35.35294198989868,4.57373967685409e-05
