S,F,T,B,D,Z1,Z2,ObjVal,time,GAP
12,12,5,2534,"{1: np.int64(467), 2: np.int64(434), 3: np.int64(400), 4: np.int64(421), 5: np.int64(380)}",12925.871706320522,8408.000000000004,21333.871706320526,15.933635950088501,9.887364541998535e-05
12,12,5,2534,"{1: np.int64(467), 2: np.int64(434), 3: np.int64(400), 4: np.int64(421), 5: np.int64(380)}",12925.871706320522,8408.000000000004,21333.871706320526,16.094000101089478,9.887364541998535e-05
