S,F,T,B,D,Z1,Z2,ObjVal,time,GAP
9,9,10,626,"{1: np.int64(299), 2: np.int64(374), 3: np.int64(310), 4: np.int64(374), 5: np.int64(314), 6: np.int64(379), 7: np.int64(353), 8: np.int64(333), 9: np.int64(335), 10: np.int64(348)}",25071.835366059404,13676.000000000031,38747.83536605945,2.758669853210449,0.0
9,9,10,626,"{1: np.int64(299), 2: np.int64(374), 3: np.int64(310), 4: np.int64(374), 5: np.int64(314), 6: np.int64(379), 7: np.int64(353), 8: np.int64(333), 9: np.int64(335), 10: np.int64(348)}",25071.835366059404,13676.000000000031,38747.83536605945,2.7498528957366943,0.0
