S,F,T,B,D,Z1,Z2,ObjVal,time,GAP
3,3,5,5049,"{1: np.int64(3123), 2: np.int64(3022), 3: np.int64(3020), 4: np.int64(3446), 5: np.int64(3489)}",153614.0,71786.0,225400.0,0.008800029754638672,0.0
3,3,5,5049,"{1: np.int64(3123), 2: np.int64(3022), 3: np.int64(3020), 4: np.int64(3446), 5: np.int64(3489)}",153614.0,71786.0,225400.0,0.009510993957519531,0.0
