S,F,T,B,D,Z1,Z2,ObjVal,time,GAP
6,6,10,2130,"{1: np.int64(1729), 2: np.int64(1567), 3: np.int64(1670), 4: np.int64(1609), 5: np.int64(1592), 6: np.int64(1709), 7: np.int64(1708), 8: np.int64(1868), 9: np.int64(1757), 10: np.int64(1881)}",128566.19859304768,68359.99999997145,196926.19859301913,1.6488909721374512,0.0
6,6,10,2130,"{1: np.int64(1729), 2: np.int64(1567), 3: np.int64(1670), 4: np.int64(1609), 5: np.int64(1592), 6: np.int64(1709), 7: np.int64(1708), 8: np.int64(1868), 9: np.int64(1757), 10: np.int64(1881)}",128566.19859304768,68359.99999997145,196926.19859301913,1.6385059356689453,0.0
