S,F,T,B,D,Z1,Z2,ObjVal,time,GAP
9,9,10,2585,"{1: np.int64(972), 2: np.int64(950), 3: np.int64(949), 4: np.int64(1196), 5: np.int64(1027), 6: np.int64(980), 7: np.int64(1152), 8: np.int64(1059), 9: np.int64(967), 10: np.int64(997)}",78928.99998704513,40996.0,119924.99998704513,6.01629900932312,0.0
9,9,10,2585,"{1: np.int64(972), 2: np.int64(950), 3: np.int64(949), 4: np.int64(1196), 5: np.int64(1027), 6: np.int64(980), 7: np.int64(1152), 8: np.int64(1059), 9: np.int64(967), 10: np.int64(997)}",78928.99998704513,40996.0,119924.99998704513,6.1263158321380615,0.0
