S,F,T,B,D,Z1,Z2,ObjVal,time,GAP
9,9,10,1470,"{1: np.int64(699), 2: np.int64(872), 3: np.int64(723), 4: np.int64(873), 5: np.int64(733), 6: np.int64(884), 7: np.int64(825), 8: np.int64(778), 9: np.int64(781), 10: np.int64(813)}",58028.74171254415,31923.999999999996,89952.74171254413,4.337749004364014,0.0
9,9,10,1470,"{1: np.int64(699), 2: np.int64(872), 3: np.int64(723), 4: np.int64(873), 5: np.int64(733), 6: np.int64(884), 7: np.int64(825), 8: np.int64(778), 9: np.int64(781), 10: np.int64(813)}",58028.74171254415,31923.999999999996,89952.74171254413,4.388076066970825,0.0
