S,F,T,B,D,Z1,Z2,ObjVal,time,GAP
9,9,5,2466,"{1: np.int64(584), 2: np.int64(632), 3: np.int64(514), 4: np.int64(548), 5: np.int64(571)}",16672.5381354409,11396.0,28068.5381354409,16.722028970718384,0.0
9,9,5,2466,"{1: np.int64(584), 2: np.int64(632), 3: np.int64(514), 4: np.int64(548), 5: np.int64(571)}",16672.5381354409,11396.0,28068.5381354409,16.91235589981079,0.0
