S,F,T,B,D,Z1,Z2,ObjVal,time,GAP
12,12,5,1504,"{1: np.int64(262), 2: np.int64(215), 3: np.int64(279), 4: np.int64(222), 5: np.int64(285)}",8075.660400332589,5051.99999999942,13127.66040033201,20.602379083633423,0.0
12,12,5,1504,"{1: np.int64(262), 2: np.int64(215), 3: np.int64(279), 4: np.int64(222), 5: np.int64(285)}",8075.660400332589,5051.99999999942,13127.66040033201,20.74298596382141,0.0
