S,F,T,B,D,Z1,Z2,ObjVal,time,GAP
9,9,10,602,"{1: np.int64(312), 2: np.int64(302), 3: np.int64(302), 4: np.int64(344), 5: np.int64(348), 6: np.int64(330), 7: np.int64(292), 8: np.int64(359), 9: np.int64(371), 10: np.int64(375)}",26873.35720337204,13340.000000000167,40213.35720337221,2.278675079345703,0.0
9,9,10,602,"{1: np.int64(312), 2: np.int64(302), 3: np.int64(302), 4: np.int64(344), 5: np.int64(348), 6: np.int64(330), 7: np.int64(292), 8: np.int64(359), 9: np.int64(371), 10: np.int64(375)}",26873.35720337204,13340.000000000167,40213.35720337221,2.342900037765503,0.0
