S,F,T,B,D,Z1,Z2,ObjVal,time,GAP
3,3,5,3441,"{1: np.int64(2117), 2: np.int64(2380), 3: np.int64(2150), 4: np.int64(2660), 5: np.int64(2545)}",99138.0,47408.0,146546.0,0.005179166793823242,0.0
3,3,5,3441,"{1: np.int64(2117), 2: np.int64(2380), 3: np.int64(2150), 4: np.int64(2660), 5: np.int64(2545)}",99138.0,47408.0,146546.0,0.0044209957122802734,0.0
