S,F,T,B,D,Z1,Z2,ObjVal,time,GAP
9,9,10,1581,"{1: np.int64(701), 2: np.int64(789), 3: np.int64(825), 4: np.int64(818), 5: np.int64(748), 6: np.int64(763), 7: np.int64(779), 8: np.int64(842), 9: np.int64(782), 10: np.int64(752)}",56332.69915349475,31196.000000000375,87528.69915349514,4.73687481880188,0.0
9,9,10,1581,"{1: np.int64(701), 2: np.int64(789), 3: np.int64(825), 4: np.int64(818), 5: np.int64(748), 6: np.int64(763), 7: np.int64(779), 8: np.int64(842), 9: np.int64(782), 10: np.int64(752)}",56332.69915349475,31196.000000000375,87528.69915349514,4.807674884796143,0.0
