S,F,T,B,D,Z1,Z2,ObjVal,time,GAP
12,12,10,607,"{1: np.int64(246), 2: np.int64(262), 3: np.int64(287), 4: np.int64(281), 5: np.int64(271), 6: np.int64(218), 7: np.int64(258), 8: np.int64(248), 9: np.int64(259), 10: np.int64(275)}",17913.940664424434,10420.000000000013,28333.94066442444,8.956101894378662,0.0
12,12,10,607,"{1: np.int64(246), 2: np.int64(262), 3: np.int64(287), 4: np.int64(281), 5: np.int64(271), 6: np.int64(218), 7: np.int64(258), 8: np.int64(248), 9: np.int64(259), 10: np.int64(275)}",18188.54217215856,10419.999999999613,28608.542172158166,16.440557956695557,0.0
