S,F,T,B,D,Z1,Z2,ObjVal,time,GAP
6,6,10,1126,"{1: np.int64(868), 2: np.int64(754), 3: np.int64(956), 4: np.int64(923), 5: np.int64(738), 6: np.int64(791), 7: np.int64(888), 8: np.int64(886), 9: np.int64(942), 10: np.int64(813)}",58050.63953310747,34236.0,92286.63953310747,1.4207241535186768,0.0
6,6,10,1126,"{1: np.int64(868), 2: np.int64(754), 3: np.int64(956), 4: np.int64(923), 5: np.int64(738), 6: np.int64(791), 7: np.int64(888), 8: np.int64(886), 9: np.int64(942), 10: np.int64(813)}",58050.63953310747,34236.0,92286.63953310747,1.4278090000152588,0.0
