S,F,T,B,D,Z1,Z2,ObjVal,time,GAP
6,6,5,4090,"{1: np.int64(1512), 2: np.int64(1700), 3: np.int64(1535), 4: np.int64(1900), 5: np.int64(1818)}",68149.31381899382,33860.0,102009.3138189938,0.4875679016113281,0.0
6,6,5,4090,"{1: np.int64(1512), 2: np.int64(1700), 3: np.int64(1535), 4: np.int64(1900), 5: np.int64(1818)}",68149.31381899382,33860.0,102009.3138189938,0.46401309967041016,0.0
