S,F,T,B,D,Z1,Z2,ObjVal,time,GAP
9,9,5,2275,"{1: np.int64(501), 2: np.int64(563), 3: np.int64(589), 4: np.int64(584), 5: np.int64(534)}",22064.430045975518,11084.00000000482,33148.430045980334,1.5399060249328613,0.0
9,9,5,2275,"{1: np.int64(501), 2: np.int64(563), 3: np.int64(589), 4: np.int64(584), 5: np.int64(534)}",22064.430045975518,11084.00000000482,33148.430045980334,1.555959939956665,0.0
