S,F,T,B,D,Z1,Z2,ObjVal,time,GAP
12,12,5,3061,"{1: np.int64(546), 2: np.int64(664), 3: np.int64(631), 4: np.int64(567), 5: np.int64(660)}",21387.074247702618,12271.999999999998,33659.074247702614,1.178434133529663,0.0
12,12,5,3061,"{1: np.int64(546), 2: np.int64(664), 3: np.int64(631), 4: np.int64(567), 5: np.int64(660)}",21387.074247702618,12271.999999999998,33659.074247702614,1.1864869594573975,0.0
