S,F,T,B,D,Z1,Z2,ObjVal,time,GAP
12,12,5,5284,"{1: np.int64(833), 2: np.int64(787), 3: np.int64(786), 4: np.int64(796), 5: np.int64(870)}",33113.99994585449,16287.999999999998,49401.99994585449,7.51078987121582,8.901611343978882e-05
12,12,5,5284,"{1: np.int64(833), 2: np.int64(787), 3: np.int64(786), 4: np.int64(796), 5: np.int64(870)}",33113.99994585449,16287.999999999998,49401.99994585449,7.5813469886779785,8.901611343978882e-05
