S,F,T,B,D,Z1,Z2,ObjVal,time,GAP
3,3,5,1473,"{1: np.int64(907), 2: np.int64(1020), 3: np.int64(921), 4: np.int64(1140), 5: np.int64(1090)}",42490.0,20312.0,62802.0,0.004795074462890625,0.0
3,3,5,1473,"{1: np.int64(907), 2: np.int64(1020), 3: np.int64(921), 4: np.int64(1140), 5: np.int64(1090)}",42490.0,20312.0,62802.0,0.004620075225830078,0.0
