S,F,T,B,D,Z1,Z2,ObjVal,time,GAP
9,9,15,1769,"{1: np.int64(1217), 2: np.int64(1265), 3: np.int64(1134), 4: np.int64(1001), 5: np.int64(1233), 6: np.int64(1269), 7: np.int64(1179), 8: np.int64(1114), 9: np.int64(1070), 10: np.int64(1060), 11: np.int64(1013), 12: np.int64(1169), 13: np.int64(1088), 14: np.int64(1009), 15: np.int64(979)}",137444.0,67200.0,204644.0,0.09672188758850098,0.0
9,9,15,1769,"{1: np.int64(1217), 2: np.int64(1265), 3: np.int64(1134), 4: np.int64(1001), 5: np.int64(1233), 6: np.int64(1269), 7: np.int64(1179), 8: np.int64(1114), 9: np.int64(1070), 10: np.int64(1060), 11: np.int64(1013), 12: np.int64(1169), 13: np.int64(1088), 14: np.int64(1009), 15: np.int64(979)}",137444.0,67200.0,204644.0,0.09610605239868164,0.0
