S,F,T,B,D,Z1,Z2,ObjVal,time,GAP
3,3,5,1171,"{1: np.int64(991), 2: np.int64(880), 3: np.int64(980), 4: np.int64(1033), 5: np.int64(1123)}",35886.1658521927,21208.643761033793,57094.80961322649,0.060112953186035156,0.0
3,3,5,1171,"{1: np.int64(991), 2: np.int64(880), 3: np.int64(980), 4: np.int64(1033), 5: np.int64(1123)}",35886.1658521927,21208.643761033793,57094.80961322649,0.06061816215515137,0.0
3,3,5,1171,"{1: np.int64(991), 2: np.int64(880), 3: np.int64(980), 4: np.int64(1033), 5: np.int64(1123)}",35886.1658521927,21208.643761033793,57094.80961322649,0.059240102767944336,0.0
