S,F,T,B,D,Z1,Z2,ObjVal,time,GAP
12,12,5,5160,"{1: np.int64(830), 2: np.int64(773), 3: np.int64(815), 4: np.int64(878), 5: np.int64(937)}",28468.231266208975,16931.999999998556,45400.231266207535,99.479975938797,0.0
