S,F,T,B,D,Z1,Z2,ObjVal,time,GAP
12,12,10,608,"{1: np.int64(227), 2: np.int64(243), 3: np.int64(258), 4: np.int64(224), 5: np.int64(215), 6: np.int64(277), 7: np.int64(236), 8: np.int64(284), 9: np.int64(279), 10: np.int64(240)}",16466.283276348204,9932.000000000002,26398.283276348204,5.012333154678345,0.0
12,12,10,608,"{1: np.int64(227), 2: np.int64(243), 3: np.int64(258), 4: np.int64(224), 5: np.int64(215), 6: np.int64(277), 7: np.int64(236), 8: np.int64(284), 9: np.int64(279), 10: np.int64(240)}",17856.067398994837,9931.999999999383,27788.06739899422,22.388561010360718,0.0
