S,F,T,B,D,Z1,Z2,ObjVal,time,GAP
12,12,15,502,"{1: np.int64(262), 2: np.int64(215), 3: np.int64(279), 4: np.int64(222), 5: np.int64(285), 6: np.int64(262), 7: np.int64(217), 8: np.int64(225), 9: np.int64(260), 10: np.int64(255), 11: np.int64(268), 12: np.int64(282), 13: np.int64(228), 14: np.int64(212), 15: np.int64(281)}",27973.0,15012.0,42985.0,2.0851340293884277,8.853462253183537e-05
