S,F,T,B,D,Z1,Z2,ObjVal,time,GAP
12,12,10,1110,"{1: np.int64(390), 2: np.int64(474), 3: np.int64(451), 4: np.int64(405), 5: np.int64(472), 6: np.int64(431), 7: np.int64(456), 8: np.int64(390), 9: np.int64(378), 10: np.int64(409)}",27721.375141240303,17024.000000007636,44745.37514124793,7.281873941421509,0.0
12,12,10,1110,"{1: np.int64(390), 2: np.int64(474), 3: np.int64(451), 4: np.int64(405), 5: np.int64(472), 6: np.int64(431), 7: np.int64(456), 8: np.int64(390), 9: np.int64(378), 10: np.int64(409)}",27634.08481112578,17023.999999999993,44658.08481112578,5.642872095108032,0.0
