S,F,T,B,D,Z1,Z2,ObjVal,time,GAP
12,12,5,1323,"{1: np.int64(270), 2: np.int64(252), 3: np.int64(277), 4: np.int64(229), 5: np.int64(251)}",9412.048730272098,5116.0,14528.048730272101,2.3827309608459473,0.0
12,12,5,1323,"{1: np.int64(270), 2: np.int64(252), 3: np.int64(277), 4: np.int64(229), 5: np.int64(251)}",9412.048730272098,5116.0,14528.048730272101,2.4025700092315674,0.0
