S,F,T,B,D,Z1,Z2,ObjVal,time,GAP
9,9,5,1321,"{1: np.int64(318), 2: np.int64(358), 3: np.int64(315), 4: np.int64(339), 5: np.int64(373)}",11589.264269223564,6812.00000000066,18401.264269224226,0.6491880416870117,0.0
9,9,5,1321,"{1: np.int64(318), 2: np.int64(358), 3: np.int64(315), 4: np.int64(339), 5: np.int64(373)}",11589.264269223564,6812.00000000066,18401.264269224226,0.6536691188812256,0.0
