S,F,T,B,D,Z1,Z2,ObjVal,time,GAP
12,12,15,713,"{1: np.int64(450), 2: np.int64(421), 3: np.int64(461), 4: np.int64(383), 5: np.int64(418), 6: np.int64(473), 7: np.int64(426), 8: np.int64(411), 9: np.int64(387), 10: np.int64(422), 11: np.int64(473), 12: np.int64(354), 13: np.int64(452), 14: np.int64(456), 15: np.int64(464)}",51880.437086920065,25803.999999994357,77684.43708691442,15.708024024963379,0.0
