S,F,T,B,D,Z1,Z2,ObjVal,time,GAP
3,3,10,2368,"{1: np.int64(2860), 2: np.int64(3298), 3: np.int64(3151), 4: np.int64(3213), 5: np.int64(3725), 6: np.int64(3359), 7: np.int64(3393), 8: np.int64(3069), 9: np.int64(2857), 10: np.int64(3158)}",227157.99404761885,128332.0,355489.9940476188,0.10819196701049805,0.0
3,3,10,2368,"{1: np.int64(2860), 2: np.int64(3298), 3: np.int64(3151), 4: np.int64(3213), 5: np.int64(3725), 6: np.int64(3359), 7: np.int64(3393), 8: np.int64(3069), 9: np.int64(2857), 10: np.int64(3158)}",227157.99404761885,128332.0,355489.9940476188,0.11828422546386719,0.0
