S,F,T,B,D,Z1,Z2,ObjVal,time,GAP
9,9,10,2577,"{1: np.int64(1192), 2: np.int64(1223), 3: np.int64(1165), 4: np.int64(1117), 5: np.int64(1040), 6: np.int64(1058), 7: np.int64(1020), 8: np.int64(967), 9: np.int64(1140), 10: np.int64(1040)}",84267.0,43848.0,128115.0,4.819988012313843,0.0
9,9,10,2577,"{1: np.int64(1192), 2: np.int64(1223), 3: np.int64(1165), 4: np.int64(1117), 5: np.int64(1040), 6: np.int64(1058), 7: np.int64(1020), 8: np.int64(967), 9: np.int64(1140), 10: np.int64(1040)}",84267.0,43848.0,128115.0,4.793381929397583,0.0
