S,F,T,B,D,Z1,Z2,ObjVal,time,GAP
12,12,15,1697,"{1: np.int64(875), 2: np.int64(719), 3: np.int64(933), 4: np.int64(740), 5: np.int64(950), 6: np.int64(875), 7: np.int64(723), 8: np.int64(750), 9: np.int64(867), 10: np.int64(850), 11: np.int64(894), 12: np.int64(940), 13: np.int64(762), 14: np.int64(709), 15: np.int64(938)}",92809.9999852933,50099.999999989115,142909.99998528243,3.3299620151519775,0.0
