S,F,T,B,D,Z1,Z2,ObjVal,time,GAP
9,9,5,4422,"{1: np.int64(1063), 2: np.int64(1193), 3: np.int64(1051), 4: np.int64(1130), 5: np.int64(1245)}",38056.248248419775,22727.999999999996,60784.24824841977,0.80731201171875,0.0
9,9,5,4422,"{1: np.int64(1063), 2: np.int64(1193), 3: np.int64(1051), 4: np.int64(1130), 5: np.int64(1245)}",38056.248248419775,22727.999999999996,60784.24824841977,0.8199770450592041,0.0
