S,F,T,B,D,Z1,Z2,ObjVal,time,GAP
9,9,5,5128,"{1: np.int64(972), 2: np.int64(950), 3: np.int64(949), 4: np.int64(1196), 5: np.int64(1027)}",38850.0,20376.0,59226.0,3.8081610202789307,0.0
9,9,5,5128,"{1: np.int64(972), 2: np.int64(950), 3: np.int64(949), 4: np.int64(1196), 5: np.int64(1027)}",38850.0,20376.0,59226.0,3.7666609287261963,0.0
