S,F,T,B,D,Z1,Z2,ObjVal,time,GAP
9,9,5,2848,"{1: np.int64(860), 2: np.int64(892), 3: np.int64(681), 4: np.int64(847), 5: np.int64(756)}",29082.92536486777,16143.999999976671,45226.92536484444,1.6984219551086426,0.0
9,9,5,2848,"{1: np.int64(860), 2: np.int64(892), 3: np.int64(681), 4: np.int64(847), 5: np.int64(756)}",29082.92536486777,16143.999999976671,45226.92536484444,1.6727521419525146,0.0
