S,F,T,B,D,Z1,Z2,ObjVal,time,GAP
6,6,15,1597,"{1: np.int64(1515), 2: np.int64(1620), 3: np.int64(1721), 4: np.int64(1494), 5: np.int64(1437), 6: np.int64(1850), 7: np.int64(1573), 8: np.int64(1895), 9: np.int64(1864), 10: np.int64(1605), 11: np.int64(1646), 12: np.int64(1676), 13: np.int64(1738), 14: np.int64(1714), 15: np.int64(1696)}",163209.37356526623,100176.00000000172,263385.3735652679,12.05002498626709,0.0
6,6,15,1597,"{1: np.int64(1515), 2: np.int64(1620), 3: np.int64(1721), 4: np.int64(1494), 5: np.int64(1437), 6: np.int64(1850), 7: np.int64(1573), 8: np.int64(1895), 9: np.int64(1864), 10: np.int64(1605), 11: np.int64(1646), 12: np.int64(1676), 13: np.int64(1738), 14: np.int64(1714), 15: np.int64(1696)}",163209.37356526623,100176.00000000172,263385.3735652679,12.004179000854492,0.0
