S,F,T,B,D,Z1,Z2,ObjVal,time,GAP
12,12,5,4425,"{1: np.int64(900), 2: np.int64(843), 3: np.int64(923), 4: np.int64(766), 5: np.int64(836)}",35331.72664212224,17071.99999998785,52403.72664211009,1.9911799430847168,0.0
12,12,5,4425,"{1: np.int64(900), 2: np.int64(843), 3: np.int64(923), 4: np.int64(766), 5: np.int64(836)}",35331.72664212224,17071.99999998785,52403.72664211009,2.022005796432495,0.0
