S,F,T,B,D,Z1,Z2,ObjVal,time,GAP
12,12,5,4425,"{1: np.int64(900), 2: np.int64(843), 3: np.int64(923), 4: np.int64(766), 5: np.int64(836)}",32263.39483967718,17072.0,49335.39483967719,2.8577158451080322,0.0
12,12,5,4425,"{1: np.int64(900), 2: np.int64(843), 3: np.int64(923), 4: np.int64(766), 5: np.int64(836)}",32263.39483967718,17072.0,49335.39483967719,2.8706448078155518,0.0
