S,F,T,B,D,Z1,Z2,ObjVal,time,GAP
9,9,5,1217,"{1: np.int64(368), 2: np.int64(382), 3: np.int64(292), 4: np.int64(363), 5: np.int64(324)}",12780.246021049248,6915.999999999996,19696.246021049243,1.117248773574829,0.0
9,9,5,1217,"{1: np.int64(368), 2: np.int64(382), 3: np.int64(292), 4: np.int64(363), 5: np.int64(324)}",12780.246021049248,6915.999999999996,19696.246021049243,1.1622600555419922,0.0
