S,F,T,B,D,Z1,Z2,ObjVal,time,GAP
6,6,5,5203,"{1: np.int64(1801), 2: np.int64(1686), 3: np.int64(1846), 4: np.int64(1532), 5: np.int64(1673)}",69933.0,34152.0,104085.0,0.09787797927856445,0.0
6,6,5,5203,"{1: np.int64(1801), 2: np.int64(1686), 3: np.int64(1846), 4: np.int64(1532), 5: np.int64(1673)}",69933.0,34152.0,104085.0,0.10000109672546387,0.0
