S,F,T,B,D,Z1,Z2,ObjVal,time,GAP
9,9,10,1363,"{1: np.int64(608), 2: np.int64(632), 3: np.int64(567), 4: np.int64(500), 5: np.int64(616), 6: np.int64(634), 7: np.int64(589), 8: np.int64(557), 9: np.int64(535), 10: np.int64(530)}",48446.0,23072.0,71518.0,0.8432409763336182,0.0
9,9,10,1363,"{1: np.int64(608), 2: np.int64(632), 3: np.int64(567), 4: np.int64(500), 5: np.int64(616), 6: np.int64(634), 7: np.int64(589), 8: np.int64(557), 9: np.int64(535), 10: np.int64(530)}",48446.0,23072.0,71518.0,0.8477809429168701,0.0
