S,F,T,B,D,Z1,Z2,ObjVal,time,GAP
12,12,15,508,"{1: np.int64(280), 2: np.int64(260), 3: np.int64(240), 4: np.int64(252), 5: np.int64(228), 6: np.int64(256), 7: np.int64(213), 8: np.int64(223), 9: np.int64(237), 10: np.int64(271), 11: np.int64(266), 12: np.int64(237), 13: np.int64(259), 14: np.int64(215), 15: np.int64(224)}",24520.891982448626,14643.999999999834,39164.89198244846,100.03321385383606,0.14563865200738066
