S,F,T,B,D,Z1,Z2,ObjVal,time,GAP
12,12,15,1202,"{1: np.int64(583), 2: np.int64(551), 3: np.int64(550), 4: np.int64(557), 5: np.int64(609), 6: np.int64(598), 7: np.int64(558), 8: np.int64(529), 9: np.int64(553), 10: np.int64(517), 11: np.int64(593), 12: np.int64(621), 13: np.int64(562), 14: np.int64(509), 15: np.int64(527)}",59700.19228304687,33668.00000002999,93368.19228307686,100.03215098381042,0.18857497868003625
