S,F,T,B,D,Z1,Z2,ObjVal,time,GAP
12,12,10,2670,"{1: np.int64(862), 2: np.int64(903), 3: np.int64(802), 4: np.int64(851), 5: np.int64(764), 6: np.int64(728), 7: np.int64(775), 8: np.int64(931), 9: np.int64(849), 10: np.int64(939)}",66953.0,33616.0,100569.0,29.729961156845093,8.324351272140968e-13
