S,F,T,B,D,Z1,Z2,ObjVal,time,GAP
12,12,15,1249,"{1: np.int64(603), 2: np.int64(632), 3: np.int64(561), 4: np.int64(595), 5: np.int64(534), 6: np.int64(510), 7: np.int64(542), 8: np.int64(651), 9: np.int64(594), 10: np.int64(657), 11: np.int64(575), 12: np.int64(544), 13: np.int64(633), 14: np.int64(640), 15: np.int64(498)}",65935.0,35076.0,101011.0,39.87871289253235,6.361383262895988e-05
