S,F,T,B,D,Z1,Z2,ObjVal,time,GAP
12,12,10,1014,"{1: np.int64(378), 2: np.int64(405), 3: np.int64(430), 4: np.int64(373), 5: np.int64(359), 6: np.int64(462), 7: np.int64(393), 8: np.int64(473), 9: np.int64(466), 10: np.int64(401)}",27826.870058781613,16559.99999999866,44386.870058780274,8.04820704460144,0.0
12,12,10,1014,"{1: np.int64(378), 2: np.int64(405), 3: np.int64(430), 4: np.int64(373), 5: np.int64(359), 6: np.int64(462), 7: np.int64(393), 8: np.int64(473), 9: np.int64(466), 10: np.int64(401)}",27393.235037946597,16560.0,43953.23503794659,9.20567798614502,0.0
