S,F,T,B,D,Z1,Z2,ObjVal,time,GAP
3,3,5,2522,"{1: np.int64(1561), 2: np.int64(1511), 3: np.int64(1510), 4: np.int64(1723), 5: np.int64(1744)}",76798.0,35888.0,112686.0,0.010029077529907227,0.0
3,3,5,2522,"{1: np.int64(1561), 2: np.int64(1511), 3: np.int64(1510), 4: np.int64(1723), 5: np.int64(1744)}",76798.0,35888.0,112686.0,0.009912967681884766,0.0
