S,F,T,B,D,Z1,Z2,ObjVal,time,GAP
12,12,10,2033,"{1: np.int64(757), 2: np.int64(810), 3: np.int64(860), 4: np.int64(747), 5: np.int64(718), 6: np.int64(925), 7: np.int64(786), 8: np.int64(947), 9: np.int64(932), 10: np.int64(802)}",57180.21778088998,33135.99999999615,90316.21778088613,14.753396987915039,0.0
