S,F,T,B,D,Z1,Z2,ObjVal,time,GAP
12,12,10,1110,"{1: np.int64(390), 2: np.int64(474), 3: np.int64(451), 4: np.int64(405), 5: np.int64(472), 6: np.int64(431), 7: np.int64(456), 8: np.int64(390), 9: np.int64(378), 10: np.int64(409)}",27678.384314548726,17023.99999999721,44702.38431454594,4.426800966262817,0.0
