S,F,T,B,D,Z1,Z2,ObjVal,time,GAP
12,12,10,766,"{1: np.int64(280), 2: np.int64(260), 3: np.int64(240), 4: np.int64(252), 5: np.int64(228), 6: np.int64(256), 7: np.int64(213), 8: np.int64(223), 9: np.int64(237), 10: np.int64(271)}",15125.709906054677,9839.99999999981,24965.709906054486,100.02981305122375,0.014644054529904589
