S,F,T,B,D,Z1,Z2,ObjVal,time,GAP
6,6,10,2291,"{1: np.int64(1670), 2: np.int64(1623), 3: np.int64(1716), 4: np.int64(1632), 5: np.int64(1497), 6: np.int64(1569), 7: np.int64(1822), 8: np.int64(1438), 9: np.int64(1439), 10: np.int64(1729)}",118691.76062661744,64539.99999999945,183231.76062661686,3.316905975341797,0.0
6,6,10,2291,"{1: np.int64(1670), 2: np.int64(1623), 3: np.int64(1716), 4: np.int64(1632), 5: np.int64(1497), 6: np.int64(1569), 7: np.int64(1822), 8: np.int64(1438), 9: np.int64(1439), 10: np.int64(1729)}",118691.76062661744,64539.99999999945,183231.76062661686,3.299783945083618,0.0
