S,F,T,B,D,Z1,Z2,ObjVal,time,GAP
12,12,10,661,"{1: np.int64(270), 2: np.int64(252), 3: np.int64(277), 4: np.int64(229), 5: np.int64(251), 6: np.int64(283), 7: np.int64(255), 8: np.int64(246), 9: np.int64(232), 10: np.int64(253)}",19076.81958085461,10191.999999999676,29268.819580854288,26.914823055267334,0.0
12,12,10,661,"{1: np.int64(270), 2: np.int64(252), 3: np.int64(277), 4: np.int64(229), 5: np.int64(251), 6: np.int64(283), 7: np.int64(255), 8: np.int64(246), 9: np.int64(232), 10: np.int64(253)}",18769.13025339549,10191.999999999982,28961.13025339548,11.631991147994995,0.0
