S,F,T,B,D,Z1,Z2,ObjVal,time,GAP
3,3,10,1843,"{1: np.int64(2339), 2: np.int64(2273), 3: np.int64(2402), 4: np.int64(2285), 5: np.int64(2096), 6: np.int64(2196), 7: np.int64(2552), 8: np.int64(2013), 9: np.int64(2015), 10: np.int64(2421)}",167198.0,100878.0,268076.0,0.0072481632232666016,0.0
3,3,10,1843,"{1: np.int64(2339), 2: np.int64(2273), 3: np.int64(2402), 4: np.int64(2285), 5: np.int64(2096), 6: np.int64(2196), 7: np.int64(2552), 8: np.int64(2013), 9: np.int64(2015), 10: np.int64(2421)}",167198.0,100878.0,268076.0,0.007345914840698242,0.0
