S,F,T,B,D,Z1,Z2,ObjVal,time,GAP
12,12,15,484,"{1: np.int64(233), 2: np.int64(230), 3: np.int64(283), 4: np.int64(238), 5: np.int64(234), 6: np.int64(239), 7: np.int64(283), 8: np.int64(260), 9: np.int64(259), 10: np.int64(266), 11: np.int64(241), 12: np.int64(243), 13: np.int64(261), 14: np.int64(212), 15: np.int64(226)}",25116.73738953598,14831.999999999336,39948.73738953531,100.02956199645996,0.14718575581676493
