S,F,T,B,D,Z1,Z2,ObjVal,time,GAP
9,9,5,4560,"{1: np.int64(1002), 2: np.int64(1127), 3: np.int64(1178), 4: np.int64(1169), 5: np.int64(1069)}",45542.13133116125,22180.0,67722.13133116128,1.9495410919189453,0.0
9,9,5,4560,"{1: np.int64(1002), 2: np.int64(1127), 3: np.int64(1178), 4: np.int64(1169), 5: np.int64(1069)}",45542.13133116125,22180.0,67722.13133116128,1.9511821269989014,0.0
