S,F,T,B,D,Z1,Z2,ObjVal,time,GAP
12,12,10,1026,"{1: np.int64(435), 2: np.int64(388), 3: np.int64(382), 4: np.int64(463), 5: np.int64(367), 6: np.int64(419), 7: np.int64(460), 8: np.int64(384), 9: np.int64(380), 10: np.int64(464)}",29589.08474150162,16568.0,46157.084741501625,6.34154486656189,0.0
