S,F,T,B,D,Z1,Z2,ObjVal,time,GAP
12,12,10,1711,"{1: np.int64(587), 2: np.int64(496), 3: np.int64(502), 4: np.int64(567), 5: np.int64(515), 6: np.int64(622), 7: np.int64(537), 8: np.int64(513), 9: np.int64(527), 10: np.int64(536)}",37616.0,21608.0,59224.0,13.296303987503052,5.845386155517522e-05
12,12,10,1711,"{1: np.int64(587), 2: np.int64(496), 3: np.int64(502), 4: np.int64(567), 5: np.int64(515), 6: np.int64(622), 7: np.int64(537), 8: np.int64(513), 9: np.int64(527), 10: np.int64(536)}",37616.0,21608.0,59224.0,13.3596351146698,5.845386155517522e-05
