S,F,T,B,D,Z1,Z2,ObjVal,time,GAP
3,3,5,2272,"{1: np.int64(1429), 2: np.int64(1687), 3: np.int64(1886), 4: np.int64(1607), 5: np.int64(1524)}",59795.436619718304,39402.140845070426,99197.57746478872,0.04284191131591797,0.0
3,3,5,2272,"{1: np.int64(1429), 2: np.int64(1687), 3: np.int64(1886), 4: np.int64(1607), 5: np.int64(1524)}",59795.436619718304,39402.140845070426,99197.57746478872,0.042825937271118164,0.0
3,3,5,2272,"{1: np.int64(1429), 2: np.int64(1687), 3: np.int64(1886), 4: np.int64(1607), 5: np.int64(1524)}",59795.436619718304,39402.140845070426,99197.57746478872,0.04214882850646973,0.0
