S,F,T,B,D,Z1,Z2,ObjVal,time,GAP
3,3,15,505,"{1: np.int64(1106), 2: np.int64(1146), 3: np.int64(876), 4: np.int64(1090), 5: np.int64(973), 6: np.int64(895), 7: np.int64(938), 8: np.int64(1080), 9: np.int64(1111), 10: np.int64(863), 11: np.int64(1034), 12: np.int64(863), 13: np.int64(1065), 14: np.int64(949), 15: np.int64(1114)}",112393.0,62636.0,175029.0,0.012297868728637695,0.0
3,3,15,505,"{1: np.int64(1106), 2: np.int64(1146), 3: np.int64(876), 4: np.int64(1090), 5: np.int64(973), 6: np.int64(895), 7: np.int64(938), 8: np.int64(1080), 9: np.int64(1111), 10: np.int64(863), 11: np.int64(1034), 12: np.int64(863), 13: np.int64(1065), 14: np.int64(949), 15: np.int64(1114)}",112393.0,62636.0,175029.0,0.012190818786621094,0.0
