S,F,T,B,D,Z1,Z2,ObjVal,time,GAP
12,12,5,2204,"{1: np.int64(450), 2: np.int64(421), 3: np.int64(461), 4: np.int64(383), 5: np.int64(418)}",16241.673625934447,8532.000000003967,24773.67362593842,2.0207629203796387,0.0
12,12,5,2204,"{1: np.int64(450), 2: np.int64(421), 3: np.int64(461), 4: np.int64(383), 5: np.int64(418)}",16241.673625934447,8532.000000003967,24773.67362593842,2.0133249759674072,0.0
