S,F,T,B,D,Z1,Z2,ObjVal,time,GAP
12,12,15,1438,"{1: np.int64(900), 2: np.int64(843), 3: np.int64(923), 4: np.int64(766), 5: np.int64(836), 6: np.int64(946), 7: np.int64(852), 8: np.int64(823), 9: np.int64(775), 10: np.int64(845), 11: np.int64(947), 12: np.int64(709), 13: np.int64(904), 14: np.int64(913), 15: np.int64(929)}",100845.81782683374,51643.999999986045,152489.81782681978,34.68361687660217,0.0
