S,F,T,B,D,Z1,Z2,ObjVal,time,GAP
12,12,15,975,"{1: np.int64(574), 2: np.int64(611), 3: np.int64(670), 4: np.int64(656), 5: np.int64(634), 6: np.int64(510), 7: np.int64(603), 8: np.int64(580), 9: np.int64(606), 10: np.int64(643), 11: np.int64(538), 12: np.int64(623), 13: np.int64(516), 14: np.int64(534), 15: np.int64(634)}",63851.563954595564,35727.99999996846,99579.56395456402,15.458895921707153,0.0
