S,F,T,B,D,Z1,Z2,ObjVal,time,GAP
12,12,10,2228,"{1: np.int64(780), 2: np.int64(949), 3: np.int64(902), 4: np.int64(810), 5: np.int64(944), 6: np.int64(863), 7: np.int64(912), 8: np.int64(781), 9: np.int64(756), 10: np.int64(819)}",57000.04932795832,34063.999999912216,91064.04932787053,8.385798931121826,0.0
