S,F,T,B,D,Z1,Z2,ObjVal,time,GAP
9,9,5,2517,"{1: np.int64(540), 2: np.int64(478), 3: np.int64(542), 4: np.int64(513), 5: np.int64(620)}",18694.0,10772.0,29466.0,0.5396199226379395,0.0
9,9,5,2517,"{1: np.int64(540), 2: np.int64(478), 3: np.int64(542), 4: np.int64(513), 5: np.int64(620)}",18694.0,10772.0,29466.0,0.5434348583221436,0.0
