S,F,T,B,D,Z1,Z2,ObjVal,time,GAP
6,6,10,685,"{1: np.int64(501), 2: np.int64(487), 3: np.int64(514), 4: np.int64(489), 5: np.int64(449), 6: np.int64(470), 7: np.int64(546), 8: np.int64(431), 9: np.int64(431), 10: np.int64(518)}",37516.30459716316,19343.99999999976,56860.30459716292,1.1436851024627686,0.0
6,6,10,685,"{1: np.int64(501), 2: np.int64(487), 3: np.int64(514), 4: np.int64(489), 5: np.int64(449), 6: np.int64(470), 7: np.int64(546), 8: np.int64(431), 9: np.int64(431), 10: np.int64(518)}",37516.30459716316,19343.99999999976,56860.30459716292,1.1547479629516602,0.0
