S,F,T,B,D,Z1,Z2,ObjVal,time,GAP
9,9,10,1127,"{1: np.int64(501), 2: np.int64(563), 3: np.int64(589), 4: np.int64(584), 5: np.int64(534), 6: np.int64(545), 7: np.int64(556), 8: np.int64(601), 9: np.int64(559), 10: np.int64(537)}",46648.109569744316,22275.99999999015,68924.10956973446,3.302237033843994,0.0
9,9,10,1127,"{1: np.int64(501), 2: np.int64(563), 3: np.int64(589), 4: np.int64(584), 5: np.int64(534), 6: np.int64(545), 7: np.int64(556), 8: np.int64(601), 9: np.int64(559), 10: np.int64(537)}",46648.109569744316,22275.99999999015,68924.10956973446,3.356909990310669,0.0
