S,F,T,B,D,Z1,Z2,ObjVal,time,GAP
9,9,10,1416,"{1: np.int64(728), 2: np.int64(705), 3: np.int64(704), 4: np.int64(804), 5: np.int64(814), 6: np.int64(772), 7: np.int64(682), 8: np.int64(837), 9: np.int64(865), 10: np.int64(876)}",60459.941327242435,31148.000000046413,91607.94132728883,3.4255619049072266,0.0
9,9,10,1416,"{1: np.int64(728), 2: np.int64(705), 3: np.int64(704), 4: np.int64(804), 5: np.int64(814), 6: np.int64(772), 7: np.int64(682), 8: np.int64(837), 9: np.int64(865), 10: np.int64(876)}",60459.941327242435,31148.000000046413,91607.94132728883,3.4577810764312744,0.0
