S,F,T,B,D,Z1,Z2,ObjVal,time,GAP
6,6,10,1290,"{1: np.int64(897), 2: np.int64(923), 3: np.int64(884), 4: np.int64(826), 5: np.int64(764), 6: np.int64(873), 7: np.int64(787), 8: np.int64(733), 9: np.int64(820), 10: np.int64(927)}",72801.99997463771,33736.0,106537.9999746377,0.21051502227783203,0.0
6,6,10,1290,"{1: np.int64(897), 2: np.int64(923), 3: np.int64(884), 4: np.int64(826), 5: np.int64(764), 6: np.int64(873), 7: np.int64(787), 8: np.int64(733), 9: np.int64(820), 10: np.int64(927)}",72801.99997463771,33736.0,106537.9999746377,0.21393704414367676,0.0
