S,F,T,B,D,Z1,Z2,ObjVal,time,GAP
9,9,15,859,"{1: np.int64(486), 2: np.int64(475), 3: np.int64(474), 4: np.int64(598), 5: np.int64(513), 6: np.int64(490), 7: np.int64(576), 8: np.int64(529), 9: np.int64(483), 10: np.int64(498), 11: np.int64(560), 12: np.int64(500), 13: np.int64(517), 14: np.int64(590), 15: np.int64(548)}",63917.99997372464,31347.99999999962,95265.99997372425,1.6947681903839111,9.849748747950402e-05
9,9,15,859,"{1: np.int64(486), 2: np.int64(475), 3: np.int64(474), 4: np.int64(598), 5: np.int64(513), 6: np.int64(490), 7: np.int64(576), 8: np.int64(529), 9: np.int64(483), 10: np.int64(498), 11: np.int64(560), 12: np.int64(500), 13: np.int64(517), 14: np.int64(590), 15: np.int64(548)}",63917.99997372464,31347.99999999962,95265.99997372425,1.7239000797271729,9.849748747950402e-05
