S,F,T,B,D,Z1,Z2,ObjVal,time,GAP
9,9,10,1256,"{1: np.int64(476), 2: np.int64(543), 3: np.int64(489), 4: np.int64(515), 5: np.int64(509), 6: np.int64(580), 7: np.int64(530), 8: np.int64(502), 9: np.int64(556), 10: np.int64(478)}",44454.0,20712.0,65166.0,1.6744379997253418,0.0
9,9,10,1256,"{1: np.int64(476), 2: np.int64(543), 3: np.int64(489), 4: np.int64(515), 5: np.int64(509), 6: np.int64(580), 7: np.int64(530), 8: np.int64(502), 9: np.int64(556), 10: np.int64(478)}",44454.0,20712.0,65166.0,1.6742918491363525,0.0
