S,F,T,B,D,Z1,Z2,ObjVal,time,GAP
12,12,5,1603,"{1: np.int64(258), 2: np.int64(271), 3: np.int64(240), 4: np.int64(255), 5: np.int64(229)}",9335.0,5012.0,14347.0,1.3038990497589111,0.0
12,12,5,1603,"{1: np.int64(258), 2: np.int64(271), 3: np.int64(240), 4: np.int64(255), 5: np.int64(229)}",9335.0,5012.0,14347.0,1.321794033050537,0.0
