S,F,T,B,D,Z1,Z2,ObjVal,time,GAP
6,6,5,5214,"{1: np.int64(1754), 2: np.int64(1898), 3: np.int64(1542), 4: np.int64(1644), 5: np.int64(1713)}",55110.53506177235,34204.0,89314.53506177236,2.9601571559906006,0.0
6,6,5,5214,"{1: np.int64(1754), 2: np.int64(1898), 3: np.int64(1542), 4: np.int64(1644), 5: np.int64(1713)}",55110.53506177235,34204.0,89314.53506177236,2.937450885772705,0.0
