S,F,T,B,D,Z1,Z2,ObjVal,time,GAP
12,12,5,4377,"{1: np.int64(780), 2: np.int64(949), 3: np.int64(902), 4: np.int64(810), 5: np.int64(944)}",32763.762568473394,17540.000000000564,50303.76256847396,1.4091720581054688,0.0
12,12,5,4377,"{1: np.int64(780), 2: np.int64(949), 3: np.int64(902), 4: np.int64(810), 5: np.int64(944)}",32763.762568473394,17540.000000000564,50303.76256847396,1.4436509609222412,0.0
