S,F,T,B,D,Z1,Z2,ObjVal,time,GAP
6,6,5,4839,"{1: np.int64(1515), 2: np.int64(1620), 3: np.int64(1721), 4: np.int64(1494), 5: np.int64(1437)}",49084.747831101195,31147.999999999996,80232.74783110118,2.279834032058716,0.0
6,6,5,4839,"{1: np.int64(1515), 2: np.int64(1620), 3: np.int64(1721), 4: np.int64(1494), 5: np.int64(1437)}",49084.747831101195,31147.999999999996,80232.74783110118,2.300581932067871,0.0
