S,F,T,B,D,Z1,Z2,ObjVal,time,GAP
6,6,5,1566,"{1: np.int64(538), 2: np.int64(554), 3: np.int64(530), 4: np.int64(495), 5: np.int64(458)}",21060.0,10300.0,31360.0,0.04313302040100098,0.0
6,6,5,1566,"{1: np.int64(538), 2: np.int64(554), 3: np.int64(530), 4: np.int64(495), 5: np.int64(458)}",21060.0,10300.0,31360.0,0.0422821044921875,0.0
