S,F,T,B,D,Z1,Z2,ObjVal,time,GAP
12,12,15,1721,"{1: np.int64(830), 2: np.int64(773), 3: np.int64(815), 4: np.int64(878), 5: np.int64(937), 6: np.int64(854), 7: np.int64(912), 8: np.int64(732), 9: np.int64(797), 10: np.int64(957), 11: np.int64(744), 12: np.int64(812), 13: np.int64(725), 14: np.int64(729), 15: np.int64(932)}",101278.99997331419,49707.99999999638,150986.99997331057,6.990295886993408,1.2948814254530128e-05
