S,F,T,B,D,Z1,Z2,ObjVal,time,GAP
9,9,5,2605,"{1: np.int64(596), 2: np.int64(611), 3: np.int64(582), 4: np.int64(558), 5: np.int64(520)}",17650.444307328537,11467.999999999356,29118.444307327904,53.14472413063049,0.0
9,9,5,2605,"{1: np.int64(596), 2: np.int64(611), 3: np.int64(582), 4: np.int64(558), 5: np.int64(520)}",17650.444307328537,11467.999999999356,29118.444307327904,52.89714694023132,0.0
