S,F,T,B,D,Z1,Z2,ObjVal,time,GAP
3,3,15,467,"{1: np.int64(1091), 2: np.int64(1090), 3: np.int64(908), 4: np.int64(942), 5: np.int64(1038), 6: np.int64(1069), 7: np.int64(1106), 8: np.int64(1114), 9: np.int64(876), 10: np.int64(1031), 11: np.int64(1051), 12: np.int64(1001), 13: np.int64(903), 14: np.int64(992), 15: np.int64(876)}",108909.36161616161,60351.99999999999,169261.3616161616,0.053250789642333984,4.726418321527916e-05
3,3,15,467,"{1: np.int64(1091), 2: np.int64(1090), 3: np.int64(908), 4: np.int64(942), 5: np.int64(1038), 6: np.int64(1069), 7: np.int64(1106), 8: np.int64(1114), 9: np.int64(876), 10: np.int64(1031), 11: np.int64(1051), 12: np.int64(1001), 13: np.int64(903), 14: np.int64(992), 15: np.int64(876)}",108909.36161616161,60351.99999999999,169261.3616161616,0.05383181571960449,4.726418321527916e-05
