S,F,T,B,D,Z1,Z2,ObjVal,time,GAP
12,12,5,3696,"{1: np.int64(583), 2: np.int64(551), 3: np.int64(550), 4: np.int64(557), 5: np.int64(609)}",23214.0,11400.0,34614.0,10.058568954467773,9.146815791765246e-05
12,12,5,3696,"{1: np.int64(583), 2: np.int64(551), 3: np.int64(550), 4: np.int64(557), 5: np.int64(609)}",23214.0,11400.0,34614.0,10.080770015716553,9.146815791765246e-05
