S,F,T,B,D,Z1,Z2,ObjVal,time,GAP
9,9,10,1470,"{1: np.int64(699), 2: np.int64(872), 3: np.int64(723), 4: np.int64(873), 5: np.int64(733), 6: np.int64(884), 7: np.int64(825), 8: np.int64(778), 9: np.int64(781), 10: np.int64(813)}",58034.876981013695,31924.00000000109,89958.87698101478,2.941210985183716,0.0
9,9,10,1470,"{1: np.int64(699), 2: np.int64(872), 3: np.int64(723), 4: np.int64(873), 5: np.int64(733), 6: np.int64(884), 7: np.int64(825), 8: np.int64(778), 9: np.int64(781), 10: np.int64(813)}",58034.876981013695,31924.00000000109,89958.87698101478,2.920711040496826,0.0
