S,F,T,B,D,Z1,Z2,ObjVal,time,GAP
12,12,5,2467,"{1: np.int64(434), 2: np.int64(454), 3: np.int64(397), 4: np.int64(370), 5: np.int64(390)}",13178.685440530075,8179.9999999999745,21358.685440530044,38.21153998374939,0.0
12,12,5,2467,"{1: np.int64(434), 2: np.int64(454), 3: np.int64(397), 4: np.int64(370), 5: np.int64(390)}",13178.685440530075,8179.9999999999745,21358.685440530044,38.13815689086914,0.0
