S,F,T,B,D,Z1,Z2,ObjVal,time,GAP
6,6,15,472,"{1: np.int64(522), 2: np.int64(465), 3: np.int64(458), 4: np.int64(556), 5: np.int64(440), 6: np.int64(503), 7: np.int64(553), 8: np.int64(461), 9: np.int64(456), 10: np.int64(557), 11: np.int64(488), 12: np.int64(532), 13: np.int64(429), 14: np.int64(479), 15: np.int64(450)}",55462.0,29396.0,84858.0,1.0527989864349365,0.0
6,6,15,472,"{1: np.int64(522), 2: np.int64(465), 3: np.int64(458), 4: np.int64(556), 5: np.int64(440), 6: np.int64(503), 7: np.int64(553), 8: np.int64(461), 9: np.int64(456), 10: np.int64(557), 11: np.int64(488), 12: np.int64(532), 13: np.int64(429), 14: np.int64(479), 15: np.int64(450)}",55462.0,29396.0,84858.0,1.0447020530700684,0.0
