S,F,T,B,D,Z1,Z2,ObjVal,time,GAP
12,12,5,2467,"{1: np.int64(434), 2: np.int64(454), 3: np.int64(397), 4: np.int64(370), 5: np.int64(390)}",13589.438686167348,8179.999999999999,21769.43868616735,24.750414848327637,0.0
12,12,5,2467,"{1: np.int64(434), 2: np.int64(454), 3: np.int64(397), 4: np.int64(370), 5: np.int64(390)}",13589.438686167348,8179.999999999999,21769.43868616735,25.083343029022217,0.0
