S,F,T,B,D,Z1,Z2,ObjVal,time,GAP
6,6,10,2736,"{1: np.int64(1621), 2: np.int64(1435), 3: np.int64(1627), 4: np.int64(1540), 5: np.int64(1861), 6: np.int64(1832), 7: np.int64(1665), 8: np.int64(1432), 9: np.int64(1543), 10: np.int64(1537)}",114401.0,67906.0,182307.0,0.5701398849487305,0.0
6,6,10,2736,"{1: np.int64(1621), 2: np.int64(1435), 3: np.int64(1627), 4: np.int64(1540), 5: np.int64(1861), 6: np.int64(1832), 7: np.int64(1665), 8: np.int64(1432), 9: np.int64(1543), 10: np.int64(1537)}",114401.0,67906.0,182307.0,0.5771989822387695,0.0
