S,F,T,B,D,Z1,Z2,ObjVal,time,GAP
9,9,15,715,"{1: np.int64(499), 2: np.int64(623), 3: np.int64(516), 4: np.int64(624), 5: np.int64(523), 6: np.int64(631), 7: np.int64(589), 8: np.int64(556), 9: np.int64(558), 10: np.int64(580), 11: np.int64(570), 12: np.int64(524), 13: np.int64(506), 14: np.int64(557), 15: np.int64(627)}",62669.96477738841,33931.99999999911,96601.96477738753,6.482885122299194,0.0
9,9,15,715,"{1: np.int64(499), 2: np.int64(623), 3: np.int64(516), 4: np.int64(624), 5: np.int64(523), 6: np.int64(631), 7: np.int64(589), 8: np.int64(556), 9: np.int64(558), 10: np.int64(580), 11: np.int64(570), 12: np.int64(524), 13: np.int64(506), 14: np.int64(557), 15: np.int64(627)}",62669.96477738841,33931.99999999911,96601.96477738753,6.525775909423828,0.0
