S,F,T,B,D,Z1,Z2,ObjVal,time,GAP
3,3,10,1558,"{1: np.int64(2001), 2: np.int64(2362), 3: np.int64(2640), 4: np.int64(2250), 5: np.int64(2134), 6: np.int64(2278), 7: np.int64(2003), 8: np.int64(2138), 9: np.int64(2289), 10: np.int64(2330)}",178574.13725490187,89700.0,268274.13725490187,0.2668600082397461,0.0
3,3,10,1558,"{1: np.int64(2001), 2: np.int64(2362), 3: np.int64(2640), 4: np.int64(2250), 5: np.int64(2134), 6: np.int64(2278), 7: np.int64(2003), 8: np.int64(2138), 9: np.int64(2289), 10: np.int64(2330)}",178574.13725490187,89700.0,268274.13725490187,0.26145410537719727,0.0
