S,F,T,B,D,Z1,Z2,ObjVal,time,GAP
12,12,10,784,"{1: np.int64(249), 2: np.int64(231), 3: np.int64(244), 4: np.int64(263), 5: np.int64(281), 6: np.int64(256), 7: np.int64(273), 8: np.int64(219), 9: np.int64(239), 10: np.int64(287)}",15435.255617863639,10168.0,25603.255617863637,100.01522183418274,0.0011335171868470074
