S,F,T,B,D,Z1,Z2,ObjVal,time,GAP
3,3,15,1722,"{1: np.int64(3475), 2: np.int64(3019), 3: np.int64(3825), 4: np.int64(3693), 5: np.int64(2954), 6: np.int64(3166), 7: np.int64(3554), 8: np.int64(3544), 9: np.int64(3769), 10: np.int64(3255), 11: np.int64(3663), 12: np.int64(3503), 13: np.int64(3136), 14: np.int64(3420), 15: np.int64(3715)}",364777.0,206764.0,571541.0,0.009393930435180664,0.0
3,3,15,1722,"{1: np.int64(3475), 2: np.int64(3019), 3: np.int64(3825), 4: np.int64(3693), 5: np.int64(2954), 6: np.int64(3166), 7: np.int64(3554), 8: np.int64(3544), 9: np.int64(3769), 10: np.int64(3255), 11: np.int64(3663), 12: np.int64(3503), 13: np.int64(3136), 14: np.int64(3420), 15: np.int64(3715)}",364777.0,206764.0,571541.0,0.009199857711791992,0.0
