S,F,T,B,D,Z1,Z2,ObjVal,time,GAP
12,12,10,797,"{1: np.int64(258), 2: np.int64(271), 3: np.int64(240), 4: np.int64(255), 5: np.int64(229), 6: np.int64(218), 7: np.int64(232), 8: np.int64(279), 9: np.int64(254), 10: np.int64(281)}",20127.999976619354,10068.000000001883,30195.999976621242,39.18901205062866,8.053382418940413e-05
