S,F,T,B,D,Z1,Z2,ObjVal,time,GAP
6,6,10,2225,"{1: np.int64(1593), 2: np.int64(1907), 3: np.int64(1897), 4: np.int64(1497), 5: np.int64(1793), 6: np.int64(1774), 7: np.int64(1647), 8: np.int64(1681), 9: np.int64(1661), 10: np.int64(1879)}",132381.32644858316,69316.0,201697.32644858316,0.11876702308654785,4.328837318151494e-16
6,6,10,2225,"{1: np.int64(1593), 2: np.int64(1907), 3: np.int64(1897), 4: np.int64(1497), 5: np.int64(1793), 6: np.int64(1774), 7: np.int64(1647), 8: np.int64(1681), 9: np.int64(1661), 10: np.int64(1879)}",132381.32644858316,69316.0,201697.32644858316,0.1196739673614502,4.328837318151494e-16
