S,F,T,B,D,Z1,Z2,ObjVal,time,GAP
6,6,15,889,"{1: np.int64(729), 2: np.int64(712), 3: np.int64(711), 4: np.int64(897), 5: np.int64(770), 6: np.int64(735), 7: np.int64(864), 8: np.int64(794), 9: np.int64(725), 10: np.int64(748), 11: np.int64(840), 12: np.int64(750), 13: np.int64(776), 14: np.int64(886), 15: np.int64(822)}",74000.12027353935,47036.00000000001,121036.12027353933,35.21221590042114,0.0
6,6,15,889,"{1: np.int64(729), 2: np.int64(712), 3: np.int64(711), 4: np.int64(897), 5: np.int64(770), 6: np.int64(735), 7: np.int64(864), 8: np.int64(794), 9: np.int64(725), 10: np.int64(748), 11: np.int64(840), 12: np.int64(750), 13: np.int64(776), 14: np.int64(886), 15: np.int64(822)}",74000.12027353935,47036.00000000001,121036.12027353933,35.13075494766235,0.0
