S,F,T,B,D,Z1,Z2,ObjVal,time,GAP
12,12,15,679,"{1: np.int64(378), 2: np.int64(405), 3: np.int64(430), 4: np.int64(373), 5: np.int64(359), 6: np.int64(462), 7: np.int64(393), 8: np.int64(473), 9: np.int64(466), 10: np.int64(401), 11: np.int64(411), 12: np.int64(419), 13: np.int64(434), 14: np.int64(428), 15: np.int64(424)}",44675.88550349956,25023.999999994667,69699.88550349424,23.483565092086792,0.0
