S,F,T,B,D,Z1,Z2,ObjVal,time,GAP
12,12,10,754,"{1: np.int64(262), 2: np.int64(215), 3: np.int64(279), 4: np.int64(222), 5: np.int64(285), 6: np.int64(262), 7: np.int64(217), 8: np.int64(225), 9: np.int64(260), 10: np.int64(255)}",19626.0,9928.0,29554.0,2.072057008743286,6.195401912990661e-05
12,12,10,754,"{1: np.int64(262), 2: np.int64(215), 3: np.int64(279), 4: np.int64(222), 5: np.int64(285), 6: np.int64(262), 7: np.int64(217), 8: np.int64(225), 9: np.int64(260), 10: np.int64(255)}",19626.0,9928.0,29554.0,2.0944747924804688,6.195401912990661e-05
