S,F,T,B,D,Z1,Z2,ObjVal,time,GAP
6,6,5,3384,"{1: np.int64(1060), 2: np.int64(1134), 3: np.int64(1205), 4: np.int64(1046), 5: np.int64(1006)}",32570.766542530222,21804.0,54374.766542530226,14.88309383392334,0.0
6,6,5,3384,"{1: np.int64(1060), 2: np.int64(1134), 3: np.int64(1205), 4: np.int64(1046), 5: np.int64(1006)}",32570.766542530222,21804.0,54374.766542530226,14.896991968154907,0.0
