S,F,T,B,D,Z1,Z2,ObjVal,time,GAP
9,9,5,1217,"{1: np.int64(368), 2: np.int64(382), 3: np.int64(292), 4: np.int64(363), 5: np.int64(324)}",12386.275341844821,6916.0,19302.27534184482,1.4364540576934814,0.0
9,9,5,1217,"{1: np.int64(368), 2: np.int64(382), 3: np.int64(292), 4: np.int64(363), 5: np.int64(324)}",12386.275341844821,6916.0,19302.27534184482,1.44740891456604,0.0
