S,F,T,B,D,Z1,Z2,ObjVal,time,GAP
12,12,5,1543,"{1: np.int64(249), 2: np.int64(231), 3: np.int64(244), 4: np.int64(263), 5: np.int64(281)}",7968.202031743895,5071.999999999964,13040.202031743858,23.733232021331787,0.0
12,12,5,1543,"{1: np.int64(249), 2: np.int64(231), 3: np.int64(244), 4: np.int64(263), 5: np.int64(281)}",7968.202031743895,5071.999999999964,13040.202031743858,23.77726984024048,0.0
