S,F,T,B,D,Z1,Z2,ObjVal,time,GAP
12,12,10,1110,"{1: np.int64(390), 2: np.int64(474), 3: np.int64(451), 4: np.int64(405), 5: np.int64(472), 6: np.int64(431), 7: np.int64(456), 8: np.int64(390), 9: np.int64(378), 10: np.int64(409)}",28159.82629810585,17024.000000000007,45183.82629810585,6.653753995895386,0.0
