S,F,T,B,D,Z1,Z2,ObjVal,time,GAP
3,3,10,750,"{1: np.int64(899), 2: np.int64(1122), 3: np.int64(930), 4: np.int64(1123), 5: np.int64(942), 6: np.int64(1137), 7: np.int64(1061), 8: np.int64(1001), 9: np.int64(1005), 10: np.int64(1045)}",101656.0,42653.0,144309.0,0.011382102966308594,0.0
3,3,10,750,"{1: np.int64(899), 2: np.int64(1122), 3: np.int64(930), 4: np.int64(1123), 5: np.int64(942), 6: np.int64(1137), 7: np.int64(1061), 8: np.int64(1001), 9: np.int64(1005), 10: np.int64(1045)}",101656.0,42653.0,144309.0,0.011749029159545898,0.0
