S,F,T,B,D,Z1,Z2,ObjVal,time,GAP
3,3,10,2467,"{1: np.int64(3639), 2: np.int64(3633), 3: np.int64(3026), 4: np.int64(3143), 5: np.int64(3460), 6: np.int64(3565), 7: np.int64(3687), 8: np.int64(3713), 9: np.int64(2920), 10: np.int64(3439)}",250212.93906810036,136900.0,387112.93906810036,0.02703690528869629,0.0
3,3,10,2467,"{1: np.int64(3639), 2: np.int64(3633), 3: np.int64(3026), 4: np.int64(3143), 5: np.int64(3460), 6: np.int64(3565), 7: np.int64(3687), 8: np.int64(3713), 9: np.int64(2920), 10: np.int64(3439)}",250212.93906810036,136900.0,387112.93906810036,0.028590917587280273,0.0
