S,F,T,B,D,Z1,Z2,ObjVal,time,GAP
12,12,10,1833,"{1: np.int64(581), 2: np.int64(541), 3: np.int64(570), 4: np.int64(614), 5: np.int64(656), 6: np.int64(598), 7: np.int64(638), 8: np.int64(512), 9: np.int64(558), 10: np.int64(670)}",37317.839090488065,23751.99999999997,61069.83909048804,100.02880787849426,0.04819356485755905
