S,F,T,B,D,Z1,Z2,ObjVal,time,GAP
6,6,5,4717,"{1: np.int64(1641), 2: np.int64(1746), 3: np.int64(1914), 4: np.int64(1875), 5: np.int64(1813)}",75779.0,35956.0,111735.0,0.15454411506652832,0.0
6,6,5,4717,"{1: np.int64(1641), 2: np.int64(1746), 3: np.int64(1914), 4: np.int64(1875), 5: np.int64(1813)}",75779.0,35956.0,111735.0,0.15089011192321777,0.0
