S,F,T,B,D,Z1,Z2,ObjVal,time,GAP
3,3,10,2226,"{1: np.int64(2858), 2: np.int64(3374), 3: np.int64(3772), 4: np.int64(3214), 5: np.int64(3049), 6: np.int64(3255), 7: np.int64(2862), 8: np.int64(3055), 9: np.int64(3271), 10: np.int64(3329)}",255470.1226936501,128155.99999999999,383626.1226936502,0.31873297691345215,0.0
3,3,10,2226,"{1: np.int64(2858), 2: np.int64(3374), 3: np.int64(3772), 4: np.int64(3214), 5: np.int64(3049), 6: np.int64(3255), 7: np.int64(2862), 8: np.int64(3055), 9: np.int64(3271), 10: np.int64(3329)}",255470.1226936501,128155.99999999999,383626.1226936502,0.31406593322753906,0.0
