S,F,T,B,D,Z1,Z2,ObjVal,time,GAP
12,12,5,3464,"{1: np.int64(608), 2: np.int64(636), 3: np.int64(556), 4: np.int64(518), 5: np.int64(546)}",19885.99712334832,11456.0,31341.99712334832,26.031038999557495,0.0
12,12,5,3464,"{1: np.int64(608), 2: np.int64(636), 3: np.int64(556), 4: np.int64(518), 5: np.int64(546)}",19885.99712334832,11456.0,31341.99712334832,26.253748893737793,0.0
