S,F,T,B,D,Z1,Z2,ObjVal,time,GAP
6,6,5,2605,"{1: np.int64(877), 2: np.int64(949), 3: np.int64(771), 4: np.int64(822), 5: np.int64(856)}",25126.860153841677,17099.999999999996,42226.86015384167,100.01447916030884,0.013580802461267088
6,6,5,2605,"{1: np.int64(877), 2: np.int64(949), 3: np.int64(771), 4: np.int64(822), 5: np.int64(856)}",25126.860153841677,17099.999999999996,42226.86015384167,100.02218008041382,0.013509913568248967
