S,F,T,B,D,Z1,Z2,ObjVal,time,GAP
9,9,15,1440,"{1: np.int64(999), 2: np.int64(1247), 3: np.int64(1033), 4: np.int64(1248), 5: np.int64(1047), 6: np.int64(1263), 7: np.int64(1179), 8: np.int64(1112), 9: np.int64(1117), 10: np.int64(1161), 11: np.int64(1140), 12: np.int64(1048), 13: np.int64(1013), 14: np.int64(1115), 15: np.int64(1255)}",123948.63499324964,67908.00000000068,191856.63499325034,5.755018949508667,0.0
9,9,15,1440,"{1: np.int64(999), 2: np.int64(1247), 3: np.int64(1033), 4: np.int64(1248), 5: np.int64(1047), 6: np.int64(1263), 7: np.int64(1179), 8: np.int64(1112), 9: np.int64(1117), 10: np.int64(1161), 11: np.int64(1140), 12: np.int64(1048), 13: np.int64(1013), 14: np.int64(1115), 15: np.int64(1255)}",123948.63499324964,67908.00000000068,191856.63499325034,5.764256000518799,0.0
