S,F,T,B,D,Z1,Z2,ObjVal,time,GAP
12,12,15,806,"{1: np.int64(434), 2: np.int64(454), 3: np.int64(397), 4: np.int64(370), 5: np.int64(390), 6: np.int64(453), 7: np.int64(388), 8: np.int64(397), 9: np.int64(406), 10: np.int64(406), 11: np.int64(405), 12: np.int64(469), 13: np.int64(373), 14: np.int64(354), 15: np.int64(472)}",39155.26550603826,24671.999999999996,63827.265506038246,71.10703301429749,0.0
