S,F,T,B,D,Z1,Z2,ObjVal,time,GAP
12,12,10,2623,"{1: np.int64(833), 2: np.int64(787), 3: np.int64(786), 4: np.int64(796), 5: np.int64(870), 6: np.int64(854), 7: np.int64(798), 8: np.int64(756), 9: np.int64(790), 10: np.int64(739)}",63850.999974971695,32035.999993511425,95886.99996848314,29.945873975753784,9.565077898219305e-05
