S,F,T,B,D,Z1,Z2,ObjVal,time,GAP
12,12,5,4934,"{1: np.int64(839), 2: np.int64(709), 3: np.int64(717), 4: np.int64(810), 5: np.int64(736)}",25598.999992329347,15244.0,40842.99999232935,7.374943017959595,0.0
12,12,5,4934,"{1: np.int64(839), 2: np.int64(709), 3: np.int64(717), 4: np.int64(810), 5: np.int64(736)}",25598.999992329347,15244.0,40842.99999232935,7.502485036849976,0.0
