S,F,T,B,D,Z1,Z2,ObjVal,time,GAP
12,12,10,665,"{1: np.int64(234), 2: np.int64(284), 3: np.int64(270), 4: np.int64(243), 5: np.int64(283), 6: np.int64(259), 7: np.int64(273), 8: np.int64(234), 9: np.int64(226), 10: np.int64(245)}",17544.29187682465,10203.999999997395,27748.291876822048,6.483980894088745,0.0
