S,F,T,B,D,Z1,Z2,ObjVal,time,GAP
12,12,5,1482,"{1: np.int64(260), 2: np.int64(272), 3: np.int64(238), 4: np.int64(222), 5: np.int64(234)}",8512.502439747655,4903.999999999722,13416.502439747379,31.851228952407837,0.0
12,12,5,1482,"{1: np.int64(260), 2: np.int64(272), 3: np.int64(238), 4: np.int64(222), 5: np.int64(234)}",8512.502439747655,4903.999999999722,13416.502439747379,31.91421914100647,0.0
