S,F,T,B,D,Z1,Z2,ObjVal,time,GAP
12,12,5,1233,"{1: np.int64(261), 2: np.int64(232), 3: np.int64(229), 4: np.int64(278), 5: np.int64(220)}",8340.500585794762,4880.0,13220.500585794762,3.0693891048431396,0.0
12,12,5,1233,"{1: np.int64(261), 2: np.int64(232), 3: np.int64(229), 4: np.int64(278), 5: np.int64(220)}",8340.500585794762,4880.0,13220.500585794762,3.075098991394043,0.0
