S,F,T,B,D,Z1,Z2,ObjVal,time,GAP
9,9,5,2848,"{1: np.int64(860), 2: np.int64(892), 3: np.int64(681), 4: np.int64(847), 5: np.int64(756)}",28549.60742615071,16143.999999993901,44693.60742614461,1.0851798057556152,0.0
9,9,5,2848,"{1: np.int64(860), 2: np.int64(892), 3: np.int64(681), 4: np.int64(847), 5: np.int64(756)}",28549.60742615071,16143.999999993901,44693.60742614461,1.0825541019439697,0.0
