S,F,T,B,D,Z1,Z2,ObjVal,time,GAP
3,3,5,2188,"{1: np.int64(1430), 2: np.int64(1649), 3: np.int64(1575), 4: np.int64(1606), 5: np.int64(1862)}",63846.96011193706,36260.928314004,100107.88842594107,0.05138897895812988,0.0
3,3,5,2188,"{1: np.int64(1430), 2: np.int64(1649), 3: np.int64(1575), 4: np.int64(1606), 5: np.int64(1862)}",63846.96011193706,36260.928314004,100107.88842594107,0.052345991134643555,0.0
3,3,5,2188,"{1: np.int64(1430), 2: np.int64(1649), 3: np.int64(1575), 4: np.int64(1606), 5: np.int64(1862)}",63846.96011193706,36260.928314004,100107.88842594107,0.05098891258239746,0.0
