S,F,T,B,D,Z1,Z2,ObjVal,time,GAP
6,6,5,2191,"{1: np.int64(796), 2: np.int64(953), 3: np.int64(948), 4: np.int64(748), 5: np.int64(896)}",32041.607284591606,17364.0,49405.607284591584,0.681128978729248,0.0
6,6,5,2191,"{1: np.int64(796), 2: np.int64(953), 3: np.int64(948), 4: np.int64(748), 5: np.int64(896)}",32041.607284591606,17364.0,49405.607284591584,0.6612119674682617,0.0
