S,F,T,B,D,Z1,Z2,ObjVal,time,GAP
3,3,10,759,"{1: np.int64(937), 2: np.int64(906), 3: np.int64(906), 4: np.int64(1033), 5: np.int64(1046), 6: np.int64(992), 7: np.int64(876), 8: np.int64(1077), 9: np.int64(1113), 10: np.int64(1127)}",95863.0,41282.0,137145.0,0.009989023208618164,0.0
3,3,10,759,"{1: np.int64(937), 2: np.int64(906), 3: np.int64(906), 4: np.int64(1033), 5: np.int64(1046), 6: np.int64(992), 7: np.int64(876), 8: np.int64(1077), 9: np.int64(1113), 10: np.int64(1127)}",95863.0,41282.0,137145.0,0.010106086730957031,0.0
