S,F,T,B,D,Z1,Z2,ObjVal,time,GAP
9,9,5,4560,"{1: np.int64(1002), 2: np.int64(1127), 3: np.int64(1178), 4: np.int64(1169), 5: np.int64(1069)}",40108.222466045176,22179.999999997184,62288.22246604234,1.1622509956359863,0.0
9,9,5,4560,"{1: np.int64(1002), 2: np.int64(1127), 3: np.int64(1178), 4: np.int64(1169), 5: np.int64(1069)}",40108.222466045176,22179.999999997184,62288.22246604234,1.1734848022460938,0.0
