S,F,T,B,D,Z1,Z2,ObjVal,time,GAP
9,9,15,1298,"{1: np.int64(1041), 2: np.int64(1007), 3: np.int64(1006), 4: np.int64(1148), 5: np.int64(1163), 6: np.int64(1103), 7: np.int64(974), 8: np.int64(1196), 9: np.int64(1236), 10: np.int64(1252), 11: np.int64(1225), 12: np.int64(1243), 13: np.int64(1252), 14: np.int64(1124), 15: np.int64(1074)}",128057.27161331591,68175.99999999526,196233.27161331117,12.991392135620117,0.0
9,9,15,1298,"{1: np.int64(1041), 2: np.int64(1007), 3: np.int64(1006), 4: np.int64(1148), 5: np.int64(1163), 6: np.int64(1103), 7: np.int64(974), 8: np.int64(1196), 9: np.int64(1236), 10: np.int64(1252), 11: np.int64(1225), 12: np.int64(1243), 13: np.int64(1252), 14: np.int64(1124), 15: np.int64(1074)}",128057.27161331591,68175.99999999526,196233.27161331117,13.072726011276245,0.0
