S,F,T,B,D,Z1,Z2,ObjVal,time,GAP
12,12,5,3450,"{1: np.int64(587), 2: np.int64(496), 3: np.int64(502), 4: np.int64(567), 5: np.int64(515)}",17992.0,10668.0,28660.0,0.7100489139556885,0.0
12,12,5,3450,"{1: np.int64(587), 2: np.int64(496), 3: np.int64(502), 4: np.int64(567), 5: np.int64(515)}",17992.0,10668.0,28660.0,0.7184278964996338,0.0
