S,F,T,B,D,Z1,Z2,ObjVal,time,GAP
3,3,15,526,"{1: np.int64(1002), 2: np.int64(974), 3: np.int64(1029), 4: np.int64(979), 5: np.int64(898), 6: np.int64(941), 7: np.int64(1093), 8: np.int64(862), 9: np.int64(863), 10: np.int64(1037), 11: np.int64(934), 12: np.int64(1010), 13: np.int64(991), 14: np.int64(952), 15: np.int64(1149)}",127406.0,60431.0,187837.0,0.011140823364257812,0.0
3,3,15,526,"{1: np.int64(1002), 2: np.int64(974), 3: np.int64(1029), 4: np.int64(979), 5: np.int64(898), 6: np.int64(941), 7: np.int64(1093), 8: np.int64(862), 9: np.int64(863), 10: np.int64(1037), 11: np.int64(934), 12: np.int64(1010), 13: np.int64(991), 14: np.int64(952), 15: np.int64(1149)}",127406.0,60431.0,187837.0,0.011274099349975586,0.0
