S,F,T,B,D,Z1,Z2,ObjVal,time,GAP
9,9,5,4192,"{1: np.int64(1041), 2: np.int64(1007), 3: np.int64(1006), 4: np.int64(1148), 5: np.int64(1163)}",38736.071197826495,21460.000000006767,60196.07119783326,2.5155839920043945,0.0
9,9,5,4192,"{1: np.int64(1041), 2: np.int64(1007), 3: np.int64(1006), 4: np.int64(1148), 5: np.int64(1163)}",38736.071197826495,21460.000000006767,60196.07119783326,2.5485291481018066,0.0
