S,F,T,B,D,Z1,Z2,ObjVal,time,GAP
12,12,10,2566,"{1: np.int64(934), 2: np.int64(868), 3: np.int64(801), 4: np.int64(842), 5: np.int64(760), 6: np.int64(855), 7: np.int64(710), 8: np.int64(746), 9: np.int64(791), 10: np.int64(905)}",50221.51205487597,32848.00000000001,83069.51205487599,100.02159595489502,0.007478551150383521
