S,F,T,B,D,Z1,Z2,ObjVal,time,GAP
6,6,5,3068,"{1: np.int64(1115), 2: np.int64(1335), 3: np.int64(1328), 4: np.int64(1048), 5: np.int64(1255)}",50034.06517042038,24323.999999999414,74358.0651704198,0.26666903495788574,1.1284411200279673e-05
6,6,5,3068,"{1: np.int64(1115), 2: np.int64(1335), 3: np.int64(1328), 4: np.int64(1048), 5: np.int64(1255)}",50034.06517042038,24323.999999999414,74358.0651704198,0.26056599617004395,1.1284411200279673e-05
