S,F,T,B,D,Z1,Z2,ObjVal,time,GAP
12,12,10,2228,"{1: np.int64(780), 2: np.int64(949), 3: np.int64(902), 4: np.int64(810), 5: np.int64(944), 6: np.int64(863), 7: np.int64(912), 8: np.int64(781), 9: np.int64(756), 10: np.int64(819)}",55236.22262954272,34064.00000000336,89300.22262954607,8.167360067367554,0.0
12,12,10,2228,"{1: np.int64(780), 2: np.int64(949), 3: np.int64(902), 4: np.int64(810), 5: np.int64(944), 6: np.int64(863), 7: np.int64(912), 8: np.int64(781), 9: np.int64(756), 10: np.int64(819)}",55251.632489535696,34063.99999999999,89315.6324895357,7.46048903465271,0.0
