S,F,T,B,D,Z1,Z2,ObjVal,time,GAP
3,3,5,1372,"{1: np.int64(1091), 2: np.int64(1090), 3: np.int64(908), 4: np.int64(942), 5: np.int64(1038)}",43106.0,20296.0,63402.0,0.0033218860626220703,0.0
3,3,5,1372,"{1: np.int64(1091), 2: np.int64(1090), 3: np.int64(908), 4: np.int64(942), 5: np.int64(1038)}",43106.0,20296.0,63402.0,0.0029969215393066406,0.0
3,3,5,1372,"{1: np.int64(1091), 2: np.int64(1090), 3: np.int64(908), 4: np.int64(942), 5: np.int64(1038)}",43106.0,20296.0,63402.0,0.003268003463745117,0.0
