S,F,T,B,D,Z1,Z2,ObjVal,time,GAP
9,9,5,3457,"{1: np.int64(818), 2: np.int64(885), 3: np.int64(719), 4: np.int64(767), 5: np.int64(799)}",23352.274340623906,15951.999999999978,39304.27434062389,22.26625418663025,0.0
9,9,5,3457,"{1: np.int64(818), 2: np.int64(885), 3: np.int64(719), 4: np.int64(767), 5: np.int64(799)}",23352.274340623906,15951.999999999978,39304.27434062389,22.447574853897095,0.0
