S,F,T,B,D,Z1,Z2,ObjVal,time,GAP
12,12,10,2060,"{1: np.int64(871), 2: np.int64(776), 3: np.int64(764), 4: np.int64(927), 5: np.int64(734), 6: np.int64(838), 7: np.int64(921), 8: np.int64(769), 9: np.int64(760), 10: np.int64(928)}",58083.07987630083,33152.00000000061,91235.07987630145,21.02334213256836,0.0
