S,F,T,B,D,Z1,Z2,ObjVal,time,GAP
6,6,15,855,"{1: np.int64(877), 2: np.int64(949), 3: np.int64(771), 4: np.int64(822), 5: np.int64(856), 6: np.int64(788), 7: np.int64(799), 8: np.int64(786), 9: np.int64(800), 10: np.int64(857), 11: np.int64(783), 12: np.int64(802), 13: np.int64(901), 14: np.int64(715), 15: np.int64(850)}",81508.0,49424.0,130932.0,0.5039501190185547,0.0
6,6,15,855,"{1: np.int64(877), 2: np.int64(949), 3: np.int64(771), 4: np.int64(822), 5: np.int64(856), 6: np.int64(788), 7: np.int64(799), 8: np.int64(786), 9: np.int64(800), 10: np.int64(857), 11: np.int64(783), 12: np.int64(802), 13: np.int64(901), 14: np.int64(715), 15: np.int64(850)}",81508.0,49424.0,130932.0,0.5075039863586426,0.0
