S,F,T,B,D,Z1,Z2,ObjVal,time,GAP
3,3,5,1557,"{1: np.int64(956), 2: np.int64(1144), 3: np.int64(1138), 4: np.int64(898), 5: np.int64(1076)}",41227.0,20848.0,62075.0,0.005125999450683594,0.0
3,3,5,1557,"{1: np.int64(956), 2: np.int64(1144), 3: np.int64(1138), 4: np.int64(898), 5: np.int64(1076)}",41227.0,20848.0,62075.0,0.0049591064453125,0.0
