S,F,T,B,D,Z1,Z2,ObjVal,time,GAP
12,12,10,1103,"{1: np.int64(450), 2: np.int64(421), 3: np.int64(461), 4: np.int64(383), 5: np.int64(418), 6: np.int64(473), 7: np.int64(426), 8: np.int64(411), 9: np.int64(387), 10: np.int64(422)}",31099.59073652175,17007.999999999996,48107.59073652176,24.139400959014893,0.0
