S,F,T,B,D,Z1,Z2,ObjVal,time,GAP
9,9,5,3188,"{1: np.int64(701), 2: np.int64(789), 3: np.int64(825), 4: np.int64(818), 5: np.int64(748)}",27259.82824131585,15523.999999999996,42783.828241315845,1.777129888534546,0.0
9,9,5,3188,"{1: np.int64(701), 2: np.int64(789), 3: np.int64(825), 4: np.int64(818), 5: np.int64(748)}",27259.82824131585,15523.999999999996,42783.828241315845,1.8081071376800537,0.0
