S,F,T,B,D,Z1,Z2,ObjVal,time,GAP
3,3,5,3064,"{1: np.int64(2002), 2: np.int64(2308), 3: np.int64(2206), 4: np.int64(2249), 5: np.int64(2607)}",89364.85329354992,50775.32518259343,140140.17847614334,0.03637290000915527,0.0
3,3,5,3064,"{1: np.int64(2002), 2: np.int64(2308), 3: np.int64(2206), 4: np.int64(2249), 5: np.int64(2607)}",89364.85329354992,50775.32518259343,140140.17847614334,0.03679084777832031,0.0
