S,F,T,B,D,Z1,Z2,ObjVal,time,GAP
9,9,15,859,"{1: np.int64(486), 2: np.int64(475), 3: np.int64(474), 4: np.int64(598), 5: np.int64(513), 6: np.int64(490), 7: np.int64(576), 8: np.int64(529), 9: np.int64(483), 10: np.int64(498), 11: np.int64(560), 12: np.int64(500), 13: np.int64(517), 14: np.int64(590), 15: np.int64(548)}",63291.99994403604,31348.0,94639.99994403604,15.04279088973999,8.921826182287303e-05
9,9,15,859,"{1: np.int64(486), 2: np.int64(475), 3: np.int64(474), 4: np.int64(598), 5: np.int64(513), 6: np.int64(490), 7: np.int64(576), 8: np.int64(529), 9: np.int64(483), 10: np.int64(498), 11: np.int64(560), 12: np.int64(500), 13: np.int64(517), 14: np.int64(590), 15: np.int64(548)}",63291.99994403604,31348.0,94639.99994403604,15.237643003463745,8.921826182287303e-05
