S,F,T,B,D,Z1,Z2,ObjVal,time,GAP
6,6,10,782,"{1: np.int64(526), 2: np.int64(569), 3: np.int64(462), 4: np.int64(493), 5: np.int64(513), 6: np.int64(473), 7: np.int64(479), 8: np.int64(471), 9: np.int64(480), 10: np.int64(514)}",29654.647322395493,19920.000000000004,49574.647322395496,25.208680152893066,0.0
6,6,10,782,"{1: np.int64(526), 2: np.int64(569), 3: np.int64(462), 4: np.int64(493), 5: np.int64(513), 6: np.int64(473), 7: np.int64(479), 8: np.int64(471), 9: np.int64(480), 10: np.int64(514)}",29654.647322395493,19920.000000000004,49574.647322395496,25.405514001846313,0.0
