S,F,T,B,D,Z1,Z2,ObjVal,time,GAP
6,6,5,3300,"{1: np.int64(1149), 2: np.int64(1222), 3: np.int64(1340), 4: np.int64(1312), 5: np.int64(1269)}",53088.0,25168.0,78256.0,0.17660999298095703,0.0
6,6,5,3300,"{1: np.int64(1149), 2: np.int64(1222), 3: np.int64(1340), 4: np.int64(1312), 5: np.int64(1269)}",53088.0,25168.0,78256.0,0.17369818687438965,0.0
