S,F,T,B,D,Z1,Z2,ObjVal,time,GAP
6,6,5,5214,"{1: np.int64(1754), 2: np.int64(1898), 3: np.int64(1542), 4: np.int64(1644), 5: np.int64(1713)}",59545.45829642158,34204.0,93749.45829642158,0.027425050735473633,8.603429089951236e-05
6,6,5,5214,"{1: np.int64(1754), 2: np.int64(1898), 3: np.int64(1542), 4: np.int64(1644), 5: np.int64(1713)}",59545.45829642158,34204.0,93749.45829642158,0.028250932693481445,8.603429089951236e-05
