S,F,T,B,D,Z1,Z2,ObjVal,time,GAP
12,12,10,1103,"{1: np.int64(450), 2: np.int64(421), 3: np.int64(461), 4: np.int64(383), 5: np.int64(418), 6: np.int64(473), 7: np.int64(426), 8: np.int64(411), 9: np.int64(387), 10: np.int64(422)}",31168.905507607917,17007.999999999993,48176.90550760791,17.05705690383911,0.0
