S,F,T,B,D,Z1,Z2,ObjVal,time,GAP
12,12,10,1014,"{1: np.int64(378), 2: np.int64(405), 3: np.int64(430), 4: np.int64(373), 5: np.int64(359), 6: np.int64(462), 7: np.int64(393), 8: np.int64(473), 9: np.int64(466), 10: np.int64(401)}",27404.64493737888,16560.000000000007,43964.64493737888,7.348646879196167,0.0
