S,F,T,B,D,Z1,Z2,ObjVal,time,GAP
12,12,10,665,"{1: np.int64(234), 2: np.int64(284), 3: np.int64(270), 4: np.int64(243), 5: np.int64(283), 6: np.int64(259), 7: np.int64(273), 8: np.int64(234), 9: np.int64(226), 10: np.int64(245)}",17395.52823654156,10203.999999999069,27599.528236540627,11.672812938690186,0.0
