S,F,T,B,D,Z1,Z2,ObjVal,time,GAP
3,3,5,2667,"{1: np.int64(1499), 2: np.int64(1870), 3: np.int64(1550), 4: np.int64(1872), 5: np.int64(1571)}",64701.22887600896,33448.0,98149.22887600897,0.22734904289245605,0.0
3,3,5,2667,"{1: np.int64(1499), 2: np.int64(1870), 3: np.int64(1550), 4: np.int64(1872), 5: np.int64(1571)}",64701.22887600896,33448.0,98149.22887600897,0.22302889823913574,0.0
