S,F,T,B,D,Z1,Z2,ObjVal,time,GAP
9,9,5,3091,"{1: np.int64(744), 2: np.int64(835), 3: np.int64(735), 4: np.int64(791), 5: np.int64(872)}",26506.761285682765,15907.999999997992,42414.761285680754,0.8373141288757324,0.0
9,9,5,3091,"{1: np.int64(744), 2: np.int64(835), 3: np.int64(735), 4: np.int64(791), 5: np.int64(872)}",26506.761285682765,15907.999999997992,42414.761285680754,0.843735933303833,0.0
