S,F,T,B,D,Z1,Z2,ObjVal,time,GAP
9,9,5,1561,"{1: np.int64(357), 2: np.int64(367), 3: np.int64(349), 4: np.int64(335), 5: np.int64(312)}",10600.468930640054,6879.999999999723,17480.468930639778,100.00958108901978,0.016236542410133482
9,9,5,1561,"{1: np.int64(357), 2: np.int64(367), 3: np.int64(349), 4: np.int64(335), 5: np.int64(312)}",10600.468930640054,6879.999999999723,17480.468930639778,100.01198983192444,0.016376220033694718
