S,F,T,B,D,Z1,Z2,ObjVal,time,GAP
12,12,5,2204,"{1: np.int64(450), 2: np.int64(421), 3: np.int64(461), 4: np.int64(383), 5: np.int64(418)}",17308.788606642043,8531.999999999885,25840.788606641934,2.3250701427459717,0.0
12,12,5,2204,"{1: np.int64(450), 2: np.int64(421), 3: np.int64(461), 4: np.int64(383), 5: np.int64(418)}",17308.788606642043,8531.999999999885,25840.788606641934,2.345874071121216,0.0
