S,F,T,B,D,Z1,Z2,ObjVal,time,GAP
6,6,10,1489,"{1: np.int64(1210), 2: np.int64(1097), 3: np.int64(1169), 4: np.int64(1126), 5: np.int64(1114), 6: np.int64(1196), 7: np.int64(1196), 8: np.int64(1308), 9: np.int64(1230), 10: np.int64(1316)}",93998.31620490058,47847.9999999943,141846.31620489486,1.5392460823059082,0.0
6,6,10,1489,"{1: np.int64(1210), 2: np.int64(1097), 3: np.int64(1169), 4: np.int64(1126), 5: np.int64(1114), 6: np.int64(1196), 7: np.int64(1196), 8: np.int64(1308), 9: np.int64(1230), 10: np.int64(1316)}",93998.31620490058,47847.9999999943,141846.31620489486,1.4951059818267822,0.0
