S,F,T,B,D,Z1,Z2,ObjVal,time,GAP
12,12,10,1341,"{1: np.int64(384), 2: np.int64(460), 3: np.int64(398), 4: np.int64(450), 5: np.int64(477), 6: np.int64(432), 7: np.int64(438), 8: np.int64(430), 9: np.int64(393), 10: np.int64(468)}",32484.0,17320.0,49804.0,2.6991028785705566,9.825783918834924e-05
