S,F,T,B,D,Z1,Z2,ObjVal,time,GAP
6,6,10,2616,"{1: np.int64(1754), 2: np.int64(1898), 3: np.int64(1542), 4: np.int64(1644), 5: np.int64(1713), 6: np.int64(1576), 7: np.int64(1598), 8: np.int64(1573), 9: np.int64(1601), 10: np.int64(1714)}",104669.3064560941,66451.99999999943,171121.3064560935,1.5624768733978271,0.0
6,6,10,2616,"{1: np.int64(1754), 2: np.int64(1898), 3: np.int64(1542), 4: np.int64(1644), 5: np.int64(1713), 6: np.int64(1576), 7: np.int64(1598), 8: np.int64(1573), 9: np.int64(1601), 10: np.int64(1714)}",104669.3064560941,66451.99999999943,171121.3064560935,1.551321029663086,0.0
