S,F,T,B,D,Z1,Z2,ObjVal,time,GAP
9,9,10,1264,"{1: np.int64(589), 2: np.int64(541), 3: np.int64(582), 4: np.int64(480), 5: np.int64(546), 6: np.int64(515), 7: np.int64(498), 8: np.int64(560), 9: np.int64(553), 10: np.int64(565)}",45366.0,21716.0,67082.0,9.253870010375977,6.254422315448085e-05
9,9,10,1264,"{1: np.int64(589), 2: np.int64(541), 3: np.int64(582), 4: np.int64(480), 5: np.int64(546), 6: np.int64(515), 7: np.int64(498), 8: np.int64(560), 9: np.int64(553), 10: np.int64(565)}",45366.0,21716.0,67082.0,9.282284021377563,6.254422315448085e-05
