S,F,T,B,D,Z1,Z2,ObjVal,time,GAP
3,3,5,1952,"{1: np.int64(1652), 2: np.int64(1467), 3: np.int64(1633), 4: np.int64(1722), 5: np.int64(1873)}",56389.0,34288.0,90677.0,0.15406203269958496,2.086250074095626e-15
3,3,5,1952,"{1: np.int64(1652), 2: np.int64(1467), 3: np.int64(1633), 4: np.int64(1722), 5: np.int64(1873)}",56389.0,34288.0,90677.0,0.1572420597076416,2.086250074095626e-15
3,3,5,1952,"{1: np.int64(1652), 2: np.int64(1467), 3: np.int64(1633), 4: np.int64(1722), 5: np.int64(1873)}",56389.0,34288.0,90677.0,0.17207884788513184,2.086250074095626e-15
