S,F,T,B,D,Z1,Z2,ObjVal,time,GAP
12,12,10,608,"{1: np.int64(227), 2: np.int64(243), 3: np.int64(258), 4: np.int64(224), 5: np.int64(215), 6: np.int64(277), 7: np.int64(236), 8: np.int64(284), 9: np.int64(279), 10: np.int64(240)}",17286.29487695932,9931.999999999993,27218.294876959313,21.326311111450195,0.0
