S,F,T,B,D,Z1,Z2,ObjVal,time,GAP
6,6,10,2616,"{1: np.int64(1754), 2: np.int64(1898), 3: np.int64(1542), 4: np.int64(1644), 5: np.int64(1713), 6: np.int64(1576), 7: np.int64(1598), 8: np.int64(1573), 9: np.int64(1601), 10: np.int64(1714)}",102499.28879452417,66452.00000000001,168951.28879452415,28.84550189971924,0.0
6,6,10,2616,"{1: np.int64(1754), 2: np.int64(1898), 3: np.int64(1542), 4: np.int64(1644), 5: np.int64(1713), 6: np.int64(1576), 7: np.int64(1598), 8: np.int64(1573), 9: np.int64(1601), 10: np.int64(1714)}",102499.28879452417,66452.00000000001,168951.28879452415,28.723033905029297,0.0
