S,F,T,B,D,Z1,Z2,ObjVal,time,GAP
12,12,5,1233,"{1: np.int64(261), 2: np.int64(232), 3: np.int64(229), 4: np.int64(278), 5: np.int64(220)}",9153.045732108336,4879.999999999261,14033.045732107597,9.32114315032959,0.0
12,12,5,1233,"{1: np.int64(261), 2: np.int64(232), 3: np.int64(229), 4: np.int64(278), 5: np.int64(220)}",9153.045732108336,4879.999999999261,14033.045732107597,9.316861152648926,0.0
