S,F,T,B,D,Z1,Z2,ObjVal,time,GAP
12,12,10,731,"{1: np.int64(251), 2: np.int64(212), 3: np.int64(215), 4: np.int64(243), 5: np.int64(220), 6: np.int64(266), 7: np.int64(230), 8: np.int64(219), 9: np.int64(226), 10: np.int64(229)}",16122.0,9244.0,25366.0,13.093466997146606,2.672211849417529e-06
12,12,10,731,"{1: np.int64(251), 2: np.int64(212), 3: np.int64(215), 4: np.int64(243), 5: np.int64(220), 6: np.int64(266), 7: np.int64(230), 8: np.int64(219), 9: np.int64(226), 10: np.int64(229)}",16122.0,9244.0,25366.0,13.244966983795166,2.672211849417529e-06
