S,F,T,B,D,Z1,Z2,ObjVal,time,GAP
12,12,15,424,"{1: np.int64(270), 2: np.int64(252), 3: np.int64(277), 4: np.int64(229), 5: np.int64(251), 6: np.int64(283), 7: np.int64(255), 8: np.int64(246), 9: np.int64(232), 10: np.int64(253), 11: np.int64(284), 12: np.int64(212), 13: np.int64(271), 14: np.int64(274), 15: np.int64(278)}",29677.559939118197,15467.999999999713,45145.559939117906,13.53964900970459,0.0
