S,F,T,B,D,Z1,Z2,ObjVal,time,GAP
12,12,5,1482,"{1: np.int64(260), 2: np.int64(272), 3: np.int64(238), 4: np.int64(222), 5: np.int64(234)}",9100.519785258002,4903.999999999665,14004.519785257668,29.391661167144775,0.0
12,12,5,1482,"{1: np.int64(260), 2: np.int64(272), 3: np.int64(238), 4: np.int64(222), 5: np.int64(234)}",9100.519785258002,4903.999999999665,14004.519785257668,29.55594491958618,0.0
