S,F,T,B,D,Z1,Z2,ObjVal,time,GAP
12,12,5,2580,"{1: np.int64(476), 2: np.int64(453), 3: np.int64(418), 4: np.int64(382), 5: np.int64(435)}",19063.0,8656.0,27719.0,2.835090160369873,0.0
12,12,5,2580,"{1: np.int64(476), 2: np.int64(453), 3: np.int64(418), 4: np.int64(382), 5: np.int64(435)}",19063.0,8656.0,27719.0,2.8251349925994873,0.0
