S,F,T,B,D,Z1,Z2,ObjVal,time,GAP
3,3,10,709,"{1: np.int64(858), 2: np.int64(989), 3: np.int64(945), 4: np.int64(964), 5: np.int64(1117), 6: np.int64(1007), 7: np.int64(1018), 8: np.int64(920), 9: np.int64(857), 10: np.int64(947)}",68154.62452380947,38487.99999999999,106642.62452380947,0.09036397933959961,0.0
3,3,10,709,"{1: np.int64(858), 2: np.int64(989), 3: np.int64(945), 4: np.int64(964), 5: np.int64(1117), 6: np.int64(1007), 7: np.int64(1018), 8: np.int64(920), 9: np.int64(857), 10: np.int64(947)}",68154.62452380947,38487.99999999999,106642.62452380947,0.0888969898223877,0.0
