S,F,T,B,D,Z1,Z2,ObjVal,time,GAP
3,3,5,5339,"{1: np.int64(2999), 2: np.int64(3741), 3: np.int64(3101), 4: np.int64(3744), 5: np.int64(3142)}",129520.28743093726,66908.0,196428.28743093723,0.24984502792358398,0.0
3,3,5,5339,"{1: np.int64(2999), 2: np.int64(3741), 3: np.int64(3101), 4: np.int64(3744), 5: np.int64(3142)}",129520.28743093726,66908.0,196428.28743093723,0.24758696556091309,0.0
