S,F,T,B,D,Z1,Z2,ObjVal,time,GAP
9,9,5,1321,"{1: np.int64(318), 2: np.int64(358), 3: np.int64(315), 4: np.int64(339), 5: np.int64(373)}",11950.355625804728,6811.999999999996,18762.355625804725,0.6438329219818115,0.0
9,9,5,1321,"{1: np.int64(318), 2: np.int64(358), 3: np.int64(315), 4: np.int64(339), 5: np.int64(373)}",11950.355625804728,6811.999999999996,18762.355625804725,0.6407589912414551,0.0
