S,F,T,B,D,Z1,Z2,ObjVal,time,GAP
9,9,15,525,"{1: np.int64(365), 2: np.int64(379), 3: np.int64(340), 4: np.int64(300), 5: np.int64(370), 6: np.int64(380), 7: np.int64(353), 8: np.int64(334), 9: np.int64(321), 10: np.int64(318), 11: np.int64(303), 12: np.int64(350), 13: np.int64(326), 14: np.int64(302), 15: np.int64(293)}",40631.535156249476,20136.0,60767.535156249476,100.03250288963318,0.0493328971151223
9,9,15,525,"{1: np.int64(365), 2: np.int64(379), 3: np.int64(340), 4: np.int64(300), 5: np.int64(370), 6: np.int64(380), 7: np.int64(353), 8: np.int64(334), 9: np.int64(321), 10: np.int64(318), 11: np.int64(303), 12: np.int64(350), 13: np.int64(326), 14: np.int64(302), 15: np.int64(293)}",40631.535156249476,20136.0,60767.535156249476,100.0103189945221,0.0493328971151223
