S,F,T,B,D,Z1,Z2,ObjVal,time,GAP
6,6,15,434,"{1: np.int64(521), 2: np.int64(452), 3: np.int64(573), 4: np.int64(553), 5: np.int64(443), 6: np.int64(474), 7: np.int64(533), 8: np.int64(531), 9: np.int64(565), 10: np.int64(488), 11: np.int64(549), 12: np.int64(525), 13: np.int64(470), 14: np.int64(513), 15: np.int64(557)}",56440.85105885998,30988.0,87428.85105885999,2.008047103881836,0.0
6,6,15,434,"{1: np.int64(521), 2: np.int64(452), 3: np.int64(573), 4: np.int64(553), 5: np.int64(443), 6: np.int64(474), 7: np.int64(533), 8: np.int64(531), 9: np.int64(565), 10: np.int64(488), 11: np.int64(549), 12: np.int64(525), 13: np.int64(470), 14: np.int64(513), 15: np.int64(557)}",56440.85105885998,30988.0,87428.85105885999,2.019340991973877,0.0
