S,F,T,B,D,Z1,Z2,ObjVal,time,GAP
9,9,5,2466,"{1: np.int64(584), 2: np.int64(632), 3: np.int64(514), 4: np.int64(548), 5: np.int64(571)}",16685.557550991376,11395.999999999709,28081.557550991085,18.49851894378662,0.0
9,9,5,2466,"{1: np.int64(584), 2: np.int64(632), 3: np.int64(514), 4: np.int64(548), 5: np.int64(571)}",16685.557550991376,11395.999999999709,28081.557550991085,18.529443979263306,0.0
