S,F,T,B,D,Z1,Z2,ObjVal,time,GAP
12,12,5,4127,"{1: np.int64(871), 2: np.int64(776), 3: np.int64(764), 4: np.int64(927), 5: np.int64(734)}",28571.769894854722,16288.0,44859.76989485472,7.494002103805542,0.0
12,12,5,4127,"{1: np.int64(871), 2: np.int64(776), 3: np.int64(764), 4: np.int64(927), 5: np.int64(734)}",28571.769894854722,16288.0,44859.76989485472,7.518036842346191,0.0
