S,F,T,B,D,Z1,Z2,ObjVal,time,GAP
12,12,10,1308,"{1: np.int64(415), 2: np.int64(386), 3: np.int64(407), 4: np.int64(439), 5: np.int64(468), 6: np.int64(427), 7: np.int64(456), 8: np.int64(366), 9: np.int64(398), 10: np.int64(478)}",26150.31625438028,16959.999999999207,43110.3162543795,100.03011989593506,0.019755635156779017
