S,F,T,B,D,Z1,Z2,ObjVal,time,GAP
12,12,10,1545,"{1: np.int64(630), 2: np.int64(590), 3: np.int64(646), 4: np.int64(536), 5: np.int64(585), 6: np.int64(662), 7: np.int64(596), 8: np.int64(576), 9: np.int64(542), 10: np.int64(591)}",49742.2742737569,23815.999999999938,73558.27427375686,10.94688892364502,0.0
