S,F,T,B,D,Z1,Z2,ObjVal,time,GAP
12,12,10,608,"{1: np.int64(227), 2: np.int64(243), 3: np.int64(258), 4: np.int64(224), 5: np.int64(215), 6: np.int64(277), 7: np.int64(236), 8: np.int64(284), 9: np.int64(279), 10: np.int64(240)}",16471.51448996056,9931.999999999727,26403.514489960282,10.400803089141846,0.0
