S,F,T,B,D,Z1,Z2,ObjVal,time,GAP
12,12,5,5087,"{1: np.int64(934), 2: np.int64(868), 3: np.int64(801), 4: np.int64(842), 5: np.int64(760)}",29525.82664069539,16820.000000000004,46345.82664069539,98.37004017829895,0.0
