S,F,T,B,D,Z1,Z2,ObjVal,time,GAP
9,9,5,3558,"{1: np.int64(824), 2: np.int64(758), 3: np.int64(815), 4: np.int64(672), 5: np.int64(765)}",32144.0,15336.0,47480.0,2.8527610301971436,0.0
9,9,5,3558,"{1: np.int64(824), 2: np.int64(758), 3: np.int64(815), 4: np.int64(672), 5: np.int64(765)}",32144.0,15336.0,47480.0,2.8285229206085205,0.0
