S,F,T,B,D,Z1,Z2,ObjVal,time,GAP
6,6,5,2417,"{1: np.int64(757), 2: np.int64(810), 3: np.int64(860), 4: np.int64(747), 5: np.int64(718)}",23574.08433126201,15567.99999999999,39142.084331262005,11.556427001953125,0.0
6,6,5,2417,"{1: np.int64(757), 2: np.int64(810), 3: np.int64(860), 4: np.int64(747), 5: np.int64(718)}",23574.08433126201,15567.99999999999,39142.084331262005,11.356032848358154,0.0
