S,F,T,B,D,Z1,Z2,ObjVal,time,GAP
6,6,15,695,"{1: np.int64(864), 2: np.int64(783), 3: np.int64(835), 4: np.int64(804), 5: np.int64(796), 6: np.int64(854), 7: np.int64(854), 8: np.int64(934), 9: np.int64(878), 10: np.int64(940), 11: np.int64(922), 12: np.int64(956), 13: np.int64(876), 14: np.int64(749), 15: np.int64(923)}",90063.06713301968,51871.99999999999,141935.06713301968,8.16700291633606,0.0
6,6,15,695,"{1: np.int64(864), 2: np.int64(783), 3: np.int64(835), 4: np.int64(804), 5: np.int64(796), 6: np.int64(854), 7: np.int64(854), 8: np.int64(934), 9: np.int64(878), 10: np.int64(940), 11: np.int64(922), 12: np.int64(956), 13: np.int64(876), 14: np.int64(749), 15: np.int64(923)}",90063.06713301968,51871.99999999999,141935.06713301968,8.15363097190857,0.0
