S,F,T,B,D,Z1,Z2,ObjVal,time,GAP
6,6,10,1460,"{1: np.int64(1058), 2: np.int64(1190), 3: np.int64(1075), 4: np.int64(1330), 5: np.int64(1272), 6: np.int64(1148), 7: np.int64(1019), 8: np.int64(1103), 9: np.int64(1169), 10: np.int64(1318)}",87441.39814814187,46727.9999999968,134169.3981481387,1.2397260665893555,0.0
6,6,10,1460,"{1: np.int64(1058), 2: np.int64(1190), 3: np.int64(1075), 4: np.int64(1330), 5: np.int64(1272), 6: np.int64(1148), 7: np.int64(1019), 8: np.int64(1103), 9: np.int64(1169), 10: np.int64(1318)}",87441.39814814187,46727.9999999968,134169.3981481387,1.2474031448364258,0.0
