S,F,T,B,D,Z1,Z2,ObjVal,time,GAP
6,6,10,1262,"{1: np.int64(780), 2: np.int64(949), 3: np.int64(902), 4: np.int64(810), 5: np.int64(944), 6: np.int64(863), 7: np.int64(912), 8: np.int64(781), 9: np.int64(756), 10: np.int64(819)}",64614.999977413776,34064.0,98678.99997741377,0.6558330059051514,0.0
6,6,10,1262,"{1: np.int64(780), 2: np.int64(949), 3: np.int64(902), 4: np.int64(810), 5: np.int64(944), 6: np.int64(863), 7: np.int64(912), 8: np.int64(781), 9: np.int64(756), 10: np.int64(819)}",64614.999977413776,34064.0,98678.99997741377,0.6485819816589355,0.0
