S,F,T,B,D,Z1,Z2,ObjVal,time,GAP
6,6,5,3068,"{1: np.int64(1115), 2: np.int64(1335), 3: np.int64(1328), 4: np.int64(1048), 5: np.int64(1255)}",44974.421930622666,24324.0,69298.42193062267,0.5591721534729004,0.0
6,6,5,3068,"{1: np.int64(1115), 2: np.int64(1335), 3: np.int64(1328), 4: np.int64(1048), 5: np.int64(1255)}",44974.421930622666,24324.0,69298.42193062267,0.584784984588623,0.0
