S,F,T,B,D,Z1,Z2,ObjVal,time,GAP
12,12,5,1309,"{1: np.int64(234), 2: np.int64(284), 3: np.int64(270), 4: np.int64(243), 5: np.int64(283)}",9150.245236908644,5256.0,14406.245236908646,1.1161198616027832,0.0
12,12,5,1309,"{1: np.int64(234), 2: np.int64(284), 3: np.int64(270), 4: np.int64(243), 5: np.int64(283)}",9150.245236908644,5256.0,14406.245236908646,1.1223170757293701,0.0
