S,F,T,B,D,Z1,Z2,ObjVal,time,GAP
9,9,5,2708,"{1: np.int64(618), 2: np.int64(563), 3: np.int64(618), 4: np.int64(505), 5: np.int64(584)}",22019.0,11552.0,33571.0,1.6290838718414307,0.0
9,9,5,2708,"{1: np.int64(618), 2: np.int64(563), 3: np.int64(618), 4: np.int64(505), 5: np.int64(584)}",22019.0,11552.0,33571.0,1.6474099159240723,0.0
