S,F,T,B,D,Z1,Z2,ObjVal,time,GAP
12,12,5,2925,"{1: np.int64(574), 2: np.int64(611), 3: np.int64(670), 4: np.int64(656), 5: np.int64(634)}",25081.0,12580.0,37661.0,0.21373486518859863,0.0
12,12,5,2925,"{1: np.int64(574), 2: np.int64(611), 3: np.int64(670), 4: np.int64(656), 5: np.int64(634)}",25081.0,12580.0,37661.0,0.21671700477600098,0.0
