S,F,T,B,D,Z1,Z2,ObjVal,time,GAP
12,12,5,5160,"{1: np.int64(830), 2: np.int64(773), 3: np.int64(815), 4: np.int64(878), 5: np.int64(937)}",29281.591414376497,16931.999999999993,46213.59141437649,34.36785101890564,0.0
