S,F,T,B,D,Z1,Z2,ObjVal,time,GAP
9,9,10,659,"{1: np.int64(318), 2: np.int64(358), 3: np.int64(315), 4: np.int64(339), 5: np.int64(373), 6: np.int64(293), 7: np.int64(289), 8: np.int64(306), 9: np.int64(359), 10: np.int64(344)}",25683.0,13176.0,38859.0,0.33284807205200195,8.739845884634135e-05
9,9,10,659,"{1: np.int64(318), 2: np.int64(358), 3: np.int64(315), 4: np.int64(339), 5: np.int64(373), 6: np.int64(293), 7: np.int64(289), 8: np.int64(306), 9: np.int64(359), 10: np.int64(344)}",25683.0,13176.0,38859.0,0.31867098808288574,8.739845884634135e-05
