S,F,T,B,D,Z1,Z2,ObjVal,time,GAP
6,6,15,1201,"{1: np.int64(1228), 2: np.int64(1328), 3: np.int64(1079), 4: np.int64(1151), 5: np.int64(1199), 6: np.int64(1103), 7: np.int64(1119), 8: np.int64(1101), 9: np.int64(1120), 10: np.int64(1200), 11: np.int64(1096), 12: np.int64(1123), 13: np.int64(1261), 14: np.int64(1001), 15: np.int64(1190)}",114067.0,69196.0,183263.0,0.6757018566131592,0.0
6,6,15,1201,"{1: np.int64(1228), 2: np.int64(1328), 3: np.int64(1079), 4: np.int64(1151), 5: np.int64(1199), 6: np.int64(1103), 7: np.int64(1119), 8: np.int64(1101), 9: np.int64(1120), 10: np.int64(1200), 11: np.int64(1096), 12: np.int64(1123), 13: np.int64(1261), 14: np.int64(1001), 15: np.int64(1190)}",114067.0,69196.0,183263.0,0.5925290584564209,0.0
