S,F,T,B,D,Z1,Z2,ObjVal,time,GAP
6,6,10,1556,"{1: np.int64(1115), 2: np.int64(1335), 3: np.int64(1328), 4: np.int64(1048), 5: np.int64(1255), 6: np.int64(1241), 7: np.int64(1153), 8: np.int64(1177), 9: np.int64(1163), 10: np.int64(1315)}",91951.16927405208,48520.0,140471.16927405208,0.49340009689331055,7.372370391208694e-05
6,6,10,1556,"{1: np.int64(1115), 2: np.int64(1335), 3: np.int64(1328), 4: np.int64(1048), 5: np.int64(1255), 6: np.int64(1241), 7: np.int64(1153), 8: np.int64(1177), 9: np.int64(1163), 10: np.int64(1315)}",91951.16927405208,48520.0,140471.16927405208,0.4757211208343506,7.372370391208694e-05
