S,F,T,B,D,Z1,Z2,ObjVal,time,GAP
12,12,10,661,"{1: np.int64(270), 2: np.int64(252), 3: np.int64(277), 4: np.int64(229), 5: np.int64(251), 6: np.int64(283), 7: np.int64(255), 8: np.int64(246), 9: np.int64(232), 10: np.int64(253)}",21037.356311235566,10191.999999999762,31229.356311235326,10.625786066055298,0.0
12,12,10,661,"{1: np.int64(270), 2: np.int64(252), 3: np.int64(277), 4: np.int64(229), 5: np.int64(251), 6: np.int64(283), 7: np.int64(255), 8: np.int64(246), 9: np.int64(232), 10: np.int64(253)}",19498.24162207879,10192.000000000005,29690.241622078796,16.389496088027954,0.0
