S,F,T,B,D,Z1,Z2,ObjVal,time,GAP
9,9,10,1048,"{1: np.int64(499), 2: np.int64(623), 3: np.int64(516), 4: np.int64(624), 5: np.int64(523), 6: np.int64(631), 7: np.int64(589), 8: np.int64(556), 9: np.int64(558), 10: np.int64(580)}",39871.778563622225,22795.999999998574,62667.7785636208,2.830806016921997,0.0
9,9,10,1048,"{1: np.int64(499), 2: np.int64(623), 3: np.int64(516), 4: np.int64(624), 5: np.int64(523), 6: np.int64(631), 7: np.int64(589), 8: np.int64(556), 9: np.int64(558), 10: np.int64(580)}",39871.778563622225,22795.999999998574,62667.7785636208,2.8161799907684326,0.0
