S,F,T,B,D,Z1,Z2,ObjVal,time,GAP
6,6,5,3082,"{1: np.int64(1216), 2: np.int64(1056), 3: np.int64(1339), 4: np.int64(1292), 5: np.int64(1033)}",44503.81829831716,23743.999999999993,68247.81829831714,0.6065819263458252,0.0
6,6,5,3082,"{1: np.int64(1216), 2: np.int64(1056), 3: np.int64(1339), 4: np.int64(1292), 5: np.int64(1033)}",44503.81829831716,23743.999999999993,68247.81829831714,0.613847017288208,0.0
