S,F,T,B,D,Z1,Z2,ObjVal,time,GAP
9,9,5,1217,"{1: np.int64(368), 2: np.int64(382), 3: np.int64(292), 4: np.int64(363), 5: np.int64(324)}",12791.034663159227,6916.0,19707.034663159233,1.1338651180267334,0.0
9,9,5,1217,"{1: np.int64(368), 2: np.int64(382), 3: np.int64(292), 4: np.int64(363), 5: np.int64(324)}",12791.034663159227,6916.0,19707.034663159233,1.1507549285888672,0.0
