S,F,T,B,D,Z1,Z2,ObjVal,time,GAP
3,3,10,1512,"{1: np.int64(2453), 2: np.int64(2028), 3: np.int64(2514), 4: np.int64(2397), 5: np.int64(2194), 6: np.int64(2005), 7: np.int64(2589), 8: np.int64(2314), 9: np.int64(2486), 10: np.int64(2598)}",187138.31399862544,94312.0,281450.31399862544,0.23531508445739746,8.681675836579176e-05
3,3,10,1512,"{1: np.int64(2453), 2: np.int64(2028), 3: np.int64(2514), 4: np.int64(2397), 5: np.int64(2194), 6: np.int64(2005), 7: np.int64(2589), 8: np.int64(2314), 9: np.int64(2486), 10: np.int64(2598)}",187138.31399862544,94312.0,281450.31399862544,0.23218107223510742,8.681675836579176e-05
