S,F,T,B,D,Z1,Z2,ObjVal,time,GAP
6,6,10,1581,"{1: np.int64(1216), 2: np.int64(1056), 3: np.int64(1339), 4: np.int64(1292), 5: np.int64(1033), 6: np.int64(1108), 7: np.int64(1244), 8: np.int64(1240), 9: np.int64(1319), 10: np.int64(1139)}",81201.52895341402,47943.99999999952,129145.52895341355,1.724794864654541,0.0
6,6,10,1581,"{1: np.int64(1216), 2: np.int64(1056), 3: np.int64(1339), 4: np.int64(1292), 5: np.int64(1033), 6: np.int64(1108), 7: np.int64(1244), 8: np.int64(1240), 9: np.int64(1319), 10: np.int64(1139)}",81201.52895341402,47943.99999999952,129145.52895341355,1.7113630771636963,0.0
