S,F,T,B,D,Z1,Z2,ObjVal,time,GAP
6,6,5,1552,"{1: np.int64(468), 2: np.int64(569), 3: np.int64(541), 4: np.int64(486), 5: np.int64(566)}",21431.0,11088.0,32519.0,0.10586881637573242,0.0
6,6,5,1552,"{1: np.int64(468), 2: np.int64(569), 3: np.int64(541), 4: np.int64(486), 5: np.int64(566)}",21431.0,11088.0,32519.0,0.09082293510437012,0.0
