S,F,T,B,D,Z1,Z2,ObjVal,time,GAP
12,12,10,608,"{1: np.int64(227), 2: np.int64(243), 3: np.int64(258), 4: np.int64(224), 5: np.int64(215), 6: np.int64(277), 7: np.int64(236), 8: np.int64(284), 9: np.int64(279), 10: np.int64(240)}",16495.2451389372,9931.999999999778,26427.245138936974,7.816996097564697,0.0
12,12,10,608,"{1: np.int64(227), 2: np.int64(243), 3: np.int64(258), 4: np.int64(224), 5: np.int64(215), 6: np.int64(277), 7: np.int64(236), 8: np.int64(284), 9: np.int64(279), 10: np.int64(240)}",17398.807675579897,9932.000000000002,27330.807675579897,8.899537086486816,0.0
