S,F,T,B,D,Z1,Z2,ObjVal,time,GAP
9,9,5,4946,"{1: np.int64(1169), 2: np.int64(1265), 3: np.int64(1028), 4: np.int64(1096), 5: np.int64(1142)}",33375.19151000855,22800.0,56175.19151000855,100.01584196090698,0.003738597741908655
9,9,5,4946,"{1: np.int64(1169), 2: np.int64(1265), 3: np.int64(1028), 4: np.int64(1096), 5: np.int64(1142)}",33375.19151000855,22800.0,56175.19151000855,100.01740288734436,0.003738597741908655
