S,F,T,B,D,Z1,Z2,ObjVal,time,GAP
12,12,5,3624,"{1: np.int64(666), 2: np.int64(635), 3: np.int64(586), 4: np.int64(534), 5: np.int64(609)}",27037.0,12120.0,39157.0,0.5875489711761475,0.0
12,12,5,3624,"{1: np.int64(666), 2: np.int64(635), 3: np.int64(586), 4: np.int64(534), 5: np.int64(609)}",27037.0,12120.0,39157.0,0.6032800674438477,0.0
