S,F,T,B,D,Z1,Z2,ObjVal,time,GAP
12,12,10,1701,"{1: np.int64(608), 2: np.int64(636), 3: np.int64(556), 4: np.int64(518), 5: np.int64(546), 6: np.int64(634), 7: np.int64(543), 8: np.int64(556), 9: np.int64(568), 10: np.int64(569)}",44448.999901251285,22936.0,67384.99990125129,10.37700080871582,2.215220500905926e-05
12,12,10,1701,"{1: np.int64(608), 2: np.int64(636), 3: np.int64(556), 4: np.int64(518), 5: np.int64(546), 6: np.int64(634), 7: np.int64(543), 8: np.int64(556), 9: np.int64(568), 10: np.int64(569)}",44448.999901251285,22936.0,67384.99990125129,10.57685899734497,2.215220500905926e-05
