S,F,T,B,D,Z1,Z2,ObjVal,time,GAP
12,12,10,1014,"{1: np.int64(410), 2: np.int64(436), 3: np.int64(478), 4: np.int64(468), 5: np.int64(453), 6: np.int64(364), 7: np.int64(430), 8: np.int64(414), 9: np.int64(432), 10: np.int64(459)}",31189.358846343137,17376.000000000004,48565.35884634314,10.72435212135315,0.0
12,12,10,1014,"{1: np.int64(410), 2: np.int64(436), 3: np.int64(478), 4: np.int64(468), 5: np.int64(453), 6: np.int64(364), 7: np.int64(430), 8: np.int64(414), 9: np.int64(432), 10: np.int64(459)}",31189.358846343137,17376.000000000004,48565.35884634314,10.798277139663696,0.0
