S,F,T,B,D,Z1,Z2,ObjVal,time,GAP
9,9,10,2104,"{1: np.int64(999), 2: np.int64(1247), 3: np.int64(1033), 4: np.int64(1248), 5: np.int64(1047), 6: np.int64(1263), 7: np.int64(1179), 8: np.int64(1112), 9: np.int64(1117), 10: np.int64(1161)}",88104.19060278221,45623.999999999316,133728.1906027815,2.3944101333618164,0.0
9,9,10,2104,"{1: np.int64(999), 2: np.int64(1247), 3: np.int64(1033), 4: np.int64(1248), 5: np.int64(1047), 6: np.int64(1263), 7: np.int64(1179), 8: np.int64(1112), 9: np.int64(1117), 10: np.int64(1161)}",88104.19060278221,45623.999999999316,133728.1906027815,2.3938357830047607,0.0
