S,F,T,B,D,Z1,Z2,ObjVal,time,GAP
12,12,10,2213,"{1: np.int64(900), 2: np.int64(843), 3: np.int64(923), 4: np.int64(766), 5: np.int64(836), 6: np.int64(946), 7: np.int64(852), 8: np.int64(823), 9: np.int64(775), 10: np.int64(845)}",70014.29853568002,34035.999999996064,104050.29853567612,20.14228892326355,0.0
