S,F,T,B,D,Z1,Z2,ObjVal,time,GAP
3,3,10,763,"{1: np.int64(1042), 2: np.int64(905), 3: np.int64(1147), 4: np.int64(1107), 5: np.int64(886), 6: np.int64(949), 7: np.int64(1066), 8: np.int64(1063), 9: np.int64(1130), 10: np.int64(976)}",70816.0,45499.0,116315.0,0.006740093231201172,0.0
3,3,10,763,"{1: np.int64(1042), 2: np.int64(905), 3: np.int64(1147), 4: np.int64(1107), 5: np.int64(886), 6: np.int64(949), 7: np.int64(1066), 8: np.int64(1063), 9: np.int64(1130), 10: np.int64(976)}",70816.0,45499.0,116315.0,0.00712895393371582,0.0
