S,F,T,B,D,Z1,Z2,ObjVal,time,GAP
9,9,5,1478,"{1: np.int64(350), 2: np.int64(379), 3: np.int64(308), 4: np.int64(328), 5: np.int64(342)}",10761.845757125913,6827.999999999998,17589.845757125913,8.912751197814941,0.0
9,9,5,1478,"{1: np.int64(350), 2: np.int64(379), 3: np.int64(308), 4: np.int64(328), 5: np.int64(342)}",10761.845757125913,6827.999999999998,17589.845757125913,8.974971055984497,0.0
