S,F,T,B,D,Z1,Z2,ObjVal,time,GAP
9,9,15,645,"{1: np.int64(520), 2: np.int64(503), 3: np.int64(503), 4: np.int64(574), 5: np.int64(581), 6: np.int64(551), 7: np.int64(487), 8: np.int64(598), 9: np.int64(618), 10: np.int64(626), 11: np.int64(612), 12: np.int64(621), 13: np.int64(626), 14: np.int64(562), 15: np.int64(537)}",63819.016295228525,34075.999999995816,97895.01629522434,38.16610097885132,0.0
9,9,15,645,"{1: np.int64(520), 2: np.int64(503), 3: np.int64(503), 4: np.int64(574), 5: np.int64(581), 6: np.int64(551), 7: np.int64(487), 8: np.int64(598), 9: np.int64(618), 10: np.int64(626), 11: np.int64(612), 12: np.int64(621), 13: np.int64(626), 14: np.int64(562), 15: np.int64(537)}",63819.016295228525,34075.999999995816,97895.01629522434,38.16092896461487,0.0
