S,F,T,B,D,Z1,Z2,ObjVal,time,GAP
3,3,10,1233,"{1: np.int64(1819), 2: np.int64(1816), 3: np.int64(1513), 4: np.int64(1571), 5: np.int64(1730), 6: np.int64(1782), 7: np.int64(1843), 8: np.int64(1856), 9: np.int64(1460), 10: np.int64(1719)}",122754.917562724,68436.0,191190.917562724,0.031041860580444336,0.0
3,3,10,1233,"{1: np.int64(1819), 2: np.int64(1816), 3: np.int64(1513), 4: np.int64(1571), 5: np.int64(1730), 6: np.int64(1782), 7: np.int64(1843), 8: np.int64(1856), 9: np.int64(1460), 10: np.int64(1719)}",122754.917562724,68436.0,191190.917562724,0.032816171646118164,0.0
