S,F,T,B,D,Z1,Z2,ObjVal,time,GAP
12,12,15,713,"{1: np.int64(450), 2: np.int64(421), 3: np.int64(461), 4: np.int64(383), 5: np.int64(418), 6: np.int64(473), 7: np.int64(426), 8: np.int64(411), 9: np.int64(387), 10: np.int64(422), 11: np.int64(473), 12: np.int64(354), 13: np.int64(452), 14: np.int64(456), 15: np.int64(464)}",48759.475814690486,25804.00000000337,74563.47581469384,65.16000199317932,0.0
