S,F,T,B,D,Z1,Z2,ObjVal,time,GAP
12,12,15,443,"{1: np.int64(234), 2: np.int64(284), 3: np.int64(270), 4: np.int64(243), 5: np.int64(283), 6: np.int64(259), 7: np.int64(273), 8: np.int64(234), 9: np.int64(226), 10: np.int64(245), 11: np.int64(222), 12: np.int64(241), 13: np.int64(284), 14: np.int64(237), 15: np.int64(213)}",25922.64742831137,14992.00000000002,40914.64742831138,18.82595205307007,0.0
