S,F,T,B,D,Z1,Z2,ObjVal,time,GAP
12,12,10,1026,"{1: np.int64(435), 2: np.int64(388), 3: np.int64(382), 4: np.int64(463), 5: np.int64(367), 6: np.int64(419), 7: np.int64(460), 8: np.int64(384), 9: np.int64(380), 10: np.int64(464)}",29427.145968642206,16567.999999992928,45995.145968635145,10.123373031616211,0.0
12,12,10,1026,"{1: np.int64(435), 2: np.int64(388), 3: np.int64(382), 4: np.int64(463), 5: np.int64(367), 6: np.int64(419), 7: np.int64(460), 8: np.int64(384), 9: np.int64(380), 10: np.int64(464)}",29179.908660355082,16568.00000000015,45747.90866035524,12.08666205406189,3.812945971190756e-05
