S,F,T,B,D,Z1,Z2,ObjVal,time,GAP
12,12,5,4127,"{1: np.int64(871), 2: np.int64(776), 3: np.int64(764), 4: np.int64(927), 5: np.int64(734)}",31383.87321003324,16287.999999998952,47671.873210032194,6.730650901794434,0.0
12,12,5,4127,"{1: np.int64(871), 2: np.int64(776), 3: np.int64(764), 4: np.int64(927), 5: np.int64(734)}",31383.87321003324,16287.999999998952,47671.873210032194,6.753961801528931,0.0
