attr,value
lobjval,1708.9999999999998
fobjval,290854.0
lz1,0.0
lz2,1708.9999999999998
tot_runtime,11.862011194229126
gapf,0.0
best_it,1.0
improvementHeuristic,0.0
