iteration,bestlobjval,lobjval,fobjval,lz1,lz2,tot_runtime,gapf
1.0,3399.9999999999995,3399.9999999999995,67745.0,0.0,3399.9999999999995,0.10024094581604004,0.0
5.0,3399.9999999999995,3399.9999999999995,67745.0,0.0,3399.9999999999995,0.10490703582763672,0.0
6.0,3399.9999999999995,3400.0,67745.0,0.0,3400.0,0.08900094032287598,0.0
