iteration,bestlobjval,lobjval,fobjval,lz1,lz2,tot_runtime,gapf
2.0,429170.9093036464,429170.9093036464,96215.22838054193,427056.6894267134,2114.219876933,28.386791944503784,0.0
5.0,395869.5977209234,395869.5977209234,96628.84458092524,393754.1009934143,2115.4967275091594,12.753015995025635,0.0
6.0,395526.2938373198,395526.2938373198,96635.34255059768,393415.58715311665,2110.7066842032045,14.376502990722656,0.0
7.0,364423.1123435489,364423.1123435489,98635.98693944907,362343.1325623802,2079.979781168712,12.329890012741089,0.0
