iteration,bestlobjval,lobjval,fobjval,lz1,lz2,tot_runtime,gapf
1.0,1256.0,1256.0,133955.0,0.0,1256.0,3.251584053039551,6.13460351032369e-05
5.0,1256.0,1256.0,133955.0,0.0,1256.0,3.7965831756591797,0.0
6.0,1256.0,1256.0,133955.0,0.0,1256.0,3.700354814529419,1.4930387070284796e-05
