iteration,bestlobjval,lobjval,fobjval,lz1,lz2,tot_runtime,gapf
1.0,1509.0,1509.0,17699.0,0.0,1509.0,0.9285781383514404,0.0
5.0,1509.0,1509.0,17698.999994072103,0.0,1509.0,0.4117469787597656,0.0
6.0,1501.1904761904761,1501.1904761904761,17699.0,0.0,1501.1904761904761,0.4158608913421631,0.0
7.0,1501.1904761904761,1508.9999999999995,17699.0,0.0,1508.9999999999995,0.8510851860046387,0.0
8.0,1501.1904761904761,1509.0000000000005,17699.0,0.0,1509.0000000000005,0.7432031631469727,0.0
