iteration,bestlobjval,lobjval,fobjval,lz1,lz2,tot_runtime,gapf
1.0,3748.0000000000005,3748.0000000000005,33422.0,0.0,3748.0000000000005,1.4407060146331787,0.0
2.0,3748.0,3748.0,33422.0,0.0,3748.0,0.6522209644317627,0.0
