attr,value
lobjval,241074.42777777865
fobjval,106642.62452380947
lz1,240365.42777777865
lz2,708.9999999999999
tot_runtime,4.240304470062256
gapf,0.0
best_it,20.0
improvementHeuristic,-inf
