iteration,bestlobjval,lobjval,fobjval,lz1,lz2,tot_runtime,gapf
2.0,74934.10657949232,74934.10657949232,29895.91555168908,73746.43266676503,1187.6739127272851,0.4710710048675537,0.0
4.0,74934.10657949232,81902.93828638083,29936.57825960903,80725.76778238422,1177.1705039966,0.4352738857269287,0.0
5.0,74934.10657949232,87568.55687208912,29939.685666669517,86390.63930593114,1177.917566157982,0.48864197731018066,0.0
6.0,74651.80134391181,74651.80134391181,29944.14891611873,73473.510829486,1178.2905144258107,0.429534912109375,0.0
