iteration,bestlobjval,lobjval,fobjval,lz1,lz2,tot_runtime,gapf
1.0,2330.0,2330.0,47555.0,0.0,2330.0,0.028576135635375977,0.0
2.0,2330.0,2330.0,47555.0,0.0,2330.0,0.017113924026489258,0.0
5.0,2329.9999999999995,2329.9999999999995,47555.0,0.0,2329.9999999999995,0.020456790924072266,0.0
6.0,2329.9999999999995,2330.0,47554.999992406585,0.0,2330.0,0.06688904762268066,3.4784984918950556e-08
7.0,2329.9999999999995,2330.0,47555.0,0.0,2330.0,0.06764388084411621,0.0
8.0,2329.9999999999995,2330.0,47555.0,0.0,2330.0,0.07402396202087402,0.0
9.0,2329.9999999999995,2329.9999999999995,52040.0,0.0,2329.9999999999995,0.005942106246948242,0.0
