attr,value
lobjval,270915.93808255385
fobjval,141935.06713301968
lz1,270224.3598819637
lz2,691.5782005901759
tot_runtime,50.77991604804993
gapf,0.0
best_it,5.0
improvementHeuristic,-inf
