attr,value
lobjval,457189.97836478194
fobjval,377191.0
lz1,455231.0
lz2,1958.9783647819354
tot_runtime,2.795283794403076
gapf,0.0
best_it,3.0
improvementHeuristic,-inf
