iteration,bestlobjval,lobjval,fobjval,lz1,lz2,tot_runtime,gapf
1.0,812.0,812.0,91187.0,0.0,812.0,6.565248966217041,0.0
2.0,812.0,812.0,92124.0,0.0,812.0,1.0711579322814941,0.0
5.0,812.0,812.0,92124.0,0.0,812.0,1.901357889175415,0.0
6.0,812.0,812.0,92124.0,0.0,812.0,0.9137248992919922,0.0
7.0,812.0,812.0,92124.0,0.0,812.0,0.051347970962524414,0.0
