iteration,bestlobjval,lobjval,fobjval,lz1,lz2,tot_runtime,gapf
5.0,270915.93808255385,270915.93808255385,141935.06713301968,270224.3598819637,691.5782005901759,8.15363097190857,0.0
6.0,270915.93808255385,280702.29436831264,142171.49952063267,280017.2054794239,685.0888888887313,6.373569965362549,0.0
7.0,270915.93808255385,273477.0914749268,141935.06713302215,272785.51327433734,691.5782005894744,4.8540520668029785,0.0
8.0,270915.93808255385,290908.4222222368,142171.49952063232,290223.3333333475,685.0888888892688,8.032749891281128,0.0
9.0,270915.93808255385,282721.2,142118.1232261176,282037.0,684.2,5.7752158641815186,0.0
10.0,270915.93808255385,284773.74444444495,142169.45485692396,284089.0,684.7444444449524,4.077192068099976,0.0
