attr,value
lobjval,326479.2489739565
fobjval,134510.53680061921
lz1,325573.0691198068
lz2,906.179854149699
tot_runtime,104.6120445728302
gapf,0.0
best_it,7.0
improvementHeuristic,-inf
