attr,value
lobjval,1248.8948897204002
fobjval,65166.0
lz1,0.0
lz2,1248.8948897204002
tot_runtime,22.29608964920044
gapf,0.0
best_it,2.0
improvementHeuristic,0.565693493598709
