attr,value
lobjval,139298.9638116606
fobjval,59181.0
lz1,137984.99999999994
lz2,1313.9638116606388
tot_runtime,2.1449332237243652
gapf,0.0
best_it,4.0
improvementHeuristic,-inf
