iteration,bestlobjval,lobjval,fobjval,lz1,lz2,tot_runtime,gapf
1.0,1269.0,1269.0,207011.0,0.0,1269.0,0.007411003112792969,0.0
2.0,1269.0,1269.0,207011.0,0.0,1269.0,0.007923126220703125,0.0
5.0,1269.0,1269.0,207011.0,0.0,1269.0,0.007623910903930664,0.0
7.0,1269.0,1269.0,207011.0,0.0,1269.0,0.007625102996826172,0.0
26.0,1269.0,1269.0,207011.0,0.0,1269.0,0.008593082427978516,0.0
27.0,1269.0,1269.0,207011.0,0.0,1269.0,0.007647991180419922,0.0
28.0,1269.0,1269.0,207011.0,0.0,1269.0,0.007612943649291992,0.0
