attr,value
lobjval,1220.0
fobjval,42294.0
lz1,0.0
lz2,1220.0
tot_runtime,32.36700391769409
gapf,4.9615535885365344e-05
best_it,1.0
improvementHeuristic,0.0
