attr,value
lobjval,1724.0000000000002
fobjval,71102.0
lz1,0.0
lz2,1724.0000000000002
tot_runtime,22.41364312171936
gapf,0.0
best_it,1.0
improvementHeuristic,0.0
