iteration,bestlobjval,lobjval,fobjval,lz1,lz2,tot_runtime,gapf
1.0,1182.0,1182.0,457865.0,0.0,1182.0,0.00978994369506836,0.0
3.0,1182.0,1182.0,457865.0,0.0,1182.0,0.009572982788085938,0.0
5.0,1182.0,1182.0,457865.0,0.0,1182.0,0.009351015090942383,0.0
6.0,1182.0,1182.0,457865.0,0.0,1182.0,0.008971929550170898,0.0
22.0,1182.0,1182.0,457865.0,0.0,1182.0,0.009498119354248047,0.0
23.0,1182.0,1182.0,457865.0,0.0,1182.0,0.009650945663452148,0.0
24.0,1182.0,1182.0,457865.0,0.0,1182.0,0.009357929229736328,0.0
25.0,1182.0,1182.0000000000002,457865.0,0.0,1182.0000000000002,0.009134769439697266,0.0
