attr,value
lobjval,174685.65216386347
fobjval,46157.084741501625
lz1,173705.6062745025
lz2,980.0458893609735
tot_runtime,98.78427863121033
gapf,0.0
best_it,6.0
improvementHeuristic,-inf
