attr,value
lobjval,299034.6496502069
fobjval,87426.0170634633
lz1,298612.0115127768
lz2,422.6381374301168
tot_runtime,30.512433767318726
gapf,0.0
best_it,5.0
improvementHeuristic,-inf
