iteration,bestlobjval,lobjval,fobjval,lz1,lz2,tot_runtime,gapf
1.0,1037425.8365345898,1037425.8365345898,245854.29068192458,1035909.5508203041,1516.285714285651,100.00606989860535,0.11936275377776655
2.0,1037425.8365345898,1227269.9677036568,235630.2917651619,1225707.1105607997,1562.8571428571327,100.02171301841736,0.29990722366924466
3.0,980268.5899133503,980268.5899133503,240371.60729324078,978682.5899133502,1586.0000000001676,100.02223181724548,0.2536128893007229
4.0,980268.5899133503,1205196.7573472203,235966.15634624352,1203614.7573472203,1581.999999999959,100.0103268623352,0.1913688412770891
5.0,980268.5899133503,1128893.0618392446,236339.41993287025,1127303.6332678164,1589.428571428253,100.0261549949646,0.2807021559970733
6.0,980268.5899133503,1207921.2718063511,236290.02298880406,1206331.9579514563,1589.3138548947404,100.0054349899292,0.2692021601729274
