iteration,bestlobjval,lobjval,fobjval,lz1,lz2,tot_runtime,gapf
1.0,3696.0,3696.0,34614.0,0.0,3696.0,10.080770015716553,9.146815791765246e-05
7.0,3695.9999999999995,3695.9999999999995,34614.0,0.0,3695.9999999999995,0.9589622020721436,0.0
