iteration,bestlobjval,lobjval,fobjval,lz1,lz2,tot_runtime,gapf
1.0,859.0,859.0,94639.99994403604,0.0,859.0,15.237643003463745,8.921826182287303e-05
2.0,859.0,859.0,95266.0,0.0,859.0,3.498969078063965,8.151691782320533e-05
5.0,858.9999999999999,858.9999999999999,95265.99997372425,0.0,858.9999999999999,1.7239000797271729,9.849748747950402e-05
6.0,858.9999999999999,859.0,95266.0,0.0,859.0,2.13277006149292,0.0
7.0,858.9999999999999,859.0,95266.0,0.0,859.0,1.8719351291656494,0.0
