iteration,bestlobjval,lobjval,fobjval,lz1,lz2,tot_runtime,gapf
1.0,36760.65092669381,36760.65092669381,48565.35884634314,35751.350926704974,1009.299999988836,10.798277139663696,0.0
2.0,30810.812894134422,30810.812894134422,49106.946028976694,29814.032870361883,996.7800237725387,6.32251501083374,0.0
5.0,30810.812894134422,32864.718603454756,49154.72240728406,31868.637598612004,996.0810048427517,10.048541784286499,0.0
7.0,30810.812894134422,38717.23749896517,50737.36179713897,37746.729259990265,970.5082389749051,3.6284549236297607,0.0
