attr,value
lobjval,1558.9999999999998
fobjval,31235.0
lz1,0.0
lz2,1558.9999999999998
tot_runtime,3.4406135082244873
gapf,0.0
best_it,1.0
improvementHeuristic,0.0
