iteration,bestlobjval,lobjval,fobjval,lz1,lz2,tot_runtime,gapf
1.0,2222.0,2222.0,129491.0,0.0,2222.0,0.40676307678222656,8.893541252800479e-05
5.0,2222.0,2222.0,129491.0,0.0,2222.0,0.32899999618530273,5.389233478295728e-05
6.0,2222.0,2222.0,129491.0,0.0,2222.0,0.30754685401916504,7.018755567951129e-05
