iteration,bestlobjval,lobjval,fobjval,lz1,lz2,tot_runtime,gapf
1.0,818.0000000000001,818.0000000000001,54680.999991557896,0.0,818.0000000000001,0.5801961421966553,0.0
