attr,value
lobjval,504.9999999999999
fobjval,60785.0
lz1,0.0
lz2,504.9999999999999
tot_runtime,19.814269542694092
gapf,0.0
best_it,1.0
improvementHeuristic,0.0
