iteration,bestlobjval,lobjval,fobjval,lz1,lz2,tot_runtime,gapf
1.0,1214.0,1214.0,214580.0,0.0,1214.0,0.08690500259399414,0.0
2.0,1214.0,1214.0,214580.0,0.0,1214.0,0.08368396759033203,0.0
5.0,1214.0,1214.0,214580.0,0.0,1214.0,0.07698798179626465,0.0
