iteration,bestlobjval,lobjval,fobjval,lz1,lz2,tot_runtime,gapf
1.0,5301.0,5301.0,92768.0,0.0,5301.0,1.302583932876587,0.0
3.0,5301.0,5301.0,92768.0,0.0,5301.0,0.03017115592956543,0.0
5.0,5301.0,5301.0,92768.0,0.0,5301.0,0.030434846878051758,0.0
