iteration,bestlobjval,lobjval,fobjval,lz1,lz2,tot_runtime,gapf
1.0,2541.0,2541.0,414074.0,0.0,2541.0,0.007976055145263672,0.0
2.0,2541.0,2541.0,414074.0,0.0,2541.0,0.008092164993286133,0.0
3.0,2541.0,2541.0,414074.0,0.0,2541.0,0.008085966110229492,0.0
23.0,2541.0,2541.0,414074.0,0.0,2541.0,0.007964134216308594,0.0
24.0,2541.0,2541.0,414074.0,0.0,2541.0,0.007720947265625,0.0
25.0,2541.0,2541.0,414074.0,0.0,2541.0,0.008121967315673828,0.0
26.0,2541.0,2541.0,414074.0,0.0,2541.0,0.008015155792236328,0.0
27.0,2541.0,2541.0,414074.0,0.0,2541.0,0.007961034774780273,0.0
