attr,value
lobjval,3623.0
fobjval,75816.0
lz1,0.0
lz2,3623.0
tot_runtime,4.027770042419434
gapf,0.0
best_it,5.0
improvementHeuristic,1.2551679571804142e-14
