iteration,bestlobjval,lobjval,fobjval,lz1,lz2,tot_runtime,gapf
1.0,1214.0,1214.0,48186.0,0.0,1214.0,5.130596876144409,1.6217455404274903e-05
5.0,1214.0,1214.0,48158.0,0.0,1214.0,11.856238842010498,8.429039314242562e-13
7.0,1214.0,1214.0,48432.0,0.0,1214.0,1.7674589157104492,0.0
