iteration,bestlobjval,lobjval,fobjval,lz1,lz2,tot_runtime,gapf
2.0,348625.9158963131,348625.9158963131,102368.52883633928,344796.9797256283,3828.9361706848395,0.585625171661377,0.0
3.0,317004.25862167333,317004.25862167333,102009.3138189938,313110.8926011154,3893.3660205579363,0.46401309967041016,0.0
5.0,317004.25862167333,394378.49523342866,103086.36961663757,390593.92380485724,3784.5714285714284,0.3894329071044922,0.0
