iteration,bestlobjval,lobjval,fobjval,lz1,lz2,tot_runtime,gapf
1.0,3637.0,3637.0,144833.0,0.0,3637.0,0.005154848098754883,0.0
5.0,3636.9999999999995,3636.9999999999995,144833.0,0.0,3636.9999999999995,0.005226850509643555,0.0
25.0,3636.9999999999995,3637.0,144833.0,0.0,3637.0,0.0054438114166259766,0.0
26.0,3636.9999999999995,3636.9999999999995,144833.0,0.0,3636.9999999999995,0.00513005256652832,0.0
