iteration,bestlobjval,lobjval,fobjval,lz1,lz2,tot_runtime,gapf
1.0,1105.0000000000002,1105.0000000000002,64742.0,0.0,1105.0000000000002,0.3375849723815918,2.092250824862575e-12
5.0,1105.0,1105.0,64742.0,0.0,1105.0,0.48498082160949707,6.9636826041152955e-06
6.0,1105.0,1105.0,64742.0,0.0,1105.0,0.3914310932159424,1.69892466223213e-08
8.0,1105.0,1105.0,68282.0,0.0,1105.0,0.03068685531616211,0.0
