attr,value
lobjval,112120.54518731256
fobjval,42997.343147029635
lz1,109224.43087254098
lz2,2896.11431477158
tot_runtime,35.245689868927
gapf,0.0
best_it,15.0
improvementHeuristic,-inf
