iteration,bestlobjval,lobjval,fobjval,lz1,lz2,tot_runtime,gapf
1.0,646.0,646.0,289322.0,0.0,646.0,0.006906986236572266,0.0
4.0,646.0,646.0,289322.0,0.0,646.0,0.006921052932739258,0.0
27.0,646.0,646.0,289322.0,0.0,646.0,0.006781816482543945,0.0
