iteration,bestlobjval,lobjval,fobjval,lz1,lz2,tot_runtime,gapf
1.0,1579.0,1579.0,20521.0,0.0,1579.0,2.402189016342163,0.0
5.0,1579.0,1579.0,20521.0,0.0,1579.0,3.381959915161133,0.0
6.0,1579.0,1579.0,21428.0,0.0,1579.0,0.14863896369934082,0.0
