iteration,bestlobjval,lobjval,fobjval,lz1,lz2,tot_runtime,gapf
2.0,411714.82252831425,411714.82252831425,160153.75509568545,410126.572504764,1588.2500235502664,100.02620792388916,0.032807910317408914
3.0,411714.82252831425,577511.264494035,161167.1031392261,575975.0959904469,1536.168503588197,100.01964712142944,0.06880512425377229
4.0,289167.1508633749,289167.1508633749,165267.7901616284,287618.99940561224,1548.1514577626235,100.0143690109253,0.1683864035835839
5.0,289167.1508633749,559661.5561690966,179257.34622719287,558104.284689857,1557.2714792395955,100.0210440158844,0.1388720677342521
6.0,289167.1508633749,395716.7320308552,165025.11999900715,394148.0425609597,1568.6894698954882,100.02680706977844,0.06776342831840404
7.0,289167.1508633749,550660.3457260233,166411.56777437602,549093.7413330644,1566.6043929589537,100.01650404930115,0.09997401702019755
