iteration,bestlobjval,lobjval,fobjval,lz1,lz2,tot_runtime,gapf
2.0,531872.390874659,531872.390874659,200441.854138255,530918.6477469968,953.7431276621489,5.802272081375122,0.0
5.0,372278.8345134825,372278.8345134825,202438.48161908676,371329.33083380776,949.5036796747801,3.4150030612945557,0.0
6.0,372278.8345134825,427359.2363252124,203200.0536499268,426387.8948323565,971.3414928559242,1.478498935699463,0.0
7.0,372278.8345134825,433750.5257643433,203284.33907502543,432782.088451645,968.4373126983695,1.3482849597930908,4.096264979309527e-05
