iteration,bestlobjval,lobjval,fobjval,lz1,lz2,tot_runtime,gapf
1.0,190834.2694104045,190834.2694104045,57532.73620241489,190458.58687072038,375.6825396841135,5.843798875808716,0.0
2.0,142055.87747558503,142055.87747558503,58460.67849835905,141683.35968057875,372.5177950062873,9.815907001495361,0.0
