iteration,bestlobjval,lobjval,fobjval,lz1,lz2,tot_runtime,gapf
1.0,1806.0000000000002,1806.0000000000002,83937.0,0.0,1806.0000000000002,6.289614915847778,1.4805551312323875e-13
5.0,1805.9999999999998,1805.9999999999998,83937.0,0.0,1805.9999999999998,5.922766208648682,7.251780941940915e-05
6.0,1805.9999999999998,1805.9999999999998,84520.0,0.0,1805.9999999999998,1.8875598907470703,9.205476355627123e-05
