iteration,bestlobjval,lobjval,fobjval,lz1,lz2,tot_runtime,gapf
2.0,123322.57866149474,123322.57866149474,29263.785434946833,122061.17659194747,1261.4020695472655,0.5399110317230225,0.0
5.0,96684.2914799037,96684.2914799037,29569.87863850543,95391.6394316692,1292.652048234489,0.7025589942932129,0.0
