iteration,bestlobjval,lobjval,fobjval,lz1,lz2,tot_runtime,gapf
2.0,167269.87870313457,167269.87870313457,57611.16068520991,166866.0215602774,403.8571428571545,5.510746955871582,0.0
5.0,124879.44607060708,124879.44607060708,58490.87517253153,124472.81257002303,406.63350058404626,5.148519992828369,0.0
