iteration,bestlobjval,lobjval,fobjval,lz1,lz2,tot_runtime,gapf
1.0,1573.0000000000002,1573.0000000000002,308294.0,0.0,1573.0000000000002,0.05907583236694336,2.791456179431279e-05
