iteration,bestlobjval,lobjval,fobjval,lz1,lz2,tot_runtime,gapf
1.0,1808.0000000000002,1808.0000000000002,154169.0,0.0,1808.0000000000002,28.033021926879883,2.5945596314091482e-05
5.0,1807.9999999999995,1807.9999999999995,154169.0,0.0,1807.9999999999995,2.08608078956604,0.0
6.0,1807.9999999999995,1808.0000000000002,154168.99997709118,0.0,1808.0000000000002,4.23943305015564,8.384744145151968e-05
