attr,value
lobjval,73444.16666666667
fobjval,59088.98120874609
lz1,72814.0
lz2,630.1666666666666
tot_runtime,18.163267135620117
gapf,0.0
best_it,7.0
improvementHeuristic,-inf
