iteration,bestlobjval,lobjval,fobjval,lz1,lz2,tot_runtime,gapf
1.0,2171.0,2171.0,46392.0,0.0,2171.0,0.01055908203125,0.0
8.0,2171.0,2171.0,48312.0,0.0,2171.0,0.0066258907318115234,0.0
9.0,2171.0,2171.0,48312.0,0.0,2171.0,0.0065059661865234375,0.0
