iteration,bestlobjval,lobjval,fobjval,lz1,lz2,tot_runtime,gapf
1.0,2581.0,2581.0,95170.0,0.0,2581.0,0.0037250518798828125,0.0
2.0,2581.0,2581.0,95170.0,0.0,2581.0,0.004199981689453125,0.0
4.0,2581.0,2581.0,95170.0,0.0,2581.0,0.003941059112548828,0.0
5.0,2581.0,2581.0,95170.0,0.0,2581.0,0.00496220588684082,0.0
6.0,2581.0,2581.0,95170.0,0.0,2581.0,0.00391697883605957,0.0
7.0,2581.0,2581.0,95170.0,0.0,2581.0,0.00391387939453125,0.0
26.0,2581.0,2581.0,95170.0,0.0,2581.0,0.004019975662231445,0.0
27.0,2581.0,2581.0,95170.0,0.0,2581.0,0.004904985427856445,0.0
