iteration,bestlobjval,lobjval,fobjval,lz1,lz2,tot_runtime,gapf
1.0,3801.9999999999995,3801.9999999999995,61097.0,0.0,3801.9999999999995,0.3275279998779297,0.0
2.0,3801.9999999999995,3801.9999999999995,61097.0,0.0,3801.9999999999995,0.3392810821533203,0.0
5.0,3801.9999999999995,3802.0,61097.0,0.0,3802.0,0.2993440628051758,0.0
6.0,3801.999999999905,3801.999999999905,61097.0,0.0,3801.999999999905,0.2902998924255371,0.0
7.0,3801.999999999905,3802.0,61096.99998400947,0.0,3802.0,0.29311609268188477,0.0
8.0,3801.999999999905,3802.0,61097.0,0.0,3802.0,0.32069897651672363,0.0
