iteration,bestlobjval,lobjval,fobjval,lz1,lz2,tot_runtime,gapf
1.0,315348.13649698556,315348.13649698556,116205.57107366686,313737.3934102072,1610.7430867783796,100.0387978553772,0.1603417771167453
2.0,314301.90470334486,314301.90470334486,116205.57150498567,312748.7572452894,1553.1474580554857,100.01307892799377,0.03968331130064881
3.0,314301.90470334486,366224.8668273604,116205.57061771757,364750.7510011504,1474.115826210033,100.03551697731018,0.0878236559720979
4.0,300329.14973164623,300329.14973164623,116205.57150498575,298818.17988438066,1510.9698472655887,100.01793098449707,0.007670216888245992
6.0,300329.14973164623,348352.8592899303,116358.04230160514,346882.5457846698,1470.3135052604787,11.175909996032715,0.0
