attr,value
lobjval,1200.0
fobjval,217012.0
lz1,0.0
lz2,1200.0
tot_runtime,8.403576135635376
gapf,1.6343244110689452e-11
best_it,1.0
improvementHeuristic,0.0
