attr,value
lobjval,1256.0
fobjval,133955.0
lz1,0.0
lz2,1256.0
tot_runtime,29.394157886505127
gapf,6.13460351032369e-05
best_it,1.0
improvementHeuristic,0.0
