attr,value
lobjval,819.9999992399858
fobjval,65224.0
lz1,0.0
lz2,819.9999992399858
tot_runtime,45.8756468296051
gapf,0.0
best_it,1.0
improvementHeuristic,0.0
