attr,value
lobjval,59018.476716931385
fobjval,27218.294876959313
lz1,58455.70428291547
lz2,562.7724340159205
tot_runtime,214.96152067184448
gapf,0.0
best_it,10.0
improvementHeuristic,-inf
