iteration,bestlobjval,lobjval,fobjval,lz1,lz2,tot_runtime,gapf
1.0,3708.0,3708.0,64954.0,0.0,3708.0,0.7968659400939941,0.0
2.0,3708.0,3708.0,64954.0,0.0,3708.0,0.20449399948120117,0.0
4.0,3708.0,3708.0,65363.0,0.0,3708.0,0.33136987686157227,0.0
5.0,3707.9999999999995,3707.9999999999995,65363.0,0.0,3707.9999999999995,0.05403709411621094,0.0
