iteration,bestlobjval,lobjval,fobjval,lz1,lz2,tot_runtime,gapf
2.0,426572.76116750244,426572.76116750244,127435.20130489045,425681.46549573506,891.2956717673775,33.29474401473999,0.0
5.0,426572.76116750244,430557.3101713657,128170.06084348193,429670.9480695244,886.3621018412346,36.52338099479675,0.0
6.0,355805.35680148564,355805.35680148564,134589.51544011006,354911.41311122524,893.9436902603866,7.896366119384766,0.0
7.0,326479.2489739565,326479.2489739565,134510.53680061921,325573.0691198068,906.179854149699,7.533627033233643,0.0
