iteration,bestlobjval,lobjval,fobjval,lz1,lz2,tot_runtime,gapf
1.0,5361.0,5361.0,47745.0,0.0,5361.0,1.9806089401245117,0.0
5.0,5361.0,5361.0,47745.0,0.0,5361.0,1.4063019752502441,0.0
6.0,5361.0,5361.0,47745.0,0.0,5361.0,1.5180509090423584,0.0
