iteration,bestlobjval,lobjval,fobjval,lz1,lz2,tot_runtime,gapf
1.0,3546.0,3546.0,144642.0,0.0,3546.0,0.004965066909790039,0.0
5.0,3546.0,3546.0,144642.0,0.0,3546.0,0.0055179595947265625,0.0
6.0,3546.0,3546.0,144642.0,0.0,3546.0,0.0053670406341552734,0.0
21.0,3546.0,3546.0,144642.0,0.0,3546.0,0.005273103713989258,0.0
22.0,3546.0,3546.0,144642.0,0.0,3546.0,0.004974842071533203,0.0
23.0,3546.0,3546.0,144642.0,0.0,3546.0,0.004791975021362305,0.0
24.0,3546.0,3546.0,144642.0,0.0,3546.0,0.005848884582519531,0.0
25.0,3546.0,3546.0,144642.0,0.0,3546.0,0.005029916763305664,0.0
