iteration,bestlobjval,lobjval,fobjval,lz1,lz2,tot_runtime,gapf
2.0,176824.95824055068,176824.95824055068,85208.67267910643,176411.02318462837,413.9350559223062,4.979903936386108,0.0
5.0,176824.95824055068,187996.94489709378,85218.26060386609,187587.3670013271,409.57789576668426,5.761811017990112,0.0
6.0,176824.95824055068,201226.59505164743,85385.42958500245,200824.39493365848,402.2001179889453,3.7080769538879395,0.0
7.0,176824.95824055068,180370.0323603971,85223.15735915523,179962.29890906304,407.7334513340574,5.085694074630737,0.0
