iteration,bestlobjval,lobjval,fobjval,lz1,lz2,tot_runtime,gapf
1.0,1771.0000000000002,1771.0000000000002,138114.0,0.0,1771.0000000000002,0.5388550758361816,7.712470819152682e-14
