attr,value
lobjval,1264.0
fobjval,67082.0
lz1,0.0
lz2,1264.0
tot_runtime,23.941529512405396
gapf,6.254422315448085e-05
best_it,1.0
improvementHeuristic,0.0
