iteration,bestlobjval,lobjval,fobjval,lz1,lz2,tot_runtime,gapf
1.0,515.0,515.0,91997.0,0.0,515.0,0.07651209831237793,2.291181225301282e-05
