iteration,bestlobjval,lobjval,fobjval,lz1,lz2,tot_runtime,gapf
1.0,512.999999975152,512.999999975152,56759.99996748101,0.0,512.999999975152,12.525263786315918,0.0
5.0,512.999999975152,513.0,56759.99999314875,0.0,513.0,9.767449855804443,0.0
6.0,512.999999975152,513.0,56759.99999377779,0.0,513.0,10.582414865493774,0.0
7.0,512.999999975152,512.9999999935776,56759.999984355076,0.0,512.9999999935776,8.606765031814575,8.965434355262997e-05
8.0,512.999999975152,513.0,57151.0,0.0,513.0,1.2976679801940918,0.0
9.0,512.999999975152,513.0,57151.0,0.0,513.0,1.382477045059204,6.999002642123498e-05
