iteration,bestlobjval,lobjval,fobjval,lz1,lz2,tot_runtime,gapf
1.0,3441.0,3441.0,146546.0,0.0,3441.0,0.0044209957122802734,0.0
5.0,3441.0,3441.0,146546.0,0.0,3441.0,0.004873037338256836,0.0
26.0,3441.0,3441.0,146546.0,0.0,3441.0,0.004683971405029297,0.0
27.0,3441.0,3441.0,146546.0,0.0,3441.0,0.004775047302246094,0.0
