attr,value
lobjval,501.99999999999994
fobjval,42985.0
lz1,0.0
lz2,501.99999999999994
tot_runtime,28.54184103012085
gapf,8.853462253183537e-05
best_it,1.0
improvementHeuristic,0.0
