iteration,bestlobjval,lobjval,fobjval,lz1,lz2,tot_runtime,gapf
2.0,340805.1333333333,340805.1333333333,169261.3616161616,340338.1333333333,467.0,0.05383181571960449,4.726418321527916e-05
3.0,340805.1333333333,340805.1333333333,169261.3616161616,340338.1333333333,467.0,0.05370306968688965,0.0
4.0,340805.1333333333,340805.1333333333,169261.36161616162,340338.1333333333,467.0,0.05252504348754883,0.0
21.0,340805.13333279523,340805.13333279523,169261.3616158491,340338.13333279523,466.9999999999925,0.06879687309265137,0.0
22.0,340805.13333279523,340805.1333333333,169261.36161616165,340338.1333333333,467.0,0.051969051361083984,0.0
23.0,340805.13333279523,340805.1333333333,169261.36161616162,340338.1333333333,467.0,0.040144920349121094,0.0
24.0,340805.13333279523,340805.1333333333,169261.36161616165,340338.1333333333,467.0,0.05007481575012207,8.597304836390602e-16
