iteration,bestlobjval,lobjval,fobjval,lz1,lz2,tot_runtime,gapf
2.0,235627.41582783833,235627.41582783833,93074.08786796164,235001.76262537276,625.6532024655526,4.233457088470459,0.0
