attr,value
lobjval,568138.8666666667
fobjval,282119.6383828892
lz1,567359.8666666667
lz2,778.9999999999707
tot_runtime,4.120556116104126
gapf,0.0
best_it,2.0
improvementHeuristic,-inf
