attr,value
lobjval,3459.0
fobjval,33231.0
lz1,0.0
lz2,3459.0
tot_runtime,12.462279796600342
gapf,1.299035735456359e-12
best_it,1.0
improvementHeuristic,0.0
