iteration,bestlobjval,lobjval,fobjval,lz1,lz2,tot_runtime,gapf
1.0,1566.0,1566.0,31360.0,0.0,1566.0,0.0422821044921875,0.0
5.0,1566.0,1566.0,31360.0,0.0,1566.0,0.08831405639648438,0.0
