iteration,bestlobjval,lobjval,fobjval,lz1,lz2,tot_runtime,gapf
2.0,177437.02354779642,177437.02354779642,97715.6076791209,176380.55555555556,1056.4679922408686,1.4985179901123047,0.0
5.0,124420.13988136372,124420.13988136372,98693.78403815842,123375.0,1045.139881363724,1.3194029331207275,0.0
6.0,124420.13988136372,124427.97738245504,98504.31310571496,123375.0,1052.977382455034,1.550590991973877,0.0
7.0,124420.13988136372,177434.9015477968,97715.1426908072,176380.5555555559,1054.3459922408822,1.6752228736877441,0.0
