attr,value
lobjval,162603.73204168933
fobjval,44471.92632339579
lz1,159600.6467753239
lz2,3003.085266365432
tot_runtime,13.48234748840332
gapf,0.0
best_it,2.0
improvementHeuristic,-inf
