attr,value
lobjval,97980.90501119493
fobjval,25840.788606641934
lz1,95880.67917482619
lz2,2100.225836368741
tot_runtime,65.77270174026489
gapf,0.0
best_it,22.0
improvementHeuristic,-inf
