attr,value
lobjval,920.0
fobjval,133131.0
lz1,0.0
lz2,920.0
tot_runtime,14.874947547912598
gapf,0.0
best_it,2.0
improvementHeuristic,1.2357264969740871e-14
