iteration,bestlobjval,lobjval,fobjval,lz1,lz2,tot_runtime,gapf
1.0,849.9999999999999,849.9999999999999,152815.0,0.0,849.9999999999999,4.686814069747925,0.0
5.0,849.9999999999999,849.9999999999999,152815.0,0.0,849.9999999999999,4.676666975021362,0.0
6.0,849.9999999999999,850.0,152815.0,0.0,850.0,4.647873878479004,0.0
7.0,849.9999999999999,850.0000000000001,152815.0,0.0,850.0000000000001,3.937127113342285,0.0
