iteration,bestlobjval,lobjval,fobjval,lz1,lz2,tot_runtime,gapf
1.0,1548.9999999994209,1548.9999999994209,16646.999983482427,0.0,1548.9999999994209,3.0858030319213867,0.0
5.0,1548.9999999994209,1549.0,16647.0,0.0,1549.0,0.6962928771972656,0.0
