attr,value
lobjval,177348.4469489087
fobjval,44522.82770167548
lz1,172691.97719139647
lz2,4656.469757512239
tot_runtime,263.2543616294861
gapf,0.0
best_it,17.0
improvementHeuristic,-inf
