attr,value
lobjval,1552.0
fobjval,32519.0
lz1,0.0
lz2,1552.0
tot_runtime,3.9976139068603516
gapf,0.0
best_it,2.0
improvementHeuristic,1.465036568577526e-14
