iteration,bestlobjval,lobjval,fobjval,lz1,lz2,tot_runtime,gapf
1.0,13610.250694732376,13610.250694732376,57630.01426414638,13179.628472510154,430.62222222222226,4.879669189453125,0.0
2.0,13610.250694732376,14251.082211280009,58477.64043953601,13817.836805555555,433.2454057244548,0.5308270454406738,3.4838412026521977e-15
5.0,13610.250694732376,14248.236805555598,58743.057110942864,13817.836805555607,430.39999999999003,0.4139688014984131,9.224956104885512e-05
6.0,13610.250694732376,14249.46739646521,58472.46534458213,13817.836805555555,431.6305909096554,0.41582298278808594,0.0
