iteration,bestlobjval,lobjval,fobjval,lz1,lz2,tot_runtime,gapf
1.0,895.0,895.0,95675.0,0.0,895.0,2.937288999557495,4.045789862289608e-14
5.0,894.9999999999999,894.9999999999999,95675.0,0.0,894.9999999999999,2.756513833999634,7.532888767975673e-05
6.0,894.9999999999999,895.0,95675.0,0.0,895.0,2.953636884689331,0.0
