iteration,bestlobjval,lobjval,fobjval,lz1,lz2,tot_runtime,gapf
1.0,215658.8637940731,215658.8637940731,60591.26061729118,214026.87966102216,1631.9841330509394,100.02076411247253,0.03131843739752498
2.0,215658.8637940731,231966.55147038892,61041.755129581026,230312.13537527726,1654.4160951116564,100.03599786758423,0.05715337443820165
5.0,206510.50046485956,206510.50046485956,61069.83909048804,204861.50046485965,1648.9999999999065,100.02880787849426,0.04819356485755905
6.0,198881.14229584983,198881.14229584983,61298.43299403961,197226.99943870667,1654.142857143168,100.02669286727905,0.050854538521702325
