iteration,bestlobjval,lobjval,fobjval,lz1,lz2,tot_runtime,gapf
1.0,1721.0000000000002,1721.0000000000002,150987.0,0.0,1721.0000000000002,7.543225049972534,0.0
5.0,1720.9999966133576,1720.9999966133576,150986.99997331057,0.0,1720.9999966133576,6.990295886993408,1.2948814254530128e-05
