iteration,bestlobjval,lobjval,fobjval,lz1,lz2,tot_runtime,gapf
1.0,1262.0,1262.0,98678.99997741377,0.0,1262.0,0.6485819816589355,0.0
