attr,value
lobjval,45545.789583297585
fobjval,192026.56341295454
lz1,44093.76736107285
lz2,1452.022222224732
tot_runtime,27.919739484786987
gapf,0.0
best_it,1.0
improvementHeuristic,0.0
