iteration,bestlobjval,lobjval,fobjval,lz1,lz2,tot_runtime,gapf
2.0,139302.91417273783,139302.91417273783,59181.0,137985.0,1317.914172737828,0.045056819915771484,0.0
4.0,139298.9638116606,139298.9638116606,59181.0,137984.99999999994,1313.9638116606388,0.047859907150268555,0.0
20.0,139298.9638116606,139341.82175,59181.0,137985.0,1356.8217499999998,0.05753612518310547,0.0
21.0,139298.9638116606,184537.89423076922,59059.0121153846,183205.27423076922,1332.62,0.06048083305358887,0.0
22.0,139298.9638116606,184515.35662017457,59048.84477225921,183184.93954451842,1330.4170756561614,0.05825209617614746,0.0
23.0,139298.9638116606,184515.35662017457,59048.84477225921,183184.93954451842,1330.417075656163,0.057869911193847656,0.0
24.0,139298.9638116606,184422.39303043098,59006.90631072075,183101.0626214415,1321.3304089894946,0.05864405632019043,0.0
25.0,139298.9638116606,172548.53242706973,58689.28068008747,171225.5613601748,1322.971066894927,0.05708718299865723,0.0
