iteration,bestlobjval,lobjval,fobjval,lz1,lz2,tot_runtime,gapf
1.0,828.0,828.0,292739.0,0.0,828.0,0.009663820266723633,0.0
3.0,828.0,828.0,292739.0,0.0,828.0,0.009634017944335938,0.0
5.0,828.0,828.0,292739.0,0.0,828.0,0.009783029556274414,0.0
6.0,828.0,828.0,292739.0,0.0,828.0,0.009769916534423828,0.0
23.0,828.0,828.0,292739.0,0.0,828.0,0.009923934936523438,0.0
24.0,828.0,828.0,292739.0,0.0,828.0,0.009886026382446289,0.0
25.0,828.0,828.0,292739.0,0.0,828.0,0.009800910949707031,0.0
26.0,828.0,828.0,292739.0,0.0,828.0,0.009698152542114258,0.0
