iteration,bestlobjval,lobjval,fobjval,lz1,lz2,tot_runtime,gapf
1.0,752.0,752.0,116434.0,0.0,752.0,0.008453130722045898,0.0
4.0,752.0,752.0,116434.0,0.0,752.0,0.008453845977783203,0.0
20.0,752.0,752.0,116434.0,0.0,752.0,0.008599996566772461,0.0
21.0,752.0,752.0,116434.0,0.0,752.0,0.008820056915283203,0.0
22.0,752.0,752.0,116434.0,0.0,752.0,0.008997917175292969,0.0
23.0,752.0,752.0,116434.0,0.0,752.0,0.008640050888061523,0.0
24.0,752.0,752.0,116434.0,0.0,752.0,0.00843501091003418,0.0
