iteration,bestlobjval,lobjval,fobjval,lz1,lz2,tot_runtime,gapf
2.0,87204.61436320953,87204.61436320953,83154.33606536394,86807.24999656407,397.36436664545874,3.8563878536224365,0.0
5.0,87204.61436320953,87204.82296207028,83154.33606557205,86807.25000003848,397.5729620317959,3.850505828857422,0.0
6.0,87204.61436320953,87207.53146237145,83154.33606557362,86807.24999999987,400.2814623715767,3.175194025039673,0.0
7.0,85610.10498418767,85610.10498418767,83029.33606557125,85208.24999999287,401.854984194802,2.8657310009002686,0.0
8.0,85610.10498418767,100305.26671934933,83083.32771974288,99907.25,398.0167193493221,2.1085169315338135,0.0
9.0,85610.10498418767,95872.26113793427,83178.04823127792,95476.92441858539,395.3367193488868,3.5739481449127197,0.0
