iteration,bestlobjval,lobjval,fobjval,lz1,lz2,tot_runtime,gapf
1.0,3804.0,3804.0,33388.0,0.0,3804.0,1.6176350116729736,2.790264804480789e-12
