attr,value
lobjval,267395.4451780958
fobjval,68486.02497670021
lz1,266753.40000817337
lz2,642.0451699224255
tot_runtime,468.5417175292969
gapf,0.0
best_it,12.0
improvementHeuristic,-inf
