iteration,bestlobjval,lobjval,fobjval,lz1,lz2,tot_runtime,gapf
1.0,749.0,749.0,37936.999993763544,0.0,749.0,3.0831360816955566,0.0
