attr,value
lobjval,364076.994429355
fobjval,183231.76062661686
lz1,361862.1344293552
lz2,2214.8599999998078
tot_runtime,20.50487995147705
gapf,0.0
best_it,1.0
improvementHeuristic,0.0
