iteration,bestlobjval,lobjval,fobjval,lz1,lz2,tot_runtime,gapf
1.0,5179.0,5179.0,108221.0,0.0,5179.0,0.08282208442687988,0.0
5.0,5179.0,5179.0,108221.0,0.0,5179.0,0.16375398635864258,0.0
6.0,5179.0,5179.0,108221.0,0.0,5179.0,0.1177530288696289,0.0
7.0,5179.0,5179.0,108221.0,0.0,5179.0,0.11163997650146484,0.0
