iteration,bestlobjval,lobjval,fobjval,lz1,lz2,tot_runtime,gapf
1.0,1848.0,1848.0,266230.0,0.0,1848.0,0.3949861526489258,0.0
5.0,1848.0,1848.0,266230.0,0.0,1848.0,0.3841829299926758,0.0
6.0,1848.0,1848.0,266230.0,0.0,1848.0,0.406613826751709,0.0
