iteration,bestlobjval,lobjval,fobjval,lz1,lz2,tot_runtime,gapf
1.0,819.9999992399858,819.9999992399858,65224.0,0.0,819.9999992399858,6.1823179721832275,0.0
5.0,819.9999992399858,820.0000000000001,65224.0,0.0,820.0000000000001,5.478928804397583,0.0
6.0,819.9999992399858,820.0,65224.0,0.0,820.0,4.256048917770386,0.0
7.0,819.9999992399858,820.0000000000001,65224.0,0.0,820.0000000000001,5.04905104637146,0.0
