iteration,bestlobjval,lobjval,fobjval,lz1,lz2,tot_runtime,gapf
1.0,153423.19454088493,153423.19454088493,49779.88547863247,152733.0212075516,690.1733333333333,100.0231499671936,0.059412449274997045
2.0,125337.12556328814,125337.12556328814,49779.88515163264,124632.72556888813,704.3999944000029,100.00784802436829,0.09227188275079679
3.0,125337.12556328814,146757.2359745509,49779.88533428753,146118.1397536959,639.0962208550035,100.01357316970825,0.06954324809635423
4.0,122656.62111136087,122656.62111136087,49779.885478632474,122011.44787140224,645.1732399586297,100.03683304786682,0.03361859360573985
5.0,122656.62111136087,162322.66217222865,49779.88547863248,161671.627855195,651.0343170336615,65.35158801078796,0.0
6.0,122656.62111136087,142652.12920945123,49779.885478632685,141998.2828106527,653.846398798553,64.30536985397339,0.0
7.0,122656.62111136087,127298.55846340004,49779.88507505697,126649.35846340004,649.2,100.02409791946411,0.03372086536009545
