attr,value
lobjval,2736.0
fobjval,143002.0
lz1,0.0
lz2,2736.0
tot_runtime,14.840586185455322
gapf,3.429749493702396e-05
best_it,1.0
improvementHeuristic,0.0
