iteration,bestlobjval,lobjval,fobjval,lz1,lz2,tot_runtime,gapf
2.0,190420.7388603525,190420.7388603525,42783.828241315845,187370.13226495511,3050.606595397383,1.8081071376800537,0.0
3.0,139387.03445163462,139387.03445163462,45399.291025938684,136416.7360581976,2970.298393437021,1.691051959991455,0.0
