iteration,bestlobjval,lobjval,fobjval,lz1,lz2,tot_runtime,gapf
1.0,1588.0000000000002,1588.0000000000002,27833.0,0.0,1588.0000000000002,1.2136650085449219,0.0
4.0,1588.0,1588.0,28011.0,0.0,1588.0,0.05204200744628906,0.0
5.0,1588.0,1588.0000000000002,28011.0,0.0,1588.0000000000002,0.05534505844116211,0.0
6.0,1587.9999999999998,1587.9999999999998,28011.0,0.0,1587.9999999999998,0.054717063903808594,0.0
7.0,1587.9999999999998,1588.0,28011.0,0.0,1588.0,0.04686999320983887,0.0
