attr,value
lobjval,88144.73333333334
fobjval,54401.0
lz1,86977.0
lz2,1167.7333333333333
tot_runtime,2.1600632667541504
gapf,0.0
best_it,25.0
improvementHeuristic,-inf
