iteration,bestlobjval,lobjval,fobjval,lz1,lz2,tot_runtime,gapf
1.0,46364.585807631476,46364.585807631476,24082.22293879441,44229.152474298295,2135.433333333184,0.9308960437774658,0.0
2.0,46364.585807631476,50235.6489267381,24419.62868314475,48086.22940339843,2149.419523339666,1.0803289413452148,0.0
5.0,45232.21071081965,45232.21071081965,24229.658700517506,43108.668084725556,2123.542626094092,1.0450410842895508,0.0
6.0,45232.21071081965,45423.65652307734,24216.85868538433,43305.16426185107,2118.492261226278,1.3584620952606201,0.0
7.0,45232.21071081965,45287.30009960594,24392.492244443063,43172.49046516952,2114.809634436425,1.0937490463256836,0.0
8.0,44270.33569455656,44270.33569455656,24507.894446791353,42157.117942420955,2113.2177521356043,1.610502004623413,0.0
9.0,44270.33569455656,49008.008179523196,24588.19157971467,46893.46564276133,2114.542536761866,1.1999328136444092,0.0
10.0,44270.33569455656,50881.4276520725,24614.829078176794,48771.30714377157,2110.120508300931,1.8267560005187988,0.0
12.0,44270.33569455656,63758.21986160106,26340.5565228326,61706.29925519093,2051.920606410128,1.9856300354003906,0.0
