iteration,bestlobjval,lobjval,fobjval,lz1,lz2,tot_runtime,gapf
1.0,9572.376751662543,9572.376751662543,47874.46026191351,4546.455078125,5025.921673537543,7.0483009815216064,3.275140868774719e-05
2.0,9551.26125766923,9551.26125766923,47966.064034574105,4546.455078125,5004.806179544229,7.496783971786499,0.0
