iteration,bestlobjval,lobjval,fobjval,lz1,lz2,tot_runtime,gapf
1.0,31886.938905333533,31886.938905333533,134426.13126495367,30874.138905415173,1012.7999999183598,5.666131019592285,0.0
5.0,31491.928889370058,31491.928889370058,134444.15815429442,30475.13888938021,1016.7899999898483,4.852610111236572,0.0
6.0,31491.928889370058,31548.35888888889,134205.38929161656,30532.13888888889,1016.2199999999999,6.843646049499512,0.0
7.0,31491.928889370058,37770.405240258406,134160.37950757344,36756.465240248814,1013.9400000095884,5.898133993148804,0.0
8.0,31491.928889370058,37816.47160051139,134154.25596881413,36803.10160052146,1013.3699999899222,7.556864976882935,0.0
9.0,31491.928889370058,37855.96281316559,134147.84455104364,36844.556146494615,1011.4066666709737,4.419079065322876,0.0
10.0,31491.928889370058,37190.91375466249,134153.99586127806,36181.95661181666,1008.9571428458273,4.196584939956665,0.0
11.0,30426.546622799764,30426.546622799764,140879.11991690856,29406.182945988727,1020.3636768110382,0.8455560207366943,0.0
