iteration,bestlobjval,lobjval,fobjval,lz1,lz2,tot_runtime,gapf
1.0,1729.0,1729.0,196564.0,0.0,1729.0,2.6300370693206787,0.0
5.0,1729.0,1729.0,196564.0,0.0,1729.0,1.6041820049285889,0.0
6.0,1729.0,1729.0,196564.0,0.0,1729.0,1.3749570846557617,0.0
7.0,1728.9999999999998,1728.9999999999998,196564.0,0.0,1728.9999999999998,1.795624017715454,0.0
