iteration,bestlobjval,lobjval,fobjval,lz1,lz2,tot_runtime,gapf
1.0,2507.999999998963,2507.999999998963,24124.9999969689,0.0,2507.999999998963,0.7168369293212891,0.0
5.0,2507.999999998963,2508.0,24125.0,0.0,2508.0,0.6390728950500488,0.0
