iteration,bestlobjval,lobjval,fobjval,lz1,lz2,tot_runtime,gapf
1.0,1146.0,1146.0,133776.0,0.0,1146.0,13.570801973342896,9.471430156994373e-05
5.0,1146.0,1146.0,133776.0,0.0,1146.0,15.468203067779541,7.786590517077155e-05
6.0,1146.0,1146.0,134651.0,0.0,1146.0,5.044770002365112,0.0
7.0,1146.0,1146.0000000000002,133775.9999013109,0.0,1146.0000000000002,2.868324041366577,0.0
