iteration,bestlobjval,lobjval,fobjval,lz1,lz2,tot_runtime,gapf
1.0,1738.0000000000002,1738.0000000000002,148648.0,0.0,1738.0000000000002,0.03567004203796387,0.0
2.0,1738.0,1738.0,148648.0,0.0,1738.0,0.039054155349731445,0.0
