iteration,bestlobjval,lobjval,fobjval,lz1,lz2,tot_runtime,gapf
1.0,1254.0,1254.0,194022.0,0.0,1254.0,0.008489131927490234,0.0
3.0,1254.0,1254.0,194022.0,0.0,1254.0,0.009011983871459961,0.0
5.0,1254.0,1254.0,194022.0,0.0,1254.0,0.008810043334960938,0.0
6.0,1254.0,1254.0,194022.0,0.0,1254.0,0.008639812469482422,0.0
7.0,1254.0,1254.0,194022.0,0.0,1254.0,0.008522987365722656,0.0
22.0,1254.0,1254.0,194022.0,0.0,1254.0,0.008601903915405273,0.0
23.0,1254.0,1254.0,194022.0,0.0,1254.0,0.008831024169921875,0.0
24.0,1254.0,1254.0,194022.0,0.0,1254.0,0.008758068084716797,0.0
