iteration,bestlobjval,lobjval,fobjval,lz1,lz2,tot_runtime,gapf
1.0,780.9999999999999,780.9999999999999,63528.0,0.0,780.9999999999999,0.4322490692138672,0.0
5.0,780.9999999999999,780.9999999999999,63527.99996857748,0.0,780.9999999999999,0.33858299255371094,0.0
6.0,780.9999999999999,780.9999999999999,63528.0,0.0,780.9999999999999,0.3924431800842285,0.0
7.0,780.9999999999999,781.0,63528.0,0.0,781.0,0.3436400890350342,0.0
8.0,780.9999999999999,781.0,63528.0,0.0,781.0,0.39227294921875,0.0
