attr,value
lobjval,155765.24046314537
fobjval,56860.30459716292
lz1,155097.58235280184
lz2,667.6581103435358
tot_runtime,16.175915956497192
gapf,0.0
best_it,3.0
improvementHeuristic,-inf
