attr,value
lobjval,556047.1947739692
fobjval,147334.01087519794
lz1,555361.0519168262
lz2,686.142857143059
tot_runtime,13.457807779312134
gapf,0.0
best_it,2.0
improvementHeuristic,-inf
