iteration,bestlobjval,lobjval,fobjval,lz1,lz2,tot_runtime,gapf
1.0,1724.0000000000002,1724.0000000000002,71102.0,0.0,1724.0000000000002,2.7296080589294434,0.0
