iteration,bestlobjval,lobjval,fobjval,lz1,lz2,tot_runtime,gapf
2.0,303489.97831660806,303489.97831660806,63210.237531331055,302739.50426316436,750.4740534437169,89.45443511009216,0.0
3.0,248097.9950735204,248097.9950735204,63827.265506038246,247361.80995221317,736.185121307247,71.10703301429749,0.0
4.0,248097.9950735204,288151.1312288582,63878.26368714001,287425.10689594183,726.0243329163814,50.53943991661072,7.5031470132047e-05
5.0,248097.9950735204,294443.3972108164,63983.78373378288,293721.3972108164,721.9999999999762,52.7016978263855,4.237015071519293e-05
6.0,248097.9950735204,287481.5349707628,63427.98968727042,286744.2864293537,737.2485414091188,61.0914831161499,0.0
7.0,248097.9950735204,293558.46366415534,63476.53503806104,292821.04066387215,737.4230002832093,90.86498689651489,0.0
