attr,value
lobjval,2633.0
fobjval,24735.9999714698
lz1,0.0
lz2,2633.0
tot_runtime,21.747777938842773
gapf,9.367095563007875e-05
best_it,1.0
improvementHeuristic,0.0
