iteration,bestlobjval,lobjval,fobjval,lz1,lz2,tot_runtime,gapf
1.0,504.9999999999999,504.9999999999999,60785.0,0.0,504.9999999999999,1.4562599658966064,0.0
2.0,504.9999999999999,505.0,60904.0,0.0,505.0,0.47562098503112793,7.176640166747951e-05
6.0,504.9999999999999,505.0000000000001,63829.0,0.0,505.0000000000001,0.07474994659423828,0.0
