iteration,bestlobjval,lobjval,fobjval,lz1,lz2,tot_runtime,gapf
2.0,104993.64342782422,104993.64342782422,30373.528458006254,103735.29536805653,1258.3480597677008,0.41349291801452637,0.0
3.0,104993.64342782422,112118.57362576215,29562.80454899334,110860.87709099075,1257.6965347713992,0.4688279628753662,0.0
5.0,104993.64342782422,110651.40377928207,29610.4849233416,109395.51832155109,1255.8854577309858,0.46109604835510254,0.0
