iteration,bestlobjval,lobjval,fobjval,lz1,lz2,tot_runtime,gapf
1.0,1319.0,1319.0,93815.0,0.0,1319.0,4.439238786697388,0.0
2.0,1319.0,1319.0,93815.0,0.0,1319.0,4.802382946014404,0.0
5.0,1319.0,1319.0,93815.0,0.0,1319.0,4.214072942733765,0.0
6.0,1319.0,1319.0,95580.0,0.0,1319.0,0.8430469036102295,0.0
7.0,1319.0,1319.0,95580.0,0.0,1319.0,0.06990408897399902,0.0
