iteration,bestlobjval,lobjval,fobjval,lz1,lz2,tot_runtime,gapf
1.0,1801.0,1801.0,89682.0,0.0,1801.0,5.214287042617798,0.0
2.0,1801.0,1801.0,89898.0,0.0,1801.0,1.518963098526001,0.0
5.0,1801.0,1801.0000000000002,89898.0,0.0,1801.0000000000002,0.063262939453125,0.0
