attr,value
lobjval,85610.10498418767
fobjval,83029.33606557125
lz1,85208.24999999287
lz2,401.854984194802
tot_runtime,33.79590153694153
gapf,0.0
best_it,7.0
improvementHeuristic,-inf
