attr,value
lobjval,55052.0
fobjval,90677.0
lz1,53100.0
lz2,1952.0000000000002
tot_runtime,1.8267104625701904
gapf,2.086250074095626e-15
best_it,2.0
improvementHeuristic,-inf
