iteration,bestlobjval,lobjval,fobjval,lz1,lz2,tot_runtime,gapf
1.0,2596.0,2596.0,103450.0,0.0,2596.0,0.005383014678955078,0.0
2.0,2596.0,2596.0,103450.0,0.0,2596.0,0.005487203598022461,0.0
5.0,2596.0,2596.0,103450.0,0.0,2596.0,0.005421876907348633,0.0
6.0,2596.0,2596.0,103450.0,0.0,2596.0,0.005233049392700195,0.0
24.0,2596.0,2596.0,103450.0,0.0,2596.0,0.005323886871337891,0.0
25.0,2596.0,2596.0,103450.0,0.0,2596.0,0.005433082580566406,0.0
26.0,2596.0,2596.0,103450.0,0.0,2596.0,0.005191802978515625,0.0
