iteration,bestlobjval,lobjval,fobjval,lz1,lz2,tot_runtime,gapf
1.0,1774.9999999999998,1774.9999999999998,93897.0,0.0,1774.9999999999998,8.840161085128784,2.3173774285628883e-12
5.0,1774.9999999999998,1775.0,99547.0,0.0,1775.0,0.10069894790649414,0.0
