iteration,bestlobjval,lobjval,fobjval,lz1,lz2,tot_runtime,gapf
1.0,1141.0000000000002,1141.0000000000002,127624.0,0.0,1141.0000000000002,6.267491102218628,0.0
2.0,1141.0000000000002,1141.0000000000002,128925.0,0.0,1141.0000000000002,1.2096128463745117,0.0
5.0,1141.0,1141.0,128925.0,0.0,1141.0,0.9194118976593018,0.0
6.0,1141.0,1141.0,128925.0,0.0,1141.0,0.05353283882141113,0.0
