iteration,bestlobjval,lobjval,fobjval,lz1,lz2,tot_runtime,gapf
1.0,2714.0000000000005,2714.0000000000005,135234.0,0.0,2714.0000000000005,6.16710901260376,0.0
5.0,2714.0,2714.0,135234.0,0.0,2714.0,5.494394063949585,0.0
6.0,2714.0,2714.0,135234.0,0.0,2714.0,5.733623027801514,0.0
