iteration,bestlobjval,lobjval,fobjval,lz1,lz2,tot_runtime,gapf
1.0,260749.994813408,260749.994813408,88658.88798489455,259641.2519562655,1108.7428571425098,100.04450392723083,0.173087713723945
5.0,260749.994813408,300376.5137370884,88853.01221952555,299275.0878414118,1101.425895676626,100.04814600944519,0.20022777307826983
6.0,260749.994813408,275323.20448145375,88586.76050519773,274211.91487106454,1111.28961038919,100.10162711143494,0.1899226956707304
