iteration,bestlobjval,lobjval,fobjval,lz1,lz2,tot_runtime,gapf
1.0,761.0,761.0,36901.0,0.0,761.0,2.0758941173553467,0.0
5.0,761.0,761.0,36901.0,0.0,761.0,1.8280110359191895,0.0
