iteration,bestlobjval,lobjval,fobjval,lz1,lz2,tot_runtime,gapf
1.0,5203.0,5203.0,104085.0,0.0,5203.0,0.10000109672546387,0.0
5.0,5203.0,5203.0,104085.0,0.0,5203.0,0.09252810478210449,0.0
6.0,5203.0,5203.0,104085.0,0.0,5203.0,0.11273694038391113,0.0
