iteration,bestlobjval,lobjval,fobjval,lz1,lz2,tot_runtime,gapf
1.0,774.0,774.0,63926.0,0.0,774.0,0.18458914756774902,0.0
5.0,774.0,774.0,63925.999965990086,0.0,774.0,0.1971738338470459,0.0
6.0,774.0,774.0,63926.0,0.0,774.0,0.20273590087890625,0.0
