iteration,bestlobjval,lobjval,fobjval,lz1,lz2,tot_runtime,gapf
1.0,221721.8903367344,221721.8903367344,82973.68516595442,220587.83977155288,1134.0505651815072,100.00662207603455,0.15199627788634132
2.0,221721.8903367344,222745.49235128652,82973.68483214194,221574.6827874126,1170.8095638739185,100.03808689117432,0.11641985901960357
3.0,221721.8903367344,237322.4927987542,82973.68516595435,236229.3903769898,1093.102421764388,100.03696203231812,0.08279948940760874
4.0,221721.8903367344,252184.03555729784,82973.68516595436,251062.22522311803,1121.8103341798148,100.03973507881165,0.11613164330672442
5.0,221721.8903367344,235026.16751082867,82973.68516595438,233974.8582214995,1051.3092893291512,100.01471400260925,0.11061762679324648
6.0,221721.8903367344,223330.50798421964,82973.6848171603,222272.47396362977,1058.0340205898813,100.0290777683258,0.10242558200232932
