attr,value
lobjval,390616.55682832946
fobjval,187507.22054914274
lz1,389347.131311124
lz2,1269.425517205438
tot_runtime,34.26809096336365
gapf,0.0
best_it,2.0
improvementHeuristic,-inf
