iteration,bestlobjval,lobjval,fobjval,lz1,lz2,tot_runtime,gapf
1.0,3624.0,3624.0,38787.0,0.0,3624.0,3.098233938217163,0.0
2.0,3623.999999874951,3623.999999874951,39157.0,0.0,3623.999999874951,0.6032800674438477,0.0
5.0,3623.999999874951,3624.0,38787.0,0.0,3624.0,2.8615097999572754,0.0
6.0,3623.999999874951,3624.0,39562.0,0.0,3624.0,0.5860710144042969,0.0
7.0,3623.999999874951,3624.0,39561.99999287962,0.0,3624.0,0.7387790679931641,0.0
8.0,3623.999999874951,3624.0,39562.0,0.0,3624.0,0.4931459426879883,4.81483672057333e-13
9.0,3623.999999874951,3624.000000149621,39562.0,0.0,3624.000000149621,0.5079030990600586,0.0
