iteration,bestlobjval,lobjval,fobjval,lz1,lz2,tot_runtime,gapf
1.0,895.9999999999999,895.9999999999999,77150.0,0.0,895.9999999999999,29.685683012008667,9.07323556450906e-05
2.0,895.9999999999999,896.0,78133.0,0.0,896.0,3.6606481075286865,7.975006648847646e-06
5.0,895.9999995497801,895.9999995497801,78133.0,0.0,895.9999995497801,2.93180513381958,0.0
6.0,895.9999995497801,895.9999998904245,78133.0,0.0,895.9999998904245,2.8288137912750244,0.0
7.0,895.9999995497801,895.9999999596436,78133.0,0.0,895.9999999596436,2.554795026779175,0.0
