attr,value
lobjval,792.9999999999999
fobjval,57584.0
lz1,0.0
lz2,792.9999999999999
tot_runtime,12.458117485046387
gapf,0.0
best_it,1.0
improvementHeuristic,0.0
