attr,value
lobjval,113454.16787526911
fobjval,42640.02605793607
lz1,113078.77162670737
lz2,375.39624856174163
tot_runtime,498.64248871803284
gapf,0.0
best_it,22.0
improvementHeuristic,-inf
