iteration,bestlobjval,lobjval,fobjval,lz1,lz2,tot_runtime,gapf
1.0,2085.9999999999995,2085.9999999999995,26900.0,0.0,2085.9999999999995,0.21144700050354004,0.0
5.0,2085.9999999999995,2086.0,26900.0,0.0,2086.0,0.09171104431152344,0.0
6.0,2085.9999999999995,2086.0,26900.0,0.0,2086.0,0.07704019546508789,0.0
7.0,2085.9999999999995,2085.9999999999995,26900.0,0.0,2085.9999999999995,0.068450927734375,0.0
8.0,2085.9999999999995,2086.0,26900.0,0.0,2086.0,0.07140994071960449,0.0
