attr,value
lobjval,745561.0215001794
fobjval,204369.51844101146
lz1,744577.4500716081
lz2,983.5714285713486
tot_runtime,18.542951345443726
gapf,0.0
best_it,5.0
improvementHeuristic,-inf
