attr,value
lobjval,895.9999995497801
fobjval,78133.0
lz1,0.0
lz2,895.9999995497801
tot_runtime,74.13397598266602
gapf,0.0
best_it,5.0
improvementHeuristic,5.02477424747992e-08
