iteration,bestlobjval,lobjval,fobjval,lz1,lz2,tot_runtime,gapf
1.0,1772.0,1772.0,320057.0,0.0,1772.0,0.010598897933959961,0.0
3.0,1772.0,1772.0,320057.0,0.0,1772.0,0.010505914688110352,0.0
5.0,1772.0,1772.0,320057.0,0.0,1772.0,0.01067805290222168,0.0
6.0,1771.9999999999998,1771.9999999999998,320057.0,0.0,1771.9999999999998,0.010268926620483398,0.0
25.0,1771.9999999999998,1772.0,320057.0,0.0,1772.0,0.010586977005004883,0.0
26.0,1771.9999999999998,1772.0,320057.0,0.0,1772.0,0.010779857635498047,0.0
27.0,1771.9999999999998,1772.0,320057.0,0.0,1772.0,0.009919881820678711,0.0
