attr,value
lobjval,1234.9999999999998
fobjval,142554.0
lz1,0.0
lz2,1234.9999999999998
tot_runtime,19.91732692718506
gapf,0.0
best_it,1.0
improvementHeuristic,0.0
