iteration,bestlobjval,lobjval,fobjval,lz1,lz2,tot_runtime,gapf
1.0,815.0,815.0,95613.0,0.0,815.0,13.959573030471802,0.0
5.0,815.0,815.0000000000001,98606.0,0.0,815.0000000000001,0.823660135269165,0.0
6.0,815.0,815.0,98606.0,0.0,815.0,0.6293928623199463,0.0
