attr,value
lobjval,231933.80468153956
fobjval,98667.0
lz1,229698.0000000005
lz2,2235.804681539072
tot_runtime,2.20770001411438
gapf,0.0
best_it,3.0
improvementHeuristic,-inf
