iteration,bestlobjval,lobjval,fobjval,lz1,lz2,tot_runtime,gapf
2.0,217261.6163973244,217261.6163973244,70648.84803734024,214511.47354018156,2750.14285714285,0.4544718265533447,0.0
5.0,201037.6028341302,201037.6028341302,70654.13881658112,198287.45997698736,2750.1428571428423,0.4804980754852295,0.0
6.0,201037.6028341302,250149.05773483403,72313.8631279143,247496.13081562566,2652.9269192083793,0.48299598693847656,0.0
7.0,201037.6028341302,248241.04041487188,72331.08074504427,245593.46898630046,2647.5714285714234,0.43870997428894043,0.0
8.0,201037.6028341302,233388.9189570642,70703.21248985833,230638.77609992135,2750.142857142852,0.44664907455444336,0.0
9.0,201037.6028341302,218106.10598218764,70613.60897245776,215355.96312504477,2750.1428571428596,0.5562739372253418,0.0
10.0,201037.6028341302,217558.53017486059,70659.29957384938,214808.38731771772,2750.142857142861,0.5254261493682861,0.0
