attr,value
lobjval,2708.0
fobjval,23847.0
lz1,0.0
lz2,2708.0
tot_runtime,10.244170188903809
gapf,1.4561373637644316e-12
best_it,1.0
improvementHeuristic,0.0
