iteration,bestlobjval,lobjval,fobjval,lz1,lz2,tot_runtime,gapf
1.0,1588.0000000000002,1588.0000000000002,282838.0,0.0,1588.0000000000002,0.4175570011138916,0.0
5.0,1588.0,1588.0,282838.0,0.0,1588.0,0.49454188346862793,0.0
6.0,1588.0,1588.0,282838.0,0.0,1588.0,0.4886200428009033,0.0
