iteration,bestlobjval,lobjval,fobjval,lz1,lz2,tot_runtime,gapf
2.0,55052.0,55052.0,90677.0,53100.0,1952.0000000000002,0.17207884788513184,2.086250074095626e-15
3.0,55052.0,123136.99852201866,90843.0,121202.0000000009,1934.9985220177573,0.0651099681854248,0.0
4.0,55052.0,186884.49103868302,93741.0,185013.56655236552,1870.924486317487,0.04503989219665527,0.0
19.0,55052.0,146711.66666666666,90677.0,144765.0,1946.6666666666665,0.0749669075012207,0.0
20.0,55052.0,100394.97888952833,90677.0,98460.0,1934.9788895283305,0.15221786499023438,0.0
