iteration,bestlobjval,lobjval,fobjval,lz1,lz2,tot_runtime,gapf
1.0,2521.0,2521.0,126450.0,0.0,2521.0,3.10375714302063,5.1634666933675327e-05
5.0,2510.653968253968,2510.653968253968,126450.0,0.0,2510.653968253968,3.2661960124969482,0.0
6.0,2510.653968253968,2521.0000000000005,126450.0,0.0,2521.0000000000005,3.4245448112487793,0.0
