attr,value
lobjval,1187.0
fobjval,141806.0
lz1,0.0
lz2,1187.0
tot_runtime,18.705657720565796
gapf,5.6706346646974304e-05
best_it,1.0
improvementHeuristic,0.0
