attr,value
lobjval,305616.156862745
fobjval,114958.29411764698
lz1,304962.8235294117
lz2,653.3333333333334
tot_runtime,5.702648639678955
gapf,0.0
best_it,30.0
improvementHeuristic,-inf
