iteration,bestlobjval,lobjval,fobjval,lz1,lz2,tot_runtime,gapf
1.0,1289.999999367725,1289.999999367725,106537.9999746377,0.0,1289.999999367725,0.21393704414367676,0.0
5.0,1289.999999367725,1290.0,106537.99995817457,0.0,1290.0,0.20140695571899414,0.0
6.0,1289.9999991426885,1289.9999991426885,106537.9999660085,0.0,1289.9999991426885,0.23720788955688477,0.0
