attr,value
lobjval,730.9999999999999
fobjval,25366.0
lz1,0.0
lz2,730.9999999999999
tot_runtime,41.03815317153931
gapf,2.672211849417529e-06
best_it,1.0
improvementHeuristic,0.0
