iteration,bestlobjval,lobjval,fobjval,lz1,lz2,tot_runtime,gapf
1.0,41342.286046155416,41342.286046155416,39266.46535940939,40746.84160171113,595.4444444442859,3.367029905319214,0.0
5.0,30447.009425860528,30447.009425860528,40394.36564485325,29860.423782314272,586.5856435462573,2.619805097579956,0.0
6.0,16558.349244461348,16558.349244461348,40205.55914613241,15969.058133350376,589.2911111109725,3.5788309574127197,0.0
7.0,12232.300879015349,12232.300879015349,40213.35720337221,11641.671990126455,590.6288888888944,2.342900037765503,0.0
8.0,12232.300879015349,25610.62814848886,39705.48805054245,25017.787037379687,592.8411111091734,2.5721561908721924,0.0
9.0,12232.300879015349,41816.76238429576,39124.23777381953,41220.703125036285,596.0592592594763,3.6479361057281494,0.0
