iteration,bestlobjval,lobjval,fobjval,lz1,lz2,tot_runtime,gapf
3.0,675405.8131840259,675405.8131840259,281450.31399862544,673908.543046398,1497.270137627984,0.23218107223510742,8.681675836579176e-05
