attr,value
lobjval,146431.74719709813
fobjval,40692.95143542289
lz1,145809.46148281242
lz2,622.2857142857142
tot_runtime,51.719666719436646
gapf,0.0
best_it,9.0
improvementHeuristic,-inf
