attr,value
lobjval,1351.9999999999998
fobjval,67612.0
lz1,0.0
lz2,1351.9999999999998
tot_runtime,29.680291175842285
gapf,0.0
best_it,1.0
improvementHeuristic,0.0
