attr,value
lobjval,348424.2938556215
fobjval,92270.25822330956
lz1,347345.5693165422
lz2,1078.724539079295
tot_runtime,16.591705083847046
gapf,0.0
best_it,6.0
improvementHeuristic,-inf
