iteration,bestlobjval,lobjval,fobjval,lz1,lz2,tot_runtime,gapf
1.0,3639.9999999999995,3639.9999999999995,72895.0,0.0,3639.9999999999995,0.09883499145507812,0.0
5.0,3639.9999999999995,3640.0,72895.0,0.0,3640.0,0.09941792488098145,0.0
6.0,3639.9999999999995,3640.0000000000005,72895.0,0.0,3640.0000000000005,0.055177927017211914,0.0
