iteration,bestlobjval,lobjval,fobjval,lz1,lz2,tot_runtime,gapf
2.0,472716.7297994042,472716.7297994042,82902.69903428003,470379.6007697193,2337.129029684927,100.03019189834595,0.016186453551134718
4.0,463807.5864964334,463807.5864964334,83069.51205487599,461476.01630889234,2331.5701875411,100.02159595489502,0.007478551150383521
5.0,463807.5864964334,467991.3013387704,83062.24654103426,465675.826283446,2315.4750553244353,100.02721691131592,0.012558634263113107
6.0,463807.5864964334,484604.68951664143,83117.01630499096,482289.6038023556,2315.0857142858476,100.03044700622559,0.010809203456960698
