iteration,bestlobjval,lobjval,fobjval,lz1,lz2,tot_runtime,gapf
2.0,81326.99034919709,81326.99034919709,28608.542172158166,80736.9607003256,590.0296488714914,16.440557956695557,0.0
5.0,81326.99034919709,81999.79925067072,28704.195878100913,81410.51563130536,589.2836193653682,6.189176082611084,0.0
6.0,80622.64091893454,80622.64091893454,28827.002784621254,80039.00217066534,583.6387482692029,7.813057899475098,0.0
7.0,74327.73029904283,74327.73029904283,28666.3661042225,73743.29104191813,584.439257124695,13.593657970428467,0.0
8.0,74327.73029904283,75472.60006754975,28715.1201185067,74887.80168968164,584.798377868114,10.805624961853027,0.0
9.0,73396.70670114449,73396.70670114449,28665.868874639185,72812.43051059908,584.2761905454171,11.976281881332397,0.0
10.0,73396.70670114449,78571.27618119094,29210.91078287329,78004.18752276961,567.0886584213232,6.702805995941162,0.0
