iteration,bestlobjval,lobjval,fobjval,lz1,lz2,tot_runtime,gapf
2.0,180813.84453382264,180813.84453382264,37894.848251327145,180367.880689408,445.96384441464244,86.7864420413971,0.0
3.0,158409.14951263048,158409.14951263048,38243.57702616586,157977.86379834477,431.2857142857142,73.53824996948242,0.0
9.0,158409.14951263048,162522.06880038467,38520.52167679214,162091.3545146705,430.71428571417124,57.712827920913696,0.0
18.0,158409.14951263048,182626.26287810464,38225.7061109201,182183.57149356173,442.6913845428958,87.82659888267517,2.1877256401509176e-05
19.0,158409.14951263048,173455.50320599083,38262.4189225696,173012.29125867737,443.2119473134644,100.00687503814697,0.002365319751058157
