iteration,bestlobjval,lobjval,fobjval,lz1,lz2,tot_runtime,gapf
2.0,116454.65793804765,116454.65793804765,44823.54613619894,113643.17009809159,2811.4878399560494,2.354199171066284,0.0
5.0,116454.65793804765,129657.9555683859,45034.8738136614,126864.05898697312,2793.896581412783,1.9418020248413086,0.0
6.0,100075.70391830472,100075.70391830472,45226.92536484444,97293.0574639039,2782.6464544008263,1.6727521419525146,0.0
7.0,96414.08619677191,96414.08619677191,44693.60742614461,93576.88619677191,2837.1999999999994,1.0825541019439697,0.0
8.0,96414.08619677191,96414.08619721746,44693.607426167655,93576.88619721953,2837.1999999979316,1.7600209712982178,0.0
9.0,96414.08619677191,96416.7759833153,44694.121636236334,93576.88619718306,2839.88978613223,1.9463579654693604,0.0
10.0,96414.08619677191,106986.6139252137,44839.70380529575,104181.37070961871,2805.2432155949996,1.6187779903411865,0.0
