iteration,bestlobjval,lobjval,fobjval,lz1,lz2,tot_runtime,gapf
1.0,1341.0,1341.0,49804.0,0.0,1341.0,16.895570039749146,4.048198757333491e-05
5.0,1341.0,1341.0,49803.999926050295,0.0,1341.0,14.057801008224487,0.0
6.0,1340.999999868765,1340.999999868765,49804.0,0.0,1340.999999868765,2.6991028785705566,9.825783918834924e-05
7.0,1340.999999868765,1341.0000000727298,49804.0,0.0,1341.0000000727298,2.616131067276001,8.918002377381547e-05
8.0,1340.999999868765,1341.0,49803.99997752218,0.0,1341.0,2.113959789276123,0.0
