iteration,bestlobjval,lobjval,fobjval,lz1,lz2,tot_runtime,gapf
1.0,1201.0,1201.0,183263.0,0.0,1201.0,0.5925290584564209,0.0
5.0,1201.0,1201.0,183263.0,0.0,1201.0,0.5888779163360596,0.0
7.0,1201.0,1201.0000000000002,183263.0,0.0,1201.0000000000002,0.8115630149841309,0.0
