iteration,bestlobjval,lobjval,fobjval,lz1,lz2,tot_runtime,gapf
1.0,2465.0,2465.0,23774.0,0.0,2465.0,3.714912176132202,9.792271365207807e-05
5.0,2465.0,2465.0,23774.0,0.0,2465.0,1.5894629955291748,0.0
6.0,2465.0,2465.0,23774.0,0.0,2465.0,0.4615969657897949,0.0
7.0,2465.0,2465.0000000000005,23774.0,0.0,2465.0000000000005,0.4522359371185303,0.0
8.0,2465.0,2465.0,23774.0,0.0,2465.0,0.4198579788208008,0.0
