attr,value
lobjval,51216.672387442115
fobjval,13414.932644569733
lz1,49839.22425910137
lz2,1377.4481283407445
tot_runtime,611.58265209198
gapf,0.0
best_it,7.0
improvementHeuristic,-inf
