iteration,bestlobjval,lobjval,fobjval,lz1,lz2,tot_runtime,gapf
1.0,1182.0,1182.0,408368.0,0.0,1182.0,0.011660099029541016,0.0
4.0,1182.0,1182.0,408368.0,0.0,1182.0,0.012037992477416992,0.0
5.0,1182.0,1182.0,408368.0,0.0,1182.0,0.01194000244140625,0.0
6.0,1182.0,1182.0,408368.0,0.0,1182.0,0.011906862258911133,0.0
22.0,1182.0,1182.0,408368.0,0.0,1182.0,0.011667013168334961,0.0
23.0,1182.0,1182.0,408368.0,0.0,1182.0,0.011913061141967773,0.0
24.0,1182.0,1182.0,408368.0,0.0,1182.0,0.011695146560668945,0.0
