attr,value
lobjval,489647.33660525415
fobjval,129145.52895341355
lz1,488125.379214935
lz2,1521.9573903191758
tot_runtime,9.565006494522095
gapf,0.0
best_it,2.0
improvementHeuristic,-inf
