attr,value
lobjval,19540.8180702154
fobjval,99579.56395456402
lz1,18567.484736882066
lz2,973.3333333333333
tot_runtime,50.841132402420044
gapf,0.0
best_it,1.0
improvementHeuristic,0.0
