attr,value
lobjval,1602.9999999999998
fobjval,14347.0
lz1,0.0
lz2,1602.9999999999998
tot_runtime,14.21273422241211
gapf,0.0
best_it,1.0
improvementHeuristic,0.0
