iteration,bestlobjval,lobjval,fobjval,lz1,lz2,tot_runtime,gapf
1.0,5284.0,5284.0,49401.99994585449,0.0,5284.0,7.5813469886779785,8.901611343978882e-05
5.0,5283.999999999998,5283.999999999998,49402.0,0.0,5283.999999999998,1.36216402053833,0.0
