attr,value
lobjval,1049.9999999893375
fobjval,101179.0
lz1,0.0
lz2,1049.9999999893375
tot_runtime,18.53072738647461
gapf,0.0
best_it,1.0
improvementHeuristic,0.0
