iteration,bestlobjval,lobjval,fobjval,lz1,lz2,tot_runtime,gapf
1.0,547.0,547.0,197023.0,0.0,547.0,0.013926982879638672,0.0
4.0,547.0,547.0,197023.0,0.0,547.0,0.013534069061279297,0.0
5.0,547.0,547.0,197023.0,0.0,547.0,0.01365208625793457,0.0
19.0,547.0,547.0,197023.0,0.0,547.0,0.013992071151733398,0.0
20.0,547.0,547.0,197023.0,0.0,547.0,0.013787984848022461,0.0
21.0,547.0,547.0,197023.0,0.0,547.0,0.013509988784790039,0.0
22.0,547.0,547.0,197023.0,0.0,547.0,0.013521909713745117,0.0
23.0,547.0,547.0,197023.0,0.0,547.0,0.01360011100769043,0.0
