iteration,bestlobjval,lobjval,fobjval,lz1,lz2,tot_runtime,gapf
2.0,360871.41751216335,360871.41751216335,135516.07649420592,359986.94684078055,884.470671382812,24.691301107406616,0.0
4.0,312413.3964773502,312413.3964773502,139879.7881134337,311549.0449540699,864.3515232803144,30.873145818710327,0.0
5.0,312413.3964773502,325212.2152724194,139538.1922160234,324350.023272962,862.1919994573724,21.957204818725586,0.0
