iteration,bestlobjval,lobjval,fobjval,lz1,lz2,tot_runtime,gapf
1.0,2600.0,2600.0,52070.0,0.0,2600.0,0.06306695938110352,0.0
5.0,2600.0,2600.0,52070.0,0.0,2600.0,0.09250092506408691,0.0
6.0,2600.0,2600.0,52070.0,0.0,2600.0,0.05344700813293457,0.0
