iteration,bestlobjval,lobjval,fobjval,lz1,lz2,tot_runtime,gapf
1.0,40399.09110348717,40399.09110348717,17956.205560739545,39171.20625000131,1227.8848534858582,1.6218430995941162,0.0
2.0,40399.09110348717,43275.538001783396,18613.734018199728,42074.235436911506,1201.3025648718908,0.8233799934387207,0.0
