iteration,bestlobjval,lobjval,fobjval,lz1,lz2,tot_runtime,gapf
1.0,789.0,789.0,114863.0,0.0,789.0,0.007177829742431641,0.0
2.0,789.0,789.0,114863.0,0.0,789.0,0.0074498653411865234,0.0
4.0,789.0,789.0,114863.0,0.0,789.0,0.00721287727355957,0.0
27.0,789.0,789.0,114863.0,0.0,789.0,0.007122039794921875,0.0
28.0,789.0,789.0,114863.0,0.0,789.0,0.007215976715087891,0.0
29.0,789.0,789.0,114863.0,0.0,789.0,0.0068471431732177734,0.0
