iteration,bestlobjval,lobjval,fobjval,lz1,lz2,tot_runtime,gapf
1.0,318213.7347044166,318213.7347044166,74334.8478032035,317761.1632758452,452.571428571428,15.898980855941772,0.0
2.0,318213.7347044166,348643.4207174011,70990.4332044962,348169.99214597256,473.42857142854166,100.04763984680176,0.18783100340353787
3.0,318213.7347044166,337506.68195275485,70969.75774244321,337037.57024498767,469.11170776719314,100.01278805732727,0.1135838422613054
4.0,318213.7347044166,355256.6454036104,71852.82379588635,354783.2168321819,473.4285714285475,100.01359987258911,0.11839371054875615
5.0,318213.7347044166,366815.81920990866,71647.13346442928,366349.24778133724,466.57142857142844,100.01958990097046,0.10840890074680988
6.0,307373.6760510316,307373.6760510316,72925.1147874237,306903.96176531736,469.7142857142791,100.00884008407593,0.12493489945095847
7.0,307373.6760510316,359727.16160417616,71068.21394051226,359263.16160417616,463.99999999999966,100.0239770412445,0.09402933353584239
