iteration,bestlobjval,lobjval,fobjval,lz1,lz2,tot_runtime,gapf
1.0,505.0,505.0,175029.0,0.0,505.0,0.012190818786621094,0.0
2.0,505.0,505.0,175029.0,0.0,505.0,0.012125968933105469,0.0
4.0,505.0,505.00000000000006,175029.0,0.0,505.00000000000006,0.012345075607299805,0.0
5.0,505.0,505.0,175029.0,0.0,505.0,0.012295007705688477,0.0
20.0,505.0,505.0,175029.0,0.0,505.0,0.012025117874145508,0.0
21.0,505.0,505.0,175029.0,0.0,505.0,0.012119054794311523,0.0
22.0,505.0,505.0,175029.0,0.0,505.0,0.011842012405395508,0.0
