attr,value
lobjval,2712.9999999999995
fobjval,34382.0
lz1,0.0
lz2,2712.9999999999995
tot_runtime,6.9374566078186035
gapf,0.0
best_it,1.0
improvementHeuristic,0.0
