iteration,bestlobjval,lobjval,fobjval,lz1,lz2,tot_runtime,gapf
1.0,770730.6757519484,770730.6757519484,171576.61424369915,769670.8186090912,1059.8571428571852,99.38503694534302,0.0
2.0,621910.9570960955,621910.9570960955,168659.46634489426,620795.8409167613,1115.1161793342235,100.04043579101562,0.2866708374780527
3.0,621910.9570960955,921205.6360338416,166529.31056762513,920082.6074750136,1123.0285588280456,100.02026414871216,0.2991590314377143
4.0,621910.9570960955,841055.6890584893,165302.38380112487,839963.8319156322,1091.857142857033,100.02238988876343,0.22785036234763303
5.0,621910.9570960955,816788.2361012213,164976.89114327094,815695.6685268864,1092.5675743348595,100.02700209617615,0.1990024285865997
6.0,621910.9570960955,779828.9462335922,165496.18391112503,778701.6314354108,1127.3147981813765,100.02306890487671,0.20843769205803642
