iteration,bestlobjval,lobjval,fobjval,lz1,lz2,tot_runtime,gapf
1.0,1266.0,1266.0,228604.0,0.0,1266.0,0.010586977005004883,0.0
2.0,1266.0,1266.0,228604.0,0.0,1266.0,0.011636018753051758,0.0
4.0,1266.0,1266.0,228604.0,0.0,1266.0,0.01016378402709961,0.0
5.0,1266.0,1266.0,228604.0,0.0,1266.0,0.010504961013793945,0.0
24.0,1266.0,1266.0,228604.0,0.0,1266.0,0.011027812957763672,0.0
25.0,1266.0,1266.0,228604.0,0.0,1266.0,0.010457038879394531,0.0
26.0,1266.0,1266.0,228604.0,0.0,1266.0,0.010610103607177734,0.0
