iteration,bestlobjval,lobjval,fobjval,lz1,lz2,tot_runtime,gapf
1.0,466.99999999999994,466.99999999999994,92518.0,0.0,466.99999999999994,0.04606294631958008,0.0
5.0,466.99999999999994,466.99999999999994,92518.0,0.0,466.99999999999994,0.047445058822631836,0.0
7.0,466.99999999999994,467.0,92518.0,0.0,467.0,0.045387983322143555,0.0
