iteration,bestlobjval,lobjval,fobjval,lz1,lz2,tot_runtime,gapf
1.0,387.0,387.0,173575.0,0.0,387.0,0.005912065505981445,0.0
2.0,387.0,387.0,173575.0,0.0,387.0,0.0068438053131103516,0.0
4.0,387.0,387.0,173575.0,0.0,387.0,0.007181882858276367,0.0
26.0,387.0,387.0,173575.0,0.0,387.0,0.007127046585083008,0.0
