iteration,bestlobjval,lobjval,fobjval,lz1,lz2,tot_runtime,gapf
1.0,1256.0,1256.0,63231.0,0.0,1256.0,3.6051599979400635,0.0
2.0,1248.8948897204002,1248.8948897204002,65166.0,0.0,1248.8948897204002,1.6742918491363525,0.0
5.0,1248.8948897204002,1256.0,65166.0,0.0,1256.0,1.6013579368591309,0.0
6.0,1248.8948897204002,1256.0,65166.0,0.0,1256.0,1.6205699443817139,0.0
