attr,value
lobjval,362751.2590332716
fobjval,105084.56421811353
lz1,361780.64480317326
lz2,970.6142300983277
tot_runtime,337.0394766330719
gapf,0.0
best_it,9.0
improvementHeuristic,-inf
