iteration,bestlobjval,lobjval,fobjval,lz1,lz2,tot_runtime,gapf
1.0,1558.9999999999998,1558.9999999999998,31235.0,0.0,1558.9999999999998,0.11798906326293945,0.0
5.0,1558.9999999999998,1559.0,31235.0,0.0,1559.0,0.09767889976501465,0.0
6.0,1558.9999999999998,1559.0,31235.0,0.0,1559.0,0.09714007377624512,0.0
