iteration,bestlobjval,lobjval,fobjval,lz1,lz2,tot_runtime,gapf
1.0,852.0,852.0,75563.0,0.0,852.0,4.962051153182983,0.0
5.0,852.0,852.0000000000001,79131.0,0.0,852.0000000000001,2.2604639530181885,4.670971513067168e-14
