iteration,bestlobjval,lobjval,fobjval,lz1,lz2,tot_runtime,gapf
1.0,1302.0,1302.0,27830.0,0.0,1302.0,0.010725975036621094,0.0
2.0,1302.0,1302.0,27830.0,0.0,1302.0,0.007086992263793945,0.0
5.0,1302.0,1302.0,27830.0,0.0,1302.0,0.012629985809326172,0.0
