iteration,bestlobjval,lobjval,fobjval,lz1,lz2,tot_runtime,gapf
1.0,2587.0,2587.0,54165.0,0.0,2587.0,0.06409287452697754,0.0
2.0,2587.0,2587.0,54165.0,0.0,2587.0,0.09946584701538086,0.0
5.0,2587.0,2587.0,54165.0,0.0,2587.0,0.08080196380615234,0.0
