attr,value
lobjval,1762.0
fobjval,88484.0
lz1,0.0
lz2,1762.0
tot_runtime,24.44094729423523
gapf,0.0
best_it,5.0
improvementHeuristic,1.2904294860569354e-14
