iteration,bestlobjval,lobjval,fobjval,lz1,lz2,tot_runtime,gapf
1.0,277846.37288848625,277846.37288848625,81404.1955401488,277082.8706662645,763.5022222217576,100.00726294517517,0.0006369368158669047
2.0,255801.44593094024,255801.44593094024,81404.71809844176,255042.34346583678,759.1024651034578,100.00713109970093,0.0005338351843959897
