attr,value
lobjval,364423.1123435489
fobjval,98635.98693944907
lz1,362343.1325623802
lz2,2079.979781168712
tot_runtime,108.1418616771698
gapf,0.0
best_it,7.0
improvementHeuristic,-inf
