attr,value
lobjval,1825.0
fobjval,148261.0
lz1,0.0
lz2,1825.0
tot_runtime,9.462104320526123
gapf,0.0
best_it,2.0
improvementHeuristic,1.2458831531136001e-14
