iteration,bestlobjval,lobjval,fobjval,lz1,lz2,tot_runtime,gapf
1.0,906.0,906.0,405016.0,0.0,906.0,0.006638050079345703,0.0
2.0,906.0,906.0,405016.0,0.0,906.0,0.006765842437744141,0.0
5.0,906.0,906.0,405016.0,0.0,906.0,0.0066950321197509766,0.0
26.0,906.0,906.0,405016.0,0.0,906.0,0.006726980209350586,0.0
