attr,value
lobjval,754.0000000000001
fobjval,29554.0
lz1,0.0
lz2,754.0000000000001
tot_runtime,18.493372201919556
gapf,6.195401912990661e-05
best_it,1.0
improvementHeuristic,0.0
