iteration,bestlobjval,lobjval,fobjval,lz1,lz2,tot_runtime,gapf
1.0,1581.0,1581.0,28267.0,0.0,1581.0,1.0828049182891846,0.0
2.0,1581.0,1581.0,29474.99999806547,0.0,1581.0,0.08391404151916504,0.0
5.0,1581.0,1581.0,29475.0,0.0,1581.0,0.0856771469116211,0.0
6.0,1581.0,1581.0000000000002,29475.0,0.0,1581.0000000000002,0.08856606483459473,0.0
7.0,1580.9999999999998,1580.9999999999998,29475.0,0.0,1580.9999999999998,0.0740518569946289,5.759051579810629e-06
8.0,1580.9999999999998,1581.0,29475.0,0.0,1581.0,0.09289693832397461,0.0
