iteration,bestlobjval,lobjval,fobjval,lz1,lz2,tot_runtime,gapf
1.0,113395.53840156418,113395.53840156418,117617.7639376226,111615.13840156418,1780.4,53.47766399383545,0.0
2.0,113395.53840156418,120440.87806844209,117661.40527267507,118664.87750643252,1776.0005620095758,52.0301570892334,0.0
3.0,113395.53840156418,131443.6895323955,117664.17203744006,129686.52199442245,1757.1675379730714,17.77408790588379,0.0
5.0,113395.53840156418,129404.11095027132,117653.82524704747,127594.95711500975,1809.1538352615692,24.729804039001465,0.0
6.0,113395.53840156418,127561.14029054348,117664.17203744015,125750.24529054348,1810.895,20.3570499420166,0.0
7.0,113395.53840156418,116678.23251278952,117657.70507685494,114926.89087784578,1751.3416349437334,21.464709997177124,0.0
