iteration,bestlobjval,lobjval,fobjval,lz1,lz2,tot_runtime,gapf
1.0,1475.0000000000002,1475.0000000000002,12259.99999725288,0.0,1475.0000000000002,5.5139288902282715,0.0
2.0,1475.0,1475.0,12260.0,0.0,1475.0,4.77797794342041,0.0
5.0,1475.0,1475.0,12260.0,0.0,1475.0,1.262021780014038,0.0
6.0,1475.0,1475.0,12260.0,0.0,1475.0,0.9418880939483643,0.0
8.0,1475.0,1475.0,12410.0,0.0,1475.0,0.3043649196624756,0.0
