iteration,bestlobjval,lobjval,fobjval,lz1,lz2,tot_runtime,gapf
1.0,3204.0,3204.0,147890.0,0.0,3204.0,0.003584146499633789,0.0
3.0,3204.0,3204.0,147890.0,0.0,3204.0,0.0033559799194335938,0.0
4.0,3204.0,3204.0,147890.0,0.0,3204.0,0.003841876983642578,0.0
5.0,3204.0,3204.0,147890.0,0.0,3204.0,0.0031168460845947266,0.0
22.0,3204.0,3204.0,147890.0,0.0,3204.0,0.0036439895629882812,0.0
23.0,3204.0,3204.0,147890.0,0.0,3204.0,0.0029799938201904297,0.0
24.0,3204.0,3204.0,147890.0,0.0,3204.0,0.0029098987579345703,0.0
25.0,3204.0,3204.0,147890.0,0.0,3204.0,0.002908945083618164,0.0
