attr,value
lobjval,789.9999999999999
fobjval,141463.9999807967
lz1,0.0
lz2,789.9999999999999
tot_runtime,9.83521819114685
gapf,0.0
best_it,1.0
improvementHeuristic,0.0
