attr,value
lobjval,237237.995420716
fobjval,58844.0784438111
lz1,232559.12130817847
lz2,4678.874112537534
tot_runtime,600.2181711196899
gapf,0.0
best_it,6.0
improvementHeuristic,-inf
