iteration,bestlobjval,lobjval,fobjval,lz1,lz2,tot_runtime,gapf
1.0,35832.537141669985,35832.537141669985,66381.66420965777,34837.93714166979,994.6000000001972,4.574232816696167,0.0
5.0,35832.537141669985,49196.38666780921,66742.9533064647,48209.6666678376,986.7199999716069,3.51370906829834,0.0
6.0,35832.537141669985,49440.09333333334,66720.78262694248,48452.333333333336,987.76,3.3299050331115723,0.0
7.0,35832.537141669985,49350.38068326598,66719.02040422258,48361.71449488164,988.6661883843415,3.0860769748687744,0.0
8.0,27986.35321858588,27986.35321858588,67095.9749889324,26996.249999947464,990.1032186384164,2.4608380794525146,0.0
