attr,value
lobjval,58399.85385431936
fobjval,27148.708805186317
lz1,57780.341943985244
lz2,619.5119103341095
tot_runtime,263.06717133522034
gapf,0.0
best_it,21.0
improvementHeuristic,-inf
