iteration,bestlobjval,lobjval,fobjval,lz1,lz2,tot_runtime,gapf
1.0,30738.01592013889,30738.01592013889,14406.245236908646,29457.99409722222,1280.0218229166667,1.1223170757293701,0.0
2.0,28355.252698670825,28355.252698670825,14464.05359067006,27084.6436616503,1270.609037020523,0.9971661567687988,0.0
5.0,28355.252698670825,34084.08156062383,14522.055688022965,32833.07952574043,1251.0020348834016,1.5106091499328613,0.0
6.0,28355.252698670825,34095.00454019824,14510.46921381907,32841.377973130904,1253.626567067335,1.1909329891204834,0.0
7.0,28355.252698670825,41498.68093044931,14502.919580781083,40249.69963138736,1248.9812990619496,1.2624189853668213,0.0
11.0,28355.252698670825,33222.32652042529,14623.51962465902,31974.001959480527,1248.3245609447656,1.5353329181671143,0.0
