iteration,bestlobjval,lobjval,fobjval,lz1,lz2,tot_runtime,gapf
2.0,273152.88081324607,273152.88081324607,62736.64359789484,268961.1044179299,4191.776395316171,1.3646891117095947,0.0
5.0,270097.01963420276,270097.01963420276,62751.937103517455,265887.5465437374,4209.473090465375,1.9447720050811768,0.0
6.0,267233.8615942439,267233.8615942439,62749.575475972844,262965.01855507965,4268.8430391642605,1.5013079643249512,0.0
7.0,267233.8615942439,269870.1413101429,62757.335759744936,265645.000000027,4225.141310115887,2.332195997238159,0.0
8.0,267233.8615942439,267997.31180657377,62745.136403085686,263773.86838534655,4223.44342122719,1.1398658752441406,0.0
9.0,267233.8615942439,267407.1895245066,62757.176975307826,263176.73666354944,4230.452860957206,1.4655330181121826,0.0
10.0,267233.8615942439,269873.56546325283,62762.67446819674,265645.00000002945,4228.565463223402,1.5379219055175781,0.0
11.0,267233.8615942439,272714.4579535427,62767.651028306296,268483.2527545379,4231.205199004808,1.8959360122680664,0.0
