iteration,bestlobjval,lobjval,fobjval,lz1,lz2,tot_runtime,gapf
1.0,1913.0000000000005,1913.0000000000005,100113.0,0.0,1913.0000000000005,0.9596531391143799,0.0
5.0,1912.9999999999995,1912.9999999999995,100113.0,0.0,1912.9999999999995,1.0182099342346191,0.0
6.0,1912.9999999999995,1913.0,100113.0,0.0,1913.0,0.8503880500793457,0.0
7.0,1912.9999999999995,1913.0,100113.0,0.0,1913.0,1.1726720333099365,0.0
8.0,1912.9999999999995,1913.0,100113.0,0.0,1913.0,0.8898940086364746,0.0
