iteration,bestlobjval,lobjval,fobjval,lz1,lz2,tot_runtime,gapf
1.0,3450.0,3450.0,28604.0,0.0,3450.0,5.000632047653198,0.0
2.0,3449.9999999999995,3449.9999999999995,28660.0,0.0,3449.9999999999995,0.7184278964996338,0.0
