iteration,bestlobjval,lobjval,fobjval,lz1,lz2,tot_runtime,gapf
2.0,568138.8666666667,568138.8666666667,282119.6383828892,567359.8666666667,778.9999999999707,0.08148407936096191,0.0
4.0,568138.8666666667,568138.8666666667,282119.63838383835,567359.8666666667,779.0,0.07093095779418945,2.867884317916192e-14
5.0,568138.8666666667,568138.8666666667,282119.63838383835,567359.8666666667,779.0,0.05967307090759277,0.0
6.0,568138.8666666667,568138.8666666667,282119.63838383835,567359.8666666667,779.0,0.07059192657470703,2.867884317916192e-14
7.0,568138.8666666667,568138.8666666667,282119.6383838384,567359.8666666667,779.0,0.0542600154876709,0.0
22.0,568138.8666666667,568138.8666666693,282119.63838336675,567359.8666666693,778.9999999999654,0.08338785171508789,0.0
23.0,568138.8666666667,568138.8666666679,282119.6383835297,567359.8666666679,778.9999999999694,0.0816650390625,0.0
24.0,568138.8666666667,568138.8666666667,282119.63838383835,567359.8666666667,779.0,0.039234161376953125,0.0
25.0,568138.8666666667,568138.8666666679,282119.6383835297,567359.8666666679,778.9999999999694,0.08234310150146484,0.0
