iteration,bestlobjval,lobjval,fobjval,lz1,lz2,tot_runtime,gapf
1.0,2456.0,2456.0,104673.0,0.0,2456.0,0.00435185432434082,0.0
5.0,2456.0,2456.0,104673.0,0.0,2456.0,0.004664182662963867,0.0
22.0,2456.0,2456.0,104673.0,0.0,2456.0,0.004597902297973633,0.0
23.0,2456.0,2456.0,104673.0,0.0,2456.0,0.004467010498046875,0.0
