iteration,bestlobjval,lobjval,fobjval,lz1,lz2,tot_runtime,gapf
1.0,804.0,804.0,29916.999922692306,0.0,804.0,19.042879104614258,8.216550705267667e-05
5.0,803.9999998071908,803.9999998071908,29916.99998842128,0.0,803.9999998071908,12.759711980819702,0.0
6.0,803.9999998071908,803.9999999995873,29917.0,0.0,803.9999999995873,2.15488600730896,4.999674420727898e-05
7.0,803.9999998071908,803.9999999636241,29916.99999996229,0.0,803.9999999636241,1.937356948852539,0.0
8.0,803.9999998071908,804.0,29917.0,0.0,804.0,1.904954195022583,0.0
