attr,value
lobjval,1501.1904761904761
fobjval,17699.0
lz1,0.0
lz2,1501.1904761904761
tot_runtime,10.229174137115479
gapf,0.0
best_it,6.0
improvementHeuristic,0.5175297421818326
