iteration,bestlobjval,lobjval,fobjval,lz1,lz2,tot_runtime,gapf
1.0,920.0000000000001,920.0000000000001,133131.0,0.0,920.0000000000001,0.39226198196411133,0.0
2.0,920.0,920.0,133131.0,0.0,920.0,0.37046098709106445,0.0
4.0,920.0,920.0,133131.0,0.0,920.0,0.3823428153991699,0.0
