iteration,bestlobjval,lobjval,fobjval,lz1,lz2,tot_runtime,gapf
1.0,5090.0,5090.0,67821.0,0.0,5090.0,4.066045045852661,5.866167740722634e-13
2.0,5090.0,5090.0,69836.99999348064,0.0,5090.0,0.19013595581054688,0.0
5.0,5089.99999999996,5089.99999999996,69837.0,0.0,5089.99999999996,0.16824793815612793,3.644850932107434e-05
