iteration,bestlobjval,lobjval,fobjval,lz1,lz2,tot_runtime,gapf
1.0,2736.0,2736.0,143002.0,0.0,2736.0,0.9343860149383545,3.429749493702396e-05
5.0,2736.0,2736.0,143002.0,0.0,2736.0,1.0226869583129883,0.0
6.0,2736.0,2736.0,143002.0,0.0,2736.0,0.8434851169586182,0.0
