iteration,bestlobjval,lobjval,fobjval,lz1,lz2,tot_runtime,gapf
1.0,501.99999999999994,501.99999999999994,42985.0,0.0,501.99999999999994,2.0851340293884277,8.853462253183537e-05
5.0,501.99999999999994,502.0,42985.0,0.0,502.0,2.73454213142395,0.0
