iteration,bestlobjval,lobjval,fobjval,lz1,lz2,tot_runtime,gapf
1.0,138872.91002672096,138872.91002672096,24965.709906054486,138176.56087394315,696.3491527778116,100.02981305122375,0.014644054529904589
2.0,138872.91002672096,139638.34471214016,24971.80108728551,138947.8304264259,690.5142857142596,100.02954411506653,0.018230767548548767
4.0,135889.05654495955,135889.05654495955,25028.64900665555,135198.3136878167,690.7428571428449,100.02268600463867,0.011467248915912593
5.0,132414.0537705638,132414.0537705638,25340.408383952767,131717.48234199247,696.5714285713212,100.0385959148407,0.02063066785233943
