iteration,bestlobjval,lobjval,fobjval,lz1,lz2,tot_runtime,gapf
1.0,1251.0,1251.0,16176.0,0.0,1251.0,0.2372281551361084,0.0
5.0,1250.9999999999998,1250.9999999999998,16176.0,0.0,1250.9999999999998,0.07196903228759766,0.0
6.0,1250.9999999999998,1251.0,16176.0,0.0,1251.0,0.07491397857666016,0.0
7.0,1250.9999999999998,1250.9999999999998,16176.0,0.0,1250.9999999999998,0.06955218315124512,0.0
8.0,1250.9999999999998,1251.0,16176.0,0.0,1251.0,0.05408191680908203,0.0
