attr,value
lobjval,211066.14215360567
fobjval,97895.01629522434
lz1,210458.41184388916
lz2,607.7303097165129
tot_runtime,96.409747838974
gapf,0.0
best_it,2.0
improvementHeuristic,-inf
