iteration,bestlobjval,lobjval,fobjval,lz1,lz2,tot_runtime,gapf
1.0,1753.0,1753.0,336760.0,0.0,1753.0,0.012392044067382812,0.0
5.0,1753.0,1753.0,336760.0,0.0,1753.0,0.01129007339477539,0.0
21.0,1753.0,1753.0,336760.0,0.0,1753.0,0.011219978332519531,0.0
22.0,1753.0,1753.0,336760.0,0.0,1753.0,0.010911941528320312,0.0
