attr,value
lobjval,245570.87001010272
fobjval,194190.85408568752
lz1,244643.07001010262
lz2,927.8000000000952
tot_runtime,39.33293867111206
gapf,0.0
best_it,5.0
improvementHeuristic,-inf
