iteration,bestlobjval,lobjval,fobjval,lz1,lz2,tot_runtime,gapf
2.0,556047.1947739692,556047.1947739692,147334.01087519794,555361.0519168262,686.142857143059,1.5683398246765137,0.0
