iteration,bestlobjval,lobjval,fobjval,lz1,lz2,tot_runtime,gapf
1.0,486.9999999999999,486.9999999999999,57376.0,0.0,486.9999999999999,15.444504022598267,9.679567420227651e-05
5.0,486.9999999999999,487.00000000000006,59182.999986922274,0.0,487.00000000000006,0.7423951625823975,5.069001103250477e-05
6.0,486.9999999999999,487.0,59183.0,0.0,487.0,0.6441700458526611,0.0
7.0,486.9999999999999,487.0,59183.0,0.0,487.0,0.841804027557373,0.0
