iteration,bestlobjval,lobjval,fobjval,lz1,lz2,tot_runtime,gapf
1.0,163564.18671719744,163564.18671719744,43110.3162543795,162397.64780255943,1166.538914638009,100.03011989593506,0.019755635156779017
2.0,163564.18671719744,167139.53552324857,43174.73791779577,165975.95886706153,1163.5766561870362,100.02311706542969,0.026159384078977926
3.0,163564.18671719744,186129.68049374962,43187.5726979388,184964.03090253254,1165.6495912170888,100.05091190338135,0.030577989599183217
5.0,159837.6234735464,159837.6234735464,43438.04496269425,158661.73214901699,1175.8913245294377,100.02297878265381,0.04917674144713467
6.0,159837.6234735464,190162.94884582525,43729.354590942996,188988.66313153954,1174.2857142857022,100.03167700767517,0.03221578996851212
7.0,159837.6234735464,165743.1382773777,43492.474903503826,164579.38375339567,1163.7545239820379,100.03118395805359,0.02161365106955336
