iteration,bestlobjval,lobjval,fobjval,lz1,lz2,tot_runtime,gapf
2.0,158492.74683107436,158492.74683107436,37470.8279712463,157869.37540250292,623.3714285714304,4.234084129333496,0.0
5.0,157217.91926221503,157217.91926221503,37472.46350712541,156594.54783364362,623.3714285714,3.971959114074707,0.0
6.0,157217.91926221503,158520.4643309601,37643.94677117737,157897.89290238867,622.5714285714268,3.6247811317443848,0.0
7.0,151651.3925916926,151651.3925916926,40032.015334593336,151029.10687740688,622.2857142857142,3.6596319675445557,0.0
8.0,149955.1929970596,149955.1929970596,40010.53069022886,149332.90728277405,622.2857142855546,5.199902057647705,0.0
9.0,146431.74719709813,146431.74719709813,40692.95143542289,145809.46148281242,622.2857142857142,3.6165099143981934,0.0
