iteration,bestlobjval,lobjval,fobjval,lz1,lz2,tot_runtime,gapf
1.0,4717.0,4717.0,111735.0,0.0,4717.0,0.1868581771850586,5.7370254031134366e-05
2.0,4717.0,4717.0,111735.0,0.0,4717.0,0.14984798431396484,0.0
5.0,4716.999999999999,4716.999999999999,111735.0,0.0,4716.999999999999,0.15089011192321777,0.0
