iteration,bestlobjval,lobjval,fobjval,lz1,lz2,tot_runtime,gapf
1.0,1700.0,1700.0,202616.0,0.0,1700.0,1.2674682140350342,0.0
2.0,1699.9999999999998,1699.9999999999998,202616.0,0.0,1699.9999999999998,13.15364694595337,9.696534509887709e-05
5.0,1699.9999999999998,1699.9999999999998,212792.0,0.0,1699.9999999999998,0.07961010932922363,0.0
6.0,1699.9999999999998,1700.0000000000002,212792.0,0.0,1700.0000000000002,0.08006787300109863,0.0
