iteration,bestlobjval,lobjval,fobjval,lz1,lz2,tot_runtime,gapf
1.0,744.0,744.0,72314.0,0.0,744.0,0.9226560592651367,5.531432367389003e-05
2.0,743.9999999999999,743.9999999999999,72314.0,0.0,743.9999999999999,0.8292219638824463,9.680022974725882e-08
5.0,743.9999999206028,743.9999999206028,72313.99999979792,0.0,743.9999999206028,0.7284150123596191,0.0
6.0,743.9999999206028,743.9999999999999,72314.0,0.0,743.9999999999999,0.7467701435089111,7.605719504968708e-05
