iteration,bestlobjval,lobjval,fobjval,lz1,lz2,tot_runtime,gapf
1.0,4165.333333333332,4165.333333333332,53766.0,0.0,4165.333333333332,0.19726085662841797,0.0
5.0,4165.333333333332,4184.0,53766.0,0.0,4184.0,0.12239313125610352,0.0
6.0,4165.333333333332,4184.0,53766.0,0.0,4184.0,0.08666682243347168,0.0
