iteration,bestlobjval,lobjval,fobjval,lz1,lz2,tot_runtime,gapf
1.0,806.0,806.0,40586.0,0.0,806.0,4.714709043502808,0.0
2.0,806.0,806.0,40586.0,0.0,806.0,6.552628993988037,0.0
5.0,806.0,806.0,40586.0,0.0,806.0,5.74283504486084,0.0
