iteration,bestlobjval,lobjval,fobjval,lz1,lz2,tot_runtime,gapf
2.0,72218.58870481407,72218.58870481407,19023.267778539397,70941.3501185136,1277.2385863004813,1.3865201473236084,0.0
5.0,71389.43102521721,71389.43102521721,19125.125176648577,70122.94424021515,1266.4867850020644,1.3773410320281982,0.0
6.0,71389.43102521721,72036.04124468539,19002.587878600978,70757.76773775001,1278.273506935377,0.9320001602172852,0.0
7.0,71020.66319491544,71020.66319491544,19120.61415971251,69751.76159509862,1268.9015998168206,1.4404079914093018,0.0
8.0,71020.66319491544,72914.7238792968,19142.27390288353,71649.15072490869,1265.5731543881147,1.2998499870300293,0.0
9.0,71020.66319491544,74337.02480528259,19045.094851168993,73066.27544262697,1270.7493626556306,0.9267439842224121,0.0
10.0,71020.66319491544,73981.21234250409,19054.129034999838,72707.78065325136,1273.4316892527215,1.173166036605835,0.0
11.0,71020.66319491544,75723.69855061878,19211.89894362801,74464.75575025498,1258.9428003638077,1.6059551239013672,0.0
12.0,71020.66319491544,79833.91241412806,19278.961470352002,78577.38442857907,1256.5279855489941,1.773224115371704,0.0
