iteration,bestlobjval,lobjval,fobjval,lz1,lz2,tot_runtime,gapf
1.0,1204.0,1204.0,400045.0,0.0,1204.0,0.009918928146362305,0.0
2.0,1204.0,1204.0,400045.0,0.0,1204.0,0.00980687141418457,0.0
5.0,1204.0,1204.0,400045.0,0.0,1204.0,0.010071992874145508,0.0
6.0,1204.0,1204.0,400045.0,0.0,1204.0,0.009835004806518555,0.0
18.0,1204.0,1204.0,400045.0,0.0,1204.0,0.00989985466003418,0.0
