iteration,bestlobjval,lobjval,fobjval,lz1,lz2,tot_runtime,gapf
1.0,743.0,743.0,63679.0,0.0,743.0,0.038017988204956055,0.0
2.0,743.0,743.0,63679.0,0.0,743.0,0.04613494873046875,0.0
5.0,743.0,743.0,63679.0,0.0,743.0,0.04173588752746582,0.0
