iteration,bestlobjval,lobjval,fobjval,lz1,lz2,tot_runtime,gapf
1.0,878.0,878.0,313078.0,0.0,878.0,0.011140823364257812,0.0
2.0,878.0,878.0,313078.0,0.0,878.0,0.011291027069091797,0.0
4.0,878.0,878.0,313078.0,0.0,878.0,0.011445045471191406,0.0
5.0,878.0,878.0,313078.0,0.0,878.0,0.011427164077758789,0.0
6.0,878.0,878.0,313078.0,0.0,878.0,0.010979175567626953,0.0
21.0,878.0,878.0,313078.0,0.0,878.0,0.011250019073486328,0.0
22.0,878.0,878.0,313078.0,0.0,878.0,0.011389970779418945,0.0
