attr,value
lobjval,267988.9100000067
fobjval,80508.33673844728
lz1,267541.1500000067
lz2,447.76000000003694
tot_runtime,15.010887861251831
gapf,0.0
best_it,6.0
improvementHeuristic,-inf
