attr,value
lobjval,53731.82250370232
fobjval,17589.845757125913
lz1,52408.170449517565
lz2,1323.652054184759
tot_runtime,68.19164943695068
gapf,0.0
best_it,4.0
improvementHeuristic,-inf
