attr,value
lobjval,5440.999999999999
fobjval,68761.0
lz1,0.0
lz2,5440.999999999999
tot_runtime,9.105333805084229
gapf,0.0
best_it,5.0
improvementHeuristic,1.67155798892286e-14
