iteration,bestlobjval,lobjval,fobjval,lz1,lz2,tot_runtime,gapf
1.0,5225.0,5225.0,104529.0,0.0,5225.0,0.10814905166625977,0.0
5.0,5225.0,5225.0,104529.0,0.0,5225.0,0.08531999588012695,0.0
7.0,5225.0,5225.0,104529.0,0.0,5225.0,0.09692788124084473,0.0
