iteration,bestlobjval,lobjval,fobjval,lz1,lz2,tot_runtime,gapf
1.0,71500.7275729942,71500.7275729942,132753.4218764083,69503.15720262297,1997.5703703712318,3.230334997177124,0.0
2.0,71500.7275729942,112828.13204714523,132209.07816149626,110857.83885629408,1970.29319085115,4.057600975036621,0.0
5.0,64728.1178287451,64728.1178287451,133916.78540207297,62756.79713879423,1971.320689950869,2.5525639057159424,0.0
6.0,64728.1178287451,113407.20465168587,132261.2827444837,111404.19102090309,2003.0136307827831,1.8796319961547852,0.0
7.0,64728.1178287451,122994.59304113456,132511.11604808873,120996.19464086508,1998.3984002694847,2.1354100704193115,0.0
