iteration,bestlobjval,lobjval,fobjval,lz1,lz2,tot_runtime,gapf
1.0,2450.0,2450.0,84608.0,0.0,2450.0,15.2462739944458,0.0
2.0,2449.9999999999995,2449.9999999999995,85082.0,0.0,2449.9999999999995,4.748542070388794,0.0
