iteration,bestlobjval,lobjval,fobjval,lz1,lz2,tot_runtime,gapf
1.0,1643.0,1643.0,57630.0,0.0,1643.0,0.012930154800415039,0.0
2.0,1643.0,1643.0,57630.0,0.0,1643.0,0.01386713981628418,0.0
4.0,1643.0,1643.0000000000002,57630.0,0.0,1643.0000000000002,0.012014150619506836,0.0
5.0,1643.0,1643.0,57630.0,0.0,1643.0,0.012439966201782227,0.0
23.0,1643.0,1643.0,57630.0,0.0,1643.0,0.013631820678710938,0.0
24.0,1643.0,1643.0,57630.0,0.0,1643.0,0.01300191879272461,0.0
25.0,1642.9999999999998,1642.9999999999998,57630.0,0.0,1642.9999999999998,0.012181997299194336,0.0
26.0,1642.9999999999998,1643.0,57630.0,0.0,1643.0,0.013056039810180664,0.0
