attr,value
lobjval,446147.4552991715
fobjval,130829.9828796179
lz1,444065.88387060014
lz2,2081.571428571336
tot_runtime,205.66764760017395
gapf,0.0
best_it,20.0
improvementHeuristic,-inf
