attr,value
lobjval,162685.74612967763
fobjval,41330.93975565437
lz1,162310.31786113346
lz2,375.4282685441633
tot_runtime,634.4435753822327
gapf,0.0
best_it,19.0
improvementHeuristic,-inf
