attr,value
lobjval,2085.9999999999995
fobjval,26900.0
lz1,0.0
lz2,2085.9999999999995
tot_runtime,5.700869560241699
gapf,0.0
best_it,1.0
improvementHeuristic,0.0
