iteration,bestlobjval,lobjval,fobjval,lz1,lz2,tot_runtime,gapf
1.0,14009.958404552233,14009.958404552233,13416.502439747379,12573.483333333334,1436.4750712189002,31.91421914100647,0.0
2.0,14009.958404552233,14012.803557144238,13467.213525244139,12573.483333333334,1439.3202238109052,25.685621976852417,0.0
5.0,11368.017138777079,11368.017138777079,14004.519785257668,9905.213999888194,1462.803138888884,29.55594491958618,0.0
6.0,11368.017138777079,12088.23710966863,14125.021059921712,10636.675238095246,1451.5618715733835,29.94775915145874,0.0
