iteration,bestlobjval,lobjval,fobjval,lz1,lz2,tot_runtime,gapf
2.0,203672.4284801411,203672.4284801411,40317.20785286353,200034.62083836904,3637.807641772054,100.01017689704895,0.10807488081241746
4.0,193633.8520296162,193633.8520296162,40571.98548965791,190381.81378534174,3252.0382442744362,100.04264187812805,0.014298988512853373
5.0,184292.77410371442,184292.77410371442,40735.95329513513,181046.29019349694,3246.483910217467,100.0056140422821,0.012354037852405977
6.0,154944.55608903832,154944.55608903832,40665.16423592022,151595.31360948563,3349.242479552676,100.01618599891663,0.028058607936698954
7.0,154944.55608903832,183003.59052978666,40559.019361232225,179565.24182360194,3438.3487061847177,100.02981400489807,0.07812292970060378
8.0,154944.55608903832,187012.07144673434,40519.20357083977,183602.01301221456,3410.0584345197612,100.01344609260559,0.028793357161307022
