attr,value
lobjval,1141.0
fobjval,128925.0
lz1,0.0
lz2,1141.0
tot_runtime,25.32548975944519
gapf,0.0
best_it,5.0
improvementHeuristic,1.9927578917022962e-14
