iteration,bestlobjval,lobjval,fobjval,lz1,lz2,tot_runtime,gapf
2.0,256480.3017485422,256480.3017485422,68247.81829831714,253488.2230672823,2992.078681259916,0.613847017288208,0.0
