iteration,bestlobjval,lobjval,fobjval,lz1,lz2,tot_runtime,gapf
1.0,2585.0,2585.0,119924.99998704513,0.0,2585.0,6.1263158321380615,0.0
5.0,2585.0,2585.0,120748.0,0.0,2585.0,0.5322210788726807,9.641180129437738e-16
6.0,2585.0,2585.0,120748.0,0.0,2585.0,0.5881149768829346,0.0
7.0,2585.0,2585.0000000000005,120748.0,0.0,2585.0000000000005,0.5838320255279541,0.0
