attr,value
lobjval,431407.4981182785
fobjval,153569.90645161274
lz1,430948.8314516118
lz2,458.66666666666663
tot_runtime,6.386978387832642
gapf,0.0
best_it,19.0
improvementHeuristic,-inf
