attr,value
lobjval,240114.86310941473
fobjval,115027.79211469534
lz1,239404.4444444446
lz2,710.418664970118
tot_runtime,2.1793980598449707
gapf,0.0
best_it,4.0
improvementHeuristic,-inf
