iteration,bestlobjval,lobjval,fobjval,lz1,lz2,tot_runtime,gapf
1.0,1843.0,1843.0,268076.0,0.0,1843.0,0.007345914840698242,0.0
2.0,1843.0,1843.0,268076.0,0.0,1843.0,0.007656097412109375,0.0
3.0,1843.0,1843.0,268076.0,0.0,1843.0,0.007996082305908203,0.0
5.0,1843.0,1843.0,268076.0,0.0,1843.0,0.00814199447631836,0.0
6.0,1843.0,1843.0,268076.0,0.0,1843.0,0.007537841796875,0.0
21.0,1843.0,1843.0,268076.0,0.0,1843.0,0.007647991180419922,0.0
22.0,1843.0,1843.0,268076.0,0.0,1843.0,0.007776021957397461,0.0
23.0,1843.0,1843.0,268076.0,0.0,1843.0,0.00731205940246582,0.0
