attr,value
lobjval,220951.87088968794
fobjval,98042.8805489214
lz1,220279.8219432941
lz2,672.0489463938343
tot_runtime,84.21061491966248
gapf,0.0
best_it,10.0
improvementHeuristic,-inf
