attr,value
lobjval,2458.0
fobjval,20421.99999541363
lz1,0.0
lz2,2458.0
tot_runtime,17.338096141815186
gapf,2.000094504667378e-06
best_it,1.0
improvementHeuristic,0.0
