attr,value
lobjval,484.9999999999999
fobjval,55993.0
lz1,0.0
lz2,484.9999999999999
tot_runtime,26.54868459701538
gapf,0.0
best_it,2.0
improvementHeuristic,4.688117019448083e-14
