iteration,bestlobjval,lobjval,fobjval,lz1,lz2,tot_runtime,gapf
1.0,1513.0,1513.0,67592.0,0.0,1513.0,0.009968996047973633,0.0
5.0,1513.0,1513.0,67592.0,0.0,1513.0,0.009391069412231445,0.0
6.0,1513.0,1513.0,67592.0,0.0,1513.0,0.009063005447387695,0.0
20.0,1513.0,1513.0,67592.0,0.0,1513.0,0.009016036987304688,0.0
21.0,1513.0,1513.0,67592.0,0.0,1513.0,0.008836030960083008,0.0
22.0,1513.0,1513.0,67592.0,0.0,1513.0,0.008806943893432617,0.0
