attr,value
lobjval,2714.0
fobjval,135234.0
lz1,0.0
lz2,2714.0
tot_runtime,32.47621250152588
gapf,0.0
best_it,5.0
improvementHeuristic,1.6755613518292706e-14
