iteration,bestlobjval,lobjval,fobjval,lz1,lz2,tot_runtime,gapf
1.0,167612.72738797194,167612.72738797194,137388.71576946616,163947.9913030663,3664.736084905658,0.21941208839416504,0.0
2.0,163920.29297074414,163920.29297074414,137597.59537530786,160302.3458802894,3617.9470904547406,0.196213960647583,0.0
4.0,163920.29297074414,170813.7769178846,137207.35318986786,167212.5177358384,3601.2591820461985,0.11835002899169922,0.0
5.0,163920.29297074414,176360.2515981509,142195.3641578311,172682.71461898423,3677.5369791666667,0.06451106071472168,0.0
19.0,163920.29297074414,167612.72738797194,137388.71576946616,163947.9913030663,3664.736084905658,0.22165799140930176,0.0
