attr,value
lobjval,112924.10564586459
fobjval,31733.560228406277
lz1,110817.36488407657
lz2,2106.740761788024
tot_runtime,25.56081509590149
gapf,0.0
best_it,7.0
improvementHeuristic,-inf
