iteration,bestlobjval,lobjval,fobjval,lz1,lz2,tot_runtime,gapf
1.0,1769.0,1769.0,203606.0,0.0,1769.0,1.958561897277832,0.0
4.0,1769.0,1769.0,204644.0,0.0,1769.0,0.0982198715209961,0.0
5.0,1769.0,1769.0,204644.0,0.0,1769.0,0.10057210922241211,0.0
6.0,1768.9999999999998,1768.9999999999998,204644.0,0.0,1768.9999999999998,0.09610605239868164,0.0
7.0,1768.9999999999998,1769.0,204644.0,0.0,1769.0,0.10034990310668945,0.0
8.0,1768.9999999999998,1768.9999999999998,204644.0,0.0,1768.9999999999998,0.09997105598449707,0.0
