attr,value
lobjval,80809.98709630943
fobjval,36170.82442715619
lz1,80204.37007691072
lz2,605.6170193987035
tot_runtime,55.024393796920776
gapf,0.0
best_it,5.0
improvementHeuristic,-inf
