iteration,bestlobjval,lobjval,fobjval,lz1,lz2,tot_runtime,gapf
2.0,306646.2374037011,306646.2374037011,67599.96692815717,306000.0177655685,646.2196381326319,26.448588132858276,0.0
5.0,306646.2374037011,311451.8079853362,67650.01577131521,310804.80393162026,647.0040537159887,16.48758602142334,0.0
6.0,293822.14244593953,293822.14244593953,67854.36941078928,293173.82410650863,648.3183394308982,28.332300901412964,0.0
7.0,293822.14244593953,311232.3334962843,67626.0222648839,310584.74762438465,647.5858718996844,20.3367121219635,0.0
8.0,270825.4642052576,270825.4642052576,67925.36563117758,270179.8501012226,645.6141040350061,14.764379978179932,0.0
10.0,270825.4642052576,309912.46157276246,68821.2143573522,309272.17113223067,640.2904405317954,44.209429025650024,0.0
11.0,270825.4642052576,300503.47596773435,68500.35935401179,299860.5663581845,642.909609549867,43.96521997451782,0.0
12.0,267395.4451780958,267395.4451780958,68486.02497670021,266753.40000817337,642.0451699224255,19.497114181518555,0.0
13.0,267395.4451780958,306629.61818082357,68880.81301856622,305990.7822857472,638.835895076382,21.238059043884277,0.0
