attr,value
lobjval,724.0
fobjval,61107.0
lz1,199.0
lz2,525.0
tot_runtime,246.84953260421753
gapf,7.620424620873865e-15
best_it,5.0
improvementHeuristic,78.08518643855498
