attr,value
lobjval,4165.333333333332
fobjval,53766.0
lz1,0.0
lz2,4165.333333333332
tot_runtime,6.526893377304077
gapf,0.0
best_it,1.0
improvementHeuristic,0.0
