iteration,bestlobjval,lobjval,fobjval,lz1,lz2,tot_runtime,gapf
1.0,3261.9999999999995,3261.9999999999995,66570.0,0.0,3261.9999999999995,0.027580976486206055,0.0
5.0,3261.9999999999995,3262.0,66570.0,0.0,3262.0,0.028076171875,1.6523763134561292e-08
9.0,3261.9999999999995,3261.9999999999995,66570.0,0.0,3261.9999999999995,0.006098031997680664,0.0
10.0,3261.9999999999995,3262.0,66570.0,0.0,3262.0,0.0059719085693359375,0.0
11.0,3261.9999999999995,3262.0,66570.0,0.0,3262.0,0.00587916374206543,0.0
12.0,3261.9999999999995,3261.9999999999995,66570.0,0.0,3261.9999999999995,0.005686044692993164,0.0
13.0,3261.9999999999995,3262.0000000000005,66570.0,0.0,3262.0000000000005,0.0056989192962646484,0.0
14.0,3261.9999999999995,3262.0,66570.0,0.0,3262.0,0.00589299201965332,0.0
