attr,value
lobjval,176824.95824055068
fobjval,85208.67267910643
lz1,176411.02318462837
lz2,413.9350559223062
tot_runtime,32.4435670375824
gapf,0.0
best_it,2.0
improvementHeuristic,-inf
