iteration,bestlobjval,lobjval,fobjval,lz1,lz2,tot_runtime,gapf
1.0,2716.0,2716.0,43625.0,0.0,2716.0,0.3269801139831543,0.0
5.0,2716.0,2716.0,43625.0,0.0,2716.0,0.3310418128967285,0.0
6.0,2716.0,2716.0,43625.0,0.0,2716.0,0.28483104705810547,0.0
7.0,2716.0,2716.0,43625.0,0.0,2716.0,0.30366086959838867,0.0
8.0,2716.0,2716.0,43625.0,0.0,2716.0,0.2884538173675537,0.0
9.0,2716.0,2716.0,43625.0,0.0,2716.0,0.28276991844177246,0.0
