iteration,bestlobjval,lobjval,fobjval,lz1,lz2,tot_runtime,gapf
1.0,1500.0,1500.0,144505.0,0.0,1500.0,0.8603839874267578,3.8060966748555413e-05
2.0,1500.0,1500.0,149918.0,0.0,1500.0,0.09027600288391113,0.0
5.0,1500.0,1500.0,149918.0,0.0,1500.0,0.0876760482788086,0.0
6.0,1500.0,1500.0000000000002,149918.0,0.0,1500.0000000000002,0.08836698532104492,0.0
