attr,value
lobjval,124420.13988136372
fobjval,98693.78403815842
lz1,123375.0
lz2,1045.139881363724
tot_runtime,13.86834454536438
gapf,0.0
best_it,5.0
improvementHeuristic,-inf
