attr,value
lobjval,488.9999999999999
fobjval,39157.0
lz1,0.0
lz2,488.9999999999999
tot_runtime,48.638789653778076
gapf,0.0
best_it,6.0
improvementHeuristic,2.324884206986013e-14
