attr,value
lobjval,723485.5818269931
fobjval,256042.66451612895
lz1,722722.814516128
lz2,762.7673108650891
tot_runtime,7.3334691524505615
gapf,0.0
best_it,6.0
improvementHeuristic,-inf
