iteration,bestlobjval,lobjval,fobjval,lz1,lz2,tot_runtime,gapf
1.0,1701.0,1701.0,67420.0,0.0,1701.0,6.007159948348999,0.0
5.0,1700.999999555644,1700.999999555644,67384.99990125129,0.0,1700.999999555644,10.57685899734497,2.215220500905926e-05
6.0,1700.999999555644,1701.0,67767.0,0.0,1701.0,3.080972194671631,0.0
