attr,value
lobjval,13610.250694732376
fobjval,57630.01426414638
lz1,13179.628472510154
lz2,430.62222222222226
tot_runtime,17.486239194869995
gapf,0.0
best_it,1.0
improvementHeuristic,0.0
