iteration,bestlobjval,lobjval,fobjval,lz1,lz2,tot_runtime,gapf
1.0,1781.0,1781.0,271486.0,0.0,1781.0,0.006746053695678711,0.0
3.0,1781.0,1781.0,271486.0,0.0,1781.0,0.006731986999511719,0.0
5.0,1781.0,1781.0,271486.0,0.0,1781.0,0.0068700313568115234,0.0
27.0,1781.0,1781.0,271486.0,0.0,1781.0,0.006577968597412109,0.0
28.0,1780.9999999999998,1780.9999999999998,271486.0,0.0,1780.9999999999998,0.008671045303344727,0.0
29.0,1780.9999999999998,1781.0,271486.0,0.0,1781.0,0.006855964660644531,0.0
