iteration,bestlobjval,lobjval,fobjval,lz1,lz2,tot_runtime,gapf
1.0,542491.2008473121,542491.2008473121,121036.12027353933,541735.3437044551,755.8571428570604,35.13075494766235,0.0
2.0,542491.2008473121,652969.7204960487,118680.07731416379,652152.0196920849,817.7008039638724,100.01722002029419,0.26759025858017155
3.0,387988.5403877379,387988.5403877379,123883.80878020034,387192.1118163094,796.4285714285162,100.01861691474915,0.2842015728250042
4.0,387988.5403877379,504515.50559709687,120915.64682061962,503721.6484542397,793.8571428571494,100.02161502838135,0.2668069719427614
5.0,387988.5403877379,592573.8901229985,118617.01977160625,591780.0150469719,793.8750760266844,100.0234911441803,0.26244482917286654
6.0,387988.5403877379,596898.4241680712,117816.97198733207,596114.2813109284,784.1428571428478,100.01029896736145,0.24627969864902163
7.0,387988.5403877379,616832.9443255607,117783.17346226127,616054.2063276974,778.7379978633829,100.02210402488708,0.28242094243679033
