iteration,bestlobjval,lobjval,fobjval,lz1,lz2,tot_runtime,gapf
2.0,138801.08756450878,138801.08756450878,62526.94117710335,137288.57541620868,1512.5121483001033,5.367998123168945,0.0
4.0,116937.57781256853,116937.57781256853,63073.55773535774,115462.74542623766,1474.832386330872,5.156171083450317,0.0
5.0,116937.57781256853,165555.32762028716,64326.34230738916,164137.70641780755,1417.6212024796123,5.080367088317871,0.0
