iteration,bestlobjval,lobjval,fobjval,lz1,lz2,tot_runtime,gapf
4.0,589614.5925925905,589614.5925925905,194898.48148148134,588534.5925925905,1080.0,0.2994508743286133,0.0
5.0,588803.5320519992,588803.5320519992,194910.19185602083,587738.2871239188,1065.244928080439,0.12754011154174805,6.008087328762767e-05
25.0,588803.5320519992,589614.5925925951,194898.48148148126,588534.5925925951,1080.0,0.2232341766357422,1.0452970779892582e-15
