attr,value
lobjval,563120.8166666667
fobjval,248813.22214285698
lz1,561464.8166666667
lz2,1656.0
tot_runtime,4.820161819458008
gapf,0.0
best_it,7.0
improvementHeuristic,-inf
