iteration,bestlobjval,lobjval,fobjval,lz1,lz2,tot_runtime,gapf
1.0,5166.0,5166.0,190363.0,0.0,5166.0,0.0036840438842773438,0.0
2.0,5166.0,5166.0,190363.0,0.0,5166.0,0.0045697689056396484,0.0
3.0,5166.0,5166.0,190363.0,0.0,5166.0,0.0043070316314697266,0.0
4.0,5166.0,5166.0,190363.0,0.0,5166.0,0.00432896614074707,0.0
22.0,5166.0,5166.0,190363.0,0.0,5166.0,0.004380941390991211,0.0
23.0,5166.0,5166.0,190363.0,0.0,5166.0,0.004038095474243164,0.0
24.0,5166.0,5166.0,190363.0,0.0,5166.0,0.004323005676269531,0.0
