attr,value
lobjval,818.0000000000001
fobjval,54680.999991557896
lz1,0.0
lz2,818.0000000000001
tot_runtime,8.144755601882935
gapf,0.0
best_it,1.0
improvementHeuristic,0.0
