attr,value
lobjval,89340.75475724264
fobjval,30190.109605652873
lz1,87197.22168557896
lz2,2143.533071663675
tot_runtime,15.639766216278076
gapf,0.0
best_it,5.0
improvementHeuristic,-inf
