iteration,bestlobjval,lobjval,fobjval,lz1,lz2,tot_runtime,gapf
1.0,844.0,844.0,101319.0,0.0,844.0,1.4257698059082031,0.0
2.0,844.0,844.0000000000001,101319.0,0.0,844.0000000000001,2.1618521213531494,0.0
5.0,844.0,844.0,101319.0,0.0,844.0,1.7463040351867676,0.0
