iteration,bestlobjval,lobjval,fobjval,lz1,lz2,tot_runtime,gapf
1.0,550.0,550.0,172367.0,0.0,550.0,0.015128135681152344,0.0
2.0,550.0,550.0,172367.0,0.0,550.0,0.0150299072265625,0.0
4.0,550.0,550.0,172367.0,0.0,550.0,0.014889955520629883,0.0
5.0,550.0,550.0,172367.0,0.0,550.0,0.014739990234375,0.0
6.0,550.0,550.0,172367.0,0.0,550.0,0.015012979507446289,0.0
22.0,550.0,550.0,172367.0,0.0,550.0,0.015199899673461914,0.0
23.0,550.0,550.0,172367.0,0.0,550.0,0.015263080596923828,0.0
24.0,550.0,550.0,172367.0,0.0,550.0,0.014954805374145508,0.0
