iteration,bestlobjval,lobjval,fobjval,lz1,lz2,tot_runtime,gapf
1.0,508.99999999999994,508.99999999999994,59403.0,0.0,508.99999999999994,1.4523589611053467,5.0074130134072974e-05
5.0,508.99999999999994,508.99999999999994,59403.0,0.0,508.99999999999994,1.48026704788208,5.393365718421761e-05
6.0,508.9999999999999,508.9999999999999,59403.0,0.0,508.9999999999999,1.5316879749298096,0.0
7.0,508.9999999999999,508.99999999999994,59403.0,0.0,508.99999999999994,0.05980992317199707,0.0
