attr,value
lobjval,1079542.2952170724
fobjval,402787.3061074319
lz1,1077399.4952170723
lz2,2142.8
tot_runtime,3.375805139541626
gapf,0.0
best_it,5.0
improvementHeuristic,-inf
