iteration,bestlobjval,lobjval,fobjval,lz1,lz2,tot_runtime,gapf
1.0,2531.0,2531.0,103293.0,0.0,2531.0,0.004906892776489258,0.0
4.0,2531.0,2531.0,103293.0,0.0,2531.0,0.005517005920410156,0.0
5.0,2531.0,2531.0,103293.0,0.0,2531.0,0.0053369998931884766,0.0
20.0,2531.0,2531.0,103293.0,0.0,2531.0,0.005654096603393555,0.0
21.0,2531.0,2531.0,103293.0,0.0,2531.0,0.005441904067993164,0.0
22.0,2531.0,2531.0,103293.0,0.0,2531.0,0.005300998687744141,0.0
23.0,2531.0,2531.0,103293.0,0.0,2531.0,0.005304813385009766,0.0
