attr,value
lobjval,96684.2914799037
fobjval,29569.87863850543
lz1,95391.6394316692
lz2,1292.652048234489
tot_runtime,7.898361444473267
gapf,0.0
best_it,5.0
improvementHeuristic,-inf
