iteration,bestlobjval,lobjval,fobjval,lz1,lz2,tot_runtime,gapf
1.0,858.0,858.0,285730.0,0.0,858.0,0.009506940841674805,0.0
2.0,858.0,858.0,285730.0,0.0,858.0,0.009554147720336914,0.0
21.0,858.0,858.0,285730.0,0.0,858.0,0.00960397720336914,0.0
22.0,858.0,858.0,285730.0,0.0,858.0,0.009498119354248047,0.0
23.0,858.0,858.0,285730.0,0.0,858.0,0.009238004684448242,0.0
24.0,858.0,858.0,285730.0,0.0,858.0,0.009252071380615234,0.0
