iteration,bestlobjval,lobjval,fobjval,lz1,lz2,tot_runtime,gapf
1.0,2428.0,2428.0,48371.0,0.0,2428.0,0.10141587257385254,0.0
5.0,2428.0,2428.0,48371.0,0.0,2428.0,0.10075712203979492,0.0
6.0,2428.0,2428.0,48371.0,0.0,2428.0,0.09781908988952637,0.0
