iteration,bestlobjval,lobjval,fobjval,lz1,lz2,tot_runtime,gapf
2.0,215380.36900228297,215380.36900228297,48096.95413302644,214329.53358528254,1050.8354170004382,25.765846014022827,0.0
5.0,207499.54906750403,207499.54906750403,48107.59073652176,206443.93875872993,1055.6103087741135,24.139400959014893,0.0
6.0,205379.15755962054,205379.15755962054,48176.90550760791,204320.59616859665,1058.5613910238837,17.05705690383911,0.0
7.0,205379.15755962054,210300.65768630354,48096.9963341797,209246.95733423767,1053.70035206587,26.76863694190979,0.0
8.0,195198.787458024,195198.787458024,48178.867275056546,194140.22606699637,1058.5613910276077,15.001378059387207,0.0
9.0,171288.37689834216,171288.37689834216,48663.95805736683,170238.9105954574,1049.4663028847792,15.386123895645142,0.0
10.0,171288.37689834216,176013.59515753624,50207.34888977141,174970.66731481787,1042.9278427183826,14.75789999961853,0.0
11.0,160758.79671341035,160758.79671341035,52222.862824747135,159707.7792217247,1051.017491685661,10.932954788208008,0.0
12.0,159387.16573608638,159387.16573608638,52216.81146940161,158338.90017993192,1048.265556154452,7.549649000167847,0.0
