iteration,bestlobjval,lobjval,fobjval,lz1,lz2,tot_runtime,gapf
2.0,489647.33660525415,489647.33660525415,129145.52895341355,488125.379214935,1521.9573903191758,1.7113630771636963,0.0
