iteration,bestlobjval,lobjval,fobjval,lz1,lz2,tot_runtime,gapf
3.0,362191.14988159464,362191.14988159464,92671.60135781429,361097.6062462788,1093.5436353158207,1.4913749694824219,0.0
4.0,348783.3730507405,348783.3730507405,92286.63953310747,347698.214225947,1085.1588247935201,1.4278090000152588,0.0
5.0,348783.3730507405,369538.9129863452,93336.50765859176,368466.62727205944,1072.2857142857142,1.5194947719573975,0.0
6.0,348424.2938556215,348424.2938556215,92270.25822330956,347345.5693165422,1078.724539079295,1.403507947921753,0.0
