attr,value
lobjval,512.999999975152
fobjval,56759.99996748101
lz1,0.0
lz2,512.999999975152
tot_runtime,58.94275116920471
gapf,0.0
best_it,1.0
improvementHeuristic,0.0
