iteration,bestlobjval,lobjval,fobjval,lz1,lz2,tot_runtime,gapf
2.0,1252078.4845020846,1252078.4845020846,572634.0875,1250604.8000000045,1473.684502080004,0.1692180633544922,1.702865922601767e-05
4.0,1101160.767969461,1101160.767969461,572634.0874999996,1099684.8000000087,1475.9679694521603,0.13384008407592773,1.3013654469344322e-05
5.0,1101160.767969461,1101180.2346361193,572634.0874999999,1099684.8000000003,1495.4346361189957,0.13622784614562988,9.342432777250564e-05
6.0,1101160.767969461,1355835.4246825252,572634.0874999994,1354344.8000000098,1490.6246825154697,0.12293195724487305,0.0
7.0,1101160.767969461,1644766.971428578,572634.0874999996,1643304.8000000066,1462.1714285714268,0.11681604385375977,0.0
8.0,1101160.767969461,1355825.318015849,572634.0875000001,1354344.8,1480.5180158488236,0.12842297554016113,0.0
9.0,1101160.767969461,1406593.2113491823,572634.0874999999,1405122.8,1470.4113491821631,0.1602778434753418,0.0
10.0,1101160.767969461,1644765.9428571425,572634.0874999999,1643304.7999999998,1461.1428571427546,0.1381211280822754,4.065958501883101e-16
11.0,1101160.767969461,1644765.942857143,572634.0874999999,1643304.8,1461.142857142857,0.16655302047729492,0.0
