iteration,bestlobjval,lobjval,fobjval,lz1,lz2,tot_runtime,gapf
1.0,2440.0,2440.0,186576.0,0.0,2440.0,0.992311954498291,0.0
5.0,2440.0,2440.0,186576.0,0.0,2440.0,0.6441390514373779,0.0
