attr,value
lobjval,4716.999999999999
fobjval,111735.0
lz1,0.0
lz2,4716.999999999999
tot_runtime,4.447136402130127
gapf,0.0
best_it,5.0
improvementHeuristic,1.928121055274387e-14
