iteration,bestlobjval,lobjval,fobjval,lz1,lz2,tot_runtime,gapf
1.0,1854.9999999999998,1854.9999999999998,72566.0,0.0,1854.9999999999998,6.685017108917236,0.0
5.0,1854.9999999999998,1855.0,72566.0,0.0,1855.0,9.213778972625732,0.0
6.0,1854.9999999999998,1855.0,74654.0,0.0,1855.0,0.14393401145935059,0.0
7.0,1854.9999999999998,1855.0,74654.0,0.0,1855.0,0.1352250576019287,0.0
