iteration,bestlobjval,lobjval,fobjval,lz1,lz2,tot_runtime,gapf
5.0,279431.94240095664,279431.94240095664,80550.54298341741,278987.1081152423,444.83428571431,1.1075031757354736,0.0
6.0,267988.9100000067,267988.9100000067,80508.33673844728,267541.1500000067,447.76000000003694,1.180145025253296,0.0
