iteration,bestlobjval,lobjval,fobjval,lz1,lz2,tot_runtime,gapf
2.0,147710.66092867142,147710.66092867142,64551.03599405837,146888.06355062054,822.5973780508934,100.05495691299438,0.11467355237818176
5.0,102467.22468250655,102467.22468250655,65778.74897847077,101659.94190738956,807.2827751169998,100.0451021194458,0.12321828289689495
