iteration,bestlobjval,lobjval,fobjval,lz1,lz2,tot_runtime,gapf
1.0,2610.0,2610.0,211667.0,0.0,2610.0,0.42868494987487793,0.0
2.0,2610.0,2610.0,211667.0,0.0,2610.0,0.5192530155181885,0.0
5.0,2610.0,2610.0,211667.0,0.0,2610.0,0.40445995330810547,0.0
6.0,2610.0,2610.0,211667.0,0.0,2610.0,0.375507116317749,0.0
