iteration,bestlobjval,lobjval,fobjval,lz1,lz2,tot_runtime,gapf
1.0,843.0,843.0,327051.0,0.0,843.0,0.010473966598510742,0.0
2.0,843.0,843.0,327051.0,0.0,843.0,0.010410070419311523,0.0
5.0,843.0,843.0,327051.0,0.0,843.0,0.011684179306030273,0.0
6.0,843.0,843.0,327051.0,0.0,843.0,0.010293960571289062,0.0
7.0,842.9999999999999,842.9999999999999,327051.0,0.0,842.9999999999999,0.010118961334228516,0.0
25.0,842.9999999999999,843.0,327051.0,0.0,843.0,0.010458946228027344,0.0
26.0,842.9999999999999,843.0,327051.0,0.0,843.0,0.01137089729309082,0.0
27.0,842.9999999999999,843.0,327051.0,0.0,843.0,0.010439157485961914,0.0
