iteration,bestlobjval,lobjval,fobjval,lz1,lz2,tot_runtime,gapf
1.0,1865.0000000000002,1865.0000000000002,70404.0,0.0,1865.0000000000002,47.4688401222229,6.477140287236923e-05
2.0,1865.0000000000002,1865.0000000000002,71201.0,0.0,1865.0000000000002,4.14136004447937,0.0
5.0,1865.0,1865.0,73268.0,0.0,1865.0,4.27228307723999,0.0
