iteration,bestlobjval,lobjval,fobjval,lz1,lz2,tot_runtime,gapf
1.0,754.0000000000001,754.0000000000001,29554.0,0.0,754.0000000000001,2.0944747924804688,6.195401912990661e-05
