attr,value
lobjval,43667.282188326186
fobjval,19302.27534184482
lz1,42484.19587078312
lz2,1183.086317543066
tot_runtime,18.015230894088745
gapf,0.0
best_it,10.0
improvementHeuristic,-inf
