iteration,bestlobjval,lobjval,fobjval,lz1,lz2,tot_runtime,gapf
5.0,245570.87001010272,245570.87001010272,194190.85408568752,244643.07001010262,927.8000000000952,3.6291708946228027,0.0
6.0,245570.87001010272,285118.6602307416,194948.21188353235,284199.67451645737,918.9857142842579,4.952872037887573,0.0
7.0,245570.87001010272,245749.19856467427,194192.6298969055,244825.97856467427,923.22,4.224991083145142,0.0
8.0,245570.87001010272,285118.6602307416,194948.21188353235,284199.67451645737,918.9857142842579,4.9686760902404785,0.0
9.0,245570.87001010272,245749.19856467427,194192.6298969055,244825.97856467427,923.22,4.244886159896851,0.0
10.0,245570.87001010272,285118.6602307416,194948.21188353235,284199.67451645737,918.9857142842579,4.928117990493774,0.0
