iteration,bestlobjval,lobjval,fobjval,lz1,lz2,tot_runtime,gapf
2.0,626416.1863574416,626416.1863574416,122305.40428386303,624859.5654776845,1556.6208797571367,100.05514216423035,0.024540606335578297
3.0,489075.8012413423,489075.8012413423,123726.22494231674,487517.5716345503,1558.229606792018,100.02957820892334,0.01950508748939383
