iteration,bestlobjval,lobjval,fobjval,lz1,lz2,tot_runtime,gapf
1.0,1160.0,1160.0,409860.0,0.0,1160.0,0.009743213653564453,0.0
2.0,1160.0,1160.0,409860.0,0.0,1160.0,0.009872913360595703,0.0
3.0,1160.0,1160.0,409860.0,0.0,1160.0,0.009644031524658203,0.0
4.0,1160.0,1160.0,409860.0,0.0,1160.0,0.009878873825073242,0.0
22.0,1160.0,1160.0,409860.0,0.0,1160.0,0.009666919708251953,0.0
23.0,1160.0,1160.0,409860.0,0.0,1160.0,0.009446144104003906,0.0
24.0,1160.0,1160.0,409860.0,0.0,1160.0,0.009495019912719727,0.0
