iteration,bestlobjval,lobjval,fobjval,lz1,lz2,tot_runtime,gapf
2.0,56967.31927333409,56967.31927333409,18401.264269224226,55710.68082379354,1256.6384495405487,0.6536691188812256,0.0
3.0,56967.31927333409,60027.15219064326,18411.612841164642,58767.01755707685,1260.1346335664166,0.643028974533081,0.0
5.0,56967.31927333409,59923.31211494853,18417.4109583549,58662.12906868513,1261.1830462634014,0.5694591999053955,0.0
6.0,54307.94367550392,54307.94367550392,18767.04623595455,53026.31284891191,1281.6308265920077,0.5781381130218506,0.0
7.0,51390.982249932975,51390.982249932975,18762.355625804725,50109.35142334077,1281.6308265922044,0.6407589912414551,0.0
8.0,51390.982249932975,71243.27258182375,18664.77024202563,70013.32584417285,1229.946737650898,0.7350919246673584,0.0
9.0,51390.982249932975,76464.0279258062,18744.695536694504,75234.83767611375,1229.1902496924497,0.6860580444335938,0.0
11.0,51390.982249932975,76043.41009406012,19415.723998628077,74822.39620726627,1221.0138867938444,0.9793190956115723,0.0
13.0,51390.982249932975,67916.72539551424,19704.62507735101,66687.90539625596,1228.8199992582863,0.8802831172943115,0.0
