attr,value
lobjval,92797.51814085939
fobjval,41047.2956922529
lz1,92383.59175122048
lz2,413.9263896389198
tot_runtime,296.716210603714
gapf,0.0
best_it,11.0
improvementHeuristic,-inf
