iteration,bestlobjval,lobjval,fobjval,lz1,lz2,tot_runtime,gapf
1.0,4664.0,4664.0,95019.0,0.0,4664.0,0.028251171112060547,0.0
6.0,4664.0,4664.000000000001,95019.0,0.0,4664.000000000001,0.00625300407409668,0.0
7.0,4664.0,4664.0,95019.0,0.0,4664.0,0.006276845932006836,0.0
8.0,4664.0,4664.0,95019.0,0.0,4664.0,0.006301164627075195,0.0
