attr,value
lobjval,1580.0000000000002
fobjval,14863.0
lz1,0.0
lz2,1580.0000000000002
tot_runtime,26.873369932174683
gapf,0.0
best_it,1.0
improvementHeuristic,0.0
