iteration,bestlobjval,lobjval,fobjval,lz1,lz2,tot_runtime,gapf
2.0,205958.7881676982,205958.7881676982,139011.69182962642,205307.47579034546,651.3123773527434,3.47947096824646,0.0
5.0,205958.7881676982,206068.2796899057,139014.99562965377,205414.717312553,653.5623773526902,4.9929039478302,0.0
6.0,205958.7881676982,205972.8121351421,139015.3726004124,205319.54438012472,653.2677550173743,3.179816961288452,0.0
