iteration,bestlobjval,lobjval,fobjval,lz1,lz2,tot_runtime,gapf
2.0,168302.42012889957,168302.42012889957,51240.489517496026,166408.18888448292,1894.231244416646,0.2870209217071533,0.0
5.0,168302.42012889957,194387.68814741346,51251.595264849435,192497.2595759849,1890.4285714285488,0.23653388023376465,0.0
6.0,168302.42012889957,185657.32756444134,51245.20849867405,183766.8989930128,1890.4285714285502,0.2299971580505371,0.0
7.0,168302.42012889957,180469.03015774227,51259.00833011894,178575.59691332563,1893.4332444166444,0.23077917098999023,0.0
8.0,168302.42012889957,193739.6836431047,51266.56366168748,191847.95291894453,1891.7307241601752,0.23293495178222656,8.671919928919418e-05
9.0,159991.6910811287,159991.6910811287,50778.818547450464,158066.28950898844,1925.401572140247,0.2585868835449219,6.58381104728279e-05
