iteration,bestlobjval,lobjval,fobjval,lz1,lz2,tot_runtime,gapf
1.0,496.0,496.0,175637.0,0.0,496.0,0.009824991226196289,0.0
4.0,496.0,496.0,175637.0,0.0,496.0,0.010136842727661133,0.0
5.0,496.0,496.0,175637.0,0.0,496.0,0.009758949279785156,0.0
6.0,496.0,496.0,175637.0,0.0,496.0,0.009655952453613281,0.0
7.0,496.0,496.0,175637.0,0.0,496.0,0.009834051132202148,0.0
8.0,496.0,496.0,175637.0,0.0,496.0,0.009718894958496094,0.0
9.0,496.0,496.0,175637.0,0.0,496.0,0.009557008743286133,0.0
30.0,496.0,496.0,175637.0,0.0,496.0,0.010029077529907227,0.0
