iteration,bestlobjval,lobjval,fobjval,lz1,lz2,tot_runtime,gapf
2.0,184996.50116703208,184996.50116703208,53756.37746959935,184339.0597753627,657.4413916693995,1.9563941955566406,0.0
3.0,155765.24046314537,155765.24046314537,56860.30459716292,155097.58235280184,667.6581103435358,1.1547479629516602,0.0
5.0,155765.24046314537,215486.45534461376,55236.3596339432,214858.55749995942,627.8978446543392,1.4214529991149902,0.0
