iteration,bestlobjval,lobjval,fobjval,lz1,lz2,tot_runtime,gapf
1.0,2635.0,2635.0,34191.0,0.0,2635.0,2.8796050548553467,1.9905620637908153e-12
5.0,2634.9999999999995,2634.9999999999995,34191.0,0.0,2634.9999999999995,4.048418045043945,2.4272344344235664e-12
6.0,2634.9999999999995,2635.0,34191.0,0.0,2635.0,0.34607982635498047,0.0
7.0,2634.9999999999995,2634.9999999999995,34191.0,0.0,2634.9999999999995,0.7550959587097168,0.0
