attr,value
lobjval,27006.354584037537
fobjval,23493.76081835183
lz1,25604.396537162538
lz2,1401.958046875
tot_runtime,42.93845582008362
gapf,0.0
best_it,1.0
improvementHeuristic,0.0
