iteration,bestlobjval,lobjval,fobjval,lz1,lz2,tot_runtime,gapf
2.0,118430.42189738432,118430.42189738432,25603.255617863637,117731.81466873328,698.6072286510444,100.01522183418274,0.0011335171868470074
3.0,118430.42189738432,121596.5791274849,25692.106511471597,120904.00769891347,692.5714285714288,100.02046012878418,0.010477338858376517
4.0,118430.42189738432,122555.97430225853,25610.903865415352,121867.34976607286,688.624536185678,100.01280403137207,0.0005484890951580124
5.0,118430.42189738432,124985.50575826115,25606.839639476057,124291.585623587,693.9201346741513,100.0121419429779,0.0006264547006293921
6.0,118430.42189738432,123949.67208979164,25632.876853191912,123261.60860801538,688.0634817762549,100.02549505233765,0.0011734125185061469
