iteration,bestlobjval,lobjval,fobjval,lz1,lz2,tot_runtime,gapf
1.0,269781.23578172957,269781.23578172957,134071.76717019972,268244.6875000395,1536.5482816900578,100.00923299789429,0.2896123450373608
2.0,261990.77406863484,261990.77406863484,134101.49877550342,260459.37500025312,1531.399068381731,100.01444602012634,0.29187649440847324
6.0,246344.08831840672,246344.08831840672,134576.1268627497,244806.24017208852,1537.848146318184,100.00944995880127,0.2987978088177867
7.0,246344.08831840672,281136.10218651546,134215.94043486027,279625.00545642735,1511.0967300881175,100.01097106933594,0.27848961324895133
