iteration,bestlobjval,lobjval,fobjval,lz1,lz2,tot_runtime,gapf
1.0,1825.0000000000002,1825.0000000000002,148261.0,0.0,1825.0000000000002,0.32283902168273926,0.0
2.0,1825.0,1825.0,148261.0,0.0,1825.0,0.3954620361328125,0.0
5.0,1825.0,1825.0,148261.0,0.0,1825.0,0.3883228302001953,0.0
6.0,1825.0,1825.0,148261.0,0.0,1825.0,0.39031195640563965,0.0
