iteration,bestlobjval,lobjval,fobjval,lz1,lz2,tot_runtime,gapf
1.0,1215.0,1215.0,93303.0,0.0,1215.0,0.725024938583374,0.0
5.0,1215.0,1215.0,93303.0,0.0,1215.0,0.7722020149230957,9.645992090286486e-05
6.0,1215.0,1215.0,93303.0,0.0,1215.0,0.5089390277862549,0.0
