iteration,bestlobjval,lobjval,fobjval,lz1,lz2,tot_runtime,gapf
1.0,792.0,792.0,56265.0,0.0,792.0,4.755168199539185,0.0
2.0,791.9999999999999,791.9999999999999,59496.0,0.0,791.9999999999999,0.8187289237976074,8.177791033491095e-05
5.0,791.9999999999999,792.0,59496.0,0.0,792.0,0.901796817779541,0.0
6.0,791.9999999999999,792.0000000000001,59496.0,0.0,792.0000000000001,0.0720071792602539,0.0
7.0,791.9999999999999,792.0,59496.0,0.0,792.0,0.06406712532043457,0.0
8.0,791.9999999999999,792.0000000000001,57323.0,0.0,792.0000000000001,0.06069207191467285,0.0
