iteration,bestlobjval,lobjval,fobjval,lz1,lz2,tot_runtime,gapf
1.0,1287.0,1287.0,59940.0,0.0,1287.0,6.093545913696289,0.0
5.0,1287.0,1287.0,59940.0,0.0,1287.0,6.07398796081543,0.0
6.0,1287.0,1287.0,60364.999992359626,0.0,1287.0,1.9953198432922363,0.0
7.0,1287.0,1287.0000000000002,60365.0,0.0,1287.0000000000002,0.41659092903137207,0.0
