iteration,bestlobjval,lobjval,fobjval,lz1,lz2,tot_runtime,gapf
4.0,405363.1337248891,405363.1337248891,200312.11320789228,401047.5614088423,4315.572316046781,0.053639888763427734,0.0
5.0,405363.1337248891,409212.0354177908,200475.09793174663,404854.74881602975,4357.286601761063,0.05555987358093262,0.0
