iteration,bestlobjval,lobjval,fobjval,lz1,lz2,tot_runtime,gapf
1.0,1200.0,1200.0,217012.0,0.0,1200.0,0.06467604637145996,1.6343244110689452e-11
5.0,1200.0,1200.0,217012.0,0.0,1200.0,0.06315493583679199,0.0
6.0,1200.0,1200.0,217012.0,0.0,1200.0,0.06583309173583984,0.0
7.0,1200.0,1200.0,217012.0,0.0,1200.0,0.06134605407714844,5.360166403836893e-05
8.0,1200.0,1200.0,217011.99996616028,0.0,1200.0,0.0628669261932373,3.489270842612963e-05
