iteration,bestlobjval,lobjval,fobjval,lz1,lz2,tot_runtime,gapf
1.0,855.0,855.0,155013.0,0.0,855.0,0.06211686134338379,0.0
5.0,855.0,855.0,155013.0,0.0,855.0,0.06890606880187988,0.0
6.0,855.0,855.0,155012.99996163617,0.0,855.0,0.0652928352355957,0.0
7.0,855.0,855.0,155012.99996322673,0.0,855.0,0.06474804878234863,5.2775019336211006e-05
8.0,855.0,855.0,155012.99998198383,0.0,855.0,0.056487083435058594,6.028152362397959e-05
