iteration,bestlobjval,lobjval,fobjval,lz1,lz2,tot_runtime,gapf
1.0,1098.0,1098.0,215930.0,0.0,1098.0,0.04953789710998535,0.0
5.0,1098.0,1098.0,215930.0,0.0,1098.0,0.04578208923339844,0.0
