iteration,bestlobjval,lobjval,fobjval,lz1,lz2,tot_runtime,gapf
1.0,19540.8180702154,19540.8180702154,99579.56395456402,18567.484736882066,973.3333333333333,15.458895921707153,0.0
