iteration,bestlobjval,lobjval,fobjval,lz1,lz2,tot_runtime,gapf
2.0,414358.86898958206,414358.86898958206,88373.52928630056,413316.0438938328,1042.8250957492603,89.98696494102478,4.307086057554349e-05
5.0,414358.86898958206,429338.5542166493,88628.85314236474,428306.6313657723,1031.9228508770484,88.8262779712677,2.0041123254990293e-05
6.0,401055.98363839794,401055.98363839794,88559.81627495807,400027.6863286464,1028.2973097515658,64.08205485343933,8.497380498351008e-05
7.0,401055.98363839794,406006.5212053657,88532.67285046494,404975.86935015954,1030.65185520617,85.9618570804596,0.0
8.0,401055.98363839794,415688.3364991095,88467.05065521855,414660.45304217184,1027.883456937687,77.3047399520874,9.889504616486388e-05
