iteration,bestlobjval,lobjval,fobjval,lz1,lz2,tot_runtime,gapf
2.0,281761.09143543226,281761.09143543226,72725.12776694182,281079.618862485,681.4725729472849,62.297489166259766,0.0
5.0,272322.2757135925,272322.2757135925,72903.98074319761,271641.3912358833,680.8844777091778,61.56780409812927,0.0
6.0,272014.8769038583,272014.8769038583,72946.91410269574,271333.838097144,681.0388067143699,37.90083193778992,0.0
7.0,228491.56866486438,228491.56866486438,74563.47581469384,227811.6682775649,679.900387299488,65.16000199317932,0.0
8.0,228491.56866486438,261011.94604792324,72877.33443762612,260331.39279282602,680.5532550972146,59.251935958862305,0.0
9.0,228491.56866486438,234619.55415356628,74421.78380156988,233948.53163327882,671.0225202874661,87.76885199546814,0.0
10.0,228491.56866486438,243230.00981526935,76340.92555888751,242548.91954301088,681.0902722584661,40.091739892959595,0.0
11.0,228491.56866486438,231291.84202497202,77483.46767664066,230609.2103904534,682.6316345186158,19.59768509864807,0.0
12.0,210339.05343802547,210339.05343802547,77684.43708691442,209654.4155264631,684.6379115623653,15.708024024963379,0.0
