iteration,bestlobjval,lobjval,fobjval,lz1,lz2,tot_runtime,gapf
1.0,2750.0,2750.0,102067.0,0.0,2750.0,0.008077144622802734,0.0
2.0,2750.0,2750.0000000000005,102067.0,0.0,2750.0000000000005,0.0067958831787109375,0.0
4.0,2750.0,2750.0,102067.0,0.0,2750.0,0.0073969364166259766,0.0
23.0,2750.0,2750.0,102067.0,0.0,2750.0,0.007880926132202148,0.0
24.0,2750.0,2750.0,102067.0,0.0,2750.0,0.007712125778198242,0.0
