iteration,bestlobjval,lobjval,fobjval,lz1,lz2,tot_runtime,gapf
1.0,793.0000000000001,793.0000000000001,31104.0,0.0,793.0000000000001,5.7437050342559814,0.0
5.0,793.0,793.0,31104.0,0.0,793.0,5.972599983215332,0.0
6.0,793.0,793.0,31104.0,0.0,793.0,4.928773880004883,0.0
7.0,793.0,793.0,31103.999999987223,0.0,793.0,0.8747608661651611,0.0
