iteration,bestlobjval,lobjval,fobjval,lz1,lz2,tot_runtime,gapf
1.0,4934.0,4934.0,40842.99998808525,0.0,4934.0,7.104913949966431,7.708369374758278e-05
2.0,4934.0,4934.000000000001,41089.999999998414,0.0,4934.000000000001,1.0690078735351562,0.0
5.0,4934.0,4934.0,40870.0,0.0,4934.0,4.304434061050415,0.0
6.0,4933.999999992391,4933.999999992391,40842.99999232935,0.0,4933.999999992391,7.502485036849976,0.0
7.0,4933.999999992391,4934.0,41326.99995663049,0.0,4934.0,5.1973021030426025,0.0
8.0,4933.999999992391,4933.999999999999,41327.0,0.0,4933.999999999999,0.2686178684234619,2.4197280234416268e-05
9.0,4933.999999992391,4933.999999999999,41326.999820530196,0.0,4933.999999999999,0.340073823928833,0.0
