iteration,bestlobjval,lobjval,fobjval,lz1,lz2,tot_runtime,gapf
2.0,586822.6281111197,586822.6281111197,270957.146953405,585165.4818181905,1657.1462929292081,0.026057958602905273,0.0
5.0,586822.6281111197,586822.6281111197,270957.146953405,585165.4818181905,1657.1462929292081,0.025890827178955078,0.0
6.0,586822.6281111197,586822.6281111197,270957.146953405,585165.4818181905,1657.1462929292081,0.02511000633239746,0.0
7.0,586822.6281111197,587961.12811112,270957.146953405,586315.4818181908,1645.646292929204,0.024899005889892578,0.0
