attr,value
lobjval,159387.16573608638
fobjval,52216.81146940161
lz1,158338.90017993192
lz2,1048.265556154452
tot_runtime,200.90086388587952
gapf,0.0
best_it,12.0
improvementHeuristic,-inf
