iteration,bestlobjval,lobjval,fobjval,lz1,lz2,tot_runtime,gapf
1.0,1371.0,1371.0,199958.0,0.0,1371.0,0.008915901184082031,0.0
2.0,1371.0,1371.0,199958.0,0.0,1371.0,0.009016990661621094,0.0
4.0,1371.0,1371.0,199958.0,0.0,1371.0,0.008915901184082031,0.0
5.0,1371.0,1371.0,199958.0,0.0,1371.0,0.009215116500854492,0.0
6.0,1371.0,1371.0,199958.0,0.0,1371.0,0.009011030197143555,0.0
7.0,1371.0,1371.0,199958.0,0.0,1371.0,0.008940935134887695,0.0
23.0,1371.0,1371.0,199958.0,0.0,1371.0,0.009755134582519531,0.0
24.0,1371.0,1371.0,199958.0,0.0,1371.0,0.008742809295654297,0.0
