iteration,bestlobjval,lobjval,fobjval,lz1,lz2,tot_runtime,gapf
2.0,229821.46155920593,229821.46155920593,41436.11675511973,228644.34339852553,1177.1181606804162,100.03067684173584,0.004678746801165343
5.0,223811.70887777852,223811.70887777852,41426.91333607186,222653.8592684863,1157.8496092922426,100.03201699256897,0.0032969136181572795
6.0,210080.77926115794,210080.77926115794,41512.77274386247,208929.35068972938,1151.4285714285634,95.42531704902649,6.753914120248844e-05
7.0,210080.77926115794,216024.94641610273,41514.14320400373,214872.94641610273,1151.999999999997,77.99923896789551,9.890495693791847e-05
8.0,210080.77926115794,219384.78842898793,41515.460039717625,218233.35985755938,1151.4285714285463,100.01816010475159,0.00021166478172629518
