iteration,bestlobjval,lobjval,fobjval,lz1,lz2,tot_runtime,gapf
1.0,754.0,754.0,40288.0,0.0,754.0,8.563600063323975,3.823798680674311e-05
2.0,753.9999999999919,753.9999999999919,40288.0,0.0,753.9999999999919,0.8028779029846191,0.0
5.0,753.9999999999919,754.0,40288.0,0.0,754.0,0.6423249244689941,0.0
