attr,value
lobjval,146219.7193145088
fobjval,112840.0
lz1,145624.99999999994
lz2,594.7193145088813
tot_runtime,2.668848752975464
gapf,0.0
best_it,2.0
improvementHeuristic,-inf
