attr,value
lobjval,113395.53840156418
fobjval,117617.7639376226
lz1,111615.13840156418
lz2,1780.4
tot_runtime,198.17135500907898
gapf,0.0
best_it,1.0
improvementHeuristic,0.0
