attr,value
lobjval,4996.0
fobjval,62528.0
lz1,0.0
lz2,4996.0
tot_runtime,15.047085285186768
gapf,0.0
best_it,5.0
improvementHeuristic,1.8204457601539793e-14
