iteration,bestlobjval,lobjval,fobjval,lz1,lz2,tot_runtime,gapf
1.0,5049.0,5049.0,225400.0,0.0,5049.0,0.009510993957519531,0.0
2.0,5049.0,5049.0,225400.0,0.0,5049.0,0.010275125503540039,0.0
4.0,5049.0,5049.0,225400.0,0.0,5049.0,0.010789871215820312,0.0
5.0,5049.0,5049.0,225400.0,0.0,5049.0,0.00949406623840332,0.0
6.0,5049.0,5049.0,225400.0,0.0,5049.0,0.009308099746704102,0.0
22.0,5049.0,5049.0,225400.0,0.0,5049.0,0.009712934494018555,0.0
23.0,5049.0,5049.0,225400.0,0.0,5049.0,0.009117841720581055,0.0
24.0,5049.0,5049.0,225400.0,0.0,5049.0,0.008999109268188477,0.0
25.0,5049.0,5049.0,225400.0,0.0,5049.0,0.009638071060180664,0.0
