attr,value
lobjval,804381.4722222263
fobjval,355489.9940476188
lz1,802013.4722222263
lz2,2368.0
tot_runtime,4.656931400299072
gapf,0.0
best_it,2.0
improvementHeuristic,-inf
