iteration,bestlobjval,lobjval,fobjval,lz1,lz2,tot_runtime,gapf
1.0,1707.0,1707.0,305585.0,0.0,1707.0,3.708498001098633,0.0
5.0,1707.0,1707.0,305585.0,0.0,1707.0,3.264518976211548,0.0
6.0,1707.0,1707.0,305585.0,0.0,1707.0,4.163085222244263,0.0
7.0,1707.0,1707.0,305585.0,0.0,1707.0,3.7046139240264893,0.0
