iteration,bestlobjval,lobjval,fobjval,lz1,lz2,tot_runtime,gapf
1.0,1204.0,1204.0,196408.0,0.0,1204.0,0.010976076126098633,0.0
5.0,1204.0,1204.0,196408.0,0.0,1204.0,0.010553836822509766,0.0
6.0,1204.0,1204.0,196408.0,0.0,1204.0,0.011069059371948242,0.0
26.0,1204.0,1204.0,196408.0,0.0,1204.0,0.010877847671508789,0.0
27.0,1204.0,1204.0,196408.0,0.0,1204.0,0.010634899139404297,0.0
28.0,1204.0,1204.0,196408.0,0.0,1204.0,0.010736227035522461,0.0
