iteration,bestlobjval,lobjval,fobjval,lz1,lz2,tot_runtime,gapf
1.0,549.0,549.0,79887.0,0.0,549.0,1.2607698440551758,0.0
5.0,549.0,549.0,79887.0,0.0,549.0,1.1706550121307373,0.0
6.0,549.0,549.0,79887.0,0.0,549.0,1.2575409412384033,0.0
