iteration,bestlobjval,lobjval,fobjval,lz1,lz2,tot_runtime,gapf
1.0,2925.0,2925.0,37661.0,0.0,2925.0,0.21671700477600098,0.0
5.0,2925.0,2925.0,37661.0,0.0,2925.0,0.10309720039367676,0.0
6.0,2924.9999999999995,2924.9999999999995,37661.0,0.0,2924.9999999999995,0.08439993858337402,0.0
7.0,2924.9999999999995,2924.9999999999995,37661.0,0.0,2924.9999999999995,0.08640313148498535,0.0
