iteration,bestlobjval,lobjval,fobjval,lz1,lz2,tot_runtime,gapf
1.0,1194.0,1194.0,203749.0,0.0,1194.0,0.12346696853637695,0.0
5.0,1194.0,1194.0,203749.0,0.0,1194.0,0.11377620697021484,0.0
