iteration,bestlobjval,lobjval,fobjval,lz1,lz2,tot_runtime,gapf
1.0,3459.0,3459.0,33231.0,0.0,3459.0,4.320819139480591,1.299035735456359e-12
5.0,3459.0,3459.0000000000005,33231.0,0.0,3459.0000000000005,0.5692460536956787,0.0
