iteration,bestlobjval,lobjval,fobjval,lz1,lz2,tot_runtime,gapf
2.0,116122.96291537688,116122.96291537688,48008.57899470841,115669.35832818279,453.6045871940893,100.00753498077393,0.0006383553639761533
3.0,116122.96291537688,140807.28985492745,48291.67052910061,140354.56974265265,452.7201122748063,79.88273501396179,1.2996880582121429e-05
4.0,116122.96291537688,122651.3261342833,48022.83551565166,122171.46588037454,479.86025390875227,100.01724100112915,0.0007576838883000099
5.0,114077.52558620217,114077.52558620217,48026.124358830144,113613.78139258333,463.74419361884287,100.0362548828125,0.002411039793788969
6.0,114077.52558620217,123420.58375465295,48022.959523587546,122942.19980890426,478.38394574869267,100.02101802825928,0.0014777087164268225
7.0,114077.52558620217,131549.63572468553,48023.331547288064,131077.42409998295,472.2116247025956,100.01691699028015,0.0005054969133740332
