attr,value
lobjval,3261.9999999999995
fobjval,66570.0
lz1,0.0
lz2,3261.9999999999995
tot_runtime,2.574829339981079
gapf,0.0
best_it,1.0
improvementHeuristic,0.0
