attr,value
lobjval,1640.9999999999998
fobjval,191183.0
lz1,0.0
lz2,1640.9999999999998
tot_runtime,66.50256061553955
gapf,0.0
best_it,1.0
improvementHeuristic,0.0
