iteration,bestlobjval,lobjval,fobjval,lz1,lz2,tot_runtime,gapf
1.0,1714.0,1714.0,253576.0,0.0,1714.0,0.005449056625366211,0.0
2.0,1714.0,1714.0,253576.0,0.0,1714.0,0.006047964096069336,0.0
3.0,1714.0,1714.0,253576.0,0.0,1714.0,0.005683183670043945,0.0
4.0,1714.0,1714.0,253576.0,0.0,1714.0,0.005476951599121094,0.0
5.0,1714.0,1714.0,253576.0,0.0,1714.0,0.005619049072265625,0.0
6.0,1714.0,1714.0,253576.0,0.0,1714.0,0.005609989166259766,0.0
22.0,1714.0,1714.0,253576.0,0.0,1714.0,0.005899906158447266,0.0
