iteration,bestlobjval,lobjval,fobjval,lz1,lz2,tot_runtime,gapf
1.0,2737.0,2737.0,96084.0,0.0,2737.0,0.012879133224487305,0.0
5.0,2737.0,2737.0,96084.0,0.0,2737.0,0.013104915618896484,0.0
6.0,2737.0,2737.0,96084.0,0.0,2737.0,0.013051033020019531,0.0
22.0,2737.0,2737.0,96084.0,0.0,2737.0,0.012685060501098633,0.0
23.0,2737.0,2737.0,96084.0,0.0,2737.0,0.012746095657348633,0.0
24.0,2737.0,2737.0,96084.0,0.0,2737.0,0.012856006622314453,0.0
