iteration,bestlobjval,lobjval,fobjval,lz1,lz2,tot_runtime,gapf
1.0,2522.0,2522.0,112686.0,0.0,2522.0,0.009912967681884766,0.0
3.0,2522.0,2522.0,112686.0,0.0,2522.0,0.01001286506652832,0.0
4.0,2522.0,2522.0,112686.0,0.0,2522.0,0.00998997688293457,0.0
5.0,2522.0,2522.0,112686.0,0.0,2522.0,0.009959936141967773,0.0
22.0,2522.0,2522.0,112686.0,0.0,2522.0,0.009449958801269531,0.0
23.0,2522.0,2522.0,112686.0,0.0,2522.0,0.009413957595825195,0.0
24.0,2522.0,2522.0,112686.0,0.0,2522.0,0.009497880935668945,0.0
25.0,2522.0,2522.0000000000005,112686.0,0.0,2522.0000000000005,0.008656978607177734,0.0
