iteration,bestlobjval,lobjval,fobjval,lz1,lz2,tot_runtime,gapf
2.0,440729.74990046164,440729.74990046164,133002.11838294085,439981.8245218272,747.9253786344266,0.9107320308685303,9.662903844065088e-05
5.0,440729.74990046164,467982.3661944508,133178.0621847838,467233.19446452474,749.1717299260694,1.0384070873260498,1.8129864067100624e-05
6.0,440729.74990046164,458480.6256162665,133568.87409981003,457758.20349830296,722.4221179635377,1.1699857711791992,0.0
7.0,440729.74990046164,467716.38684610074,133158.87727335392,466968.6932114128,747.6936346879403,1.0653297901153564,7.742224470689657e-05
