attr,value
lobjval,74651.80134391181
fobjval,29944.14891611873
lz1,73473.510829486
lz2,1178.2905144258107
tot_runtime,5.921667575836182
gapf,0.0
best_it,6.0
improvementHeuristic,-inf
