attr,value
lobjval,795676.1333288713
fobjval,394996.8616153186
lz1,794583.1333288713
lz2,1092.999999999969
tot_runtime,5.365288972854614
gapf,0.0
best_it,7.0
improvementHeuristic,-inf
