iteration,bestlobjval,lobjval,fobjval,lz1,lz2,tot_runtime,gapf
1.0,3422.0,3422.0,46317.0,0.0,3422.0,1.087332010269165,0.0
2.0,3422.0,3422.0000000000005,46472.0,0.0,3422.0000000000005,0.27692079544067383,0.0
5.0,3422.0,3422.0,46472.0,0.0,3422.0,0.08461403846740723,0.0
