iteration,bestlobjval,lobjval,fobjval,lz1,lz2,tot_runtime,gapf
1.0,1249.0,1249.0,101011.0,0.0,1249.0,39.87871289253235,6.361383262895988e-05
5.0,1249.0,1249.0,101011.0,0.0,1249.0,8.442116975784302,0.0
6.0,1248.9999999999998,1248.9999999999998,101011.0,0.0,1248.9999999999998,9.12996506690979,0.0
7.0,1248.9999999999998,1249.0,101011.0,0.0,1249.0,8.13554310798645,0.0
8.0,1243.274458874455,1243.274458874455,101010.99998432287,0.0,1243.274458874455,6.54597282409668,0.0
