iteration,bestlobjval,lobjval,fobjval,lz1,lz2,tot_runtime,gapf
1.0,1362.0,1362.0,91139.0,0.0,1362.0,0.5173289775848389,0.0
5.0,1362.0,1362.0,91138.9999572992,0.0,1362.0,0.49356603622436523,2.4709479067910786e-09
6.0,1362.0,1362.0,91139.0,0.0,1362.0,0.5203390121459961,0.0
