attr,value
lobjval,466.99999999999994
fobjval,92518.0
lz1,0.0
lz2,466.99999999999994
tot_runtime,8.236528635025024
gapf,0.0
best_it,1.0
improvementHeuristic,0.0
