attr,value
lobjval,190667.2284100382
fobjval,69699.88550349424
lz1,190027.52972080308
lz2,639.6986892351258
tot_runtime,392.57836627960205
gapf,0.0
best_it,5.0
improvementHeuristic,-inf
