attr,value
lobjval,194076.6077104382
fobjval,64392.850805443435
lz1,193089.17913900965
lz2,987.4285714285605
tot_runtime,57.25194048881531
gapf,0.0
best_it,16.0
improvementHeuristic,-inf
