iteration,bestlobjval,lobjval,fobjval,lz1,lz2,tot_runtime,gapf
1.0,513.0,513.0,59016.0,0.0,513.0,2.446820020675659,0.0
2.0,513.0,513.0,59016.0,0.0,513.0,3.837642192840576,0.0
5.0,513.0,513.0,59016.0,0.0,513.0,1.459805965423584,0.0
6.0,513.0,513.0,59016.0,0.0,513.0,1.6486470699310303,0.0
7.0,513.0,513.0,59016.0,0.0,513.0,1.582839012145996,0.0
