attr,value
lobjval,158409.14951263048
fobjval,38243.57702616586
lz1,157977.86379834477
lz2,431.2857142857142
tot_runtime,620.5208220481873
gapf,0.0
best_it,3.0
improvementHeuristic,-inf
