attr,value
lobjval,115814.6933038269
fobjval,27349.685003692306
lz1,115223.81787277316
lz2,590.8754310537499
tot_runtime,51.97535228729248
gapf,0.0
best_it,2.0
improvementHeuristic,-inf
