iteration,bestlobjval,lobjval,fobjval,lz1,lz2,tot_runtime,gapf
5.0,674759.0913045843,674759.0913045843,143966.97378434718,674058.0913045843,700.9999999999984,1.8132238388061523,0.0
6.0,639743.2319550355,639743.2319550355,143977.60146169615,639042.2319550355,700.9999999999823,1.259476900100708,9.5495712032045e-05
