iteration,bestlobjval,lobjval,fobjval,lz1,lz2,tot_runtime,gapf
1.0,1826.4761897226156,1826.4761897226156,67147.99996378856,0.0,1826.4761897226156,26.935115098953247,0.0
5.0,1826.4761897226156,1831.9999998809558,67147.99996139389,0.0,1831.9999998809558,25.071681022644043,5.5547062517175584e-11
7.0,1826.4761897226156,1831.9999999999998,67151.0,0.0,1831.9999999999998,1.2720448970794678,2.978362198626975e-05
