iteration,bestlobjval,lobjval,fobjval,lz1,lz2,tot_runtime,gapf
1.0,1912.9999999999998,1912.9999999999998,127631.0,0.0,1912.9999999999998,0.46764206886291504,0.0
2.0,1912.9999999999998,1913.0,127630.9999796423,0.0,1913.0,0.5934181213378906,0.0
5.0,1912.9999999999998,1913.0,127631.0,0.0,1913.0,0.6149289608001709,0.0
6.0,1912.999999999987,1912.999999999987,127630.9999710162,0.0,1912.999999999987,0.5021600723266602,9.292868693035071e-05
7.0,1912.999999999987,1913.0,127630.99997101733,0.0,1913.0,0.564007043838501,0.0
