iteration,bestlobjval,lobjval,fobjval,lz1,lz2,tot_runtime,gapf
1.0,2610.0,2610.0,52280.0,0.0,2610.0,0.0704960823059082,0.0
5.0,2610.0,2610.0,52280.0,0.0,2610.0,0.09068918228149414,0.0
