iteration,bestlobjval,lobjval,fobjval,lz1,lz2,tot_runtime,gapf
1.0,4996.000000000001,4996.000000000001,62528.0,0.0,4996.000000000001,3.7480838298797607,6.857196961730159e-05
5.0,4996.0,4996.0,62528.0,0.0,4996.0,3.9852728843688965,0.0
