attr,value
lobjval,169411.68767785534
fobjval,91064.04932787053
lz1,167312.11151369533
lz2,2099.576164160003
tot_runtime,403.90586161613464
gapf,0.0
best_it,25.0
improvementHeuristic,-inf
