attr,value
lobjval,1681.0000000000002
fobjval,84101.0
lz1,0.0
lz2,1681.0000000000002
tot_runtime,11.069310426712036
gapf,0.0
best_it,1.0
improvementHeuristic,0.0
