iteration,bestlobjval,lobjval,fobjval,lz1,lz2,tot_runtime,gapf
2.0,337551.9743508873,337551.9743508873,89599.20288965787,336485.40696437756,1066.567386509761,2.6886351108551025,0.0
3.0,257014.04152677138,257014.04152677138,91321.79665039375,255915.92186943136,1098.1196573400196,2.057403087615967,0.0
5.0,172873.90855060233,172873.90855060233,95510.08978689207,171791.5311557786,1082.3773948237263,1.7100439071655273,0.0
6.0,172873.90855060233,327754.7206464684,92259.71288484799,326666.61008535005,1088.11056111836,2.222127914428711,0.0
7.0,171948.7365010598,171948.7365010598,95521.88306854643,170877.28741959893,1071.4490814608512,1.724165916442871,0.0
8.0,171948.7365010598,361618.713875659,89821.98482822692,360539.78109269973,1078.9327829592714,1.8425800800323486,0.0
9.0,171948.7365010598,376498.56427077035,89838.87299186425,375422.16704336635,1076.3972274039966,1.5085649490356445,0.0
10.0,171948.7365010598,323605.9677447327,91771.2524929967,322517.4243385882,1088.5434061444744,1.294612169265747,0.0
