iteration,bestlobjval,lobjval,fobjval,lz1,lz2,tot_runtime,gapf
2.0,658926.1729489712,658926.1729489712,270938.79334365344,657446.8139029898,1479.359045981279,1.1244349479675293,9.736243042053622e-05
4.0,658926.1729489712,675424.2798351964,270041.1049862547,673930.2844863107,1493.995348885789,0.6581161022186279,9.151856705195433e-05
