attr,value
lobjval,2540.0
fobjval,134137.0
lz1,0.0
lz2,2540.0
tot_runtime,25.283387899398804
gapf,2.5331356790621973e-12
best_it,1.0
improvementHeuristic,0.0
