iteration,bestlobjval,lobjval,fobjval,lz1,lz2,tot_runtime,gapf
7.0,800975.9861645986,800975.9861645986,387112.93906810036,798554.8888888889,2421.097275709695,0.028590917587280273,0.0
