iteration,bestlobjval,lobjval,fobjval,lz1,lz2,tot_runtime,gapf
1.0,163816.1384010178,163816.1384010178,82230.1903178471,162539.37173435112,1276.7666666666667,100.00828194618225,0.1663376489066889
2.0,163816.1384010178,181228.69476927258,82232.06907366554,179935.8520679084,1292.8427013641997,100.00661587715149,0.14243448561964248
3.0,163816.1384010178,171479.40460039378,82662.04218101222,170266.14770744476,1213.2568929490274,39.38191199302673,0.0
5.0,163816.1384010178,164210.34237058397,82322.36274089961,162977.0163109684,1233.3260596155465,51.792473793029785,0.0
6.0,163816.1384010178,167736.45584321272,82692.97567412053,166510.7055271351,1225.750316077617,33.43253302574158,0.0
7.0,163816.1384010178,178488.165973695,82495.8027247219,177262.31239539705,1225.8535782979347,45.72171497344971,0.0
8.0,163816.1384010178,181257.33481184512,82333.3314446699,180027.7856779915,1229.5491338536453,55.76881289482117,0.0
