iteration,bestlobjval,lobjval,fobjval,lz1,lz2,tot_runtime,gapf
1.0,534.0,534.0,46338.0,0.0,534.0,23.571704864501953,2.511204787250546e-05
5.0,534.0,534.0,48476.0,0.0,534.0,0.3988978862762451,0.0
