attr,value
lobjval,1764.9999999999998
fobjval,161594.0
lz1,0.0
lz2,1764.9999999999998
tot_runtime,21.033203125
gapf,0.0
best_it,1.0
improvementHeuristic,0.0
