iteration,bestlobjval,lobjval,fobjval,lz1,lz2,tot_runtime,gapf
2.0,285104.4658155768,285104.4658155768,140212.90026310598,282106.05483077664,2998.4109848001563,0.05487799644470215,0.0
5.0,285104.4658155768,287796.93951124983,140326.9151475556,284769.3475740687,3027.5919371811106,0.05101299285888672,0.0
6.0,283889.9679242785,283889.9679242785,140224.90182989012,280862.3759870974,3027.5919371811065,0.04905390739440918,0.0
7.0,283889.9679242785,285104.4658155768,140212.90026310598,282106.05483077664,2998.4109848001563,0.055166006088256836,0.0
8.0,283889.9679242785,289008.8346910981,140314.93930054875,286010.36117049656,2998.4735206015207,0.05201101303100586,0.0
9.0,283889.9679242785,287796.9395112498,140326.9151475556,284769.34757406864,3027.5919371811106,0.04891800880432129,0.0
10.0,283889.9679242785,283889.9679242785,140224.90182989012,280862.3759870974,3027.591937181107,0.048818111419677734,0.0
11.0,283889.9679242785,285104.4658155767,140212.90026310598,282106.0548307766,2998.4109848001517,0.05382513999938965,0.0
29.0,281022.9963664132,281022.9963664132,140140.17847614334,278001.9899447952,3021.0064216179962,0.03679084777832031,0.0
