iteration,bestlobjval,lobjval,fobjval,lz1,lz2,tot_runtime,gapf
2.0,211066.14215360567,211066.14215360567,97895.01629522434,210458.41184388916,607.7303097165129,38.16092896461487,0.0
3.0,211066.14215360567,229915.7451459654,97290.26782641487,229311.82751523893,603.917630726475,13.666990041732788,0.0
