iteration,bestlobjval,lobjval,fobjval,lz1,lz2,tot_runtime,gapf
1.0,1639.0,1639.0,536244.0,0.0,1639.0,0.00935506820678711,0.0
2.0,1639.0,1639.0,536244.0,0.0,1639.0,0.00928807258605957,0.0
4.0,1639.0,1639.0,536244.0,0.0,1639.0,0.009332895278930664,0.0
5.0,1639.0,1639.0,536244.0,0.0,1639.0,0.00943899154663086,0.0
6.0,1639.0,1639.0,536244.0,0.0,1639.0,0.009289979934692383,0.0
19.0,1639.0,1639.0,536244.0,0.0,1639.0,0.00958395004272461,0.0
