iteration,bestlobjval,lobjval,fobjval,lz1,lz2,tot_runtime,gapf
1.0,3492.0,3492.0,43743.0,0.0,3492.0,3.3247790336608887,0.0
2.0,3492.0,3492.0,43743.0,0.0,3492.0,1.1472501754760742,1.5929827874410688e-12
5.0,3492.0,3492.0,43743.0,0.0,3492.0,0.862699031829834,0.0
6.0,3492.0,3492.0,43743.0,0.0,3492.0,0.8819639682769775,0.0
