iteration,bestlobjval,lobjval,fobjval,lz1,lz2,tot_runtime,gapf
1.0,2438.0,2438.0,96264.0,0.0,2438.0,4.268593072891235,0.0
5.0,2438.0,2438.0,96218.0,0.0,2438.0,12.611202955245972,1.1136787105024526e-11
