attr,value
lobjval,309241.33092579193
fobjval,88425.70636013064
lz1,308831.6166400776
lz2,409.7142857143134
tot_runtime,25.106041431427002
gapf,0.0
best_it,10.0
improvementHeuristic,-inf
