iteration,bestlobjval,lobjval,fobjval,lz1,lz2,tot_runtime,gapf
1.0,1533.0,1533.0,17761.0,0.0,1533.0,3.096226930618286,0.0
2.0,1532.9999999999998,1532.9999999999998,18039.0,0.0,1532.9999999999998,0.8023951053619385,0.0
5.0,1532.9999999999998,1533.0,18039.0,0.0,1533.0,0.7389121055603027,0.0
6.0,1532.9999999999998,1532.9999999999998,17760.999928548517,0.0,1532.9999999999998,3.368030071258545,0.0
7.0,1532.9999999999998,1533.0,17785.0,0.0,1533.0,0.6140379905700684,0.0
8.0,1532.9999999999998,1533.0,17761.0,0.0,1533.0,2.8888399600982666,0.0
9.0,1532.9999999999998,1533.0,17760.999970230518,0.0,1533.0,0.9244868755340576,0.0
