attr,value
lobjval,5438.0
fobjval,47656.0
lz1,0.0
lz2,5438.0
tot_runtime,11.879735708236694
gapf,5.316200355167595e-13
best_it,1.0
improvementHeuristic,0.0
