iteration,bestlobjval,lobjval,fobjval,lz1,lz2,tot_runtime,gapf
1.0,860.0,860.0,98270.0,0.0,860.0,2.182513952255249,4.554472230266773e-05
