iteration,bestlobjval,lobjval,fobjval,lz1,lz2,tot_runtime,gapf
1.0,783.0,783.0,28848.99996967213,0.0,783.0,28.51568913459778,2.6665984933839513e-12
2.0,782.9999999746653,782.9999999746653,29068.0,0.0,782.9999999746653,1.5485200881958008,0.0
5.0,782.9999999746653,783.0,29068.0,0.0,783.0,1.1482951641082764,0.0
