iteration,bestlobjval,lobjval,fobjval,lz1,lz2,tot_runtime,gapf
1.0,758.0,758.0,59235.0,0.0,758.0,0.5494611263275146,0.0
2.0,758.0,758.0,59234.9999832669,0.0,758.0,0.662938117980957,0.0
5.0,758.0,758.0,59235.0,0.0,758.0,0.5759310722351074,0.0
6.0,758.0,758.0,59235.0,0.0,758.0,0.44811391830444336,0.0
7.0,758.0,758.0,59234.999980067514,0.0,758.0,0.5176548957824707,0.0
8.0,757.9999991156542,757.9999991156542,59234.999965279,0.0,757.9999991156542,0.4137091636657715,7.556127880529114e-05
9.0,757.9999991156542,758.0,59235.0,0.0,758.0,0.46770691871643066,0.0
10.0,757.9999991156542,758.0,59234.99998471733,0.0,758.0,0.46970391273498535,0.0
