iteration,bestlobjval,lobjval,fobjval,lz1,lz2,tot_runtime,gapf
1.0,2655.0,2655.0,134204.0,0.0,2655.0,8.078803062438965,0.0
5.0,2655.0,2655.0,134204.0,0.0,2655.0,1.0200209617614746,0.0
6.0,2655.0,2655.0,134204.0,0.0,2655.0,1.1986660957336426,1.04402063630637e-05
7.0,2655.0,2655.0,142409.0,0.0,2655.0,0.35474395751953125,0.0
