iteration,bestlobjval,lobjval,fobjval,lz1,lz2,tot_runtime,gapf
1.0,5431.0,5431.0,182245.0,0.0,5431.0,0.0041120052337646484,0.0
4.0,5431.0,5431.0,182245.0,0.0,5431.0,0.00391697883605957,0.0
21.0,5431.0,5431.0,182245.0,0.0,5431.0,0.0039370059967041016,0.0
22.0,5431.0,5431.0,182245.0,0.0,5431.0,0.0037889480590820312,0.0
23.0,5431.0,5431.0,182245.0,0.0,5431.0,0.003798961639404297,0.0
