iteration,bestlobjval,lobjval,fobjval,lz1,lz2,tot_runtime,gapf
1.0,485.0000000000001,485.0000000000001,54676.0,0.0,485.0000000000001,6.118361949920654,0.0
2.0,484.9999999999999,484.9999999999999,55993.0,0.0,484.9999999999999,1.708853006362915,0.0
5.0,484.9999999999999,485.0,55993.0,0.0,485.0,1.8048489093780518,0.0
