attr,value
lobjval,849.9999999999999
fobjval,152815.0
lz1,0.0
lz2,849.9999999999999
tot_runtime,29.66531205177307
gapf,0.0
best_it,1.0
improvementHeuristic,0.0
