attr,value
lobjval,116937.57781256853
fobjval,63073.55773535774
lz1,115462.74542623766
lz2,1474.832386330872
tot_runtime,65.883540391922
gapf,0.0
best_it,4.0
improvementHeuristic,-inf
