attr,value
lobjval,186320.96076628953
fobjval,60244.84275176416
lz1,185686.6385725797
lz2,634.3221937098442
tot_runtime,6.065207242965698
gapf,0.0
best_it,4.0
improvementHeuristic,-inf
