iteration,bestlobjval,lobjval,fobjval,lz1,lz2,tot_runtime,gapf
1.0,2540.0,2540.0,134137.0,0.0,2540.0,10.24019193649292,2.5331356790621973e-12
2.0,2540.0,2540.0,134137.0,0.0,2540.0,1.57501220703125,0.0
5.0,2540.0,2540.0,134137.0,0.0,2540.0,0.9396932125091553,0.0
