iteration,bestlobjval,lobjval,fobjval,lz1,lz2,tot_runtime,gapf
2.0,966580.25,966580.25,619366.5231788079,965247.25,1333.0,0.21100211143493652,5.63876077267384e-16
