attr,value
lobjval,402063.1222222235
fobjval,177715.42333333325
lz1,400880.1222222235
lz2,1183.0
tot_runtime,5.200225830078125
gapf,0.0
best_it,30.0
improvementHeuristic,-inf
