iteration,bestlobjval,lobjval,fobjval,lz1,lz2,tot_runtime,gapf
4.0,186320.96076628953,186320.96076628953,60244.84275176416,185686.6385725797,634.3221937098442,0.2466449737548828,0.0
