iteration,bestlobjval,lobjval,fobjval,lz1,lz2,tot_runtime,gapf
1.0,1628.0,1628.0,54648.0,0.0,1628.0,0.003531217575073242,0.0
2.0,1628.0,1628.0,54648.0,0.0,1628.0,0.003985881805419922,0.0
3.0,1628.0,1628.0000000000002,54648.0,0.0,1628.0000000000002,0.003737211227416992,0.0
4.0,1628.0,1628.0,54648.0,0.0,1628.0,0.0034079551696777344,0.0
20.0,1628.0,1628.0,54648.0,0.0,1628.0,0.0039899349212646484,0.0
21.0,1628.0,1628.0,54648.0,0.0,1628.0,0.003659963607788086,0.0
22.0,1628.0,1628.0,54648.0,0.0,1628.0,0.0036640167236328125,0.0
