attr,value
lobjval,89852.27860127926
fobjval,95366.87962962962
lz1,88817.611111123
lz2,1034.6674901562596
tot_runtime,24.471007585525513
gapf,0.0
best_it,6.0
improvementHeuristic,-inf
