attr,value
lobjval,189157.47416505934
fobjval,60784.24824841977
lz1,184860.02216368663
lz2,4297.452001372714
tot_runtime,24.108718633651733
gapf,0.0
best_it,2.0
improvementHeuristic,-inf
