iteration,bestlobjval,lobjval,fobjval,lz1,lz2,tot_runtime,gapf
1.0,1735.0,1735.0,672990.0,0.0,1735.0,0.01196599006652832,0.0
5.0,1735.0,1735.0,672990.0,0.0,1735.0,0.012511014938354492,0.0
24.0,1735.0,1735.0,672990.0,0.0,1735.0,0.012434005737304688,0.0
25.0,1735.0,1735.0000000000002,672990.0,0.0,1735.0000000000002,0.011915922164916992,0.0
