iteration,bestlobjval,lobjval,fobjval,lz1,lz2,tot_runtime,gapf
2.0,184095.84853486918,184095.84853486918,54914.53593254597,183677.129280498,418.71925437118665,3.905606985092163,0.0
5.0,184095.84853486918,184128.55605137645,54921.68940804362,183707.43124145025,421.12480992620584,4.954180955886841,0.0
6.0,184095.84853486918,221025.90335759489,54730.19842754277,220609.58621119038,416.31714640449803,4.326174974441528,0.0
7.0,184095.84853486918,226832.1602712429,54828.23682238446,226415.49947404637,416.6607971965365,3.701533079147339,0.0
8.0,184095.84853486918,198790.8477718558,55063.13333713186,198377.3531831264,413.4945887294101,4.114245176315308,0.0
9.0,184095.84853486918,197234.33514373106,57293.61793027655,196822.62173665897,411.71340707209106,4.714399099349976,0.0
10.0,146576.24662896176,146576.24662896176,58274.4289280694,146172.67520039098,403.57142857077514,3.0949602127075195,1.9055149673199175e-05
11.0,138665.48805362472,138665.48805362472,58047.423539699135,138261.91662505333,403.57142857139587,2.951956033706665,0.0
