attr,value
lobjval,3399.9999999999995
fobjval,67745.0
lz1,0.0
lz2,3399.9999999999995
tot_runtime,3.418445587158203
gapf,0.0
best_it,1.0
improvementHeuristic,0.0
