iteration,bestlobjval,lobjval,fobjval,lz1,lz2,tot_runtime,gapf
2.0,426488.0821228818,426488.0821228818,126264.31165222016,425741.4790538053,746.6030690765135,100.01457500457764,0.17980884995729166
3.0,426488.0821228818,440522.16368902446,125965.80111758751,439795.3193491802,726.8443398442196,100.0124499797821,0.0844423954320502
4.0,312398.5117365256,312398.5117365256,127776.69046610157,311668.62442364264,729.8873128829536,100.01152682304382,0.04420232565673904
5.0,312398.5117365256,486033.4974955853,127147.97547889219,485324.05945471936,709.4380408659562,100.00982713699341,0.04960172098207193
6.0,312398.5117365256,403277.52632296435,127849.27647148143,402560.4908671591,717.0354558052586,100.00665593147278,0.0357648116757797
7.0,312398.5117365256,418701.44887314533,127875.20469351471,417994.48493792076,706.9639352245603,55.81868100166321,0.0
8.0,312398.5117365256,388861.7546303978,128021.1539602961,388156.2500645149,705.5045658828378,56.02766513824463,0.0
