iteration,bestlobjval,lobjval,fobjval,lz1,lz2,tot_runtime,gapf
2.0,244706.34130884372,244706.34130884372,87837.62995667476,242749.48646043704,1956.8548484066928,12.021416902542114,0.0
3.0,228089.88436969955,228089.88436969955,90316.21778088613,226179.41547264278,1910.468897056777,14.753396987915039,0.0
