iteration,bestlobjval,lobjval,fobjval,lz1,lz2,tot_runtime,gapf
1.0,2286.0,2286.0,105634.0,0.0,2286.0,0.003328084945678711,0.0
4.0,2286.0,2286.0,105634.0,0.0,2286.0,0.0031778812408447266,0.0
24.0,2286.0,2286.0,105634.0,0.0,2286.0,0.005416154861450195,0.0
