iteration,bestlobjval,lobjval,fobjval,lz1,lz2,tot_runtime,gapf
1.0,2517.0,2517.0,29465.99999055118,0.0,2517.0,0.8526821136474609,0.0
5.0,2517.0,2517.0,29466.0,0.0,2517.0,0.48184990882873535,0.0
6.0,2503.476190476191,2503.476190476191,29466.0,0.0,2503.476190476191,0.5434348583221436,0.0
