iteration,bestlobjval,lobjval,fobjval,lz1,lz2,tot_runtime,gapf
1.0,789.9999999999999,789.9999999999999,141463.9999807967,0.0,789.9999999999999,0.5253360271453857,0.0
4.0,789.9999999999999,790.0000000000001,141463.99996652687,0.0,790.0000000000001,0.9755759239196777,5.505311554523875e-05
