iteration,bestlobjval,lobjval,fobjval,lz1,lz2,tot_runtime,gapf
1.0,1708.9999999999998,1708.9999999999998,290854.0,0.0,1708.9999999999998,0.13682889938354492,0.0
5.0,1708.9999999999998,1709.0,290854.0,0.0,1709.0,0.11804008483886719,0.0
6.0,1708.9999999999998,1709.0,290854.0,0.0,1709.0,0.11915278434753418,0.0
