iteration,bestlobjval,lobjval,fobjval,lz1,lz2,tot_runtime,gapf
1.0,364076.994429355,364076.994429355,183231.76062661686,361862.1344293552,2214.8599999998078,3.299783945083618,0.0
5.0,364076.994429355,412427.39481294266,183285.68227092383,410193.9494796096,2233.4453333330634,3.5476419925689697,0.0
6.0,364076.994429355,418467.4993592296,183274.9799042195,416238.78469256405,2228.7146666655185,1.7458760738372803,0.0
7.0,364076.994429355,428773.28461671405,183257.1748000579,426547.66253288474,2225.6220838292916,2.2141900062561035,0.0
8.0,364076.994429355,394621.0330560116,183374.35010739916,392401.51060569973,2219.5224503118857,2.214095115661621,0.0
9.0,364076.994429355,390753.33244176995,186541.09425716905,388523.2744212964,2230.058020473557,0.9708518981933594,0.0
10.0,364076.994429355,393614.4578093494,186514.45261457883,391397.99305554235,2216.4647538070367,0.6761751174926758,0.0
