iteration,bestlobjval,lobjval,fobjval,lz1,lz2,tot_runtime,gapf
1.0,1413.0,1413.0,33536.99998983152,0.0,1413.0,0.16953301429748535,0.0
5.0,1413.0,1413.0,33537.0,0.0,1413.0,0.14937710762023926,0.0
