iteration,bestlobjval,lobjval,fobjval,lz1,lz2,tot_runtime,gapf
1.0,3852.0,3852.0,142903.0,0.0,3852.0,0.007843971252441406,0.0
5.0,3852.0,3852.0,142903.0,0.0,3852.0,0.00827789306640625,0.0
6.0,3852.0,3852.0,142903.0,0.0,3852.0,0.008272886276245117,0.0
22.0,3852.0,3852.0,142903.0,0.0,3852.0,0.008162975311279297,0.0
23.0,3852.0,3852.0,142903.0,0.0,3852.0,0.008095026016235352,0.0
24.0,3852.0,3852.0,142903.0,0.0,3852.0,0.008349180221557617,0.0
