iteration,bestlobjval,lobjval,fobjval,lz1,lz2,tot_runtime,gapf
1.0,45545.789583297585,45545.789583297585,192026.56341295454,44093.76736107285,1452.022222224732,5.489423990249634,0.0
5.0,45545.789583297585,47578.940691426214,192052.40898162004,46121.197913634605,1457.7427777916057,5.118201971054077,0.0
6.0,45545.789583297585,47569.78569679228,192140.40605644917,46121.19791901739,1448.5877777748904,3.841588020324707,0.0
