iteration,bestlobjval,lobjval,fobjval,lz1,lz2,tot_runtime,gapf
1.0,146032.84958884784,146032.84958884784,48938.83152615334,145253.64958884782,779.2000000000002,100.0164110660553,0.28349571396618506
2.0,138794.2960821524,138794.2960821524,48938.83151952938,138013.8960821524,780.4,100.01705813407898,0.3050701825051707
3.0,134647.04343771792,134647.04343771792,49574.647322395496,133884.83871087828,762.2047268396459,25.405514001846313,0.0
4.0,123265.9126489062,123265.9126489062,49310.647322395496,122541.64598223954,724.2666666666665,16.41872000694275,0.0
5.0,117867.9059482806,117867.9059482806,49292.64732239548,117133.91948172345,733.9864665571472,15.150800943374634,0.0
