iteration,bestlobjval,lobjval,fobjval,lz1,lz2,tot_runtime,gapf
1.0,730.9999999999999,730.9999999999999,25366.0,0.0,730.9999999999999,13.244966983795166,2.672211849417529e-06
5.0,730.9999999999999,730.9999999999999,25365.999991999965,0.0,730.9999999999999,3.2922770977020264,0.0
7.0,730.9999999999999,731.0,25366.0,0.0,731.0,4.632896900177002,0.0
8.0,730.9999999999999,731.0,25365.999993265432,0.0,731.0,4.102420091629028,0.0
