attr,value
lobjval,2507.999999998963
fobjval,24124.9999969689
lz1,0.0
lz2,2507.999999998963
tot_runtime,10.664258003234863
gapf,0.0
best_it,1.0
improvementHeuristic,0.0
