attr,value
lobjval,506976.9536974032
fobjval,286259.04374999995
lz1,506222.4
lz2,754.5536974031592
tot_runtime,5.765074968338013
gapf,0.0
best_it,2.0
improvementHeuristic,-inf
