iteration,bestlobjval,lobjval,fobjval,lz1,lz2,tot_runtime,gapf
1.0,1692.0,1692.0,654161.0,0.0,1692.0,0.009851932525634766,0.0
3.0,1692.0,1692.0,654161.0,0.0,1692.0,0.00987696647644043,0.0
5.0,1692.0,1692.0,654161.0,0.0,1692.0,0.009743928909301758,0.0
23.0,1692.0,1692.0,654161.0,0.0,1692.0,0.009686946868896484,0.0
24.0,1692.0,1692.0,654161.0,0.0,1692.0,0.009680986404418945,0.0
