iteration,bestlobjval,lobjval,fobjval,lz1,lz2,tot_runtime,gapf
1.0,2708.0,2708.0,33571.0,0.0,2708.0,1.6474099159240723,0.0
2.0,2708.0,2708.000000000001,34541.0,0.0,2708.000000000001,0.3407011032104492,0.0
5.0,2708.0,2708.0,34541.0,0.0,2708.0,0.37891578674316406,0.0
7.0,2708.0,2708.0000000000005,33708.0,0.0,2708.0000000000005,0.03682208061218262,0.0
8.0,2708.0,2708.0,33708.0,0.0,2708.0,0.03532719612121582,0.0
