iteration,bestlobjval,lobjval,fobjval,lz1,lz2,tot_runtime,gapf
2.0,195662.6609554528,195662.6609554528,45747.90866035524,194677.70876428677,984.9521911660275,12.08666205406189,3.812945971190756e-05
5.0,176386.02927943677,176386.02927943677,46049.569606469675,175405.688243535,980.3410359017764,6.527570962905884,0.0
6.0,174685.65216386347,174685.65216386347,46157.084741501625,173705.6062745025,980.0458893609735,6.34154486656189,0.0
7.0,174685.65216386347,177847.6708363398,46166.840686513846,176868.3895406976,979.2812956422043,4.059744119644165,0.0
8.0,174685.65216386347,183436.64367747592,46401.09108157736,182466.1247194961,970.5189579798277,4.1172919273376465,0.0
10.0,174685.65216386347,193798.86826131082,45869.11397309822,192826.25319240146,972.6150689093753,5.332946062088013,0.0
11.0,174685.65216386347,207479.1780105851,46037.612747505016,206514.52981910127,964.6481914838323,5.98740291595459,0.0
16.0,174685.65216386347,193581.7035981004,46263.44249484847,192614.88919200317,966.8144060972317,4.238573789596558,0.0
17.0,174685.65216386347,178077.5997045485,46405.75491749624,177111.77322631155,965.8264782369712,7.6394360065460205,0.0
