iteration,bestlobjval,lobjval,fobjval,lz1,lz2,tot_runtime,gapf
1.0,2562.0,2562.0,122881.0,0.0,2562.0,2.313570976257324,0.0
5.0,2562.0,2562.0,122881.0,0.0,2562.0,1.7758078575134277,0.0
