attr,value
lobjval,228089.88436969955
fobjval,90316.21778088613
lz1,226179.41547264278
lz2,1910.468897056777
tot_runtime,162.84809851646423
gapf,0.0
best_it,3.0
improvementHeuristic,-inf
