iteration,bestlobjval,lobjval,fobjval,lz1,lz2,tot_runtime,gapf
1.0,1681.0000000000002,1681.0000000000002,84101.0,0.0,1681.0000000000002,1.612375020980835,0.0
2.0,1681.0000000000002,1681.0000000000002,86249.0,0.0,1681.0000000000002,0.1327049732208252,0.0
