attr,value
lobjval,1761.0
fobjval,68822.0
lz1,0.0
lz2,1761.0
tot_runtime,20.644835710525513
gapf,5.574771402740728e-05
best_it,1.0
improvementHeuristic,0.0
