attr,value
lobjval,854.9999999999999
fobjval,130932.0
lz1,0.0
lz2,854.9999999999999
tot_runtime,16.066722631454468
gapf,0.0
best_it,2.0
improvementHeuristic,1.329670616627088e-14
