iteration,bestlobjval,lobjval,fobjval,lz1,lz2,tot_runtime,gapf
2.0,258868.73770465484,258868.73770465484,61684.12805699807,258080.581880044,788.1558246108456,100.03623008728027,0.021183526243413763
3.0,250293.32791366187,250293.32791366187,62069.440697126964,249522.99264985573,770.3352638061367,100.05668497085571,0.04229660849644148
4.0,250293.32791366187,261897.06191149866,61278.72106818386,261122.23338457063,774.8285269280304,100.03169798851013,0.010536189426708321
