iteration,bestlobjval,lobjval,fobjval,lz1,lz2,tot_runtime,gapf
1.0,345218.08070823364,345218.08070823364,86217.29035045549,342869.59499394783,2348.4857142857923,100.02529716491699,0.022443238285644283
2.0,345218.08070823364,346711.6204337645,86545.15387640799,344356.8903569348,2354.73007682967,100.03577589988708,0.026743246287018133
5.0,345218.08070823364,348279.07973126817,86324.3872280672,345909.222588411,2369.857142857145,100.05246496200562,0.027307268654088106
6.0,345218.08070823364,361887.40914962214,86345.6906549302,359493.15907083324,2394.250078788892,100.03963804244995,0.026953156186000984
