attr,value
lobjval,73396.70670114449
fobjval,28665.868874639185
lz1,72812.43051059908
lz2,584.2761905454171
tot_runtime,139.84205722808838
gapf,0.0
best_it,9.0
improvementHeuristic,-inf
