iteration,bestlobjval,lobjval,fobjval,lz1,lz2,tot_runtime,gapf
1.0,1602.9999999999998,1602.9999999999998,14347.0,0.0,1602.9999999999998,1.321794033050537,0.0
2.0,1602.9999999999998,1603.0000000000005,14347.0,0.0,1603.0000000000005,1.2545030117034912,0.0
5.0,1602.9999999999998,1603.0,14347.0,0.0,1603.0,2.0936119556427,0.0
