iteration,bestlobjval,lobjval,fobjval,lz1,lz2,tot_runtime,gapf
1.0,1717.0000000000002,1717.0000000000002,309916.0,0.0,1717.0000000000002,0.07898902893066406,0.0
