iteration,bestlobjval,lobjval,fobjval,lz1,lz2,tot_runtime,gapf
2.0,140464.0,140464.0,126928.0,137730.0,2734.0,0.17813396453857422,0.0
23.0,76897.0,76897.0,126928.0,74163.0,2734.0,0.10429811477661133,0.0
24.0,76897.0,172053.70666666667,127159.0,169377.0,2676.706666666667,0.05026888847351074,0.0
25.0,76897.0,172071.93333333332,127159.0,169377.0,2694.9333333333334,0.07274699211120605,0.0
26.0,76897.0,140464.0,126928.0,137730.0,2734.0,0.09037113189697266,0.0
27.0,76897.0,140464.0,126928.0,137730.0,2734.0,0.1304020881652832,0.0
28.0,76897.0,140464.0,126928.0,137730.0,2734.0,0.09493803977966309,0.0
