attr,value
lobjval,235627.41582783833
fobjval,93074.08786796164
lz1,235001.76262537276
lz2,625.6532024655526
tot_runtime,22.660198211669922
gapf,0.0
best_it,2.0
improvementHeuristic,-inf
