iteration,bestlobjval,lobjval,fobjval,lz1,lz2,tot_runtime,gapf
2.0,174077.84490581453,174077.84490581453,61499.974810610496,172701.90927401735,1375.9356317971926,10.039896011352539,0.0
4.0,174077.84490581453,204303.62154837127,62936.63565858558,202974.42490246048,1329.196645910782,11.719856023788452,0.0
5.0,174077.84490581453,221884.9047125747,63035.33153560865,220555.4009238054,1329.5037887693022,11.714513063430786,0.0
6.0,174077.84490581453,224227.14792125294,63113.39571634501,222898.39108514617,1328.756836106774,11.717643022537231,0.0
7.0,174077.84490581453,185555.42165420682,62345.872541963705,184228.51156522363,1326.9100889831989,4.61970591545105,0.0
8.0,174077.84490581453,213819.7187425749,64055.48580742796,212485.0902832214,1334.6284593535286,5.440042972564697,0.0
9.0,174077.84490581453,213369.62054300695,64065.93123027653,212031.17281473178,1338.4477282751882,5.683186054229736,0.0
