iteration,bestlobjval,lobjval,fobjval,lz1,lz2,tot_runtime,gapf
1.0,1761.0,1761.0,626229.0,0.0,1761.0,0.011564016342163086,0.0
2.0,1761.0,1761.0,626229.0,0.0,1761.0,0.011368036270141602,0.0
4.0,1761.0,1761.0,626229.0,0.0,1761.0,0.01129603385925293,0.0
5.0,1761.0,1761.0,626229.0,0.0,1761.0,0.011736154556274414,0.0
6.0,1761.0,1761.0,626229.0,0.0,1761.0,0.011327981948852539,0.0
23.0,1761.0,1761.0,626229.0,0.0,1761.0,0.01123499870300293,0.0
24.0,1761.0,1761.0,626229.0,0.0,1761.0,0.01133108139038086,0.0
