iteration,bestlobjval,lobjval,fobjval,lz1,lz2,tot_runtime,gapf
1.0,864.0,864.0,153261.0,0.0,864.0,0.0795741081237793,1.9422015811196575e-05
