attr,value
lobjval,350412.8300277276
fobjval,277342.375571502
lz1,349091.02050392143
lz2,1321.8095238061312
tot_runtime,42.120291233062744
gapf,0.0
best_it,5.0
improvementHeuristic,-inf
