iteration,bestlobjval,lobjval,fobjval,lz1,lz2,tot_runtime,gapf
1.0,1234.0,1234.0,113140.0,0.0,1234.0,0.5582840442657471,0.0
5.0,1234.0,1234.0,113140.0,0.0,1234.0,0.49584102630615234,0.0
6.0,1234.0,1234.0,113140.0,0.0,1234.0,0.5747721195220947,0.0
