iteration,bestlobjval,lobjval,fobjval,lz1,lz2,tot_runtime,gapf
1.0,722.0,722.0,117852.0,0.0,722.0,0.011780023574829102,0.0
5.0,722.0,722.0,117852.0,0.0,722.0,0.015196084976196289,0.0
6.0,722.0,722.0,117852.0,0.0,722.0,0.01134181022644043,0.0
22.0,722.0,722.0,117852.0,0.0,722.0,0.0111541748046875,0.0
23.0,722.0,722.0,117852.0,0.0,722.0,0.010943889617919922,0.0
24.0,722.0,722.0,117852.0,0.0,722.0,0.01085805892944336,0.0
