attr,value
lobjval,195262.83934307963
fobjval,97586.99050648996
lz1,194582.53806871473
lz2,680.301274364892
tot_runtime,99.62476086616516
gapf,0.0
best_it,13.0
improvementHeuristic,-inf
