iteration,bestlobjval,lobjval,fobjval,lz1,lz2,tot_runtime,gapf
1.0,3303.7013888803585,3303.7013888803585,60767.535156249476,2778.7013888803585,525.0,100.0103189945221,0.0493328971151223
2.0,3303.7013888803585,3322.819444392856,60767.5351552676,2797.8194443775155,525.0000000153402,100.00712013244629,0.08768803759752883
5.0,724.0,724.0,61107.0,199.0,525.0,0.2070169448852539,7.620424620873865e-15
6.0,724.0,724.0,61107.0,199.0,525.0,0.30602192878723145,4.048350579839241e-15
7.0,724.0,724.0,61107.0,199.0,525.0,0.3190019130706787,0.0
8.0,724.0,724.0,61107.0,199.0,525.0,1.3392069339752197,0.0
9.0,724.0,3393.8020833429555,60923.85383598221,2868.8020833433584,524.9999999995971,2.857618808746338,0.0
10.0,724.0,724.0,61107.0,199.0,525.0,2.4075188636779785,0.0
11.0,724.0,724.0,61107.0,199.0,525.0,0.49541592597961426,0.0
