iteration,bestlobjval,lobjval,fobjval,lz1,lz2,tot_runtime,gapf
1.0,2708.0,2708.0,23847.0,0.0,2708.0,1.6487360000610352,1.4561373637644316e-12
