iteration,bestlobjval,lobjval,fobjval,lz1,lz2,tot_runtime,gapf
1.0,3623.0000000000005,3623.0000000000005,75816.0,0.0,3623.0000000000005,0.06259012222290039,0.0
5.0,3623.0,3623.0,75816.0,0.0,3623.0,0.06799793243408203,0.0
6.0,3623.0,3623.0,75816.0,0.0,3623.0,0.08522701263427734,0.0
