iteration,bestlobjval,lobjval,fobjval,lz1,lz2,tot_runtime,gapf
1.0,527.9999995975807,527.9999995975807,43336.99999451386,0.0,527.9999995975807,46.02255606651306,8.142902070617943e-05
5.0,527.9999995975807,528.0,43336.99998970589,0.0,528.0,7.965618848800659,0.0
6.0,527.9999995975807,528.0,43337.0,0.0,528.0,9.306632041931152,0.0
