iteration,bestlobjval,lobjval,fobjval,lz1,lz2,tot_runtime,gapf
1.0,729.0,729.0,55979.0,0.0,729.0,0.5756580829620361,0.0
5.0,729.0,729.0,55978.99999418117,0.0,729.0,0.8448259830474854,0.0
6.0,729.0,729.0,55979.0,0.0,729.0,0.7838129997253418,0.0
