iteration,bestlobjval,lobjval,fobjval,lz1,lz2,tot_runtime,gapf
2.0,146219.7193145088,146219.7193145088,112840.0,145624.99999999994,594.7193145088813,0.06419110298156738,0.0
5.0,146219.7193145088,193166.7830565841,113832.0,192569.0,597.783056584102,0.05385899543762207,0.0
6.0,146219.7193145088,175351.25174969144,112840.0,174752.0,599.2517496914361,0.0696420669555664,0.0
7.0,146219.7193145088,193166.7830565841,113832.0,192569.0,597.783056584102,0.053483009338378906,0.0
27.0,146219.7193145088,199046.66666666666,113154.0,198459.0,587.6666666666666,0.06848597526550293,0.0
