iteration,bestlobjval,lobjval,fobjval,lz1,lz2,tot_runtime,gapf
1.0,202611.01340100757,202611.01340100757,56175.19151000855,197883.50673434095,4727.50666666662,100.01740288734436,0.003738597741908655
2.0,202611.01340100757,207397.426845687,56423.68806957323,202608.87428574284,4788.552559944152,95.40671706199646,0.0
3.0,188956.91056376524,188956.91056376524,57195.5730127219,184291.840623822,4665.069939943222,28.95619797706604,0.0
4.0,188956.91056376524,218011.2410306,56451.068130605534,213272.87312595197,4738.367904648029,49.47554683685303,0.0
5.0,188956.91056376524,253331.14028485602,57881.52412335857,248667.60562179962,4663.5346630564045,24.25435996055603,0.0
6.0,188956.91056376524,220783.93979145822,59323.46540937638,216106.09057250636,4677.849218951869,2.315584897994995,0.0
8.0,188956.91056376524,274655.1737789049,59189.39250677898,270166.82508997683,4488.348688928044,18.618338108062744,0.0
9.0,188956.91056376524,268127.17553949833,59621.99334380074,263694.9558434344,4432.2196960639785,15.386130809783936,0.0
10.0,188956.91056376524,250022.99204706406,59476.59866488792,245586.3500122765,4436.642034787572,14.451940059661865,0.0
