iteration,bestlobjval,lobjval,fobjval,lz1,lz2,tot_runtime,gapf
1.0,3803.9999999999995,3803.9999999999995,48155.0,0.0,3803.9999999999995,0.6903178691864014,2.1304330258537286e-14
5.0,3803.9999999999995,3804.0,48155.0,0.0,3804.0,0.7748677730560303,1.7723389640612935e-13
6.0,3803.9999999999995,3804.0,48155.0,0.0,3804.0,0.7152447700500488,0.0
7.0,3803.9999999999995,3804.0,48155.0,0.0,3804.0,0.7789478302001953,0.0
8.0,3803.9999999999995,3803.9999999999995,48155.0,0.0,3803.9999999999995,0.9381630420684814,0.0
