iteration,bestlobjval,lobjval,fobjval,lz1,lz2,tot_runtime,gapf
1.0,1324.0,1324.0,51841.0,0.0,1324.0,7.452390909194946,0.0
2.0,1323.9999999999998,1323.9999999999998,51997.0,0.0,1323.9999999999998,0.7673861980438232,0.0
5.0,1323.9999999999998,1323.9999999999998,51997.0,0.0,1323.9999999999998,0.6308050155639648,5.0002315121615605e-08
