iteration,bestlobjval,lobjval,fobjval,lz1,lz2,tot_runtime,gapf
1.0,3585.0000000000005,3585.0000000000005,41465.0,0.0,3585.0000000000005,4.317569971084595,3.79556212009644e-05
5.0,3585.0,3585.0,41464.99998482432,0.0,3585.0,5.010897874832153,0.0
6.0,3585.0,3585.0,41464.99997324425,0.0,3585.0,0.94675612449646,0.0
