iteration,bestlobjval,lobjval,fobjval,lz1,lz2,tot_runtime,gapf
1.0,2633.0,2633.0,24735.9999714698,0.0,2633.0,11.527072191238403,9.367095563007875e-05
