attr,value
lobjval,1634.999999914999
fobjval,186724.0
lz1,0.0
lz2,1634.999999914999
tot_runtime,26.28624653816223
gapf,0.0
best_it,2.0
improvementHeuristic,5.19884693908394e-09
