iteration,bestlobjval,lobjval,fobjval,lz1,lz2,tot_runtime,gapf
1.0,2589.0,2589.0,213007.0,0.0,2589.0,0.2550499439239502,0.0
5.0,2589.0,2589.0,213006.99993845186,0.0,2589.0,0.2919600009918213,0.0
6.0,2589.0,2589.0,213006.9999669009,0.0,2589.0,0.2590348720550537,0.0
7.0,2589.0,2589.0,213006.99997544847,0.0,2589.0,0.2839651107788086,0.0
