attr,value
lobjval,210339.05343802547
fobjval,77684.43708691442
lz1,209654.4155264631
lz2,684.6379115623653
tot_runtime,522.2966449260712
gapf,0.0
best_it,12.0
improvementHeuristic,-inf
