attr,value
lobjval,3585.0
fobjval,41464.99998482432
lz1,0.0
lz2,3585.0
tot_runtime,17.6869854927063
gapf,0.0
best_it,5.0
improvementHeuristic,1.2684723874099416e-14
