iteration,bestlobjval,lobjval,fobjval,lz1,lz2,tot_runtime,gapf
3.0,457189.97836478194,457189.97836478194,377191.0,455231.0,1958.9783647819354,0.06658577919006348,0.0
26.0,457189.97836478194,457192.09523809527,377191.0,455231.0,1961.0952380952615,0.05057692527770996,7.642904588128045e-06
