attr,value
lobjval,1854.9999999999998
fobjval,72566.0
lz1,0.0
lz2,1854.9999999999998
tot_runtime,29.44097089767456
gapf,0.0
best_it,1.0
improvementHeuristic,0.0
