iteration,bestlobjval,lobjval,fobjval,lz1,lz2,tot_runtime,gapf
3.0,517561.40956495504,517561.40956495504,265586.0,516179.0,1382.4095649550345,0.04096794128417969,9.490515106985026e-05
5.0,408350.0,408350.0,263271.0,406943.0,1407.0,0.06153988838195801,0.0
6.0,265124.0,265124.0,263271.0,263717.0,1407.0,0.06271481513977051,0.0
7.0,265124.0,408350.0,263271.0,406943.0,1407.0,0.06032681465148926,0.0
8.0,265124.0,408350.0,263271.0,406943.0,1407.0,0.06239604949951172,0.0
9.0,265124.0,265124.0,263271.0,263717.0,1407.0,0.053073883056640625,0.0
10.0,265124.0,408350.0,263271.0,406943.0,1407.0,0.06601715087890625,0.0
11.0,265124.0,408350.0,263271.0,406943.0,1407.0,0.05511784553527832,0.0
27.0,265124.0,319903.2,263997.0,318530.0,1373.2,0.05246591567993164,0.0
