attr,value
lobjval,1628.0000000000002
fobjval,14339.0
lz1,0.0
lz2,1628.0000000000002
tot_runtime,10.460843801498413
gapf,0.0
best_it,1.0
improvementHeuristic,0.0
