iteration,bestlobjval,lobjval,fobjval,lz1,lz2,tot_runtime,gapf
1.0,2694.0,2694.0,393676.0,0.0,2694.0,0.00864100456237793,0.0
5.0,2694.0,2694.0,393676.0,0.0,2694.0,0.009016990661621094,0.0
6.0,2694.0,2694.0,393676.0,0.0,2694.0,0.008678913116455078,0.0
21.0,2694.0,2694.0,393676.0,0.0,2694.0,0.008800029754638672,0.0
22.0,2694.0,2694.0,393676.0,0.0,2694.0,0.008743047714233398,0.0
23.0,2694.0,2694.0,393676.0,0.0,2694.0,0.008692026138305664,0.0
24.0,2694.0,2694.0,393676.0,0.0,2694.0,0.008841991424560547,0.0
