attr,value
lobjval,99928.91566525714
fobjval,44517.53622885783
lz1,98973.74203412082
lz2,955.1736311363179
tot_runtime,339.37990832328796
gapf,0.0
best_it,21.0
improvementHeuristic,-inf
