iteration,bestlobjval,lobjval,fobjval,lz1,lz2,tot_runtime,gapf
2.0,365980.60700408433,365980.60700408433,139423.9821828441,363021.58483068715,2959.0221733972094,0.0563960075378418,0.0
24.0,365980.60700408433,366023.37903225655,139422.40504316194,363063.37903225655,2959.9999999999995,0.07082891464233398,0.0
25.0,365980.60700408433,366023.3790322579,139422.40504316214,363063.3790322579,2960.0,0.08203697204589844,0.0
26.0,365980.60700408433,366023.37903225794,139422.40504316243,363063.37903225794,2960.0,0.07457494735717773,0.0
