iteration,bestlobjval,lobjval,fobjval,lz1,lz2,tot_runtime,gapf
2.0,616915.2761039365,616915.2761039365,191835.83888906759,615553.1589045698,1362.1171993667335,7.2288548946380615,0.0
5.0,590261.3802400016,590261.3802400016,191856.63499325034,588894.6916120638,1366.6886279378077,5.764256000518799,0.0
6.0,480517.4846538436,480517.4846538436,199581.08342686266,479177.19051218155,1340.2941416620602,8.544740200042725,0.0
8.0,451793.2531130987,451793.2531130987,200003.19135185244,450429.34408791264,1363.9090251860537,4.71942400932312,5.977764302027268e-05
9.0,447915.22957782453,447915.22957782453,199842.37047195394,446545.7645478682,1369.465029956298,5.412496089935303,0.0
10.0,447264.7709700448,447264.7709700448,200013.57004197434,445902.0048020007,1362.7661680440829,4.831470012664795,0.0
11.0,447264.7709700448,466165.01221276243,199821.38865303996,464798.9757542407,1366.0364585217587,4.931307077407837,0.0
12.0,447264.7709700448,461167.3828749536,200011.70276612096,459808.0452783387,1359.3375966149208,6.251687049865723,0.0
14.0,440480.87466066645,440480.87466066645,200770.99780021296,439140.3179652482,1340.5566954182787,5.566655874252319,0.0
