iteration,bestlobjval,lobjval,fobjval,lz1,lz2,tot_runtime,gapf
1.0,1762.0000000000002,1762.0000000000002,88484.0,0.0,1762.0000000000002,5.252453088760376,4.136984195698846e-05
5.0,1762.0,1762.0,88484.0,0.0,1762.0,2.904517889022827,0.0
6.0,1762.0,1762.0,88484.0,0.0,1762.0,2.2333731651306152,0.0
