iteration,bestlobjval,lobjval,fobjval,lz1,lz2,tot_runtime,gapf
1.0,1629.0,1629.0,26192.0,0.0,1629.0,0.3299400806427002,0.0
5.0,1629.0,1629.0,26192.0,0.0,1629.0,0.3319871425628662,0.0
