iteration,bestlobjval,lobjval,fobjval,lz1,lz2,tot_runtime,gapf
1.0,796.9999991207266,796.9999991207266,30195.999976621242,0.0,796.9999991207266,39.18901205062866,8.053382418940413e-05
5.0,796.9999991207266,797.0,30196.0,0.0,797.0,32.15492582321167,7.38470679143453e-05
6.0,796.9999991207266,797.0,30196.0,0.0,797.0,3.845982074737549,0.0
7.0,796.9999991207266,797.0,31429.0,0.0,797.0,3.4352259635925293,0.0
