attr,value
lobjval,1207.0
fobjval,137612.0
lz1,0.0
lz2,1207.0
tot_runtime,34.20275259017944
gapf,5.8134465017374185e-05
best_it,1.0
improvementHeuristic,0.0
