iteration,bestlobjval,lobjval,fobjval,lz1,lz2,tot_runtime,gapf
1.0,884.9999999892727,884.9999999892727,72194.99998172876,0.0,884.9999999892727,45.462252140045166,4.566231562668514e-12
2.0,884.9999999892727,885.0,72552.0,0.0,885.0,9.21106505393982,0.0
5.0,884.9999999892727,885.0,75228.0,0.0,885.0,4.778557062149048,0.0
