iteration,bestlobjval,lobjval,fobjval,lz1,lz2,tot_runtime,gapf
1.0,1198.0,1198.0,138515.0,0.0,1198.0,4.219340085983276,7.92925946976532e-05
5.0,1197.9999999999998,1197.9999999999998,138515.0,0.0,1197.9999999999998,1.9277980327606201,8.522738063624171e-05
6.0,1197.9999999999998,1197.9999999999998,138515.0,0.0,1197.9999999999998,1.7152800559997559,0.0
