attr,value
lobjval,1717.0000000000002
fobjval,309916.0
lz1,0.0
lz2,1717.0000000000002
tot_runtime,8.276928663253784
gapf,0.0
best_it,1.0
improvementHeuristic,0.0
