iteration,bestlobjval,lobjval,fobjval,lz1,lz2,tot_runtime,gapf
1.0,531365.536551009,531365.536551009,413181.66696560645,530188.2508367234,1177.2857142857165,0.9534521102905273,0.0
2.0,439104.40382404375,439104.40382404375,418366.8930964734,437926.88816108456,1177.5156629591754,0.33806586265563965,0.0
3.0,439104.40382404375,440537.3520700036,418571.03177422436,439358.26197324507,1179.090096758476,0.7707850933074951,0.0
4.0,439104.40382404375,441915.858068975,418421.14226724015,440738.3030056874,1177.5550632875281,0.5563268661499023,0.0
5.0,439104.40382404375,442507.26208514295,418490.3412861434,441329.9763708572,1177.2857142857133,0.5000178813934326,0.0
6.0,439104.40382404375,452181.69400712947,419449.8150609125,451008.4571295045,1173.2368776250166,0.36775898933410645,7.204989861974211e-05
7.0,439104.40382404375,541871.4647946755,414104.12238693587,540698.2279170504,1173.2368776250855,0.33800482749938965,7.373118614671375e-05
25.0,439104.40382404375,531365.536551009,413181.66696560645,530188.2508367234,1177.2857142857165,0.9261300563812256,0.0
