attr,value
lobjval,5283.999999999998
fobjval,49402.0
lz1,0.0
lz2,5283.999999999998
tot_runtime,21.147405862808228
gapf,0.0
best_it,5.0
improvementHeuristic,3.442447773553854e-14
