iteration,bestlobjval,lobjval,fobjval,lz1,lz2,tot_runtime,gapf
1.0,3558.0000000000005,3558.0000000000005,47480.0,0.0,3558.0000000000005,2.8285229206085205,0.0
2.0,3558.0,3558.0,47657.0,0.0,3558.0,0.6094799041748047,0.0
5.0,3558.0,3558.0000000010873,47479.999994173595,0.0,3558.0000000010873,2.7460238933563232,5.260817711153511e-13
6.0,3558.0,3558.0,47480.0,0.0,3558.0,3.581879138946533,9.705692468991219e-05
7.0,3558.0,3558.0,47480.0,0.0,3558.0,1.9039011001586914,0.0
8.0,3557.9999999999995,3557.9999999999995,47657.0,0.0,3557.9999999999995,0.5116479396820068,0.0
9.0,3557.9999999999995,3557.9999999999995,47480.0,0.0,3557.9999999999995,0.31330084800720215,0.0
