attr,value
lobjval,351752.55555555556
fobjval,191190.917562724
lz1,350519.55555555556
lz2,1233.0
tot_runtime,2.511423110961914
gapf,0.0
best_it,4.0
improvementHeuristic,-inf
