iteration,bestlobjval,lobjval,fobjval,lz1,lz2,tot_runtime,gapf
1.0,505.0,505.0,196251.0,0.0,505.0,0.010333061218261719,0.0
3.0,505.0,505.0,196251.0,0.0,505.0,0.010446786880493164,0.0
5.0,505.0,505.0,196251.0,0.0,505.0,0.010317087173461914,0.0
6.0,504.99999999999994,504.99999999999994,196251.0,0.0,504.99999999999994,0.009918928146362305,0.0
22.0,504.99999999999994,505.0,196251.0,0.0,505.0,0.012542009353637695,0.0
23.0,504.99999999999994,505.0,196251.0,0.0,505.0,0.010589122772216797,0.0
