attr,value
lobjval,1185.0
fobjval,100064.0
lz1,0.0
lz2,1185.0
tot_runtime,33.10482406616211
gapf,5.6378961498860776e-05
best_it,1.0
improvementHeuristic,0.0
