attr,value
lobjval,363694.8848878832
fobjval,171779.9328125
lz1,363252.1
lz2,442.7848878832191
tot_runtime,5.330502510070801
gapf,0.0
best_it,24.0
improvementHeuristic,-inf
