iteration,bestlobjval,lobjval,fobjval,lz1,lz2,tot_runtime,gapf
1.0,511.00000000000006,511.00000000000006,78539.0,0.0,511.00000000000006,1.06181001663208,0.0
2.0,511.0,511.0,78539.0,0.0,511.0,0.6582732200622559,0.0
5.0,511.0,511.0,78539.0,0.0,511.0,0.9095568656921387,0.0
6.0,510.99999999999994,510.99999999999994,78539.0,0.0,510.99999999999994,0.934798002243042,0.0
