attr,value
lobjval,2655.999999999999
fobjval,103668.0
lz1,0.0
lz2,2655.999999999999
tot_runtime,37.57899618148804
gapf,0.0
best_it,5.0
improvementHeuristic,3.424302341012531e-14
