iteration,bestlobjval,lobjval,fobjval,lz1,lz2,tot_runtime,gapf
1.0,1727.9999998584901,1727.9999998584901,189320.99997061002,0.0,1727.9999998584901,7.358319044113159,2.3175706295213963e-05
2.0,1727.9999998584901,1727.9999999999998,189321.0,0.0,1727.9999999999998,7.442245006561279,4.2256274909542725e-05
7.0,1727.9999998584901,1728.0000000000002,190579.0,0.0,1728.0000000000002,0.6308908462524414,0.0
