attr,value
lobjval,501313.1138555691
fobjval,137218.82876947126
lz1,500040.6179951234
lz2,1272.495860445726
tot_runtime,639.3591530323029
gapf,0.0
best_it,13.0
improvementHeuristic,-inf
