iteration,bestlobjval,lobjval,fobjval,lz1,lz2,tot_runtime,gapf
1.0,759.0,759.0,137145.0,0.0,759.0,0.010106086730957031,0.0
2.0,759.0,759.0,137145.0,0.0,759.0,0.010790824890136719,0.0
5.0,759.0,759.0,137145.0,0.0,759.0,0.010992050170898438,0.0
6.0,759.0,759.0,137145.0,0.0,759.0,0.010399103164672852,0.0
20.0,759.0,759.0,137145.0,0.0,759.0,0.012026071548461914,0.0
21.0,759.0,759.0,137145.0,0.0,759.0,0.010352849960327148,0.0
22.0,759.0,759.0,137145.0,0.0,759.0,0.010241985321044922,0.0
