iteration,bestlobjval,lobjval,fobjval,lz1,lz2,tot_runtime,gapf
1.0,1692.0,1692.0,583435.0,0.0,1692.0,0.012085199356079102,0.0
2.0,1692.0,1692.0,583435.0,0.0,1692.0,0.012412071228027344,0.0
4.0,1692.0,1692.0,583435.0,0.0,1692.0,0.012372016906738281,0.0
22.0,1692.0,1692.0,583435.0,0.0,1692.0,0.012216806411743164,0.0
23.0,1692.0,1692.0,583435.0,0.0,1692.0,0.012005090713500977,0.0
24.0,1692.0,1692.0,583435.0,0.0,1692.0,0.011940956115722656,0.0
