iteration,bestlobjval,lobjval,fobjval,lz1,lz2,tot_runtime,gapf
2.0,145206.61277815097,145206.61277815097,55770.89026224712,144826.57487844652,380.0378997044462,2.7608489990234375,0.0
5.0,145206.61277815097,147064.35655512562,55777.988420094276,146681.2154808178,383.14107430780774,3.128129005432129,0.0
6.0,145206.61277815097,149341.4433531359,55782.366485753126,148963.382657537,378.0606955988924,3.003740072250366,0.0
7.0,145206.61277815097,154656.15341771604,55862.98700263876,154278.10244391568,378.0509738003668,3.594578981399536,0.0
