attr,value
lobjval,2510.653968253968
fobjval,126450.0
lz1,0.0
lz2,2510.653968253968
tot_runtime,25.770276069641113
gapf,0.0
best_it,5.0
improvementHeuristic,0.4103939605724779
