iteration,bestlobjval,lobjval,fobjval,lz1,lz2,tot_runtime,gapf
1.0,15134.94336554225,15134.94336554225,71119.64179211727,14447.303465783665,687.6398997585849,21.703094959259033,0.0
2.0,8774.346207052826,8774.346207052826,72597.61935739643,8087.909374201852,686.4368328509729,8.503457069396973,0.0
