iteration,bestlobjval,lobjval,fobjval,lz1,lz2,tot_runtime,gapf
1.0,2712.9999999999995,2712.9999999999995,34382.0,0.0,2712.9999999999995,0.8488011360168457,0.0
