iteration,bestlobjval,lobjval,fobjval,lz1,lz2,tot_runtime,gapf
2.0,49074.46564824886,49074.46564824886,33052.66488073648,47093.68992051016,1980.7757277387025,1.289734125137329,0.0
