iteration,bestlobjval,lobjval,fobjval,lz1,lz2,tot_runtime,gapf
1.0,1204.0,1204.0,105705.0,0.0,1204.0,6.6241371631622314,0.0
5.0,1203.999999883771,1203.999999883771,105704.99999783887,0.0,1203.999999883771,21.177016973495483,9.096827431585563e-05
