iteration,bestlobjval,lobjval,fobjval,lz1,lz2,tot_runtime,gapf
5.0,1079542.2952170724,1079542.2952170724,402787.3061074319,1077399.4952170723,2142.8,0.21644306182861328,0.0
