iteration,bestlobjval,lobjval,fobjval,lz1,lz2,tot_runtime,gapf
2.0,67166.56335892912,67166.56335892912,16793.190546586717,65746.87775267551,1419.6856062536108,16.983186960220337,0.0
3.0,67166.56335892912,80704.29129256024,17472.10714455894,79353.92998231848,1350.3613102417544,14.57328987121582,0.0
4.0,53731.82250370232,53731.82250370232,17589.845757125913,52408.170449517565,1323.652054184759,8.974971055984497,0.0
