iteration,bestlobjval,lobjval,fobjval,lz1,lz2,tot_runtime,gapf
1.0,2736.0,2736.0,182307.0,0.0,2736.0,0.5771989822387695,0.0
4.0,2736.0,2736.0000000000005,182307.0,0.0,2736.0000000000005,0.634465217590332,0.0
5.0,2736.0,2736.0,182307.0,0.0,2736.0,0.6274449825286865,0.0
