iteration,bestlobjval,lobjval,fobjval,lz1,lz2,tot_runtime,gapf
1.0,1810.0000000000002,1810.0000000000002,149177.99997449014,0.0,1810.0000000000002,0.1911780834197998,0.0
5.0,1810.0,1810.0,149178.0,0.0,1810.0,0.20156288146972656,0.0
6.0,1809.9999989859864,1809.9999989859864,149177.9999547203,0.0,1809.9999989859864,0.3034331798553467,0.0
