iteration,bestlobjval,lobjval,fobjval,lz1,lz2,tot_runtime,gapf
1.0,4896.0,4896.0,66177.0,0.0,4896.0,1.0853729248046875,0.0
2.0,4896.0,4896.0,66393.0,0.0,4896.0,0.3821260929107666,0.0
5.0,4896.0,4896.0,66393.0,0.0,4896.0,0.204010009765625,0.0
6.0,4896.0,4896.0,66393.0,0.0,4896.0,0.14453887939453125,0.0
7.0,4896.0,4896.0,66393.0,0.0,4896.0,0.18064594268798828,0.0
8.0,4896.0,4896.0,66393.0,0.0,4896.0,0.1426839828491211,0.0
9.0,4896.0,4896.0,66393.0,0.0,4896.0,0.14284420013427734,0.0
