iteration,bestlobjval,lobjval,fobjval,lz1,lz2,tot_runtime,gapf
1.0,2650.0,2650.0,191949.0,0.0,2650.0,3.1853291988372803,2.304665421243936e-14
5.0,2650.0,2650.0,191949.0,0.0,2650.0,3.085258960723877,0.0
6.0,2650.0,2650.0,191949.0,0.0,2650.0,3.749648094177246,0.0
7.0,2650.0,2650.0000000000005,191949.0,0.0,2650.0000000000005,3.6637160778045654,0.0
8.0,2650.0,2650.0,200967.0,0.0,2650.0,1.171475887298584,9.604135712484887e-05
9.0,2650.0,2650.0,200967.0,0.0,2650.0,0.7767329216003418,0.0
10.0,2650.0,2650.0,200966.99997335736,0.0,2650.0,0.3721730709075928,0.0
