attr,value
lobjval,698197.8
fobjval,400799.66562500055
lz1,697137.8
lz2,1060.0
tot_runtime,4.6987104415893555
gapf,0.0
best_it,29.0
improvementHeuristic,-inf
