iteration,bestlobjval,lobjval,fobjval,lz1,lz2,tot_runtime,gapf
1.0,59565.22392495611,59565.22392495611,79767.02242686736,54736.22392495611,4829.0,11.235393047332764,0.0
2.0,59091.29052938638,59091.29052938638,79767.02242686768,54307.34463876138,4783.945890625003,9.538690090179443,0.0
3.0,46005.34308777934,46005.34308777934,80232.74783110118,41279.463087779346,4725.879999999999,2.300581932067871,0.0
5.0,45682.88664413606,45682.88664413606,80458.7916894476,41035.402441584585,4647.484202551473,1.626509189605713,0.0
