iteration,bestlobjval,lobjval,fobjval,lz1,lz2,tot_runtime,gapf
1.0,1264.0,1264.0,107938.0,0.0,1264.0,30.55059313774109,9.358639995533294e-05
5.0,1264.0,1264.0,107938.0,0.0,1264.0,4.713725805282593,8.338120031897111e-05
6.0,1263.9999999999998,1263.9999999999998,107938.0,0.0,1263.9999999999998,3.8763129711151123,4.3411187010451614e-14
