iteration,bestlobjval,lobjval,fobjval,lz1,lz2,tot_runtime,gapf
1.0,1322.0,1322.0,67106.0,0.0,1322.0,7.068528890609741,0.0
5.0,1322.0,1322.0,71228.0,0.0,1322.0,0.3733510971069336,0.0
6.0,1322.0,1322.0,71228.0,0.0,1322.0,0.3882570266723633,0.0
