iteration,bestlobjval,lobjval,fobjval,lz1,lz2,tot_runtime,gapf
5.0,210161.23781146092,210161.23781146092,55328.25891228325,209504.04924003236,657.1885714285715,1.679703950881958,0.0
6.0,210161.23781146092,221733.4371379097,55945.19230752913,221087.8371379097,645.6000000000001,1.8568048477172852,0.0
7.0,210161.23781146092,210248.54601044403,55325.82724009534,209591.35743901547,657.1885714285718,1.3571629524230957,0.0
