iteration,bestlobjval,lobjval,fobjval,lz1,lz2,tot_runtime,gapf
2.0,52597.289102418246,52597.289102418246,19686.51301906629,51411.06859143462,1186.2205109836316,1.6024971008300781,0.0
5.0,52348.20521079028,52348.20521079028,19696.246021049243,51157.251922028925,1190.9532887613539,1.1622600555419922,0.0
6.0,52111.13034110148,52111.13034110148,19707.034663159233,50914.09205234027,1197.0382887612143,1.1507549285888672,0.0
8.0,52111.13034110148,52454.4481511453,19376.856674455572,51288.944426123686,1165.5037250216128,0.9538581371307373,0.0
9.0,52111.13034110148,52141.40443491212,19372.081698379327,50971.28589507555,1170.11853983657,1.043956995010376,0.0
10.0,43667.282188326186,43667.282188326186,19302.27534184482,42484.19587078312,1183.086317543066,1.44740891456604,0.0
11.0,43667.282188326186,57834.23997529418,20406.129522195264,56658.26379258366,1175.9761827105158,1.383173942565918,0.0
