attr,value
lobjval,2650.0
fobjval,191949.0
lz1,0.0
lz2,2650.0
tot_runtime,24.31239128112793
gapf,2.304665421243936e-14
best_it,1.0
improvementHeuristic,0.0
