iteration,bestlobjval,lobjval,fobjval,lz1,lz2,tot_runtime,gapf
1.0,1716.0000000000002,1716.0000000000002,197852.0,0.0,1716.0000000000002,1.147935152053833,0.0
5.0,1715.9999999999998,1715.9999999999998,197852.0,0.0,1715.9999999999998,1.3285808563232422,5.2899851723113e-05
6.0,1715.9999999999998,1715.9999999999998,197852.0,0.0,1715.9999999999998,1.545220136642456,5.044145023667934e-05
