iteration,bestlobjval,lobjval,fobjval,lz1,lz2,tot_runtime,gapf
1.0,2638.0,2638.0,47130.0,0.0,2638.0,0.8858928680419922,0.0
2.0,2638.0,2638.0,47342.0,0.0,2638.0,0.16692709922790527,0.0
5.0,2638.0,2638.0,47342.0,0.0,2638.0,0.15050196647644043,0.0
6.0,2637.9999999999995,2637.9999999999995,47342.0,0.0,2637.9999999999995,0.1605358123779297,0.0
7.0,2637.9999999999995,2638.0,47342.0,0.0,2638.0,0.19992399215698242,0.0
