iteration,bestlobjval,lobjval,fobjval,lz1,lz2,tot_runtime,gapf
1.0,2648.0,2648.0,46385.0,0.0,2648.0,1.044105052947998,0.0
5.0,2648.0,2648.0,46385.0,0.0,2648.0,1.09975004196167,0.0
6.0,2648.0,2648.0,46385.0,0.0,2648.0,1.131753921508789,0.0
7.0,2648.0,2648.0,46677.0,0.0,2648.0,0.06285810470581055,0.0
8.0,2648.0,2648.0,46677.0,0.0,2648.0,0.0642549991607666,0.0
