iteration,bestlobjval,lobjval,fobjval,lz1,lz2,tot_runtime,gapf
2.0,611694.1051939965,611694.1051939965,201697.32644858316,609598.8194797108,2095.285714285634,0.1196739673614502,4.328837318151494e-16
4.0,611694.1051939965,649479.3760041794,201716.7660497512,647384.0902898937,2095.2857142856947,0.4231140613555908,6.902182217516638e-05
