attr,value
lobjval,124879.44607060708
fobjval,58490.87517253153
lz1,124472.81257002303
lz2,406.63350058404626
tot_runtime,39.44636917114258
gapf,0.0
best_it,5.0
improvementHeuristic,-inf
