attr,value
lobjval,2503.476190476191
fobjval,29466.0
lz1,0.0
lz2,2503.476190476191
tot_runtime,8.817704439163208
gapf,0.0
best_it,6.0
improvementHeuristic,0.5372987494560658
