attr,value
lobjval,1588.0
fobjval,282838.0
lz1,0.0
lz2,1588.0
tot_runtime,11.460219144821167
gapf,0.0
best_it,5.0
improvementHeuristic,1.431824152665189e-14
