attr,value
lobjval,1738.0
fobjval,148648.0
lz1,0.0
lz2,1738.0
tot_runtime,7.423985004425049
gapf,0.0
best_it,2.0
improvementHeuristic,1.3082489956457539e-14
