iteration,bestlobjval,lobjval,fobjval,lz1,lz2,tot_runtime,gapf
1.0,1296.0,1296.0,578692.0,0.0,1296.0,0.006088972091674805,0.0
3.0,1296.0,1296.0,578692.0,0.0,1296.0,0.00637507438659668,0.0
4.0,1296.0,1296.0,578692.0,0.0,1296.0,0.006103992462158203,0.0
5.0,1296.0,1296.0,578692.0,0.0,1296.0,0.006989002227783203,0.0
6.0,1296.0,1296.0,578692.0,0.0,1296.0,0.006032228469848633,0.0
7.0,1296.0,1296.0,578692.0,0.0,1296.0,0.005875110626220703,0.0
8.0,1296.0,1296.0,578692.0,0.0,1296.0,0.005894899368286133,0.0
26.0,1296.0,1296.0,578692.0,0.0,1296.0,0.006150007247924805,0.0
