iteration,bestlobjval,lobjval,fobjval,lz1,lz2,tot_runtime,gapf
2.0,155876.82125819352,155876.82125819352,30649.63807445828,153079.2317621124,2797.5894960811233,2.0531280040740967,0.0
3.0,136098.53655061955,136098.53655061955,31892.230719766216,133340.8075326713,2757.7290179482548,5.799823045730591,0.0
4.0,131231.43850268106,131231.43850268106,32065.647825072345,128569.48422532545,2661.9542773556227,8.238574981689453,0.0
5.0,131231.43850268106,147322.16447040747,32569.06518698857,144649.31311651078,2672.8513538967018,2.7305400371551514,0.0
