iteration,bestlobjval,lobjval,fobjval,lz1,lz2,tot_runtime,gapf
1.0,2670.0,2670.0,23883.0,0.0,2670.0,1.9575581550598145,0.0
5.0,2670.0,2670.0,23883.0,0.0,2670.0,1.3017299175262451,0.0
6.0,2670.0,2670.0,23883.0,0.0,2670.0,2.1401658058166504,0.0
7.0,2670.0,2670.0,23883.0,0.0,2670.0,1.7843351364135742,0.0
8.0,2670.0,2670.0,23883.0,0.0,2670.0,1.803731918334961,0.0
