iteration,bestlobjval,lobjval,fobjval,lz1,lz2,tot_runtime,gapf
1.0,5197.0,5197.0,206924.0,0.0,5197.0,0.004933834075927734,0.0
3.0,5197.0,5197.0,206924.0,0.0,5197.0,0.005239963531494141,0.0
5.0,5197.0,5197.0,206924.0,0.0,5197.0,0.005434989929199219,0.0
6.0,5197.0,5197.0,206924.0,0.0,5197.0,0.0050640106201171875,0.0
23.0,5197.0,5197.0,206924.0,0.0,5197.0,0.005290985107421875,0.0
24.0,5197.0,5197.0,206924.0,0.0,5197.0,0.005052089691162109,0.0
25.0,5197.0,5197.0,206924.0,0.0,5197.0,0.00481414794921875,0.0
26.0,5197.0,5197.0,206924.0,0.0,5197.0,0.004876852035522461,0.0
