iteration,bestlobjval,lobjval,fobjval,lz1,lz2,tot_runtime,gapf
1.0,29829.604152213207,29829.604152213207,142183.58067265502,28442.808563719747,1386.7955884934604,27.973422050476074,0.0
2.0,29465.672759632955,29465.672759632955,144726.82490050985,28089.445318177455,1376.2274414554997,10.446125984191895,0.0
