iteration,bestlobjval,lobjval,fobjval,lz1,lz2,tot_runtime,gapf
2.0,348701.31323505467,348701.31323505467,112157.16843252536,347555.4596948133,1145.853540241351,100.02955603599548,0.016764435266145718
3.0,268952.22955453553,268952.22955453553,112611.29271998799,267867.399307084,1084.8302474515292,100.0172049999237,0.012307278586152135
5.0,268952.22955453553,300829.82951661403,112918.07892064122,299732.9851792189,1096.8443373951814,100.02001786231995,0.030261697907292287
6.0,268952.22955453553,319707.65518944524,112912.5373963973,318636.62286339985,1071.0323260453779,100.00694799423218,0.022264119956428952
7.0,268952.22955453553,307766.38849341276,112788.95396432326,306690.44698358065,1075.941509832111,100.02086114883423,0.021286178092555504
