iteration,bestlobjval,lobjval,fobjval,lz1,lz2,tot_runtime,gapf
1.0,2411.0,2411.0,392870.0,0.0,2411.0,0.011497974395751953,0.0
2.0,2411.0,2411.0,392870.0,0.0,2411.0,0.01128697395324707,0.0
3.0,2411.0,2411.0,392870.0,0.0,2411.0,0.011091947555541992,0.0
4.0,2411.0,2411.0,392870.0,0.0,2411.0,0.010873794555664062,0.0
27.0,2411.0,2411.0,392870.0,0.0,2411.0,0.011072158813476562,0.0
28.0,2411.0,2411.0,392870.0,0.0,2411.0,0.01077890396118164,0.0
29.0,2411.0,2411.0,392870.0,0.0,2411.0,0.01135110855102539,0.0
