attr,value
lobjval,3748.0
fobjval,33422.0
lz1,0.0
lz2,3748.0
tot_runtime,14.553963422775269
gapf,0.0
best_it,2.0
improvementHeuristic,1.2133066992701817e-14
