iteration,bestlobjval,lobjval,fobjval,lz1,lz2,tot_runtime,gapf
1.0,2577.0,2577.0,128115.0,0.0,2577.0,4.793381929397583,0.0
5.0,2576.9999999999995,2576.9999999999995,128115.0,0.0,2576.9999999999995,4.367079019546509,0.0
6.0,2576.9999999999995,2576.9999999999995,128419.0,0.0,2576.9999999999995,0.9385590553283691,0.0
7.0,2576.9999999999995,2577.0,128419.0,0.0,2577.0,1.1084239482879639,3.758837698824699e-08
8.0,2576.9999999999995,2577.0,128419.0,0.0,2577.0,1.1176691055297852,9.238493666453431e-07
