iteration,bestlobjval,lobjval,fobjval,lz1,lz2,tot_runtime,gapf
2.0,455451.71707059274,455451.71707059274,123908.70488832606,453773.82459751423,1677.8924730785075,100.05006694793701,0.047612770126533144
5.0,455451.71707059274,484929.77524610877,124789.95779169962,483373.36810351734,1556.407142591437,100.1027820110321,0.0584735887294814
6.0,455451.71707059274,527734.2511563245,125179.22959041622,526097.6099619445,1636.641194379953,100.02084803581238,0.0410394755986794
