iteration,bestlobjval,lobjval,fobjval,lz1,lz2,tot_runtime,gapf
1.0,1880.0000000000002,1880.0000000000002,69666.0,0.0,1880.0000000000002,18.032703161239624,9.960165447115128e-05
4.0,1880.0,1880.0,69666.0,0.0,1880.0,13.909024953842163,9.638174315278911e-05
5.0,1880.0,1880.0,72749.0,0.0,1880.0,2.509035110473633,0.0
6.0,1880.0,1880.0,72749.0,0.0,1880.0,1.8620719909667969,5.183953525936513e-12
7.0,1879.9999999999995,1879.9999999999995,72749.0,0.0,1879.9999999999995,1.2780859470367432,0.0
