iteration,bestlobjval,lobjval,fobjval,lz1,lz2,tot_runtime,gapf
2.0,574493.2289474525,574493.2289474525,284284.2546802212,573122.0000000609,1371.2289473915803,4.950927019119263,0.0
4.0,574493.2289474525,645574.2337780652,290080.42775573465,644219.974544429,1354.2592336362122,1.3130428791046143,0.0
5.0,507424.5678203548,507424.5678203548,294778.02339923906,506071.30194903497,1353.2658713197832,1.3177778720855713,0.0
6.0,507424.5678203548,536944.764372851,294794.47807841725,535600.8118348706,1343.9525379803604,1.140084981918335,0.0
7.0,507424.5678203548,653285.0976996922,290085.78816887434,651932.1689422529,1352.9287574394234,1.198948860168457,4.896023811624277e-14
8.0,507424.5678203548,571475.9195029866,294772.8191637551,570131.9669649975,1343.9525379891363,1.0611209869384766,0.0
9.0,507424.5678203548,656154.0519101691,290085.78816887166,654801.1231527292,1352.9287574398197,1.2585818767547607,0.0
10.0,507424.5678203548,571475.9195029866,294772.8191637551,570131.9669649975,1343.9525379891363,1.0663371086120605,0.0
