iteration,bestlobjval,lobjval,fobjval,lz1,lz2,tot_runtime,gapf
3.0,763888.3294618827,763888.3294618827,196851.4455628177,761738.0437475971,2150.2857142855437,1.1565251350402832,9.096587141681823e-05
