iteration,bestlobjval,lobjval,fobjval,lz1,lz2,tot_runtime,gapf
1.0,103832.17600067107,103832.17600067107,39926.1722845898,103387.07123876656,445.1047619045069,100.0227677822113,0.21393600325137002
2.0,98027.26035317064,98027.26035317064,39948.73738953531,97576.12296942677,451.1373837438778,100.02956199645996,0.14718575581676493
3.0,98027.26035317064,101757.92235271726,39947.04495500788,101310.46006121261,447.46229150464836,100.017587184906,0.15664281964524135
