iteration,bestlobjval,lobjval,fobjval,lz1,lz2,tot_runtime,gapf
2.0,164334.4743126246,164334.4743126246,48853.430388794106,163870.68585012248,463.7884625021109,100.01110196113586,0.0014763453215869058
3.0,146416.42482692449,146416.42482692449,49679.86718071148,145985.00204164226,431.4227852822271,100.0242760181427,0.009602693008338017
5.0,146416.42482692449,148892.60895432468,49809.414143143746,148461.72839126468,430.88056306000556,77.2325758934021,0.0
11.0,146416.42482692449,178088.657471832,50940.170169327714,177659.088457672,429.56901415998664,100.00462508201599,0.05436076335366654
