iteration,bestlobjval,lobjval,fobjval,lz1,lz2,tot_runtime,gapf
5.0,1046953.9732042421,1046953.9732042421,291817.2943677636,1045545.9732042421,1407.9999999999852,2.2696049213409424,0.0
6.0,1046953.9732042421,1152755.1184472342,291844.448986521,1151347.1184472342,1408.0000000000002,1.6647040843963623,9.383835744118852e-05
