iteration,bestlobjval,lobjval,fobjval,lz1,lz2,tot_runtime,gapf
2.0,60007.92601651714,60007.92601651714,12458.779781167434,58549.01506972561,1458.9109467915341,44.91537690162659,0.0
3.0,60007.92601651714,61971.90889933723,12588.72119246077,60581.2925198316,1390.6163795056239,23.505061864852905,0.0
4.0,60007.92601651714,72892.54067173084,12699.178381067346,71502.27252053723,1390.2681511936128,54.223532915115356,0.0
5.0,60007.92601651714,76360.95737801667,12811.49485405909,74970.10730408257,1390.8500739341,53.64793014526367,0.0
6.0,60007.92601651714,73558.0780171193,12972.6804824509,72180.30370187962,1377.7743152396934,47.25066304206848,0.0
7.0,60007.92601651714,73560.01708442935,13076.494412119813,72179.47589050823,1380.5411939211242,32.541054010391235,0.0
