iteration,bestlobjval,lobjval,fobjval,lz1,lz2,tot_runtime,gapf
1.0,2539.0,2539.0,33914.0,0.0,2539.0,2.798923969268799,0.0
2.0,2539.0,2539.0,35560.0,0.0,2539.0,0.29622602462768555,0.0
5.0,2539.0,2539.0,36218.99999294519,0.0,2539.0,0.13761281967163086,0.0
