iteration,bestlobjval,lobjval,fobjval,lz1,lz2,tot_runtime,gapf
2.0,116323.58918584233,116323.58918584233,39164.89198244846,115857.0177572705,466.57142857183015,100.03321385383606,0.14563865200738066
