attr,value
lobjval,340805.13333279523
fobjval,169261.3616158491
lz1,340338.13333279523
lz2,466.9999999999925
tot_runtime,4.500932455062866
gapf,0.0
best_it,21.0
improvementHeuristic,-inf
