iteration,bestlobjval,lobjval,fobjval,lz1,lz2,tot_runtime,gapf
1.0,122677.73874556056,122677.73874556056,42226.86015384167,120148.31884531763,2529.419900242941,100.02218008041382,0.013509913568248967
2.0,122677.73874556056,130936.58959605872,42315.560084153825,128392.17849637366,2544.4110996850636,100.02146601676941,0.014285854863138669
3.0,122677.73874556056,129032.82367795127,42317.48883906014,126483.14609375001,2549.6775842012594,100.01622891426086,0.020058570747554322
4.0,97522.84121172977,97522.84121172977,42505.907244318136,95121.5147345101,2401.326477219678,100.01485919952393,0.016911575046643854
6.0,97522.84121172977,115571.85371701201,43909.279891516264,113136.02477022039,2435.8289467916143,1.2731530666351318,0.0
