attr,value
lobjval,312413.3964773502
fobjval,139879.7881134337
lz1,311549.0449540699
lz2,864.3515232803144
tot_runtime,164.90380024909973
gapf,0.0
best_it,4.0
improvementHeuristic,-inf
