iteration,bestlobjval,lobjval,fobjval,lz1,lz2,tot_runtime,gapf
1.0,5280.0,5280.0,94252.0,0.0,5280.0,1.138031005859375,0.0
5.0,5280.0,5280.0,94252.0,0.0,5280.0,0.9952960014343262,0.0
6.0,5280.0,5280.0,98218.0,0.0,5280.0,0.2370591163635254,0.0
7.0,5279.999999999999,5279.999999999999,98218.0,0.0,5279.999999999999,0.3673129081726074,0.0
8.0,5279.999999999999,5280.0,98218.0,0.0,5280.0,0.12958693504333496,0.0
9.0,5279.999999999999,5280.0,98218.0,0.0,5280.0,0.12762713432312012,0.0
10.0,5279.999999999999,5279.999999999999,98218.0,0.0,5279.999999999999,0.08711504936218262,0.0
