attr,value
lobjval,878.9999999999999
fobjval,101809.0
lz1,0.0
lz2,878.9999999999999
tot_runtime,45.803627252578735
gapf,0.0
best_it,1.0
improvementHeuristic,0.0
