iteration,bestlobjval,lobjval,fobjval,lz1,lz2,tot_runtime,gapf
1.0,5143.33577441731,5143.33577441731,69154.45162595916,3731.8379648071395,1411.49780961017,6.262454986572266,0.0
5.0,2571.9332123910735,2571.9332123910735,69446.65928618838,1157.3978588574394,1414.5353535336342,0.8420600891113281,9.264384107171737e-05
6.0,2571.9332123910735,4782.614843750004,69814.02149410249,3366.575520833333,1416.039322916671,4.990964889526367,0.0
