iteration,bestlobjval,lobjval,fobjval,lz1,lz2,tot_runtime,gapf
2.0,364102.57215640665,364102.57215640665,98047.69973811938,359869.2003399732,4233.371816433452,0.688636064529419,0.0
4.0,364102.57215640665,436603.6331953569,98316.27801820349,432471.7601959164,4131.8729994404985,0.5051360130310059,0.0
