iteration,bestlobjval,lobjval,fobjval,lz1,lz2,tot_runtime,gapf
1.0,155596.25619965917,155596.25619965917,168951.28879452415,153063.81097465917,2532.4452249999904,28.723033905029297,0.0
2.0,153456.06701448414,153456.06701448414,169211.4506655233,150940.28573940252,2515.781275081623,24.53393292427063,0.0
3.0,153456.06701448414,158443.36273402118,169358.22105176945,155999.02192392448,2444.3408100967163,36.03972816467285,0.0
4.0,146308.60337221235,146308.60337221235,171117.0229473213,143818.85896753642,2489.744404675945,2.64349102973938,0.0
5.0,135002.32939227484,135002.32939227484,171129.87347363756,132473.04563423424,2529.283758040601,2.8264949321746826,0.0
6.0,135002.32939227484,145821.71756666433,171387.4959297781,143322.7878564331,2498.9297102312207,2.097702980041504,0.0
7.0,134118.5631441669,134118.5631441669,171121.3064560935,131604.92118976222,2513.641954404687,1.551321029663086,0.0
8.0,134118.5631441669,144951.6008941666,171378.92891223257,142454.663411984,2496.9374821826,1.8148109912872314,0.0
9.0,134118.5631441669,145116.81509389752,171258.94691995025,142626.426472826,2490.3886210715223,3.2858171463012695,0.0
