iteration,bestlobjval,lobjval,fobjval,lz1,lz2,tot_runtime,gapf
1.0,95507.50455057967,95507.50455057967,92773.32297816327,94349.83788391297,1157.6666666667038,100.05325412750244,0.1570751298441015
5.0,87636.21852775408,87636.21852775408,93368.19228307686,86471.48683078316,1164.7316969709202,100.03215098381042,0.18857497868003625
