iteration,bestlobjval,lobjval,fobjval,lz1,lz2,tot_runtime,gapf
2.0,200840.8515894792,200840.8515894792,80001.54896727225,200050.61786387523,790.2337256039702,100.00825309753418,0.0006531618411489043
3.0,200840.8515894792,221388.42919452558,80170.98287126113,220629.36892508902,759.0602694365655,89.15899705886841,0.0
4.0,200840.8515894792,218740.45040405364,80386.73374864596,217975.6162153728,764.8341886808346,90.68409395217896,0.0
5.0,200840.8515894792,220046.8739285558,80614.036829616,219281.94103405057,764.9328945052389,100.04590511322021,0.00039664649408816097
6.0,168407.23749335515,168407.23749335515,97647.23136137729,167625.68042272067,781.557070634469,100.07731199264526,0.1782510424723437
7.0,168407.23749335515,231783.76519458645,80467.86400105123,231016.37622078857,767.3889737978643,100.01046586036682,0.00045872628464138534
