iteration,bestlobjval,lobjval,fobjval,lz1,lz2,tot_runtime,gapf
1.0,95921.70307422594,95921.70307422594,91607.94132728883,94522.08402660994,1399.6190476159948,3.4577810764312744,0.0
2.0,74556.91325764186,74556.91325764186,92594.82572692551,73159.6875,1397.22575764187,3.0756571292877197,0.0
5.0,74556.91325764186,94488.19897063993,91832.74089515844,93093.57060899945,1394.6283616404778,3.5234711170196533,0.0
6.0,74556.91325764186,78802.66047984763,92520.38728763704,77402.81249998382,1399.8479798638102,3.202023983001709,0.0
7.0,74556.91325764186,97317.5065701756,91860.62391547745,95918.22662574424,1399.2799444313625,3.4133670330047607,0.0
8.0,63752.47799152478,63752.47799152478,92708.58691543172,62350.71861274143,1401.7593787833455,2.563643217086792,0.0
