iteration,bestlobjval,lobjval,fobjval,lz1,lz2,tot_runtime,gapf
1.0,507.0,507.0,91646.0,0.0,507.0,4.03481912612915,0.0
2.0,507.0,507.00000000000006,91646.0,0.0,507.00000000000006,4.165036916732788,0.0
