iteration,bestlobjval,lobjval,fobjval,lz1,lz2,tot_runtime,gapf
1.0,5432.0,5432.0,67154.0,0.0,5432.0,1.9871838092803955,0.0
2.0,5432.0,5432.0,67154.0,0.0,5432.0,2.689934015274048,0.0
5.0,5432.0,5432.0,67154.0,0.0,5432.0,2.175794839859009,0.0
6.0,5432.0,5432.0,67154.0,0.0,5432.0,2.1829800605773926,0.0
7.0,5432.0,5432.000000000001,67414.0,0.0,5432.000000000001,0.33353614807128906,0.0
8.0,5432.0,5432.0,67414.0,0.0,5432.0,0.34607601165771484,0.0
9.0,5432.0,5432.0,67414.0,0.0,5432.0,0.5887210369110107,7.684578605777137e-14
10.0,5431.999999999999,5431.999999999999,67414.0,0.0,5431.999999999999,0.032362937927246094,0.0
