{
  "lobjval": 262413.07495300536,
  "fobjval": 86481.27809462533,
  "lz1": 260127.93883042474,
  "lz2": 2285.1361225806318,
  "best_it": 14,
  "best_E0": 7987.773171999964,
  "best_B0": {
    "1": 133.25345937851384,
    "2": 195.89491153144206,
    "3": 60.300983875906965,
    "4": 208.27297158702703,
    "5": 529.9552503477162,
    "6": 311.82905725318255,
    "7": 214.00722121257294,
    "8": 89.09661247865384,
    "9": 57.05954801059717,
    "10": 179.7365624469127,
    "11": 391.78885370764505,
    "12": 93.16231345761142
  }
}