{
  "lobjval": 93141.51430856598,
  "fobjval": 79986.33023986443,
  "lz1": 89478.78108862086,
  "lz2": 3662.733219945119,
  "best_it": 1,
  "best_E0": 2921.6883580458793,
  "best_B0": {
    "1": 152.32990363157646,
    "2": 726.9209682219068,
    "3": 601.512472043827,
    "4": 565.1645871143465,
    "5": 18.573137020389087,
    "6": 26.259974385916866,
    "7": 406.69260457971336,
    "8": 1393.7649749318166,
    "9": 49.29870851736588
  }
}