{
  "lobjval": 170818.5973212044,
  "fobjval": 64864.37581785668,
  "lz1": 167722.1407751774,
  "lz2": 3096.456546027017,
  "best_it": 2,
  "best_E0": 2664.2555675301405,
  "best_B0": {
    "1": 328.2293597484564,
    "2": 533.3538275308705,
    "3": 367.9090835524303,
    "4": 131.95217204903193,
    "5": 19.659415456395855,
    "6": 226.31044239048978,
    "7": 518.1458214833948,
    "8": 569.8514677912962,
    "9": 291.2169291605261,
    "10": 189.73222630928052,
    "11": 41.11278369700196,
    "12": 76.68350723116436
  }
}