{
  "lobjval": 55415.709361370966,
  "fobjval": 269539.0,
  "lz1": 53874.0,
  "lz2": 1541.709361370966,
  "best_it": 29,
  "best_E0": 17656.79667114779,
  "best_B0": {
    "1": 553.5437828445026,
    "2": 589.6302907868627,
    "3": 398.5352877396005
  }
}