{
  "lobjval": 337564.29801213293,
  "fobjval": 212033.85391227645,
  "lz1": 336097.46841739997,
  "lz2": 1466.8295947329636,
  "best_it": 4,
  "best_E0": 29999.943381383546,
  "best_B0": {
    "1": 94.528151079643,
    "2": 267.00977750510407,
    "3": 1284.8881875961424
  }
}