{
  "lobjval": 4174.603705328498,
  "fobjval": 68405.64633925912,
  "lz1": 1121.2271910356133,
  "lz2": 3053.3765142928846,
  "best_it": 23,
  "best_E0": 560.6135950255866,
  "best_B0": {
    "1": 234.7746781715297,
    "2": 158.94126180926352,
    "3": 153.88163854321382,
    "4": 562.2841607808193,
    "5": 463.5797468181366,
    "6": 780.5876915918104,
    "7": 276.222487932866,
    "8": 152.13788282313183,
    "9": 275.71254014043006
  }
}