{
  "lobjval": 153406.25933806022,
  "fobjval": 85890.09025164324,
  "lz1": 151302.76705007735,
  "lz2": 2103.4922879828623,
  "best_it": 13,
  "best_E0": 3819.814884403942,
  "best_B0": {
    "1": 144.85393164110315,
    "2": 116.18919256015658,
    "3": 129.94620744918137,
    "4": 131.42215537306214,
    "5": 74.60594916546628,
    "6": 23.235563142298442,
    "7": 223.7458632832274,
    "8": 625.6077109289438,
    "9": 57.63671773826577,
    "10": 139.94557679040574,
    "11": 291.1755677360803,
    "12": 329.7290347103267
  }
}