{
  "lobjval": 209252.39962772434,
  "fobjval": 89412.87030464513,
  "lz1": 208558.81897562047,
  "lz2": 693.5806521038613,
  "best_it": 20,
  "best_E0": 3827.5294042463142,
  "best_B0": {
    "1": 86.58377893852541,
    "2": 2.3020057446143247,
    "3": 198.23012100627957,
    "4": 57.467170474243765,
    "5": 32.73851564046441,
    "6": 82.21867355775231,
    "7": 108.67051365030582,
    "8": 116.17403084852867,
    "9": 81.82810308462331
  }
}