{
  "lobjval": 73876.5802107448,
  "fobjval": 28061.522564184896,
  "lz1": 71993.58354115098,
  "lz2": 1882.9966695938165,
  "best_it": 17,
  "best_E0": 6080.417044047489,
  "best_B0": {
    "1": 193.68667284148069,
    "2": 4.687980519590978,
    "3": 359.016059298497,
    "4": 193.8194782770493,
    "5": 51.6642005131972,
    "6": 416.37143250465897,
    "7": 316.68826337747197,
    "8": 275.314375406029,
    "9": 184.33515859872014
  }
}