{
  "lobjval": 4214.499395395916,
  "fobjval": 48320.95036249002,
  "lz1": 2439.7902278283136,
  "lz2": 1774.7091675676018,
  "best_it": 4,
  "best_E0": 263.7611057073368,
  "best_B0": {
    "1": 24.158202302434777,
    "2": 295.0808299656351,
    "3": 51.306798313971065,
    "4": 48.35338625701371,
    "5": 103.15510595044019,
    "6": 52.44390736129039,
    "7": 31.251406126830062,
    "8": 104.90005316027211,
    "9": 399.0669773292855,
    "10": 162.21201628568164,
    "11": 269.7274712006884,
    "12": 235.69062437136054
  }
}