{
  "lobjval": 303067.54454042925,
  "fobjval": 174517.3105718619,
  "lz1": 301076.68545512983,
  "lz2": 1990.8590852994034,
  "best_it": 3,
  "best_E0": 14111.46211227452,
  "best_B0": {
    "1": 86.1159187927395,
    "2": 866.6017258919458,
    "3": 130.89330079600197,
    "4": 328.3590668645923,
    "5": 337.66769713580493,
    "6": 379.1650099382669
  }
}