{
  "lobjval": 238941.5549418269,
  "fobjval": 66925.8297215226,
  "lz1": 237979.650355382,
  "lz2": 961.904586444914,
  "best_it": 24,
  "best_E0": 7411.140412708788,
  "best_B0": {
    "1": 71.05892005641307,
    "2": 143.60250702287817,
    "3": 149.27466786870275,
    "4": 88.33880398938679,
    "5": 110.5218219296348,
    "6": 23.749743182265675,
    "7": 196.6754864438781,
    "8": 100.68372604342187,
    "9": 123.56074448629828
  }
}