{
  "lobjval": 23063.339146843595,
  "fobjval": 42059.360760628195,
  "lz1": 20616.587831058176,
  "lz2": 2446.751315785419,
  "best_it": 3,
  "best_E0": 943.0829969906482,
  "best_B0": {
    "1": 306.75278890676225,
    "2": 35.49507837891888,
    "3": 397.6972545931911,
    "4": 170.82215303100784,
    "5": 10.634322909264831,
    "6": 63.87528573680346,
    "7": 182.7619997751195,
    "8": 354.18223873752044,
    "9": 270.5728586983519,
    "10": 550.6538004762423,
    "11": 100.03772898354177,
    "12": 83.23555038926341
  }
}