{
  "lobjval": 2959.6754915533447,
  "fobjval": 50328.69894576708,
  "lz1": 771.6112889834474,
  "lz2": 2188.0642025698976,
  "best_it": 9,
  "best_E0": 264.049490526655,
  "best_B0": {
    "1": 90.69013963997344,
    "2": 80.26198572869134,
    "3": 110.68510886767793,
    "4": 74.58085068859141,
    "5": 72.30485283516566,
    "6": 245.77879865287142,
    "7": 42.31067047397363,
    "8": 486.8292801250594,
    "9": 195.5884057290854,
    "10": 298.734241052322,
    "11": 405.88233179954216,
    "12": 86.81689204067901
  }
}