S,F,T,B,D,Z1,Z2,ObjVal,time,GAP
9,9,5,7000,"{1: np.int64(860), 2: np.int64(892), 3: np.int64(681), 4: np.int64(847), 5: np.int64(756)}",31349.999999998043,16144.0,47493.999999998035,0.19991397857666016,0.0
