S,F,T,B,D,Z1,Z2,ObjVal,time,GAP
12,12,5,5000,"{1: np.int64(415), 2: np.int64(386), 3: np.int64(407), 4: np.int64(439), 5: np.int64(468)}",16837.0,8460.0,25297.0,14.33580994606018,0.0
12,12,5,5000,"{1: np.int64(415), 2: np.int64(386), 3: np.int64(407), 4: np.int64(439), 5: np.int64(468)}",16837.0,8460.0,25297.0,12.140368938446045,0.0
12,12,5,5000,"{1: np.int64(415), 2: np.int64(386), 3: np.int64(407), 4: np.int64(439), 5: np.int64(468)}",16837.0,8460.0,25297.0,11.662932872772217,0.0
12,12,5,5000,"{1: np.int64(415), 2: np.int64(386), 3: np.int64(407), 4: np.int64(439), 5: np.int64(468)}",16837.0,8460.0,25297.0,9.700413942337036,0.0
12,12,5,5000,"{1: np.int64(415), 2: np.int64(386), 3: np.int64(407), 4: np.int64(439), 5: np.int64(468)}",16837.0,8460.0,25297.0,11.894674062728882,0.0
