S,F,T,B,D,Z1,Z2,ObjVal,time,GAP
12,12,10,7000,"{1: np.int64(538), 2: np.int64(644), 3: np.int64(558), 4: np.int64(630), 5: np.int64(668), 6: np.int64(605), 7: np.int64(614), 8: np.int64(602), 9: np.int64(550), 10: np.int64(655)}",45409.99959396383,24256.0,69665.99959396382,37.13702917098999,9.46574265947357e-05
12,12,10,7000,"{1: np.int64(538), 2: np.int64(644), 3: np.int64(558), 4: np.int64(630), 5: np.int64(668), 6: np.int64(605), 7: np.int64(614), 8: np.int64(602), 9: np.int64(550), 10: np.int64(655)}",45409.99959396383,24256.0,69665.99959396382,30.784736156463623,9.46574265947357e-05
12,12,10,7000,"{1: np.int64(538), 2: np.int64(644), 3: np.int64(558), 4: np.int64(630), 5: np.int64(668), 6: np.int64(605), 7: np.int64(614), 8: np.int64(602), 9: np.int64(550), 10: np.int64(655)}",45409.99959396383,24256.0,69665.99959396382,34.3256950378418,9.46574265947357e-05
12,12,10,7000,"{1: np.int64(538), 2: np.int64(644), 3: np.int64(558), 4: np.int64(630), 5: np.int64(668), 6: np.int64(605), 7: np.int64(614), 8: np.int64(602), 9: np.int64(550), 10: np.int64(655)}",45409.99959396383,24256.0,69665.99959396382,35.00610399246216,9.46574265947357e-05
12,12,10,7000,"{1: np.int64(538), 2: np.int64(644), 3: np.int64(558), 4: np.int64(630), 5: np.int64(668), 6: np.int64(605), 7: np.int64(614), 8: np.int64(602), 9: np.int64(550), 10: np.int64(655)}",45409.99959396383,24256.0,69665.99959396382,33.16249704360962,9.46574265947357e-05
