S,F,T,B,D,Z1,Z2,ObjVal,time,GAP
12,12,10,3000,"{1: np.int64(260), 2: np.int64(272), 3: np.int64(238), 4: np.int64(222), 5: np.int64(234), 6: np.int64(272), 7: np.int64(232), 8: np.int64(238), 9: np.int64(243), 10: np.int64(243)}",19088.99998830648,9815.999996658997,28904.999984965478,46.80031490325928,0.0
12,12,10,3000,"{1: np.int64(260), 2: np.int64(272), 3: np.int64(238), 4: np.int64(222), 5: np.int64(234), 6: np.int64(272), 7: np.int64(232), 8: np.int64(238), 9: np.int64(243), 10: np.int64(243)}",19088.99998830648,9815.999996658997,28904.999984965478,71.3679141998291,0.0
12,12,10,3000,"{1: np.int64(260), 2: np.int64(272), 3: np.int64(238), 4: np.int64(222), 5: np.int64(234), 6: np.int64(272), 7: np.int64(232), 8: np.int64(238), 9: np.int64(243), 10: np.int64(243)}",19088.99998830648,9815.999996658997,28904.999984965478,71.7163200378418,0.0
12,12,10,3000,"{1: np.int64(260), 2: np.int64(272), 3: np.int64(238), 4: np.int64(222), 5: np.int64(234), 6: np.int64(272), 7: np.int64(232), 8: np.int64(238), 9: np.int64(243), 10: np.int64(243)}",19088.99998830648,9815.999996658997,28904.999984965478,70.81573605537415,0.0
12,12,10,3000,"{1: np.int64(260), 2: np.int64(272), 3: np.int64(238), 4: np.int64(222), 5: np.int64(234), 6: np.int64(272), 7: np.int64(232), 8: np.int64(238), 9: np.int64(243), 10: np.int64(243)}",19088.99998830648,9815.999996658997,28904.999984965478,73.85222697257996,0.0
