S,F,T,B,D,Z1,Z2,ObjVal,time,GAP
12,12,5,7000,"{1: np.int64(610), 2: np.int64(543), 3: np.int64(535), 4: np.int64(649), 5: np.int64(514)}",23799.99999518828,11403.999999999998,35203.99999518828,1.2614247798919678,0.0
