S,F,T,B,D,Z1,Z2,ObjVal,time,GAP
12,12,15,7000,"{1: np.int64(587), 2: np.int64(496), 3: np.int64(502), 4: np.int64(567), 5: np.int64(515), 6: np.int64(622), 7: np.int64(537), 8: np.int64(513), 9: np.int64(527), 10: np.int64(536), 11: np.int64(533), 12: np.int64(586), 13: np.int64(577), 14: np.int64(550), 15: np.int64(608)}",58276.0,33024.0,91300.0,100.0822160243988,0.013806820960118768
12,12,15,7000,"{1: np.int64(587), 2: np.int64(496), 3: np.int64(502), 4: np.int64(567), 5: np.int64(515), 6: np.int64(622), 7: np.int64(537), 8: np.int64(513), 9: np.int64(527), 10: np.int64(536), 11: np.int64(533), 12: np.int64(586), 13: np.int64(577), 14: np.int64(550), 15: np.int64(608)}",58276.0,33024.0,91300.0,100.06966519355774,0.0036548154402948137
12,12,15,7000,"{1: np.int64(587), 2: np.int64(496), 3: np.int64(502), 4: np.int64(567), 5: np.int64(515), 6: np.int64(622), 7: np.int64(537), 8: np.int64(513), 9: np.int64(527), 10: np.int64(536), 11: np.int64(533), 12: np.int64(586), 13: np.int64(577), 14: np.int64(550), 15: np.int64(608)}",58276.0,33024.0,91300.0,100.03564405441284,0.0005243408868894789
12,12,15,7000,"{1: np.int64(587), 2: np.int64(496), 3: np.int64(502), 4: np.int64(567), 5: np.int64(515), 6: np.int64(622), 7: np.int64(537), 8: np.int64(513), 9: np.int64(527), 10: np.int64(536), 11: np.int64(533), 12: np.int64(586), 13: np.int64(577), 14: np.int64(550), 15: np.int64(608)}",58276.0,33024.0,91300.0,100.0317029953003,0.003010254282040699
12,12,15,7000,"{1: np.int64(587), 2: np.int64(496), 3: np.int64(502), 4: np.int64(567), 5: np.int64(515), 6: np.int64(622), 7: np.int64(537), 8: np.int64(513), 9: np.int64(527), 10: np.int64(536), 11: np.int64(533), 12: np.int64(586), 13: np.int64(577), 14: np.int64(550), 15: np.int64(608)}",58276.0,33024.0,91300.0,100.15529584884644,0.015072291900260127
