S,F,T,B,D,Z1,Z2,ObjVal,time,GAP
6,6,10,10000,"{1: np.int64(1515), 2: np.int64(1620), 3: np.int64(1721), 4: np.int64(1494), 5: np.int64(1437), 6: np.int64(1850), 7: np.int64(1573), 8: np.int64(1895), 9: np.int64(1864), 10: np.int64(1605)}",114150.0,66296.0,180446.0,1.7720189094543457,0.0
6,6,10,10000,"{1: np.int64(1515), 2: np.int64(1620), 3: np.int64(1721), 4: np.int64(1494), 5: np.int64(1437), 6: np.int64(1850), 7: np.int64(1573), 8: np.int64(1895), 9: np.int64(1864), 10: np.int64(1605)}",114150.0,66296.0,180446.0,2.102141857147217,0.0
6,6,10,10000,"{1: np.int64(1515), 2: np.int64(1620), 3: np.int64(1721), 4: np.int64(1494), 5: np.int64(1437), 6: np.int64(1850), 7: np.int64(1573), 8: np.int64(1895), 9: np.int64(1864), 10: np.int64(1605)}",114150.0,66296.0,180446.0,1.0395100116729736,0.0
