S,F,T,B,D,Z1,Z2,ObjVal,time,GAP
12,12,5,5000,"{1: np.int64(419), 2: np.int64(354), 3: np.int64(358), 4: np.int64(405), 5: np.int64(368)}",12805.99999494382,7615.99999775281,20421.99999269663,8.984782934188843,9.569054856939314e-05
