S,F,T,B,D,Z1,Z2,ObjVal,time,GAP
9,9,15,10000,"{1: np.int64(1237), 2: np.int64(1127), 3: np.int64(1237), 4: np.int64(1011), 5: np.int64(1168), 6: np.int64(1054), 7: np.int64(1241), 8: np.int64(1202), 9: np.int64(1101), 10: np.int64(1119), 11: np.int64(953), 12: np.int64(955), 13: np.int64(1142), 14: np.int64(1107), 15: np.int64(1232)}",123791.0,67544.0,191335.0,14.763705015182495,0.0
9,9,15,10000,"{1: np.int64(1237), 2: np.int64(1127), 3: np.int64(1237), 4: np.int64(1011), 5: np.int64(1168), 6: np.int64(1054), 7: np.int64(1241), 8: np.int64(1202), 9: np.int64(1101), 10: np.int64(1119), 11: np.int64(953), 12: np.int64(955), 13: np.int64(1142), 14: np.int64(1107), 15: np.int64(1232)}",123791.0,67544.0,191335.0,13.927173137664795,0.0
9,9,15,10000,"{1: np.int64(1237), 2: np.int64(1127), 3: np.int64(1237), 4: np.int64(1011), 5: np.int64(1168), 6: np.int64(1054), 7: np.int64(1241), 8: np.int64(1202), 9: np.int64(1101), 10: np.int64(1119), 11: np.int64(953), 12: np.int64(955), 13: np.int64(1142), 14: np.int64(1107), 15: np.int64(1232)}",123791.0,67544.0,191335.0,7.050508975982666,0.0
9,9,15,10000,"{1: np.int64(1237), 2: np.int64(1127), 3: np.int64(1237), 4: np.int64(1011), 5: np.int64(1168), 6: np.int64(1054), 7: np.int64(1241), 8: np.int64(1202), 9: np.int64(1101), 10: np.int64(1119), 11: np.int64(953), 12: np.int64(955), 13: np.int64(1142), 14: np.int64(1107), 15: np.int64(1232)}",123791.0,67544.0,191335.0,13.320795059204102,0.0
9,9,15,10000,"{1: np.int64(1237), 2: np.int64(1127), 3: np.int64(1237), 4: np.int64(1011), 5: np.int64(1168), 6: np.int64(1054), 7: np.int64(1241), 8: np.int64(1202), 9: np.int64(1101), 10: np.int64(1119), 11: np.int64(953), 12: np.int64(955), 13: np.int64(1142), 14: np.int64(1107), 15: np.int64(1232)}",123791.0,67544.0,191335.0,8.80604600906372,0.0
