S,F,T,B,D,Z1,Z2,ObjVal,time,GAP
9,9,10,10000,"{1: np.int64(999), 2: np.int64(1247), 3: np.int64(1033), 4: np.int64(1248), 5: np.int64(1047), 6: np.int64(1263), 7: np.int64(1179), 8: np.int64(1112), 9: np.int64(1117), 10: np.int64(1161)}",91251.0,45624.0,136875.0,0.8241689205169678,1.7468481844282586e-05
