S,F,T,B,D,Z1,Z2,ObjVal,time,GAP
9,9,15,3000,"{1: np.int64(357), 2: np.int64(367), 3: np.int64(349), 4: np.int64(335), 5: np.int64(312), 6: np.int64(317), 7: np.int64(306), 8: np.int64(290), 9: np.int64(342), 10: np.int64(312), 11: np.int64(364), 12: np.int64(287), 13: np.int64(373), 14: np.int64(352), 15: np.int64(375)}",39251.0,20152.0,59403.0,39.603342056274414,2.65314071479264e-12
9,9,15,3000,"{1: np.int64(357), 2: np.int64(367), 3: np.int64(349), 4: np.int64(335), 5: np.int64(312), 6: np.int64(317), 7: np.int64(306), 8: np.int64(290), 9: np.int64(342), 10: np.int64(312), 11: np.int64(364), 12: np.int64(287), 13: np.int64(373), 14: np.int64(352), 15: np.int64(375)}",39251.0,20152.0,59403.0,32.0508930683136,2.65314071479264e-12
9,9,15,3000,"{1: np.int64(357), 2: np.int64(367), 3: np.int64(349), 4: np.int64(335), 5: np.int64(312), 6: np.int64(317), 7: np.int64(306), 8: np.int64(290), 9: np.int64(342), 10: np.int64(312), 11: np.int64(364), 12: np.int64(287), 13: np.int64(373), 14: np.int64(352), 15: np.int64(375)}",39251.0,20152.0,59403.0,38.01125502586365,2.65314071479264e-12
