S,F,T,B,D,Z1,Z2,ObjVal,time,GAP
12,12,10,3000,"{1: np.int64(233), 2: np.int64(230), 3: np.int64(283), 4: np.int64(238), 5: np.int64(234), 6: np.int64(239), 7: np.int64(283), 8: np.int64(260), 9: np.int64(259), 10: np.int64(266)}",20417.999996517832,10100.000000006152,30517.999996523977,8.413132905960083,0.0
