S,F,T,B,D,Z1,Z2,ObjVal,time,GAP
6,6,5,5000,"{1: np.int64(871), 2: np.int64(776), 3: np.int64(764), 4: np.int64(927), 5: np.int64(734)}",31236.0,17135.0,48371.0,0.171983003616333,2.1058776249936523e-15
6,6,5,5000,"{1: np.int64(871), 2: np.int64(776), 3: np.int64(764), 4: np.int64(927), 5: np.int64(734)}",31236.0,17135.0,48371.0,0.19255805015563965,2.1058776249936523e-15
6,6,5,5000,"{1: np.int64(871), 2: np.int64(776), 3: np.int64(764), 4: np.int64(927), 5: np.int64(734)}",31236.0,17135.0,48371.0,0.29758787155151367,2.1058776249936523e-15
