S,F,T,B,D,Z1,Z2,ObjVal,time,GAP
12,12,15,3000,"{1: np.int64(230), 2: np.int64(276), 3: np.int64(239), 4: np.int64(270), 5: np.int64(286), 6: np.int64(259), 7: np.int64(263), 8: np.int64(258), 9: np.int64(235), 10: np.int64(280), 11: np.int64(247), 12: np.int64(280), 13: np.int64(235), 14: np.int64(277), 15: np.int64(271)}",30713.999977685024,15624.0,46337.99997768502,47.4288067817688,0.0
12,12,15,3000,"{1: np.int64(230), 2: np.int64(276), 3: np.int64(239), 4: np.int64(270), 5: np.int64(286), 6: np.int64(259), 7: np.int64(263), 8: np.int64(258), 9: np.int64(235), 10: np.int64(280), 11: np.int64(247), 12: np.int64(280), 13: np.int64(235), 14: np.int64(277), 15: np.int64(271)}",30713.999977685024,15624.0,46337.99997768502,47.23224496841431,0.0
12,12,15,3000,"{1: np.int64(230), 2: np.int64(276), 3: np.int64(239), 4: np.int64(270), 5: np.int64(286), 6: np.int64(259), 7: np.int64(263), 8: np.int64(258), 9: np.int64(235), 10: np.int64(280), 11: np.int64(247), 12: np.int64(280), 13: np.int64(235), 14: np.int64(277), 15: np.int64(271)}",30713.999977685024,15624.0,46337.99997768502,44.65988111495972,0.0
