S,F,T,B,D,Z1,Z2,ObjVal,time,GAP
6,6,10,7000,"{1: np.int64(1092), 2: np.int64(1329), 3: np.int64(1263), 4: np.int64(1135), 5: np.int64(1321), 6: np.int64(1208), 7: np.int64(1277), 8: np.int64(1094), 9: np.int64(1058), 10: np.int64(1147)}",90418.0,47696.0,138114.0,2.5764458179473877,0.0
6,6,10,7000,"{1: np.int64(1092), 2: np.int64(1329), 3: np.int64(1263), 4: np.int64(1135), 5: np.int64(1321), 6: np.int64(1208), 7: np.int64(1277), 8: np.int64(1094), 9: np.int64(1058), 10: np.int64(1147)}",90418.0,47696.0,138114.0,1.685115098953247,0.0
6,6,10,7000,"{1: np.int64(1092), 2: np.int64(1329), 3: np.int64(1263), 4: np.int64(1135), 5: np.int64(1321), 6: np.int64(1208), 7: np.int64(1277), 8: np.int64(1094), 9: np.int64(1058), 10: np.int64(1147)}",90418.0,47696.0,138114.0,2.027729034423828,0.0
6,6,10,7000,"{1: np.int64(1092), 2: np.int64(1329), 3: np.int64(1263), 4: np.int64(1135), 5: np.int64(1321), 6: np.int64(1208), 7: np.int64(1277), 8: np.int64(1094), 9: np.int64(1058), 10: np.int64(1147)}",90418.0,47696.0,138114.0,1.9064230918884277,0.0
6,6,10,7000,"{1: np.int64(1092), 2: np.int64(1329), 3: np.int64(1263), 4: np.int64(1135), 5: np.int64(1321), 6: np.int64(1208), 7: np.int64(1277), 8: np.int64(1094), 9: np.int64(1058), 10: np.int64(1147)}",90418.0,47696.0,138114.0,2.1252670288085938,0.0
