S,F,T,B,D,Z1,Z2,ObjVal,time,GAP
12,12,15,7000,"{1: np.int64(610), 2: np.int64(543), 3: np.int64(535), 4: np.int64(649), 5: np.int64(514), 6: np.int64(587), 7: np.int64(645), 8: np.int64(538), 9: np.int64(532), 10: np.int64(649), 11: np.int64(569), 12: np.int64(621), 13: np.int64(501), 14: np.int64(559), 15: np.int64(525)}",71811.9999973723,34308.0,106119.9999973723,5.195317029953003,0.0
