S,F,T,B,D,Z1,Z2,ObjVal,time,GAP
9,9,10,3000,"{1: np.int64(368), 2: np.int64(382), 3: np.int64(292), 4: np.int64(363), 5: np.int64(324), 6: np.int64(298), 7: np.int64(312), 8: np.int64(360), 9: np.int64(370), 10: np.int64(287)}",24814.0,13424.0,38238.0,0.5254359245300293,7.845598619174644e-05
9,9,10,3000,"{1: np.int64(368), 2: np.int64(382), 3: np.int64(292), 4: np.int64(363), 5: np.int64(324), 6: np.int64(298), 7: np.int64(312), 8: np.int64(360), 9: np.int64(370), 10: np.int64(287)}",24814.0,13424.0,38238.0,0.43217897415161133,7.845598619174644e-05
9,9,10,3000,"{1: np.int64(368), 2: np.int64(382), 3: np.int64(292), 4: np.int64(363), 5: np.int64(324), 6: np.int64(298), 7: np.int64(312), 8: np.int64(360), 9: np.int64(370), 10: np.int64(287)}",24814.0,13424.0,38238.0,0.4732639789581299,7.845598619174644e-05
9,9,10,3000,"{1: np.int64(368), 2: np.int64(382), 3: np.int64(292), 4: np.int64(363), 5: np.int64(324), 6: np.int64(298), 7: np.int64(312), 8: np.int64(360), 9: np.int64(370), 10: np.int64(287)}",24814.0,13424.0,38238.0,0.48689913749694824,7.845598619174644e-05
9,9,10,3000,"{1: np.int64(368), 2: np.int64(382), 3: np.int64(292), 4: np.int64(363), 5: np.int64(324), 6: np.int64(298), 7: np.int64(312), 8: np.int64(360), 9: np.int64(370), 10: np.int64(287)}",24814.0,13424.0,38238.0,0.39603614807128906,7.845598619174644e-05
