S,F,T,B,D,Z1,Z2,ObjVal,time,GAP
12,12,5,7000,"{1: np.int64(666), 2: np.int64(635), 3: np.int64(586), 4: np.int64(534), 5: np.int64(609)}",26666.999999968044,12120.0,38786.999999968044,0.15995287895202637,0.0
