S,F,T,B,D,Z1,Z2,ObjVal,time,GAP
12,12,10,3000,"{1: np.int64(234), 2: np.int64(284), 3: np.int64(270), 4: np.int64(243), 5: np.int64(283), 6: np.int64(259), 7: np.int64(273), 8: np.int64(234), 9: np.int64(226), 10: np.int64(245)}",17520.0,10204.0,27724.0,3.397707223892212,0.0
12,12,10,3000,"{1: np.int64(234), 2: np.int64(284), 3: np.int64(270), 4: np.int64(243), 5: np.int64(283), 6: np.int64(259), 7: np.int64(273), 8: np.int64(234), 9: np.int64(226), 10: np.int64(245)}",17520.0,10204.0,27724.0,3.2526509761810303,0.0
12,12,10,3000,"{1: np.int64(234), 2: np.int64(284), 3: np.int64(270), 4: np.int64(243), 5: np.int64(283), 6: np.int64(259), 7: np.int64(273), 8: np.int64(234), 9: np.int64(226), 10: np.int64(245)}",17520.0,10204.0,27724.0,3.959458827972412,0.0
12,12,10,3000,"{1: np.int64(234), 2: np.int64(284), 3: np.int64(270), 4: np.int64(243), 5: np.int64(283), 6: np.int64(259), 7: np.int64(273), 8: np.int64(234), 9: np.int64(226), 10: np.int64(245)}",17520.0,10204.0,27724.0,3.506772041320801,0.0
12,12,10,3000,"{1: np.int64(234), 2: np.int64(284), 3: np.int64(270), 4: np.int64(243), 5: np.int64(283), 6: np.int64(259), 7: np.int64(273), 8: np.int64(234), 9: np.int64(226), 10: np.int64(245)}",17520.0,10204.0,27724.0,2.7211499214172363,0.0
