S,F,T,B,D,Z1,Z2,ObjVal,time,GAP
12,12,15,5000,"{1: np.int64(435), 2: np.int64(388), 3: np.int64(382), 4: np.int64(463), 5: np.int64(367), 6: np.int64(419), 7: np.int64(460), 8: np.int64(384), 9: np.int64(380), 10: np.int64(464), 11: np.int64(407), 12: np.int64(443), 13: np.int64(358), 14: np.int64(399), 15: np.int64(375)}",51305.0,24496.0,75801.0,8.002743005752563,0.0
12,12,15,5000,"{1: np.int64(435), 2: np.int64(388), 3: np.int64(382), 4: np.int64(463), 5: np.int64(367), 6: np.int64(419), 7: np.int64(460), 8: np.int64(384), 9: np.int64(380), 10: np.int64(464), 11: np.int64(407), 12: np.int64(443), 13: np.int64(358), 14: np.int64(399), 15: np.int64(375)}",51305.0,24496.0,75801.0,4.313854932785034,0.0
12,12,15,5000,"{1: np.int64(435), 2: np.int64(388), 3: np.int64(382), 4: np.int64(463), 5: np.int64(367), 6: np.int64(419), 7: np.int64(460), 8: np.int64(384), 9: np.int64(380), 10: np.int64(464), 11: np.int64(407), 12: np.int64(443), 13: np.int64(358), 14: np.int64(399), 15: np.int64(375)}",51305.0,24496.0,75801.0,4.019060850143433,0.0
12,12,15,5000,"{1: np.int64(435), 2: np.int64(388), 3: np.int64(382), 4: np.int64(463), 5: np.int64(367), 6: np.int64(419), 7: np.int64(460), 8: np.int64(384), 9: np.int64(380), 10: np.int64(464), 11: np.int64(407), 12: np.int64(443), 13: np.int64(358), 14: np.int64(399), 15: np.int64(375)}",51305.0,24496.0,75801.0,5.202569961547852,0.0
12,12,15,5000,"{1: np.int64(435), 2: np.int64(388), 3: np.int64(382), 4: np.int64(463), 5: np.int64(367), 6: np.int64(419), 7: np.int64(460), 8: np.int64(384), 9: np.int64(380), 10: np.int64(464), 11: np.int64(407), 12: np.int64(443), 13: np.int64(358), 14: np.int64(399), 15: np.int64(375)}",51305.0,24496.0,75801.0,7.214658975601196,0.0
