S,F,T,B,D,Z1,Z2,ObjVal,time,GAP
3,3,10,3000,"{1: np.int64(1091), 2: np.int64(1090), 3: np.int64(908), 4: np.int64(942), 5: np.int64(1038), 6: np.int64(1069), 7: np.int64(1106), 8: np.int64(1114), 9: np.int64(876), 10: np.int64(1031)}",86374.0,41060.0,127434.0,0.005244016647338867,0.0
3,3,10,3000,"{1: np.int64(1091), 2: np.int64(1090), 3: np.int64(908), 4: np.int64(942), 5: np.int64(1038), 6: np.int64(1069), 7: np.int64(1106), 8: np.int64(1114), 9: np.int64(876), 10: np.int64(1031)}",86374.0,41060.0,127434.0,0.005053043365478516,0.0
3,3,10,3000,"{1: np.int64(1091), 2: np.int64(1090), 3: np.int64(908), 4: np.int64(942), 5: np.int64(1038), 6: np.int64(1069), 7: np.int64(1106), 8: np.int64(1114), 9: np.int64(876), 10: np.int64(1031)}",86374.0,41060.0,127434.0,0.005409955978393555,0.0
3,3,10,3000,"{1: np.int64(1091), 2: np.int64(1090), 3: np.int64(908), 4: np.int64(942), 5: np.int64(1038), 6: np.int64(1069), 7: np.int64(1106), 8: np.int64(1114), 9: np.int64(876), 10: np.int64(1031)}",86374.0,41060.0,127434.0,0.004972934722900391,0.0
3,3,10,3000,"{1: np.int64(1091), 2: np.int64(1090), 3: np.int64(908), 4: np.int64(942), 5: np.int64(1038), 6: np.int64(1069), 7: np.int64(1106), 8: np.int64(1114), 9: np.int64(876), 10: np.int64(1031)}",86374.0,41060.0,127434.0,0.005036830902099609,0.0
