S,F,T,B,D,Z1,Z2,ObjVal,time,GAP
9,9,5,3000,"{1: np.int64(285), 2: np.int64(325), 3: np.int64(293), 4: np.int64(309), 5: np.int64(305)}",12679.999976173434,6067.999999994718,18747.999976168154,2.3971071243286133,0.0
