S,F,T,B,D,Z1,Z2,ObjVal,time,GAP
9,9,5,5000,"{1: np.int64(614), 2: np.int64(637), 3: np.int64(486), 4: np.int64(605), 5: np.int64(540)}",22392.0,11528.0,33920.0,0.344188928604126,0.0
9,9,5,5000,"{1: np.int64(614), 2: np.int64(637), 3: np.int64(486), 4: np.int64(605), 5: np.int64(540)}",22392.0,11528.0,33920.0,0.19095802307128906,0.0
9,9,5,5000,"{1: np.int64(614), 2: np.int64(637), 3: np.int64(486), 4: np.int64(605), 5: np.int64(540)}",22392.0,11528.0,33920.0,0.24168109893798828,0.0
9,9,5,5000,"{1: np.int64(614), 2: np.int64(637), 3: np.int64(486), 4: np.int64(605), 5: np.int64(540)}",22392.0,11528.0,33920.0,0.2629690170288086,0.0
9,9,5,5000,"{1: np.int64(614), 2: np.int64(637), 3: np.int64(486), 4: np.int64(605), 5: np.int64(540)}",22392.0,11528.0,33920.0,0.23782801628112793,0.0
