S,F,T,B,D,Z1,Z2,ObjVal,time,GAP
3,3,10,5000,"{1: np.int64(1499), 2: np.int64(1870), 3: np.int64(1550), 4: np.int64(1872), 5: np.int64(1571), 6: np.int64(1895), 7: np.int64(1769), 8: np.int64(1668), 9: np.int64(1675), 10: np.int64(1742)}",169431.0,71090.0,240521.0,0.015139102935791016,0.0
3,3,10,5000,"{1: np.int64(1499), 2: np.int64(1870), 3: np.int64(1550), 4: np.int64(1872), 5: np.int64(1571), 6: np.int64(1895), 7: np.int64(1769), 8: np.int64(1668), 9: np.int64(1675), 10: np.int64(1742)}",169431.0,71090.0,240521.0,0.015640974044799805,0.0
3,3,10,5000,"{1: np.int64(1499), 2: np.int64(1870), 3: np.int64(1550), 4: np.int64(1872), 5: np.int64(1571), 6: np.int64(1895), 7: np.int64(1769), 8: np.int64(1668), 9: np.int64(1675), 10: np.int64(1742)}",169431.0,71090.0,240521.0,0.01603388786315918,0.0
3,3,10,5000,"{1: np.int64(1499), 2: np.int64(1870), 3: np.int64(1550), 4: np.int64(1872), 5: np.int64(1571), 6: np.int64(1895), 7: np.int64(1769), 8: np.int64(1668), 9: np.int64(1675), 10: np.int64(1742)}",169431.0,71090.0,240521.0,0.01608419418334961,0.0
3,3,10,5000,"{1: np.int64(1499), 2: np.int64(1870), 3: np.int64(1550), 4: np.int64(1872), 5: np.int64(1571), 6: np.int64(1895), 7: np.int64(1769), 8: np.int64(1668), 9: np.int64(1675), 10: np.int64(1742)}",169431.0,71090.0,240521.0,0.015144109725952148,0.0
