S,F,T,B,D,Z1,Z2,ObjVal,time,GAP
12,12,5,3000,"{1: np.int64(233), 2: np.int64(230), 3: np.int64(283), 4: np.int64(238), 5: np.int64(234)}",9378.0,4872.0,14250.0,2.609673023223877,8.528618919081054e-05
