S,F,T,B,D,Z1,Z2,ObjVal,time,GAP
12,12,15,10000,"{1: np.int64(839), 2: np.int64(709), 3: np.int64(717), 4: np.int64(810), 5: np.int64(736), 6: np.int64(889), 7: np.int64(768), 8: np.int64(733), 9: np.int64(753), 10: np.int64(766), 11: np.int64(762), 12: np.int64(838), 13: np.int64(824), 14: np.int64(785), 15: np.int64(868)}",83197.0,47188.0,130385.0,7.558207988739014,0.0
12,12,15,10000,"{1: np.int64(839), 2: np.int64(709), 3: np.int64(717), 4: np.int64(810), 5: np.int64(736), 6: np.int64(889), 7: np.int64(768), 8: np.int64(733), 9: np.int64(753), 10: np.int64(766), 11: np.int64(762), 12: np.int64(838), 13: np.int64(824), 14: np.int64(785), 15: np.int64(868)}",83197.0,47188.0,130385.0,7.344890117645264,0.0
12,12,15,10000,"{1: np.int64(839), 2: np.int64(709), 3: np.int64(717), 4: np.int64(810), 5: np.int64(736), 6: np.int64(889), 7: np.int64(768), 8: np.int64(733), 9: np.int64(753), 10: np.int64(766), 11: np.int64(762), 12: np.int64(838), 13: np.int64(824), 14: np.int64(785), 15: np.int64(868)}",83197.0,47188.0,130385.0,6.374224901199341,0.0
