S,F,T,B,D,Z1,Z2,ObjVal,time,GAP
9,9,15,7000,"{1: np.int64(831), 2: np.int64(762), 3: np.int64(780), 4: np.int64(796), 5: np.int64(673), 6: np.int64(758), 7: np.int64(783), 8: np.int64(703), 9: np.int64(682), 10: np.int64(848), 11: np.int64(746), 12: np.int64(782), 13: np.int64(876), 14: np.int64(803), 15: np.int64(728)}",91408.0,46204.0,137612.0,100.01531481742859,0.3828725855500987
9,9,15,7000,"{1: np.int64(831), 2: np.int64(762), 3: np.int64(780), 4: np.int64(796), 5: np.int64(673), 6: np.int64(758), 7: np.int64(783), 8: np.int64(703), 9: np.int64(682), 10: np.int64(848), 11: np.int64(746), 12: np.int64(782), 13: np.int64(876), 14: np.int64(803), 15: np.int64(728)}",91408.0,46204.0,137612.0,88.6802248954773,1.8920069998687594e-12
9,9,15,7000,"{1: np.int64(831), 2: np.int64(762), 3: np.int64(780), 4: np.int64(796), 5: np.int64(673), 6: np.int64(758), 7: np.int64(783), 8: np.int64(703), 9: np.int64(682), 10: np.int64(848), 11: np.int64(746), 12: np.int64(782), 13: np.int64(876), 14: np.int64(803), 15: np.int64(728)}",91408.0,46204.0,137612.0,83.30783987045288,1.8920069998687594e-12
9,9,15,7000,"{1: np.int64(831), 2: np.int64(762), 3: np.int64(780), 4: np.int64(796), 5: np.int64(673), 6: np.int64(758), 7: np.int64(783), 8: np.int64(703), 9: np.int64(682), 10: np.int64(848), 11: np.int64(746), 12: np.int64(782), 13: np.int64(876), 14: np.int64(803), 15: np.int64(728)}",91408.0,46204.0,137612.0,93.74884486198425,1.8920069998687594e-12
9,9,15,7000,"{1: np.int64(831), 2: np.int64(762), 3: np.int64(780), 4: np.int64(796), 5: np.int64(673), 6: np.int64(758), 7: np.int64(783), 8: np.int64(703), 9: np.int64(682), 10: np.int64(848), 11: np.int64(746), 12: np.int64(782), 13: np.int64(876), 14: np.int64(803), 15: np.int64(728)}",91408.0,46204.0,137612.0,97.15393805503845,1.8920069998687594e-12
