S,F,T,B,D,Z1,Z2,ObjVal,time,GAP
12,12,15,5000,"{1: np.int64(390), 2: np.int64(474), 3: np.int64(451), 4: np.int64(405), 5: np.int64(472), 6: np.int64(431), 7: np.int64(456), 8: np.int64(390), 9: np.int64(378), 10: np.int64(409), 11: np.int64(371), 12: np.int64(401), 13: np.int64(474), 14: np.int64(395), 15: np.int64(355)}",47306.0,25008.0,72314.0,4.252326011657715,0.0
12,12,15,5000,"{1: np.int64(390), 2: np.int64(474), 3: np.int64(451), 4: np.int64(405), 5: np.int64(472), 6: np.int64(431), 7: np.int64(456), 8: np.int64(390), 9: np.int64(378), 10: np.int64(409), 11: np.int64(371), 12: np.int64(401), 13: np.int64(474), 14: np.int64(395), 15: np.int64(355)}",47305.99998444839,25007.999999999316,72313.9999844477,3.664654016494751,4.14856829238796e-05
