S,F,T,B,D,Z1,Z2,ObjVal,time,GAP
6,6,5,3000,"{1: np.int64(526), 2: np.int64(569), 3: np.int64(462), 4: np.int64(493), 5: np.int64(513)}",18554.0,10252.0,28806.0,0.24187302589416504,0.0
6,6,5,3000,"{1: np.int64(526), 2: np.int64(569), 3: np.int64(462), 4: np.int64(493), 5: np.int64(513)}",18554.0,10252.0,28806.0,0.15164899826049805,0.0
6,6,5,3000,"{1: np.int64(526), 2: np.int64(569), 3: np.int64(462), 4: np.int64(493), 5: np.int64(513)}",18554.0,10252.0,28806.0,0.21251487731933594,0.0
6,6,5,3000,"{1: np.int64(526), 2: np.int64(569), 3: np.int64(462), 4: np.int64(493), 5: np.int64(513)}",18554.0,10252.0,28806.0,0.22443389892578125,0.0
6,6,5,3000,"{1: np.int64(526), 2: np.int64(569), 3: np.int64(462), 4: np.int64(493), 5: np.int64(513)}",18554.0,10252.0,28806.0,0.17058515548706055,0.0
