S,F,T,B,D,Z1,Z2,ObjVal,time,GAP
9,9,10,3000,"{1: np.int64(299), 2: np.int64(374), 3: np.int64(310), 4: np.int64(374), 5: np.int64(314), 6: np.int64(379), 7: np.int64(353), 8: np.int64(333), 9: np.int64(335), 10: np.int64(348)}",27397.0,13676.0,41073.0,0.5739860534667969,7.99205406351014e-05
9,9,10,3000,"{1: np.int64(299), 2: np.int64(374), 3: np.int64(310), 4: np.int64(374), 5: np.int64(314), 6: np.int64(379), 7: np.int64(353), 8: np.int64(333), 9: np.int64(335), 10: np.int64(348)}",27397.0,13676.0,41073.0,0.6014399528503418,7.99205406351014e-05
9,9,10,3000,"{1: np.int64(299), 2: np.int64(374), 3: np.int64(310), 4: np.int64(374), 5: np.int64(314), 6: np.int64(379), 7: np.int64(353), 8: np.int64(333), 9: np.int64(335), 10: np.int64(348)}",27397.0,13676.0,41073.0,0.6416468620300293,7.99205406351014e-05
9,9,10,3000,"{1: np.int64(299), 2: np.int64(374), 3: np.int64(310), 4: np.int64(374), 5: np.int64(314), 6: np.int64(379), 7: np.int64(353), 8: np.int64(333), 9: np.int64(335), 10: np.int64(348)}",27397.0,13676.0,41073.0,0.595919132232666,7.99205406351014e-05
9,9,10,3000,"{1: np.int64(299), 2: np.int64(374), 3: np.int64(310), 4: np.int64(374), 5: np.int64(314), 6: np.int64(379), 7: np.int64(353), 8: np.int64(333), 9: np.int64(335), 10: np.int64(348)}",27397.0,13676.0,41073.0,0.3407778739929199,7.99205406351014e-05
