S,F,T,B,D,Z1,Z2,ObjVal,time,GAP
12,12,15,3000,"{1: np.int64(260), 2: np.int64(272), 3: np.int64(238), 4: np.int64(222), 5: np.int64(234), 6: np.int64(272), 7: np.int64(232), 8: np.int64(238), 9: np.int64(243), 10: np.int64(243), 11: np.int64(243), 12: np.int64(281), 13: np.int64(224), 14: np.int64(212), 15: np.int64(283)}",29839.999989782664,14787.999999993337,44627.99998977601,32.35492420196533,0.0
