S,F,T,B,D,Z1,Z2,ObjVal,time,GAP
12,12,15,5000,"{1: np.int64(434), 2: np.int64(454), 3: np.int64(397), 4: np.int64(370), 5: np.int64(390), 6: np.int64(453), 7: np.int64(388), 8: np.int64(397), 9: np.int64(406), 10: np.int64(406), 11: np.int64(405), 12: np.int64(469), 13: np.int64(373), 14: np.int64(354), 15: np.int64(472)}",49665.0,24672.0,74337.0,22.93131399154663,9.897537072358655e-05
12,12,15,5000,"{1: np.int64(434), 2: np.int64(454), 3: np.int64(397), 4: np.int64(370), 5: np.int64(390), 6: np.int64(453), 7: np.int64(388), 8: np.int64(397), 9: np.int64(406), 10: np.int64(406), 11: np.int64(405), 12: np.int64(469), 13: np.int64(373), 14: np.int64(354), 15: np.int64(472)}",49665.0,24672.0,74337.0,36.30333495140076,9.897537072358655e-05
12,12,15,5000,"{1: np.int64(434), 2: np.int64(454), 3: np.int64(397), 4: np.int64(370), 5: np.int64(390), 6: np.int64(453), 7: np.int64(388), 8: np.int64(397), 9: np.int64(406), 10: np.int64(406), 11: np.int64(405), 12: np.int64(469), 13: np.int64(373), 14: np.int64(354), 15: np.int64(472)}",49665.0,24672.0,74337.0,35.38679099082947,9.897537072358655e-05
12,12,15,5000,"{1: np.int64(434), 2: np.int64(454), 3: np.int64(397), 4: np.int64(370), 5: np.int64(390), 6: np.int64(453), 7: np.int64(388), 8: np.int64(397), 9: np.int64(406), 10: np.int64(406), 11: np.int64(405), 12: np.int64(469), 13: np.int64(373), 14: np.int64(354), 15: np.int64(472)}",49665.0,24672.0,74337.0,43.89255499839783,9.897537072358655e-05
12,12,15,5000,"{1: np.int64(434), 2: np.int64(454), 3: np.int64(397), 4: np.int64(370), 5: np.int64(390), 6: np.int64(453), 7: np.int64(388), 8: np.int64(397), 9: np.int64(406), 10: np.int64(406), 11: np.int64(405), 12: np.int64(469), 13: np.int64(373), 14: np.int64(354), 15: np.int64(472)}",49665.0,24672.0,74337.0,32.409663915634155,9.897537072358655e-05
