S,F,T,B,D,Z1,Z2,ObjVal,time,GAP
6,6,10,10000,"{1: np.int64(1794), 2: np.int64(1847), 3: np.int64(1769), 4: np.int64(1653), 5: np.int64(1529), 6: np.int64(1747), 7: np.int64(1574), 8: np.int64(1467), 9: np.int64(1640), 10: np.int64(1854)}",145511.0,67496.0,213007.0,0.2825658321380615,0.0
6,6,10,10000,"{1: np.int64(1794), 2: np.int64(1847), 3: np.int64(1769), 4: np.int64(1653), 5: np.int64(1529), 6: np.int64(1747), 7: np.int64(1574), 8: np.int64(1467), 9: np.int64(1640), 10: np.int64(1854)}",145511.0,67496.0,213007.0,0.3210020065307617,0.0
6,6,10,10000,"{1: np.int64(1794), 2: np.int64(1847), 3: np.int64(1769), 4: np.int64(1653), 5: np.int64(1529), 6: np.int64(1747), 7: np.int64(1574), 8: np.int64(1467), 9: np.int64(1640), 10: np.int64(1854)}",145511.0,67496.0,213007.0,0.500507116317749,0.0
