S,F,T,B,D,Z1,Z2,ObjVal,time,GAP
6,6,10,3000,"{1: np.int64(526), 2: np.int64(569), 3: np.int64(462), 4: np.int64(493), 5: np.int64(513), 6: np.int64(473), 7: np.int64(479), 8: np.int64(471), 9: np.int64(480), 10: np.int64(514)}",33565.0,19920.0,53485.0,1.0643298625946045,0.0
6,6,10,3000,"{1: np.int64(526), 2: np.int64(569), 3: np.int64(462), 4: np.int64(493), 5: np.int64(513), 6: np.int64(473), 7: np.int64(479), 8: np.int64(471), 9: np.int64(480), 10: np.int64(514)}",33565.0,19920.0,53485.0,0.6891708374023438,0.0
6,6,10,3000,"{1: np.int64(526), 2: np.int64(569), 3: np.int64(462), 4: np.int64(493), 5: np.int64(513), 6: np.int64(473), 7: np.int64(479), 8: np.int64(471), 9: np.int64(480), 10: np.int64(514)}",33565.0,19920.0,53485.0,0.5133228302001953,0.0
6,6,10,3000,"{1: np.int64(526), 2: np.int64(569), 3: np.int64(462), 4: np.int64(493), 5: np.int64(513), 6: np.int64(473), 7: np.int64(479), 8: np.int64(471), 9: np.int64(480), 10: np.int64(514)}",33565.0,19920.0,53485.0,0.5781559944152832,0.0
6,6,10,3000,"{1: np.int64(526), 2: np.int64(569), 3: np.int64(462), 4: np.int64(493), 5: np.int64(513), 6: np.int64(473), 7: np.int64(479), 8: np.int64(471), 9: np.int64(480), 10: np.int64(514)}",33565.0,19920.0,53485.0,0.7918760776519775,0.0
