S,F,T,B,D,Z1,Z2,ObjVal,time,GAP
6,6,5,10000,"{1: np.int64(1729), 2: np.int64(1567), 3: np.int64(1670), 4: np.int64(1609), 5: np.int64(1592)}",60068.0,32668.0,92736.0,0.12243390083312988,0.0
6,6,5,10000,"{1: np.int64(1729), 2: np.int64(1567), 3: np.int64(1670), 4: np.int64(1609), 5: np.int64(1592)}",60068.0,32668.0,92736.0,0.1541152000427246,0.0
6,6,5,10000,"{1: np.int64(1729), 2: np.int64(1567), 3: np.int64(1670), 4: np.int64(1609), 5: np.int64(1592)}",60068.0,32668.0,92736.0,0.12091302871704102,0.0
6,6,5,10000,"{1: np.int64(1729), 2: np.int64(1567), 3: np.int64(1670), 4: np.int64(1609), 5: np.int64(1592)}",60068.0,32668.0,92736.0,0.24285602569580078,0.0
6,6,5,10000,"{1: np.int64(1729), 2: np.int64(1567), 3: np.int64(1670), 4: np.int64(1609), 5: np.int64(1592)}",60068.0,32668.0,92736.0,0.22028899192810059,0.0
