S,F,T,B,D,Z1,Z2,ObjVal,time,GAP
9,9,15,10000,"{1: np.int64(972), 2: np.int64(950), 3: np.int64(949), 4: np.int64(1196), 5: np.int64(1027), 6: np.int64(980), 7: np.int64(1152), 8: np.int64(1059), 9: np.int64(967), 10: np.int64(997), 11: np.int64(1120), 12: np.int64(1000), 13: np.int64(1035), 14: np.int64(1181), 15: np.int64(1096)}",126596.99997112266,62724.0,189320.99997112266,8.11996603012085,8.93943612079999e-05
