S,F,T,B,D,Z1,Z2,ObjVal,time,GAP
6,6,5,7000,"{1: np.int64(1228), 2: np.int64(1328), 3: np.int64(1079), 4: np.int64(1151), 5: np.int64(1199)}",43273.0,23940.0,67213.0,0.2253730297088623,0.0
6,6,5,7000,"{1: np.int64(1228), 2: np.int64(1328), 3: np.int64(1079), 4: np.int64(1151), 5: np.int64(1199)}",43273.0,23940.0,67213.0,0.2055220603942871,0.0
6,6,5,7000,"{1: np.int64(1228), 2: np.int64(1328), 3: np.int64(1079), 4: np.int64(1151), 5: np.int64(1199)}",43273.0,23940.0,67213.0,0.25742101669311523,0.0
6,6,5,7000,"{1: np.int64(1228), 2: np.int64(1328), 3: np.int64(1079), 4: np.int64(1151), 5: np.int64(1199)}",43273.0,23940.0,67213.0,0.34644389152526855,0.0
6,6,5,7000,"{1: np.int64(1228), 2: np.int64(1328), 3: np.int64(1079), 4: np.int64(1151), 5: np.int64(1199)}",43273.0,23940.0,67213.0,0.2988011837005615,0.0
