S,F,T,B,D,Z1,Z2,ObjVal,time,GAP
9,9,10,3000,"{1: np.int64(324), 2: np.int64(287), 3: np.int64(325), 4: np.int64(308), 5: np.int64(372), 6: np.int64(366), 7: np.int64(333), 8: np.int64(286), 9: np.int64(308), 10: np.int64(307)}",24036.999976021594,12863.999999999998,36900.999976021594,19.276271104812622,8.95683917916132e-05
