S,F,T,B,D,Z1,Z2,ObjVal,time,GAP
9,9,5,7000,"{1: np.int64(728), 2: np.int64(705), 3: np.int64(704), 4: np.int64(804), 5: np.int64(814)}",28198.0,15020.0,43218.0,0.28130102157592773,2.6293758072275557e-05
