S,F,T,B,D,Z1,Z2,ObjVal,time,GAP
12,12,5,5000,"{1: np.int64(431), 2: np.int64(451), 3: np.int64(401), 4: np.int64(425), 5: np.int64(382)}",15503.0,8360.0,23863.0,3.247560977935791,4.273249212705054e-12
