S,F,T,B,D,Z1,Z2,ObjVal,time,GAP
12,12,5,10000,"{1: np.int64(839), 2: np.int64(709), 3: np.int64(717), 4: np.int64(810), 5: np.int64(736)}",25598.99999424119,15244.0,40842.99999424119,11.589822053909302,0.0
12,12,5,10000,"{1: np.int64(839), 2: np.int64(709), 3: np.int64(717), 4: np.int64(810), 5: np.int64(736)}",25598.99999424119,15244.0,40842.99999424119,17.383756160736084,0.0
12,12,5,10000,"{1: np.int64(839), 2: np.int64(709), 3: np.int64(717), 4: np.int64(810), 5: np.int64(736)}",25598.99999424119,15244.0,40842.99999424119,18.641608953475952,0.0
12,12,5,10000,"{1: np.int64(839), 2: np.int64(709), 3: np.int64(717), 4: np.int64(810), 5: np.int64(736)}",25598.99999424119,15244.0,40842.99999424119,17.745891094207764,0.0
12,12,5,10000,"{1: np.int64(839), 2: np.int64(709), 3: np.int64(717), 4: np.int64(810), 5: np.int64(736)}",25598.99999424119,15244.0,40842.99999424119,19.081979990005493,0.0
