S,F,T,B,D,Z1,Z2,ObjVal,time,GAP
12,12,15,7000,"{1: np.int64(608), 2: np.int64(636), 3: np.int64(556), 4: np.int64(518), 5: np.int64(546), 6: np.int64(634), 7: np.int64(543), 8: np.int64(556), 9: np.int64(568), 10: np.int64(569), 11: np.int64(567), 12: np.int64(656), 13: np.int64(523), 14: np.int64(496), 15: np.int64(660)}",69367.0,34544.0,103911.0,37.84172606468201,4.566492977322769e-12
