S,F,T,B,D,Z1,Z2,ObjVal,time,GAP
12,12,15,10000,"{1: np.int64(868), 2: np.int64(909), 3: np.int64(794), 4: np.int64(740), 5: np.int64(781), 6: np.int64(906), 7: np.int64(776), 8: np.int64(794), 9: np.int64(812), 10: np.int64(813), 11: np.int64(810), 12: np.int64(938), 13: np.int64(747), 14: np.int64(709), 15: np.int64(944)}",99082.0,49364.0,148446.0,41.936156034469604,5.0719864052632e-13
12,12,15,10000,"{1: np.int64(868), 2: np.int64(909), 3: np.int64(794), 4: np.int64(740), 5: np.int64(781), 6: np.int64(906), 7: np.int64(776), 8: np.int64(794), 9: np.int64(812), 10: np.int64(813), 11: np.int64(810), 12: np.int64(938), 13: np.int64(747), 14: np.int64(709), 15: np.int64(944)}",99082.0,49364.0,148446.0,45.296026945114136,5.0719864052632e-13
12,12,15,10000,"{1: np.int64(868), 2: np.int64(909), 3: np.int64(794), 4: np.int64(740), 5: np.int64(781), 6: np.int64(906), 7: np.int64(776), 8: np.int64(794), 9: np.int64(812), 10: np.int64(813), 11: np.int64(810), 12: np.int64(938), 13: np.int64(747), 14: np.int64(709), 15: np.int64(944)}",99082.0,49364.0,148446.0,43.98883605003357,5.0719864052632e-13
12,12,15,10000,"{1: np.int64(868), 2: np.int64(909), 3: np.int64(794), 4: np.int64(740), 5: np.int64(781), 6: np.int64(906), 7: np.int64(776), 8: np.int64(794), 9: np.int64(812), 10: np.int64(813), 11: np.int64(810), 12: np.int64(938), 13: np.int64(747), 14: np.int64(709), 15: np.int64(944)}",99082.0,49364.0,148446.0,43.294835805892944,5.0719864052632e-13
12,12,15,10000,"{1: np.int64(868), 2: np.int64(909), 3: np.int64(794), 4: np.int64(740), 5: np.int64(781), 6: np.int64(906), 7: np.int64(776), 8: np.int64(794), 9: np.int64(812), 10: np.int64(813), 11: np.int64(810), 12: np.int64(938), 13: np.int64(747), 14: np.int64(709), 15: np.int64(944)}",99082.0,49364.0,148446.0,41.0618679523468,5.0719864052632e-13
