S,F,T,B,D,Z1,Z2,ObjVal,time,GAP
9,9,15,3000,"{1: np.int64(324), 2: np.int64(287), 3: np.int64(325), 4: np.int64(308), 5: np.int64(372), 6: np.int64(366), 7: np.int64(333), 8: np.int64(286), 9: np.int64(308), 10: np.int64(307), 11: np.int64(304), 12: np.int64(306), 13: np.int64(370), 14: np.int64(297), 15: np.int64(288)}",33637.99993737698,19124.0,52761.99993737698,22.267701148986816,0.0
9,9,15,3000,"{1: np.int64(324), 2: np.int64(287), 3: np.int64(325), 4: np.int64(308), 5: np.int64(372), 6: np.int64(366), 7: np.int64(333), 8: np.int64(286), 9: np.int64(308), 10: np.int64(307), 11: np.int64(304), 12: np.int64(306), 13: np.int64(370), 14: np.int64(297), 15: np.int64(288)}",33637.99993737698,19124.0,52761.99993737698,30.0810489654541,0.0
9,9,15,3000,"{1: np.int64(324), 2: np.int64(287), 3: np.int64(325), 4: np.int64(308), 5: np.int64(372), 6: np.int64(366), 7: np.int64(333), 8: np.int64(286), 9: np.int64(308), 10: np.int64(307), 11: np.int64(304), 12: np.int64(306), 13: np.int64(370), 14: np.int64(297), 15: np.int64(288)}",33637.99993737698,19124.0,52761.99993737698,30.098021984100342,0.0
9,9,15,3000,"{1: np.int64(324), 2: np.int64(287), 3: np.int64(325), 4: np.int64(308), 5: np.int64(372), 6: np.int64(366), 7: np.int64(333), 8: np.int64(286), 9: np.int64(308), 10: np.int64(307), 11: np.int64(304), 12: np.int64(306), 13: np.int64(370), 14: np.int64(297), 15: np.int64(288)}",33637.99993737698,19124.0,52761.99993737698,24.560909032821655,0.0
9,9,15,3000,"{1: np.int64(324), 2: np.int64(287), 3: np.int64(325), 4: np.int64(308), 5: np.int64(372), 6: np.int64(366), 7: np.int64(333), 8: np.int64(286), 9: np.int64(308), 10: np.int64(307), 11: np.int64(304), 12: np.int64(306), 13: np.int64(370), 14: np.int64(297), 15: np.int64(288)}",33637.99993737698,19124.0,52761.99993737698,27.17150092124939,0.0
