S,F,T,B,D,Z1,Z2,ObjVal,time,GAP
6,6,10,3000,"{1: np.int64(538), 2: np.int64(554), 3: np.int64(530), 4: np.int64(495), 5: np.int64(458), 6: np.int64(524), 7: np.int64(472), 8: np.int64(440), 9: np.int64(492), 10: np.int64(556)}",43689.99998065429,20236.0,63925.99998065429,0.6121921539306641,0.0
