S,F,T,B,D,Z1,Z2,ObjVal,time,GAP
12,12,5,7000,"{1: np.int64(581), 2: np.int64(541), 3: np.int64(570), 4: np.int64(614), 5: np.int64(656)}",23579.999951119986,11847.999999964288,35427.999951084275,6.132983922958374,0.0
