S,F,T,B,D,Z1,Z2,ObjVal,time,GAP
12,12,10,5000,"{1: np.int64(416), 2: np.int64(393), 3: np.int64(393), 4: np.int64(398), 5: np.int64(435), 6: np.int64(427), 7: np.int64(399), 8: np.int64(378), 9: np.int64(395), 10: np.int64(369)}",31930.999956,16012.0,47942.999956,100.03891015052795,0.04261727660774225
12,12,10,5000,"{1: np.int64(416), 2: np.int64(393), 3: np.int64(393), 4: np.int64(398), 5: np.int64(435), 6: np.int64(427), 7: np.int64(399), 8: np.int64(378), 9: np.int64(395), 10: np.int64(369)}",31930.999956,16012.0,47942.999956,100.0395278930664,0.04261727660774225
12,12,10,5000,"{1: np.int64(416), 2: np.int64(393), 3: np.int64(393), 4: np.int64(398), 5: np.int64(435), 6: np.int64(427), 7: np.int64(399), 8: np.int64(378), 9: np.int64(395), 10: np.int64(369)}",31930.999956,16012.0,47942.999956,100.01369905471802,0.04261727660774225
12,12,10,5000,"{1: np.int64(416), 2: np.int64(393), 3: np.int64(393), 4: np.int64(398), 5: np.int64(435), 6: np.int64(427), 7: np.int64(399), 8: np.int64(378), 9: np.int64(395), 10: np.int64(369)}",31930.999956,16012.0,47942.999956,100.01169919967651,0.04261727660774225
12,12,10,5000,"{1: np.int64(416), 2: np.int64(393), 3: np.int64(393), 4: np.int64(398), 5: np.int64(435), 6: np.int64(427), 7: np.int64(399), 8: np.int64(378), 9: np.int64(395), 10: np.int64(369)}",31930.999956,16012.0,47942.999956,100.01715588569641,0.04261727660774225
