S,F,T,B,D,Z1,Z2,ObjVal,time,GAP
12,12,5,3000,"{1: np.int64(262), 2: np.int64(215), 3: np.int64(279), 4: np.int64(222), 5: np.int64(285)}",9368.999976584602,5052.0,14420.999976584602,10.191380023956299,0.0
12,12,5,3000,"{1: np.int64(262), 2: np.int64(215), 3: np.int64(279), 4: np.int64(222), 5: np.int64(285)}",9368.999976584602,5052.0,14420.999976584602,7.419620037078857,0.0
12,12,5,3000,"{1: np.int64(262), 2: np.int64(215), 3: np.int64(279), 4: np.int64(222), 5: np.int64(285)}",9368.999976584602,5052.0,14420.999976584602,9.45524001121521,0.0
12,12,5,3000,"{1: np.int64(262), 2: np.int64(215), 3: np.int64(279), 4: np.int64(222), 5: np.int64(285)}",9368.999976584602,5052.0,14420.999976584602,12.548436164855957,0.0
12,12,5,3000,"{1: np.int64(262), 2: np.int64(215), 3: np.int64(279), 4: np.int64(222), 5: np.int64(285)}",9368.999976584602,5052.0,14420.999976584602,9.736329078674316,0.0
