S,F,T,B,D,Z1,Z2,ObjVal,time,GAP
6,6,5,3000,"{1: np.int64(478), 2: np.int64(572), 3: np.int64(569), 4: np.int64(449), 5: np.int64(538)}",22606.0,10424.0,33030.0,0.08104395866394043,0.0
6,6,5,3000,"{1: np.int64(478), 2: np.int64(572), 3: np.int64(569), 4: np.int64(449), 5: np.int64(538)}",22606.0,10424.0,33030.0,0.12040281295776367,0.0
6,6,5,3000,"{1: np.int64(478), 2: np.int64(572), 3: np.int64(569), 4: np.int64(449), 5: np.int64(538)}",22606.0,10424.0,33030.0,0.11068296432495117,0.0
6,6,5,3000,"{1: np.int64(478), 2: np.int64(572), 3: np.int64(569), 4: np.int64(449), 5: np.int64(538)}",22606.0,10424.0,33030.0,0.19330906867980957,0.0
6,6,5,3000,"{1: np.int64(478), 2: np.int64(572), 3: np.int64(569), 4: np.int64(449), 5: np.int64(538)}",22606.0,10424.0,33030.0,0.14880585670471191,0.0
