S,F,T,B,D,Z1,Z2,ObjVal,time,GAP
9,9,15,10000,"{1: np.int64(999), 2: np.int64(1247), 3: np.int64(1033), 4: np.int64(1248), 5: np.int64(1047), 6: np.int64(1263), 7: np.int64(1179), 8: np.int64(1112), 9: np.int64(1117), 10: np.int64(1161), 11: np.int64(1140), 12: np.int64(1048), 13: np.int64(1013), 14: np.int64(1115), 15: np.int64(1255)}",141114.0,67908.0,209022.0,1.1940150260925293,9.496039829057414e-14
9,9,15,10000,"{1: np.int64(999), 2: np.int64(1247), 3: np.int64(1033), 4: np.int64(1248), 5: np.int64(1047), 6: np.int64(1263), 7: np.int64(1179), 8: np.int64(1112), 9: np.int64(1117), 10: np.int64(1161), 11: np.int64(1140), 12: np.int64(1048), 13: np.int64(1013), 14: np.int64(1115), 15: np.int64(1255)}",141114.0,67908.0,209022.0,0.8606109619140625,9.496039829057414e-14
9,9,15,10000,"{1: np.int64(999), 2: np.int64(1247), 3: np.int64(1033), 4: np.int64(1248), 5: np.int64(1047), 6: np.int64(1263), 7: np.int64(1179), 8: np.int64(1112), 9: np.int64(1117), 10: np.int64(1161), 11: np.int64(1140), 12: np.int64(1048), 13: np.int64(1013), 14: np.int64(1115), 15: np.int64(1255)}",141114.0,67908.0,209022.0,0.7081599235534668,9.496039829057414e-14
