S,F,T,B,D,Z1,Z2,ObjVal,time,GAP
6,6,10,7000,"{1: np.int64(1135), 2: np.int64(1004), 3: np.int64(1139), 4: np.int64(1078), 5: np.int64(1302), 6: np.int64(1282), 7: np.int64(1166), 8: np.int64(1002), 9: np.int64(1080), 10: np.int64(1076)}",80250.0,47381.0,127631.0,1.6588389873504639,0.0
6,6,10,7000,"{1: np.int64(1135), 2: np.int64(1004), 3: np.int64(1139), 4: np.int64(1078), 5: np.int64(1302), 6: np.int64(1282), 7: np.int64(1166), 8: np.int64(1002), 9: np.int64(1080), 10: np.int64(1076)}",80250.0,47381.0,127631.0,1.8416509628295898,0.0
6,6,10,7000,"{1: np.int64(1135), 2: np.int64(1004), 3: np.int64(1139), 4: np.int64(1078), 5: np.int64(1302), 6: np.int64(1282), 7: np.int64(1166), 8: np.int64(1002), 9: np.int64(1080), 10: np.int64(1076)}",80250.0,47381.0,127631.0,1.0541231632232666,0.0
