S,F,T,B,D,Z1,Z2,ObjVal,time,GAP
12,12,5,3000,"{1: np.int64(246), 2: np.int64(262), 3: np.int64(287), 4: np.int64(281), 5: np.int64(271)}",10788.0,5388.0,16176.0,0.07288289070129395,3.4782999647923116e-12
