S,F,T,B,D,Z1,Z2,ObjVal,time,GAP
6,6,10,5000,"{1: np.int64(756), 2: np.int64(850), 3: np.int64(767), 4: np.int64(950), 5: np.int64(909), 6: np.int64(820), 7: np.int64(728), 8: np.int64(788), 9: np.int64(835), 10: np.int64(941)}",64418.0,33376.0,97794.0,0.1445481777191162,2.306426631896499e-14
