S,F,T,B,D,Z1,Z2,ObjVal,time,GAP
6,6,10,7000,"{1: np.int64(1058), 2: np.int64(1190), 3: np.int64(1075), 4: np.int64(1330), 5: np.int64(1272), 6: np.int64(1148), 7: np.int64(1019), 8: np.int64(1103), 9: np.int64(1169), 10: np.int64(1318)}",90180.0,46728.0,136908.0,0.1894989013671875,4.701312083152537e-05
