S,F,T,B,D,Z1,Z2,ObjVal,time,GAP
12,12,10,10000,"{1: np.int64(757), 2: np.int64(810), 3: np.int64(860), 4: np.int64(747), 5: np.int64(718), 6: np.int64(925), 7: np.int64(786), 8: np.int64(947), 9: np.int64(932), 10: np.int64(802)}",61014.0,33136.0,94150.0,2.6355671882629395,5.561313399036311e-05
