S,F,T,B,D,Z1,Z2,ObjVal,time,GAP
12,12,15,5000,"{1: np.int64(437), 2: np.int64(359), 3: np.int64(466), 4: np.int64(370), 5: np.int64(475), 6: np.int64(437), 7: np.int64(361), 8: np.int64(375), 9: np.int64(433), 10: np.int64(425), 11: np.int64(447), 12: np.int64(470), 13: np.int64(381), 14: np.int64(354), 15: np.int64(469)}",46495.0,25036.0,71531.0,40.22097396850586,7.420091373522704e-12
12,12,15,5000,"{1: np.int64(437), 2: np.int64(359), 3: np.int64(466), 4: np.int64(370), 5: np.int64(475), 6: np.int64(437), 7: np.int64(361), 8: np.int64(375), 9: np.int64(433), 10: np.int64(425), 11: np.int64(447), 12: np.int64(470), 13: np.int64(381), 14: np.int64(354), 15: np.int64(469)}",46495.0,25036.0,71531.0,37.257906913757324,7.420091373522704e-12
12,12,15,5000,"{1: np.int64(437), 2: np.int64(359), 3: np.int64(466), 4: np.int64(370), 5: np.int64(475), 6: np.int64(437), 7: np.int64(361), 8: np.int64(375), 9: np.int64(433), 10: np.int64(425), 11: np.int64(447), 12: np.int64(470), 13: np.int64(381), 14: np.int64(354), 15: np.int64(469)}",46495.0,25036.0,71531.0,34.12100100517273,7.420091373522704e-12
12,12,15,5000,"{1: np.int64(437), 2: np.int64(359), 3: np.int64(466), 4: np.int64(370), 5: np.int64(475), 6: np.int64(437), 7: np.int64(361), 8: np.int64(375), 9: np.int64(433), 10: np.int64(425), 11: np.int64(447), 12: np.int64(470), 13: np.int64(381), 14: np.int64(354), 15: np.int64(469)}",46495.0,25036.0,71531.0,32.02857708930969,7.420091373522704e-12
12,12,15,5000,"{1: np.int64(437), 2: np.int64(359), 3: np.int64(466), 4: np.int64(370), 5: np.int64(475), 6: np.int64(437), 7: np.int64(361), 8: np.int64(375), 9: np.int64(433), 10: np.int64(425), 11: np.int64(447), 12: np.int64(470), 13: np.int64(381), 14: np.int64(354), 15: np.int64(469)}",46495.0,25036.0,71531.0,46.63336110115051,7.420091373522704e-12
