S,F,T,B,D,Z1,Z2,ObjVal,time,GAP
12,12,5,5000,"{1: np.int64(416), 2: np.int64(393), 3: np.int64(393), 4: np.int64(398), 5: np.int64(435)}",16595.999991062366,8140.0,24735.999991062366,21.074201822280884,9.7641435737213e-05
