S,F,T,B,D,Z1,Z2,ObjVal,time,GAP
12,12,10,5000,"{1: np.int64(378), 2: np.int64(405), 3: np.int64(430), 4: np.int64(373), 5: np.int64(359), 6: np.int64(462), 7: np.int64(393), 8: np.int64(473), 9: np.int64(466), 10: np.int64(401)}",30554.0,16560.0,47114.0,2.0125558376312256,0.0
12,12,10,5000,"{1: np.int64(378), 2: np.int64(405), 3: np.int64(430), 4: np.int64(373), 5: np.int64(359), 6: np.int64(462), 7: np.int64(393), 8: np.int64(473), 9: np.int64(466), 10: np.int64(401)}",30554.0,16560.0,47114.0,3.971557140350342,0.0
12,12,10,5000,"{1: np.int64(378), 2: np.int64(405), 3: np.int64(430), 4: np.int64(373), 5: np.int64(359), 6: np.int64(462), 7: np.int64(393), 8: np.int64(473), 9: np.int64(466), 10: np.int64(401)}",30554.0,16560.0,47114.0,4.85271692276001,0.0
12,12,10,5000,"{1: np.int64(378), 2: np.int64(405), 3: np.int64(430), 4: np.int64(373), 5: np.int64(359), 6: np.int64(462), 7: np.int64(393), 8: np.int64(473), 9: np.int64(466), 10: np.int64(401)}",30554.0,16560.0,47114.0,2.3070199489593506,0.0
12,12,10,5000,"{1: np.int64(378), 2: np.int64(405), 3: np.int64(430), 4: np.int64(373), 5: np.int64(359), 6: np.int64(462), 7: np.int64(393), 8: np.int64(473), 9: np.int64(466), 10: np.int64(401)}",30554.0,16560.0,47114.0,2.890476942062378,0.0
