S,F,T,B,D,Z1,Z2,ObjVal,time,GAP
9,9,10,7000,"{1: np.int64(865), 2: np.int64(789), 3: np.int64(866), 4: np.int64(708), 5: np.int64(817), 6: np.int64(738), 7: np.int64(869), 8: np.int64(841), 9: np.int64(771), 10: np.int64(783)}",62857.0,32188.0,95045.0,0.09766197204589844,0.0
9,9,10,7000,"{1: np.int64(865), 2: np.int64(789), 3: np.int64(866), 4: np.int64(708), 5: np.int64(817), 6: np.int64(738), 7: np.int64(869), 8: np.int64(841), 9: np.int64(771), 10: np.int64(783)}",62857.0,32188.0,95045.0,0.06943798065185547,0.0
9,9,10,7000,"{1: np.int64(865), 2: np.int64(789), 3: np.int64(866), 4: np.int64(708), 5: np.int64(817), 6: np.int64(738), 7: np.int64(869), 8: np.int64(841), 9: np.int64(771), 10: np.int64(783)}",62857.0,32188.0,95045.0,0.07898902893066406,0.0
