S,F,T,B,D,Z1,Z2,ObjVal,time,GAP
9,9,10,7000,"{1: np.int64(699), 2: np.int64(872), 3: np.int64(723), 4: np.int64(873), 5: np.int64(733), 6: np.int64(884), 7: np.int64(825), 8: np.int64(778), 9: np.int64(781), 10: np.int64(813)}",63862.0,31924.0,95786.0,0.6511919498443604,4.1428886087482935e-13
