S,F,T,B,D,Z1,Z2,ObjVal,time,GAP
6,6,15,3000,"{1: np.int64(518), 2: np.int64(470), 3: np.int64(501), 4: np.int64(482), 5: np.int64(477), 6: np.int64(512), 7: np.int64(512), 8: np.int64(560), 9: np.int64(527), 10: np.int64(564), 11: np.int64(553), 12: np.int64(573), 13: np.int64(525), 14: np.int64(449), 15: np.int64(554)}",57396.0,31108.0,88504.0,0.9263370037078857,0.0
6,6,15,3000,"{1: np.int64(518), 2: np.int64(470), 3: np.int64(501), 4: np.int64(482), 5: np.int64(477), 6: np.int64(512), 7: np.int64(512), 8: np.int64(560), 9: np.int64(527), 10: np.int64(564), 11: np.int64(553), 12: np.int64(573), 13: np.int64(525), 14: np.int64(449), 15: np.int64(554)}",57396.0,31108.0,88504.0,0.6837818622589111,0.0
6,6,15,3000,"{1: np.int64(518), 2: np.int64(470), 3: np.int64(501), 4: np.int64(482), 5: np.int64(477), 6: np.int64(512), 7: np.int64(512), 8: np.int64(560), 9: np.int64(527), 10: np.int64(564), 11: np.int64(553), 12: np.int64(573), 13: np.int64(525), 14: np.int64(449), 15: np.int64(554)}",57396.0,31108.0,88504.0,0.6292459964752197,0.0
6,6,15,3000,"{1: np.int64(518), 2: np.int64(470), 3: np.int64(501), 4: np.int64(482), 5: np.int64(477), 6: np.int64(512), 7: np.int64(512), 8: np.int64(560), 9: np.int64(527), 10: np.int64(564), 11: np.int64(553), 12: np.int64(573), 13: np.int64(525), 14: np.int64(449), 15: np.int64(554)}",57396.0,31108.0,88504.0,0.6089351177215576,0.0
6,6,15,3000,"{1: np.int64(518), 2: np.int64(470), 3: np.int64(501), 4: np.int64(482), 5: np.int64(477), 6: np.int64(512), 7: np.int64(512), 8: np.int64(560), 9: np.int64(527), 10: np.int64(564), 11: np.int64(553), 12: np.int64(573), 13: np.int64(525), 14: np.int64(449), 15: np.int64(554)}",57396.0,31108.0,88504.0,0.9193019866943359,0.0
