S,F,T,B,D,Z1,Z2,ObjVal,time,GAP
12,12,10,7000,"{1: np.int64(612), 2: np.int64(503), 3: np.int64(653), 4: np.int64(518), 5: np.int64(665), 6: np.int64(612), 7: np.int64(506), 8: np.int64(525), 9: np.int64(606), 10: np.int64(595)}",45642.0,23180.0,68822.0,25.799633979797363,1.4526119208811175e-12
12,12,10,7000,"{1: np.int64(612), 2: np.int64(503), 3: np.int64(653), 4: np.int64(518), 5: np.int64(665), 6: np.int64(612), 7: np.int64(506), 8: np.int64(525), 9: np.int64(606), 10: np.int64(595)}",45642.0,23180.0,68822.0,21.725660800933838,1.4526119208811175e-12
12,12,10,7000,"{1: np.int64(612), 2: np.int64(503), 3: np.int64(653), 4: np.int64(518), 5: np.int64(665), 6: np.int64(612), 7: np.int64(506), 8: np.int64(525), 9: np.int64(606), 10: np.int64(595)}",45642.0,23180.0,68822.0,23.24763584136963,1.4526119208811175e-12
12,12,10,7000,"{1: np.int64(612), 2: np.int64(503), 3: np.int64(653), 4: np.int64(518), 5: np.int64(665), 6: np.int64(612), 7: np.int64(506), 8: np.int64(525), 9: np.int64(606), 10: np.int64(595)}",45642.0,23180.0,68822.0,23.247758865356445,1.4526119208811175e-12
12,12,10,7000,"{1: np.int64(612), 2: np.int64(503), 3: np.int64(653), 4: np.int64(518), 5: np.int64(665), 6: np.int64(612), 7: np.int64(506), 8: np.int64(525), 9: np.int64(606), 10: np.int64(595)}",45642.0,23180.0,68822.0,23.16556692123413,1.4526119208811175e-12
