S,F,T,B,D,Z1,Z2,ObjVal,time,GAP
9,9,5,7000,"{1: np.int64(824), 2: np.int64(758), 3: np.int64(815), 4: np.int64(672), 5: np.int64(765)}",32143.99999020833,15336.0,47479.99999020833,2.6818790435791016,0.0
