S,F,T,B,D,Z1,Z2,ObjVal,time,GAP
3,3,10,5000,"{1: np.int64(1729), 2: np.int64(1567), 3: np.int64(1670), 4: np.int64(1609), 5: np.int64(1592), 6: np.int64(1709), 7: np.int64(1708), 8: np.int64(1868), 9: np.int64(1757), 10: np.int64(1881)}",112548.0,68572.0,181120.0,0.005162954330444336,0.0
3,3,10,5000,"{1: np.int64(1729), 2: np.int64(1567), 3: np.int64(1670), 4: np.int64(1609), 5: np.int64(1592), 6: np.int64(1709), 7: np.int64(1708), 8: np.int64(1868), 9: np.int64(1757), 10: np.int64(1881)}",112548.0,68572.0,181120.0,0.007288932800292969,0.0
3,3,10,5000,"{1: np.int64(1729), 2: np.int64(1567), 3: np.int64(1670), 4: np.int64(1609), 5: np.int64(1592), 6: np.int64(1709), 7: np.int64(1708), 8: np.int64(1868), 9: np.int64(1757), 10: np.int64(1881)}",112548.0,68572.0,181120.0,0.005925178527832031,0.0
3,3,10,5000,"{1: np.int64(1729), 2: np.int64(1567), 3: np.int64(1670), 4: np.int64(1609), 5: np.int64(1592), 6: np.int64(1709), 7: np.int64(1708), 8: np.int64(1868), 9: np.int64(1757), 10: np.int64(1881)}",112548.0,68572.0,181120.0,0.0059049129486083984,0.0
3,3,10,5000,"{1: np.int64(1729), 2: np.int64(1567), 3: np.int64(1670), 4: np.int64(1609), 5: np.int64(1592), 6: np.int64(1709), 7: np.int64(1708), 8: np.int64(1868), 9: np.int64(1757), 10: np.int64(1881)}",112548.0,68572.0,181120.0,0.005755901336669922,0.0
