S,F,T,B,D,Z1,Z2,ObjVal,time,GAP
9,9,10,5000,"{1: np.int64(499), 2: np.int64(623), 3: np.int64(516), 4: np.int64(624), 5: np.int64(523), 6: np.int64(631), 7: np.int64(589), 8: np.int64(556), 9: np.int64(558), 10: np.int64(580)}",45626.0,22796.0,68422.0,0.9028639793395996,0.0
9,9,10,5000,"{1: np.int64(499), 2: np.int64(623), 3: np.int64(516), 4: np.int64(624), 5: np.int64(523), 6: np.int64(631), 7: np.int64(589), 8: np.int64(556), 9: np.int64(558), 10: np.int64(580)}",45626.0,22796.0,68422.0,0.6248221397399902,0.0
9,9,10,5000,"{1: np.int64(499), 2: np.int64(623), 3: np.int64(516), 4: np.int64(624), 5: np.int64(523), 6: np.int64(631), 7: np.int64(589), 8: np.int64(556), 9: np.int64(558), 10: np.int64(580)}",45626.0,22796.0,68422.0,0.7336921691894531,0.0
9,9,10,5000,"{1: np.int64(499), 2: np.int64(623), 3: np.int64(516), 4: np.int64(624), 5: np.int64(523), 6: np.int64(631), 7: np.int64(589), 8: np.int64(556), 9: np.int64(558), 10: np.int64(580)}",45626.0,22796.0,68422.0,0.7940869331359863,0.0
9,9,10,5000,"{1: np.int64(499), 2: np.int64(623), 3: np.int64(516), 4: np.int64(624), 5: np.int64(523), 6: np.int64(631), 7: np.int64(589), 8: np.int64(556), 9: np.int64(558), 10: np.int64(580)}",45626.0,22796.0,68422.0,0.5402579307556152,0.0
