S,F,T,B,D,Z1,Z2,ObjVal,time,GAP
9,9,5,7000,"{1: np.int64(831), 2: np.int64(762), 3: np.int64(780), 4: np.int64(796), 5: np.int64(673)}",32517.0,15368.0,47885.0,13.456758975982666,0.0
9,9,5,7000,"{1: np.int64(831), 2: np.int64(762), 3: np.int64(780), 4: np.int64(796), 5: np.int64(673)}",34609.0,15368.0,49977.0,0.4161550998687744,0.0
9,9,5,7000,"{1: np.int64(831), 2: np.int64(762), 3: np.int64(780), 4: np.int64(796), 5: np.int64(673)}",34609.0,15368.0,49977.0,0.38916707038879395,0.0
9,9,5,7000,"{1: np.int64(831), 2: np.int64(762), 3: np.int64(780), 4: np.int64(796), 5: np.int64(673)}",34609.0,15368.0,49977.0,0.34871792793273926,0.0
9,9,5,7000,"{1: np.int64(831), 2: np.int64(762), 3: np.int64(780), 4: np.int64(796), 5: np.int64(673)}",32517.0,15368.0,47885.0,3.8425819873809814,0.0
