S,F,T,B,D,Z1,Z2,ObjVal,time,GAP
9,9,15,7000,"{1: np.int64(835), 2: np.int64(856), 3: np.int64(815), 4: np.int64(782), 5: np.int64(728), 6: np.int64(740), 7: np.int64(714), 8: np.int64(676), 9: np.int64(798), 10: np.int64(728), 11: np.int64(850), 12: np.int64(671), 13: np.int64(871), 14: np.int64(822), 15: np.int64(876)}",91466.99999999921,47048.0,138514.9999999992,0.9058539867401123,0.0
