S,F,T,B,D,Z1,Z2,ObjVal,time,GAP
9,9,5,7000,"{1: np.int64(835), 2: np.int64(856), 3: np.int64(815), 4: np.int64(782), 5: np.int64(728)}",33109.0,16064.0,49173.0,3.248617172241211,0.0
9,9,5,7000,"{1: np.int64(835), 2: np.int64(856), 3: np.int64(815), 4: np.int64(782), 5: np.int64(728)}",33109.0,16064.0,49173.0,4.311599016189575,0.0
9,9,5,7000,"{1: np.int64(835), 2: np.int64(856), 3: np.int64(815), 4: np.int64(782), 5: np.int64(728)}",33109.0,16064.0,49173.0,3.585049867630005,0.0
9,9,5,7000,"{1: np.int64(835), 2: np.int64(856), 3: np.int64(815), 4: np.int64(782), 5: np.int64(728)}",33109.0,16064.0,49173.0,4.168456077575684,0.0
9,9,5,7000,"{1: np.int64(835), 2: np.int64(856), 3: np.int64(815), 4: np.int64(782), 5: np.int64(728)}",33109.0,16064.0,49173.0,3.9369308948516846,0.0
