S,F,T,B,D,Z1,Z2,ObjVal,time,GAP
9,9,5,3000,"{1: np.int64(350), 2: np.int64(379), 3: np.int64(308), 4: np.int64(328), 5: np.int64(342)}",13088.0,6828.0,19916.0,0.21949315071105957,0.0
9,9,5,3000,"{1: np.int64(350), 2: np.int64(379), 3: np.int64(308), 4: np.int64(328), 5: np.int64(342)}",13088.0,6828.0,19916.0,0.19880414009094238,0.0
9,9,5,3000,"{1: np.int64(350), 2: np.int64(379), 3: np.int64(308), 4: np.int64(328), 5: np.int64(342)}",13088.0,6828.0,19916.0,0.38813090324401855,0.0
9,9,5,3000,"{1: np.int64(350), 2: np.int64(379), 3: np.int64(308), 4: np.int64(328), 5: np.int64(342)}",13088.0,6828.0,19916.0,0.502539873123169,0.0
9,9,5,3000,"{1: np.int64(350), 2: np.int64(379), 3: np.int64(308), 4: np.int64(328), 5: np.int64(342)}",13088.0,6828.0,19916.0,0.34838008880615234,0.0
