S,F,T,B,D,Z1,Z2,ObjVal,time,GAP
12,12,15,7000,"{1: np.int64(583), 2: np.int64(551), 3: np.int64(550), 4: np.int64(557), 5: np.int64(609), 6: np.int64(598), 7: np.int64(558), 8: np.int64(529), 9: np.int64(553), 10: np.int64(517), 11: np.int64(593), 12: np.int64(621), 13: np.int64(562), 14: np.int64(509), 15: np.int64(527)}",64808.99952900199,33668.0,98476.999529002,78.04286599159241,9.498537669205248e-05
12,12,15,7000,"{1: np.int64(583), 2: np.int64(551), 3: np.int64(550), 4: np.int64(557), 5: np.int64(609), 6: np.int64(598), 7: np.int64(558), 8: np.int64(529), 9: np.int64(553), 10: np.int64(517), 11: np.int64(593), 12: np.int64(621), 13: np.int64(562), 14: np.int64(509), 15: np.int64(527)}",64808.99952900199,33668.0,98476.999529002,73.97965884208679,9.498537669205248e-05
12,12,15,7000,"{1: np.int64(583), 2: np.int64(551), 3: np.int64(550), 4: np.int64(557), 5: np.int64(609), 6: np.int64(598), 7: np.int64(558), 8: np.int64(529), 9: np.int64(553), 10: np.int64(517), 11: np.int64(593), 12: np.int64(621), 13: np.int64(562), 14: np.int64(509), 15: np.int64(527)}",64808.99952900199,33668.0,98476.999529002,66.94912600517273,9.498537669205248e-05
