S,F,T,B,D,Z1,Z2,ObjVal,time,GAP
12,12,5,3000,"{1: np.int64(262), 2: np.int64(215), 3: np.int64(279), 4: np.int64(222), 5: np.int64(285)}",9368.999991666667,5051.999996296297,14420.999987962963,6.250558137893677,0.0
12,12,5,3000,"{1: np.int64(262), 2: np.int64(215), 3: np.int64(279), 4: np.int64(222), 5: np.int64(285)}",9368.999991666667,5051.999996296297,14420.999987962963,5.42368483543396,0.0
12,12,5,3000,"{1: np.int64(262), 2: np.int64(215), 3: np.int64(279), 4: np.int64(222), 5: np.int64(285)}",9368.999991666667,5051.999996296297,14420.999987962963,6.9161670207977295,0.0
12,12,5,3000,"{1: np.int64(262), 2: np.int64(215), 3: np.int64(279), 4: np.int64(222), 5: np.int64(285)}",9369.0,5052.0,14421.0,4.870038032531738,0.0
