S,F,T,B,D,Z1,Z2,ObjVal,time,GAP
12,12,5,3000,"{1: np.int64(251), 2: np.int64(212), 3: np.int64(215), 4: np.int64(243), 5: np.int64(220)}",7695.999973434205,4564.0,12259.999973434205,25.148303031921387,0.0
12,12,5,3000,"{1: np.int64(251), 2: np.int64(212), 3: np.int64(215), 4: np.int64(243), 5: np.int64(220)}",7695.999973434205,4564.0,12259.999973434205,14.03916311264038,0.0
12,12,5,3000,"{1: np.int64(251), 2: np.int64(212), 3: np.int64(215), 4: np.int64(243), 5: np.int64(220)}",7695.999973434205,4564.0,12259.999973434205,13.418781995773315,0.0
12,12,5,3000,"{1: np.int64(251), 2: np.int64(212), 3: np.int64(215), 4: np.int64(243), 5: np.int64(220)}",7695.999973434205,4564.0,12259.999973434205,17.311426877975464,0.0
12,12,5,3000,"{1: np.int64(251), 2: np.int64(212), 3: np.int64(215), 4: np.int64(243), 5: np.int64(220)}",7695.999973434205,4564.0,12259.999973434205,22.04789900779724,0.0
