S,F,T,B,D,Z1,Z2,ObjVal,time,GAP
9,9,5,3000,"{1: np.int64(368), 2: np.int64(382), 3: np.int64(292), 4: np.int64(363), 5: np.int64(324)}",13449.0,6916.0,20365.0,0.21825504302978516,0.0
9,9,5,3000,"{1: np.int64(368), 2: np.int64(382), 3: np.int64(292), 4: np.int64(363), 5: np.int64(324)}",13449.0,6916.0,20365.0,0.1183171272277832,0.0
9,9,5,3000,"{1: np.int64(368), 2: np.int64(382), 3: np.int64(292), 4: np.int64(363), 5: np.int64(324)}",13449.0,6916.0,20365.0,0.17469096183776855,0.0
