S,F,T,B,D,Z1,Z2,ObjVal,time,GAP
12,12,10,10000,"{1: np.int64(830), 2: np.int64(773), 3: np.int64(815), 4: np.int64(878), 5: np.int64(937), 6: np.int64(854), 7: np.int64(912), 8: np.int64(732), 9: np.int64(797), 10: np.int64(957)}",68326.99992820367,33939.999971345365,102266.99989954906,29.869498014450073,0.0
12,12,10,10000,"{1: np.int64(830), 2: np.int64(773), 3: np.int64(815), 4: np.int64(878), 5: np.int64(937), 6: np.int64(854), 7: np.int64(912), 8: np.int64(732), 9: np.int64(797), 10: np.int64(957)}",68326.99992820367,33939.999971345365,102266.99989954906,37.57602310180664,0.0
12,12,10,10000,"{1: np.int64(830), 2: np.int64(773), 3: np.int64(815), 4: np.int64(878), 5: np.int64(937), 6: np.int64(854), 7: np.int64(912), 8: np.int64(732), 9: np.int64(797), 10: np.int64(957)}",68326.99992820367,33939.999971345365,102266.99989954906,37.64464282989502,0.0
12,12,10,10000,"{1: np.int64(830), 2: np.int64(773), 3: np.int64(815), 4: np.int64(878), 5: np.int64(937), 6: np.int64(854), 7: np.int64(912), 8: np.int64(732), 9: np.int64(797), 10: np.int64(957)}",68326.99992820367,33939.999971345365,102266.99989954906,32.81726002693176,0.0
12,12,10,10000,"{1: np.int64(830), 2: np.int64(773), 3: np.int64(815), 4: np.int64(878), 5: np.int64(937), 6: np.int64(854), 7: np.int64(912), 8: np.int64(732), 9: np.int64(797), 10: np.int64(957)}",68326.99992820367,33939.999971345365,102266.99989954906,34.412250995635986,0.0
