S,F,T,B,D,Z1,Z2,ObjVal,time,GAP
6,6,5,5000,"{1: np.int64(757), 2: np.int64(810), 3: np.int64(860), 4: np.int64(747), 5: np.int64(718)}",30233.0,15568.0,45801.0,0.13927221298217773,0.0
6,6,5,5000,"{1: np.int64(757), 2: np.int64(810), 3: np.int64(860), 4: np.int64(747), 5: np.int64(718)}",30233.0,15568.0,45801.0,0.21129798889160156,0.0
6,6,5,5000,"{1: np.int64(757), 2: np.int64(810), 3: np.int64(860), 4: np.int64(747), 5: np.int64(718)}",30233.0,15568.0,45801.0,0.10043907165527344,0.0
