S,F,T,B,D,Z1,Z2,ObjVal,time,GAP
12,12,15,7000,"{1: np.int64(546), 2: np.int64(664), 3: np.int64(631), 4: np.int64(567), 5: np.int64(660), 6: np.int64(604), 7: np.int64(638), 8: np.int64(547), 9: np.int64(529), 10: np.int64(573), 11: np.int64(519), 12: np.int64(562), 13: np.int64(664), 14: np.int64(553), 15: np.int64(497)}",66163.0,35016.0,101179.0,7.071287155151367,0.0
12,12,15,7000,"{1: np.int64(546), 2: np.int64(664), 3: np.int64(631), 4: np.int64(567), 5: np.int64(660), 6: np.int64(604), 7: np.int64(638), 8: np.int64(547), 9: np.int64(529), 10: np.int64(573), 11: np.int64(519), 12: np.int64(562), 13: np.int64(664), 14: np.int64(553), 15: np.int64(497)}",66163.0,35016.0,101179.0,5.2061920166015625,0.0
12,12,15,7000,"{1: np.int64(546), 2: np.int64(664), 3: np.int64(631), 4: np.int64(567), 5: np.int64(660), 6: np.int64(604), 7: np.int64(638), 8: np.int64(547), 9: np.int64(529), 10: np.int64(573), 11: np.int64(519), 12: np.int64(562), 13: np.int64(664), 14: np.int64(553), 15: np.int64(497)}",66163.0,35016.0,101179.0,5.035193920135498,0.0
12,12,15,7000,"{1: np.int64(546), 2: np.int64(664), 3: np.int64(631), 4: np.int64(567), 5: np.int64(660), 6: np.int64(604), 7: np.int64(638), 8: np.int64(547), 9: np.int64(529), 10: np.int64(573), 11: np.int64(519), 12: np.int64(562), 13: np.int64(664), 14: np.int64(553), 15: np.int64(497)}",66163.0,35016.0,101179.0,3.377717971801758,0.0
12,12,15,7000,"{1: np.int64(546), 2: np.int64(664), 3: np.int64(631), 4: np.int64(567), 5: np.int64(660), 6: np.int64(604), 7: np.int64(638), 8: np.int64(547), 9: np.int64(529), 10: np.int64(573), 11: np.int64(519), 12: np.int64(562), 13: np.int64(664), 14: np.int64(553), 15: np.int64(497)}",66163.0,35016.0,101179.0,6.506953001022339,0.0
