S,F,T,B,D,Z1,Z2,ObjVal,time,GAP
12,12,10,7000,"{1: np.int64(530), 2: np.int64(567), 3: np.int64(602), 4: np.int64(523), 5: np.int64(503), 6: np.int64(647), 7: np.int64(550), 8: np.int64(663), 9: np.int64(652), 10: np.int64(561)}",42726.99997635064,23192.0,65918.99997635063,2.1729140281677246,0.0
