S,F,T,B,D,Z1,Z2,ObjVal,time,GAP
3,3,5,7000,"{1: np.int64(2581), 2: np.int64(2676), 3: np.int64(2045), 4: np.int64(2543), 5: np.int64(2270)}",95853.0,48789.0,144642.0,0.005002021789550781,0.0
3,3,5,7000,"{1: np.int64(2581), 2: np.int64(2676), 3: np.int64(2045), 4: np.int64(2543), 5: np.int64(2270)}",95853.0,48789.0,144642.0,0.004940986633300781,0.0
3,3,5,7000,"{1: np.int64(2581), 2: np.int64(2676), 3: np.int64(2045), 4: np.int64(2543), 5: np.int64(2270)}",95853.0,48789.0,144642.0,0.004868030548095703,0.0
