S,F,T,B,D,Z1,Z2,ObjVal,time,GAP
3,3,10,10000,"{1: np.int64(2860), 2: np.int64(3298), 3: np.int64(3151), 4: np.int64(3213), 5: np.int64(3725), 6: np.int64(3359), 7: np.int64(3393), 8: np.int64(3069), 9: np.int64(2857), 10: np.int64(3158)}",264022.0,128332.0,392354.0,0.006067037582397461,0.0
3,3,10,10000,"{1: np.int64(2860), 2: np.int64(3298), 3: np.int64(3151), 4: np.int64(3213), 5: np.int64(3725), 6: np.int64(3359), 7: np.int64(3393), 8: np.int64(3069), 9: np.int64(2857), 10: np.int64(3158)}",264022.0,128332.0,392354.0,0.005640983581542969,0.0
3,3,10,10000,"{1: np.int64(2860), 2: np.int64(3298), 3: np.int64(3151), 4: np.int64(3213), 5: np.int64(3725), 6: np.int64(3359), 7: np.int64(3393), 8: np.int64(3069), 9: np.int64(2857), 10: np.int64(3158)}",264022.0,128332.0,392354.0,0.006903886795043945,0.0
3,3,10,10000,"{1: np.int64(2860), 2: np.int64(3298), 3: np.int64(3151), 4: np.int64(3213), 5: np.int64(3725), 6: np.int64(3359), 7: np.int64(3393), 8: np.int64(3069), 9: np.int64(2857), 10: np.int64(3158)}",264022.0,128332.0,392354.0,0.006466865539550781,0.0
3,3,10,10000,"{1: np.int64(2860), 2: np.int64(3298), 3: np.int64(3151), 4: np.int64(3213), 5: np.int64(3725), 6: np.int64(3359), 7: np.int64(3393), 8: np.int64(3069), 9: np.int64(2857), 10: np.int64(3158)}",264022.0,128332.0,392354.0,0.005738019943237305,0.0
