S,F,T,B,D,Z1,Z2,ObjVal,time,GAP
9,9,5,10000,"{1: np.int64(1002), 2: np.int64(1127), 3: np.int64(1178), 4: np.int64(1169), 5: np.int64(1069)}",46701.0,22180.0,68881.0,0.33925604820251465,1.0797584055426458e-12
