S,F,T,B,D,Z1,Z2,ObjVal,time,GAP
3,3,10,5000,"{1: np.int64(1430), 2: np.int64(1649), 3: np.int64(1575), 4: np.int64(1606), 5: np.int64(1862), 6: np.int64(1679), 7: np.int64(1696), 8: np.int64(1534), 9: np.int64(1428), 10: np.int64(1579)}",131992.0,64152.0,196144.0,0.00606083869934082,0.0
3,3,10,5000,"{1: np.int64(1430), 2: np.int64(1649), 3: np.int64(1575), 4: np.int64(1606), 5: np.int64(1862), 6: np.int64(1679), 7: np.int64(1696), 8: np.int64(1534), 9: np.int64(1428), 10: np.int64(1579)}",131992.0,64152.0,196144.0,0.00642085075378418,0.0
3,3,10,5000,"{1: np.int64(1430), 2: np.int64(1649), 3: np.int64(1575), 4: np.int64(1606), 5: np.int64(1862), 6: np.int64(1679), 7: np.int64(1696), 8: np.int64(1534), 9: np.int64(1428), 10: np.int64(1579)}",131992.0,64152.0,196144.0,0.005908966064453125,0.0
3,3,10,5000,"{1: np.int64(1430), 2: np.int64(1649), 3: np.int64(1575), 4: np.int64(1606), 5: np.int64(1862), 6: np.int64(1679), 7: np.int64(1696), 8: np.int64(1534), 9: np.int64(1428), 10: np.int64(1579)}",131992.0,64152.0,196144.0,0.006268978118896484,0.0
3,3,10,5000,"{1: np.int64(1430), 2: np.int64(1649), 3: np.int64(1575), 4: np.int64(1606), 5: np.int64(1862), 6: np.int64(1679), 7: np.int64(1696), 8: np.int64(1534), 9: np.int64(1428), 10: np.int64(1579)}",131992.0,64152.0,196144.0,0.006062984466552734,0.0
