S,F,T,B,D,Z1,Z2,ObjVal,time,GAP
6,6,15,7000,"{1: np.int64(1092), 2: np.int64(1329), 3: np.int64(1263), 4: np.int64(1135), 5: np.int64(1321), 6: np.int64(1208), 7: np.int64(1277), 8: np.int64(1094), 9: np.int64(1058), 10: np.int64(1147), 11: np.int64(1039), 12: np.int64(1125), 13: np.int64(1328), 14: np.int64(1107), 15: np.int64(994)}",142397.0,72183.0,214580.0,1.6658928394317627,6.0583465374219405e-05
6,6,15,7000,"{1: np.int64(1092), 2: np.int64(1329), 3: np.int64(1263), 4: np.int64(1135), 5: np.int64(1321), 6: np.int64(1208), 7: np.int64(1277), 8: np.int64(1094), 9: np.int64(1058), 10: np.int64(1147), 11: np.int64(1039), 12: np.int64(1125), 13: np.int64(1328), 14: np.int64(1107), 15: np.int64(994)}",142397.0,72183.0,214580.0,1.2971220016479492,6.0583465374219405e-05
6,6,15,7000,"{1: np.int64(1092), 2: np.int64(1329), 3: np.int64(1263), 4: np.int64(1135), 5: np.int64(1321), 6: np.int64(1208), 7: np.int64(1277), 8: np.int64(1094), 9: np.int64(1058), 10: np.int64(1147), 11: np.int64(1039), 12: np.int64(1125), 13: np.int64(1328), 14: np.int64(1107), 15: np.int64(994)}",142397.0,72183.0,214580.0,0.5929889678955078,6.0583465374219405e-05
6,6,15,7000,"{1: np.int64(1092), 2: np.int64(1329), 3: np.int64(1263), 4: np.int64(1135), 5: np.int64(1321), 6: np.int64(1208), 7: np.int64(1277), 8: np.int64(1094), 9: np.int64(1058), 10: np.int64(1147), 11: np.int64(1039), 12: np.int64(1125), 13: np.int64(1328), 14: np.int64(1107), 15: np.int64(994)}",142397.0,72183.0,214580.0,1.4464111328125,0.0
6,6,15,7000,"{1: np.int64(1092), 2: np.int64(1329), 3: np.int64(1263), 4: np.int64(1135), 5: np.int64(1321), 6: np.int64(1208), 7: np.int64(1277), 8: np.int64(1094), 9: np.int64(1058), 10: np.int64(1147), 11: np.int64(1039), 12: np.int64(1125), 13: np.int64(1328), 14: np.int64(1107), 15: np.int64(994)}",142397.0,72183.0,214580.0,0.7489068508148193,6.0583465374219405e-05
