S,F,T,B,D,Z1,Z2,ObjVal,time,GAP
9,9,15,7000,"{1: np.int64(865), 2: np.int64(789), 3: np.int64(866), 4: np.int64(708), 5: np.int64(817), 6: np.int64(738), 7: np.int64(869), 8: np.int64(841), 9: np.int64(771), 10: np.int64(783), 11: np.int64(667), 12: np.int64(669), 13: np.int64(799), 14: np.int64(775), 15: np.int64(862)}",86679.0,47276.0,133955.0,8.330890893936157,5.721159710384287e-05
9,9,15,7000,"{1: np.int64(865), 2: np.int64(789), 3: np.int64(866), 4: np.int64(708), 5: np.int64(817), 6: np.int64(738), 7: np.int64(869), 8: np.int64(841), 9: np.int64(771), 10: np.int64(783), 11: np.int64(667), 12: np.int64(669), 13: np.int64(799), 14: np.int64(775), 15: np.int64(862)}",86679.0,47276.0,133955.0,9.05181884765625,5.721159710384287e-05
9,9,15,7000,"{1: np.int64(865), 2: np.int64(789), 3: np.int64(866), 4: np.int64(708), 5: np.int64(817), 6: np.int64(738), 7: np.int64(869), 8: np.int64(841), 9: np.int64(771), 10: np.int64(783), 11: np.int64(667), 12: np.int64(669), 13: np.int64(799), 14: np.int64(775), 15: np.int64(862)}",86679.0,47276.0,133955.0,6.354708194732666,5.721159710384287e-05
