S,F,T,B,D,Z1,Z2,ObjVal,time,GAP
6,6,10,3000,"{1: np.int64(522), 2: np.int64(465), 3: np.int64(458), 4: np.int64(556), 5: np.int64(440), 6: np.int64(503), 7: np.int64(553), 8: np.int64(461), 9: np.int64(456), 10: np.int64(557)}",36095.0,19884.0,55979.0,1.388962984085083,7.897992831730695e-05
6,6,10,3000,"{1: np.int64(522), 2: np.int64(465), 3: np.int64(458), 4: np.int64(556), 5: np.int64(440), 6: np.int64(503), 7: np.int64(553), 8: np.int64(461), 9: np.int64(456), 10: np.int64(557)}",36095.0,19884.0,55979.0,2.824212074279785,7.897992831730695e-05
6,6,10,3000,"{1: np.int64(522), 2: np.int64(465), 3: np.int64(458), 4: np.int64(556), 5: np.int64(440), 6: np.int64(503), 7: np.int64(553), 8: np.int64(461), 9: np.int64(456), 10: np.int64(557)}",36095.0,19884.0,55979.0,2.9798409938812256,7.897992831730695e-05
