S,F,T,B,D,Z1,Z2,ObjVal,time,GAP
6,6,10,7000,"{1: np.int64(1135), 2: np.int64(1004), 3: np.int64(1139), 4: np.int64(1078), 5: np.int64(1302), 6: np.int64(1282), 7: np.int64(1166), 8: np.int64(1002), 9: np.int64(1080), 10: np.int64(1076)}",80071.0,47560.0,127631.0,1.424536943435669,0.0
6,6,10,7000,"{1: np.int64(1135), 2: np.int64(1004), 3: np.int64(1139), 4: np.int64(1078), 5: np.int64(1302), 6: np.int64(1282), 7: np.int64(1166), 8: np.int64(1002), 9: np.int64(1080), 10: np.int64(1076)}",80071.0,47560.0,127631.0,1.6526219844818115,0.0
6,6,10,7000,"{1: np.int64(1135), 2: np.int64(1004), 3: np.int64(1139), 4: np.int64(1078), 5: np.int64(1302), 6: np.int64(1282), 7: np.int64(1166), 8: np.int64(1002), 9: np.int64(1080), 10: np.int64(1076)}",80071.0,47560.0,127631.0,1.661241054534912,0.0
6,6,10,7000,"{1: np.int64(1135), 2: np.int64(1004), 3: np.int64(1139), 4: np.int64(1078), 5: np.int64(1302), 6: np.int64(1282), 7: np.int64(1166), 8: np.int64(1002), 9: np.int64(1080), 10: np.int64(1076)}",80071.0,47560.0,127631.0,1.8193550109863281,0.0
6,6,10,7000,"{1: np.int64(1135), 2: np.int64(1004), 3: np.int64(1139), 4: np.int64(1078), 5: np.int64(1302), 6: np.int64(1282), 7: np.int64(1166), 8: np.int64(1002), 9: np.int64(1080), 10: np.int64(1076)}",80071.0,47560.0,127631.0,2.298151969909668,0.0
