S,F,T,B,D,Z1,Z2,ObjVal,time,GAP
9,9,5,5000,"{1: np.int64(531), 2: np.int64(596), 3: np.int64(525), 4: np.int64(565), 5: np.int64(622)}",22409.0,11356.0,33765.0,0.11111092567443848,0.0
9,9,5,5000,"{1: np.int64(531), 2: np.int64(596), 3: np.int64(525), 4: np.int64(565), 5: np.int64(622)}",22409.0,11356.0,33765.0,0.11205005645751953,0.0
9,9,5,5000,"{1: np.int64(531), 2: np.int64(596), 3: np.int64(525), 4: np.int64(565), 5: np.int64(622)}",22409.0,11356.0,33765.0,0.25186896324157715,0.0
