S,F,T,B,D,Z1,Z2,ObjVal,time,GAP
9,9,5,7000,"{1: np.int64(756), 2: np.int64(669), 3: np.int64(759), 4: np.int64(719), 5: np.int64(868)}",26134.999993700705,15083.99999685035,41218.99999055106,1.9441719055175781,0.0
