S,F,T,B,D,Z1,Z2,ObjVal,time,GAP
6,6,15,7000,"{1: np.int64(1135), 2: np.int64(1004), 3: np.int64(1139), 4: np.int64(1078), 5: np.int64(1302), 6: np.int64(1282), 7: np.int64(1166), 8: np.int64(1002), 9: np.int64(1080), 10: np.int64(1076), 11: np.int64(1064), 12: np.int64(1072), 13: np.int64(1296), 14: np.int64(1041), 15: np.int64(1009)}",119449.99992463397,66983.99999999997,186433.99992463397,1.9119808673858643,6.263023423198974e-05
6,6,15,7000,"{1: np.int64(1135), 2: np.int64(1004), 3: np.int64(1139), 4: np.int64(1078), 5: np.int64(1302), 6: np.int64(1282), 7: np.int64(1166), 8: np.int64(1002), 9: np.int64(1080), 10: np.int64(1076), 11: np.int64(1064), 12: np.int64(1072), 13: np.int64(1296), 14: np.int64(1041), 15: np.int64(1009)}",119449.99992463397,66983.99999999997,186433.99992463397,2.186368942260742,6.263023423198974e-05
6,6,15,7000,"{1: np.int64(1135), 2: np.int64(1004), 3: np.int64(1139), 4: np.int64(1078), 5: np.int64(1302), 6: np.int64(1282), 7: np.int64(1166), 8: np.int64(1002), 9: np.int64(1080), 10: np.int64(1076), 11: np.int64(1064), 12: np.int64(1072), 13: np.int64(1296), 14: np.int64(1041), 15: np.int64(1009)}",119449.99992463397,66983.99999999997,186433.99992463397,1.840440034866333,6.263023423198974e-05
