S,F,T,B,D,Z1,Z2,ObjVal,time,GAP
3,3,10,7000,"{1: np.int64(2099), 2: np.int64(2618), 3: np.int64(2171), 4: np.int64(2621), 5: np.int64(2200), 6: np.int64(2653), 7: np.int64(2477), 8: np.int64(2336), 9: np.int64(2345), 10: np.int64(2439)}",237224.0,99536.0,336760.0,0.01481008529663086,0.0
3,3,10,7000,"{1: np.int64(2099), 2: np.int64(2618), 3: np.int64(2171), 4: np.int64(2621), 5: np.int64(2200), 6: np.int64(2653), 7: np.int64(2477), 8: np.int64(2336), 9: np.int64(2345), 10: np.int64(2439)}",237224.0,99536.0,336760.0,0.015461921691894531,0.0
3,3,10,7000,"{1: np.int64(2099), 2: np.int64(2618), 3: np.int64(2171), 4: np.int64(2621), 5: np.int64(2200), 6: np.int64(2653), 7: np.int64(2477), 8: np.int64(2336), 9: np.int64(2345), 10: np.int64(2439)}",237224.0,99536.0,336760.0,0.015763044357299805,0.0
3,3,10,7000,"{1: np.int64(2099), 2: np.int64(2618), 3: np.int64(2171), 4: np.int64(2621), 5: np.int64(2200), 6: np.int64(2653), 7: np.int64(2477), 8: np.int64(2336), 9: np.int64(2345), 10: np.int64(2439)}",237224.0,99536.0,336760.0,0.015810012817382812,0.0
3,3,10,7000,"{1: np.int64(2099), 2: np.int64(2618), 3: np.int64(2171), 4: np.int64(2621), 5: np.int64(2200), 6: np.int64(2653), 7: np.int64(2477), 8: np.int64(2336), 9: np.int64(2345), 10: np.int64(2439)}",237224.0,99536.0,336760.0,0.016070842742919922,0.0
