S,F,T,B,D,Z1,Z2,ObjVal,time,GAP
6,6,10,5000,"{1: np.int64(835), 2: np.int64(811), 3: np.int64(858), 4: np.int64(816), 5: np.int64(748), 6: np.int64(784), 7: np.int64(911), 8: np.int64(719), 9: np.int64(719), 10: np.int64(864)}",64365.0,32260.0,96625.0,0.6030077934265137,1.5090317266570334e-13
6,6,10,5000,"{1: np.int64(835), 2: np.int64(811), 3: np.int64(858), 4: np.int64(816), 5: np.int64(748), 6: np.int64(784), 7: np.int64(911), 8: np.int64(719), 9: np.int64(719), 10: np.int64(864)}",64365.0,32260.0,96625.0,0.6051819324493408,1.5090317266570334e-13
6,6,10,5000,"{1: np.int64(835), 2: np.int64(811), 3: np.int64(858), 4: np.int64(816), 5: np.int64(748), 6: np.int64(784), 7: np.int64(911), 8: np.int64(719), 9: np.int64(719), 10: np.int64(864)}",64365.0,32260.0,96625.0,0.46905088424682617,1.5090317266570334e-13
6,6,10,5000,"{1: np.int64(835), 2: np.int64(811), 3: np.int64(858), 4: np.int64(816), 5: np.int64(748), 6: np.int64(784), 7: np.int64(911), 8: np.int64(719), 9: np.int64(719), 10: np.int64(864)}",64365.0,32260.0,96625.0,0.5178260803222656,1.5090317266570334e-13
6,6,10,5000,"{1: np.int64(835), 2: np.int64(811), 3: np.int64(858), 4: np.int64(816), 5: np.int64(748), 6: np.int64(784), 7: np.int64(911), 8: np.int64(719), 9: np.int64(719), 10: np.int64(864)}",64365.0,32260.0,96625.0,0.41803717613220215,1.5090317266570334e-13
