S,F,T,B,D,Z1,Z2,ObjVal,time,GAP
6,6,10,10000,"{1: np.int64(1621), 2: np.int64(1435), 3: np.int64(1627), 4: np.int64(1540), 5: np.int64(1861), 6: np.int64(1832), 7: np.int64(1665), 8: np.int64(1432), 9: np.int64(1543), 10: np.int64(1537)}",114569.0,67738.0,182307.0,1.4983530044555664,0.0
6,6,10,10000,"{1: np.int64(1621), 2: np.int64(1435), 3: np.int64(1627), 4: np.int64(1540), 5: np.int64(1861), 6: np.int64(1832), 7: np.int64(1665), 8: np.int64(1432), 9: np.int64(1543), 10: np.int64(1537)}",114569.0,67738.0,182307.0,1.5091159343719482,0.0
6,6,10,10000,"{1: np.int64(1621), 2: np.int64(1435), 3: np.int64(1627), 4: np.int64(1540), 5: np.int64(1861), 6: np.int64(1832), 7: np.int64(1665), 8: np.int64(1432), 9: np.int64(1543), 10: np.int64(1537)}",114569.0,67738.0,182307.0,1.625298023223877,0.0
6,6,10,10000,"{1: np.int64(1621), 2: np.int64(1435), 3: np.int64(1627), 4: np.int64(1540), 5: np.int64(1861), 6: np.int64(1832), 7: np.int64(1665), 8: np.int64(1432), 9: np.int64(1543), 10: np.int64(1537)}",114569.0,67738.0,182307.0,2.1701719760894775,0.0
6,6,10,10000,"{1: np.int64(1621), 2: np.int64(1435), 3: np.int64(1627), 4: np.int64(1540), 5: np.int64(1861), 6: np.int64(1832), 7: np.int64(1665), 8: np.int64(1432), 9: np.int64(1543), 10: np.int64(1537)}",114569.0,67738.0,182307.0,1.913849115371704,0.0
