S,F,T,B,D,Z1,Z2,ObjVal,time,GAP
12,12,15,5000,"{1: np.int64(434), 2: np.int64(454), 3: np.int64(397), 4: np.int64(370), 5: np.int64(390), 6: np.int64(453), 7: np.int64(388), 8: np.int64(397), 9: np.int64(406), 10: np.int64(406), 11: np.int64(405), 12: np.int64(469), 13: np.int64(373), 14: np.int64(354), 15: np.int64(472)}",49665.0,24672.0,74337.0,32.770251989364624,4.484116362529529e-06
12,12,15,5000,"{1: np.int64(434), 2: np.int64(454), 3: np.int64(397), 4: np.int64(370), 5: np.int64(390), 6: np.int64(453), 7: np.int64(388), 8: np.int64(397), 9: np.int64(406), 10: np.int64(406), 11: np.int64(405), 12: np.int64(469), 13: np.int64(373), 14: np.int64(354), 15: np.int64(472)}",49664.999994315236,24671.999999997686,74336.99999431291,24.066832065582275,6.32874222326049e-05
12,12,15,5000,"{1: np.int64(434), 2: np.int64(454), 3: np.int64(397), 4: np.int64(370), 5: np.int64(390), 6: np.int64(453), 7: np.int64(388), 8: np.int64(397), 9: np.int64(406), 10: np.int64(406), 11: np.int64(405), 12: np.int64(469), 13: np.int64(373), 14: np.int64(354), 15: np.int64(472)}",49664.999994315236,24671.999999997686,74336.99999431291,24.015185832977295,6.32874222326049e-05
12,12,15,5000,"{1: np.int64(434), 2: np.int64(454), 3: np.int64(397), 4: np.int64(370), 5: np.int64(390), 6: np.int64(453), 7: np.int64(388), 8: np.int64(397), 9: np.int64(406), 10: np.int64(406), 11: np.int64(405), 12: np.int64(469), 13: np.int64(373), 14: np.int64(354), 15: np.int64(472)}",49664.999994315236,24671.999999997686,74336.99999431291,25.886816024780273,6.32874222326049e-05
12,12,15,5000,"{1: np.int64(434), 2: np.int64(454), 3: np.int64(397), 4: np.int64(370), 5: np.int64(390), 6: np.int64(453), 7: np.int64(388), 8: np.int64(397), 9: np.int64(406), 10: np.int64(406), 11: np.int64(405), 12: np.int64(469), 13: np.int64(373), 14: np.int64(354), 15: np.int64(472)}",49665.0,24672.0,74337.0,22.791213989257812,1.0885600737439283e-11
