S,F,T,B,D,Z1,Z2,ObjVal,time,GAP
9,9,15,10000,"{1: np.int64(1002), 2: np.int64(1127), 3: np.int64(1178), 4: np.int64(1169), 5: np.int64(1069), 6: np.int64(1090), 7: np.int64(1113), 8: np.int64(1203), 9: np.int64(1118), 10: np.int64(1075), 11: np.int64(1107), 12: np.int64(954), 13: np.int64(958), 14: np.int64(1178), 15: np.int64(1272)}",149485.0,66452.0,215937.0,0.36092710494995117,1.4017043709509278e-14
