S,F,T,B,D,Z1,Z2,ObjVal,time,GAP
9,9,5,3000,"{1: np.int64(368), 2: np.int64(382), 3: np.int64(292), 4: np.int64(363), 5: np.int64(324)}",13449.0,6916.0,20365.0,0.16070795059204102,0.0
9,9,5,3000,"{1: np.int64(368), 2: np.int64(382), 3: np.int64(292), 4: np.int64(363), 5: np.int64(324)}",13449.0,6916.0,20365.0,0.3337099552154541,0.0
9,9,5,3000,"{1: np.int64(368), 2: np.int64(382), 3: np.int64(292), 4: np.int64(363), 5: np.int64(324)}",13449.0,6916.0,20365.0,0.15337491035461426,0.0
9,9,5,3000,"{1: np.int64(368), 2: np.int64(382), 3: np.int64(292), 4: np.int64(363), 5: np.int64(324)}",13449.0,6916.0,20365.0,0.1585559844970703,0.0
9,9,5,3000,"{1: np.int64(368), 2: np.int64(382), 3: np.int64(292), 4: np.int64(363), 5: np.int64(324)}",13449.0,6916.0,20365.0,0.2474219799041748,0.0
