S,F,T,B,D,Z1,Z2,ObjVal,time,GAP
12,12,15,5000,"{1: np.int64(378), 2: np.int64(405), 3: np.int64(430), 4: np.int64(373), 5: np.int64(359), 6: np.int64(462), 7: np.int64(393), 8: np.int64(473), 9: np.int64(466), 10: np.int64(401), 11: np.int64(411), 12: np.int64(419), 13: np.int64(434), 14: np.int64(428), 15: np.int64(424)}",50322.999991824356,25023.999996729744,75346.9999885541,4.5150511264801025,6.079241551390847e-05
12,12,15,5000,"{1: np.int64(378), 2: np.int64(405), 3: np.int64(430), 4: np.int64(373), 5: np.int64(359), 6: np.int64(462), 7: np.int64(393), 8: np.int64(473), 9: np.int64(466), 10: np.int64(401), 11: np.int64(411), 12: np.int64(419), 13: np.int64(434), 14: np.int64(428), 15: np.int64(424)}",50322.999991824356,25023.999996729744,75346.9999885541,4.01072883605957,6.079241551390847e-05
12,12,15,5000,"{1: np.int64(378), 2: np.int64(405), 3: np.int64(430), 4: np.int64(373), 5: np.int64(359), 6: np.int64(462), 7: np.int64(393), 8: np.int64(473), 9: np.int64(466), 10: np.int64(401), 11: np.int64(411), 12: np.int64(419), 13: np.int64(434), 14: np.int64(428), 15: np.int64(424)}",50322.999991824356,25023.999996729744,75346.9999885541,3.9649951457977295,6.079241551390847e-05
