S,F,T,B,D,Z1,Z2,ObjVal,time,GAP
12,12,10,5000,"{1: np.int64(384), 2: np.int64(460), 3: np.int64(398), 4: np.int64(450), 5: np.int64(477), 6: np.int64(432), 7: np.int64(438), 8: np.int64(430), 9: np.int64(393), 10: np.int64(468)}",32483.99997002421,17320.0,49803.99997002421,27.73132014274597,9.073828012885293e-05
