S,F,T,B,D,Z1,Z2,ObjVal,time,GAP
9,9,10,7000,"{1: np.int64(837), 2: np.int64(862), 3: np.int64(825), 4: np.int64(771), 5: np.int64(713), 6: np.int64(815), 7: np.int64(734), 8: np.int64(684), 9: np.int64(765), 10: np.int64(865)}",52617.0,31484.0,84101.0,4.748833894729614,0.0
9,9,10,7000,"{1: np.int64(837), 2: np.int64(862), 3: np.int64(825), 4: np.int64(771), 5: np.int64(713), 6: np.int64(815), 7: np.int64(734), 8: np.int64(684), 9: np.int64(765), 10: np.int64(865)}",52617.0,31484.0,84101.0,7.023875951766968,0.0
9,9,10,7000,"{1: np.int64(837), 2: np.int64(862), 3: np.int64(825), 4: np.int64(771), 5: np.int64(713), 6: np.int64(815), 7: np.int64(734), 8: np.int64(684), 9: np.int64(765), 10: np.int64(865)}",52617.0,31484.0,84101.0,5.6740851402282715,0.0
9,9,10,7000,"{1: np.int64(837), 2: np.int64(862), 3: np.int64(825), 4: np.int64(771), 5: np.int64(713), 6: np.int64(815), 7: np.int64(734), 8: np.int64(684), 9: np.int64(765), 10: np.int64(865)}",52617.0,31484.0,84101.0,5.835750102996826,0.0
9,9,10,7000,"{1: np.int64(837), 2: np.int64(862), 3: np.int64(825), 4: np.int64(771), 5: np.int64(713), 6: np.int64(815), 7: np.int64(734), 8: np.int64(684), 9: np.int64(765), 10: np.int64(865)}",52617.0,31484.0,84101.0,6.922075986862183,0.0
