S,F,T,B,D,Z1,Z2,ObjVal,time,GAP
6,6,10,5000,"{1: np.int64(897), 2: np.int64(923), 3: np.int64(884), 4: np.int64(826), 5: np.int64(764), 6: np.int64(873), 7: np.int64(787), 8: np.int64(733), 9: np.int64(820), 10: np.int64(927)}",72801.9999680813,33736.0,106537.9999680813,0.6349461078643799,0.0
6,6,10,5000,"{1: np.int64(897), 2: np.int64(923), 3: np.int64(884), 4: np.int64(826), 5: np.int64(764), 6: np.int64(873), 7: np.int64(787), 8: np.int64(733), 9: np.int64(820), 10: np.int64(927)}",72801.9999680813,33736.0,106537.9999680813,0.5333781242370605,0.0
6,6,10,5000,"{1: np.int64(897), 2: np.int64(923), 3: np.int64(884), 4: np.int64(826), 5: np.int64(764), 6: np.int64(873), 7: np.int64(787), 8: np.int64(733), 9: np.int64(820), 10: np.int64(927)}",72801.9999680813,33736.0,106537.9999680813,0.4456038475036621,0.0
6,6,10,5000,"{1: np.int64(897), 2: np.int64(923), 3: np.int64(884), 4: np.int64(826), 5: np.int64(764), 6: np.int64(873), 7: np.int64(787), 8: np.int64(733), 9: np.int64(820), 10: np.int64(927)}",72801.99998466115,33736.0,106537.99998466115,0.4471158981323242,0.0
