S,F,T,B,D,Z1,Z2,ObjVal,time,GAP
12,12,5,10000,"{1: np.int64(868), 2: np.int64(909), 3: np.int64(794), 4: np.int64(740), 5: np.int64(781)}",35200.999999823376,16368.000000000004,51568.99999982338,0.4764559268951416,0.0
