S,F,T,B,D,Z1,Z2,ObjVal,time,GAP
6,6,10,5000,"{1: np.int64(864), 2: np.int64(783), 3: np.int64(835), 4: np.int64(804), 5: np.int64(796), 6: np.int64(854), 7: np.int64(854), 8: np.int64(934), 9: np.int64(878), 10: np.int64(940)}",66605.0,34168.0,100773.00000000001,0.1123049259185791,0.0
6,6,10,5000,"{1: np.int64(864), 2: np.int64(783), 3: np.int64(835), 4: np.int64(804), 5: np.int64(796), 6: np.int64(854), 7: np.int64(854), 8: np.int64(934), 9: np.int64(878), 10: np.int64(940)}",66605.0,34168.0,100773.00000000001,0.1486809253692627,0.0
6,6,10,5000,"{1: np.int64(864), 2: np.int64(783), 3: np.int64(835), 4: np.int64(804), 5: np.int64(796), 6: np.int64(854), 7: np.int64(854), 8: np.int64(934), 9: np.int64(878), 10: np.int64(940)}",66605.0,34168.0,100773.00000000001,0.08710193634033203,0.0
