S,F,T,B,D,Z1,Z2,ObjVal,time,GAP
6,6,5,7000,"{1: np.int64(1220), 2: np.int64(1087), 3: np.int64(1070), 4: np.int64(1298), 5: np.int64(1028)}",43747.0,23998.0,67745.0,0.20943784713745117,0.0
6,6,5,7000,"{1: np.int64(1220), 2: np.int64(1087), 3: np.int64(1070), 4: np.int64(1298), 5: np.int64(1028)}",43747.0,23998.0,67745.0,0.15133094787597656,0.0
6,6,5,7000,"{1: np.int64(1220), 2: np.int64(1087), 3: np.int64(1070), 4: np.int64(1298), 5: np.int64(1028)}",43747.0,23998.0,67745.0,0.18216705322265625,0.0
