S,F,T,B,D,Z1,Z2,ObjVal,time,GAP
12,12,10,10000,"{1: np.int64(839), 2: np.int64(709), 3: np.int64(717), 4: np.int64(810), 5: np.int64(736), 6: np.int64(889), 7: np.int64(768), 8: np.int64(733), 9: np.int64(753), 10: np.int64(766)}",53727.999863948324,30880.0,84607.99986394832,31.00775718688965,9.369327534656641e-05
12,12,10,10000,"{1: np.int64(839), 2: np.int64(709), 3: np.int64(717), 4: np.int64(810), 5: np.int64(736), 6: np.int64(889), 7: np.int64(768), 8: np.int64(733), 9: np.int64(753), 10: np.int64(766)}",53727.999863948324,30880.0,84607.99986394832,28.568506002426147,9.369327534656641e-05
12,12,10,10000,"{1: np.int64(839), 2: np.int64(709), 3: np.int64(717), 4: np.int64(810), 5: np.int64(736), 6: np.int64(889), 7: np.int64(768), 8: np.int64(733), 9: np.int64(753), 10: np.int64(766)}",53727.999863948324,30880.0,84607.99986394832,22.540532112121582,9.369327534656641e-05
