S,F,T,B,D,Z1,Z2,ObjVal,time,GAP
12,12,15,5000,"{1: np.int64(431), 2: np.int64(451), 3: np.int64(401), 4: np.int64(425), 5: np.int64(382), 6: np.int64(364), 7: np.int64(387), 8: np.int64(465), 9: np.int64(424), 10: np.int64(469), 11: np.int64(411), 12: np.int64(388), 13: np.int64(452), 14: np.int64(457), 15: np.int64(355)}",47146.99999182041,25047.999999999996,72194.99999182043,31.488772869110107,0.0
