S,F,T,B,D,Z1,Z2,ObjVal,time,GAP
12,12,5,3000,"{1: np.int64(270), 2: np.int64(252), 3: np.int64(277), 4: np.int64(229), 5: np.int64(251)}",11778.0,5116.0,16894.0,0.24153709411621094,1.3214918366797001e-05
