S,F,T,B,D,Z1,Z2,ObjVal,time,GAP
9,9,15,7000,"{1: np.int64(756), 2: np.int64(669), 3: np.int64(759), 4: np.int64(719), 5: np.int64(868), 6: np.int64(855), 7: np.int64(777), 8: np.int64(668), 9: np.int64(720), 10: np.int64(717), 11: np.int64(709), 12: np.int64(715), 13: np.int64(864), 14: np.int64(694), 15: np.int64(673)}",78334.99997870513,44652.0,122986.99997870513,68.37804293632507,0.0
9,9,15,7000,"{1: np.int64(756), 2: np.int64(669), 3: np.int64(759), 4: np.int64(719), 5: np.int64(868), 6: np.int64(855), 7: np.int64(777), 8: np.int64(668), 9: np.int64(720), 10: np.int64(717), 11: np.int64(709), 12: np.int64(715), 13: np.int64(864), 14: np.int64(694), 15: np.int64(673)}",78334.99997870513,44652.0,122986.99997870513,51.12988495826721,0.0
9,9,15,7000,"{1: np.int64(756), 2: np.int64(669), 3: np.int64(759), 4: np.int64(719), 5: np.int64(868), 6: np.int64(855), 7: np.int64(777), 8: np.int64(668), 9: np.int64(720), 10: np.int64(717), 11: np.int64(709), 12: np.int64(715), 13: np.int64(864), 14: np.int64(694), 15: np.int64(673)}",78334.99997870513,44652.0,122986.99997870513,46.83681797981262,0.0
9,9,15,7000,"{1: np.int64(756), 2: np.int64(669), 3: np.int64(759), 4: np.int64(719), 5: np.int64(868), 6: np.int64(855), 7: np.int64(777), 8: np.int64(668), 9: np.int64(720), 10: np.int64(717), 11: np.int64(709), 12: np.int64(715), 13: np.int64(864), 14: np.int64(694), 15: np.int64(673)}",78334.99997870513,44652.0,122986.99997870513,46.222174882888794,0.0
9,9,15,7000,"{1: np.int64(756), 2: np.int64(669), 3: np.int64(759), 4: np.int64(719), 5: np.int64(868), 6: np.int64(855), 7: np.int64(777), 8: np.int64(668), 9: np.int64(720), 10: np.int64(717), 11: np.int64(709), 12: np.int64(715), 13: np.int64(864), 14: np.int64(694), 15: np.int64(673)}",78334.99997870513,44652.0,122986.99997870513,49.357295989990234,0.0
