S,F,T,B,D,Z1,Z2,ObjVal,time,GAP
12,12,5,7000,"{1: np.int64(544), 2: np.int64(537), 3: np.int64(662), 4: np.int64(557), 5: np.int64(546)}",21846.99999510543,11384.0,33230.99999510543,2.4374420642852783,9.414889033010417e-15
