S,F,T,B,D,Z1,Z2,ObjVal,time,GAP
9,9,15,10000,"{1: np.int64(1196), 2: np.int64(1231), 3: np.int64(1179), 4: np.int64(1102), 5: np.int64(1019), 6: np.int64(1164), 7: np.int64(1049), 8: np.int64(978), 9: np.int64(1093), 10: np.int64(1236), 11: np.int64(986), 12: np.int64(1139), 13: np.int64(1075), 14: np.int64(1116), 15: np.int64(992)}",116116.0,66220.0,182336.0,77.41862893104553,0.0
9,9,15,10000,"{1: np.int64(1196), 2: np.int64(1231), 3: np.int64(1179), 4: np.int64(1102), 5: np.int64(1019), 6: np.int64(1164), 7: np.int64(1049), 8: np.int64(978), 9: np.int64(1093), 10: np.int64(1236), 11: np.int64(986), 12: np.int64(1139), 13: np.int64(1075), 14: np.int64(1116), 15: np.int64(992)}",116116.0,66220.0,182336.0,52.798068046569824,0.0
9,9,15,10000,"{1: np.int64(1196), 2: np.int64(1231), 3: np.int64(1179), 4: np.int64(1102), 5: np.int64(1019), 6: np.int64(1164), 7: np.int64(1049), 8: np.int64(978), 9: np.int64(1093), 10: np.int64(1236), 11: np.int64(986), 12: np.int64(1139), 13: np.int64(1075), 14: np.int64(1116), 15: np.int64(992)}",116116.0,66220.0,182336.0,61.41743588447571,0.0
9,9,15,10000,"{1: np.int64(1196), 2: np.int64(1231), 3: np.int64(1179), 4: np.int64(1102), 5: np.int64(1019), 6: np.int64(1164), 7: np.int64(1049), 8: np.int64(978), 9: np.int64(1093), 10: np.int64(1236), 11: np.int64(986), 12: np.int64(1139), 13: np.int64(1075), 14: np.int64(1116), 15: np.int64(992)}",116116.0,66220.0,182336.0,60.53731393814087,0.0
