S,F,T,B,D,Z1,Z2,ObjVal,time,GAP
6,6,5,7000,"{1: np.int64(1228), 2: np.int64(1328), 3: np.int64(1079), 4: np.int64(1151), 5: np.int64(1199)}",43273.0,23940.0,67213.0,0.20911002159118652,0.0
6,6,5,7000,"{1: np.int64(1228), 2: np.int64(1328), 3: np.int64(1079), 4: np.int64(1151), 5: np.int64(1199)}",43273.0,23940.0,67213.0,0.20617198944091797,0.0
6,6,5,7000,"{1: np.int64(1228), 2: np.int64(1328), 3: np.int64(1079), 4: np.int64(1151), 5: np.int64(1199)}",43273.0,23940.0,67213.0,0.2041158676147461,0.0
6,6,5,7000,"{1: np.int64(1228), 2: np.int64(1328), 3: np.int64(1079), 4: np.int64(1151), 5: np.int64(1199)}",43273.0,23940.0,67213.0,0.24538493156433105,0.0
6,6,5,7000,"{1: np.int64(1228), 2: np.int64(1328), 3: np.int64(1079), 4: np.int64(1151), 5: np.int64(1199)}",43273.0,23940.0,67213.0,0.2976222038269043,0.0
