S,F,T,B,D,Z1,Z2,ObjVal,time,GAP
12,12,10,5000,"{1: np.int64(378), 2: np.int64(405), 3: np.int64(430), 4: np.int64(373), 5: np.int64(359), 6: np.int64(462), 7: np.int64(393), 8: np.int64(473), 9: np.int64(466), 10: np.int64(401)}",30554.0,16560.0,47114.0,4.258561849594116,6.628411785732953e-05
