S,F,T,B,D,Z1,Z2,ObjVal,time,GAP
12,12,5,3000,"{1: np.int64(250), 2: np.int64(236), 3: np.int64(236), 4: np.int64(238), 5: np.int64(261)}",10239.999972435515,4884.00000004024,15123.999972475754,5.554558992385864,0.0
12,12,5,3000,"{1: np.int64(250), 2: np.int64(236), 3: np.int64(236), 4: np.int64(238), 5: np.int64(261)}",10239.999972435515,4884.00000004024,15123.999972475754,4.262153148651123,0.0
12,12,5,3000,"{1: np.int64(250), 2: np.int64(236), 3: np.int64(236), 4: np.int64(238), 5: np.int64(261)}",10239.999972435515,4884.00000004024,15123.999972475754,5.050683975219727,0.0
