S,F,T,B,D,Z1,Z2,ObjVal,time,GAP
9,9,15,10000,"{1: np.int64(1169), 2: np.int64(1265), 3: np.int64(1028), 4: np.int64(1096), 5: np.int64(1142), 6: np.int64(1051), 7: np.int64(1065), 8: np.int64(1048), 9: np.int64(1067), 10: np.int64(1142), 11: np.int64(1044), 12: np.int64(1070), 13: np.int64(1201), 14: np.int64(953), 15: np.int64(1134)}",124570.99923134485,65900.0,190470.99923134485,32.92327904701233,2.122076321404637e-12
9,9,15,10000,"{1: np.int64(1169), 2: np.int64(1265), 3: np.int64(1028), 4: np.int64(1096), 5: np.int64(1142), 6: np.int64(1051), 7: np.int64(1065), 8: np.int64(1048), 9: np.int64(1067), 10: np.int64(1142), 11: np.int64(1044), 12: np.int64(1070), 13: np.int64(1201), 14: np.int64(953), 15: np.int64(1134)}",124570.99923134485,65900.0,190470.99923134485,37.778589963912964,2.122076321404637e-12
9,9,15,10000,"{1: np.int64(1169), 2: np.int64(1265), 3: np.int64(1028), 4: np.int64(1096), 5: np.int64(1142), 6: np.int64(1051), 7: np.int64(1065), 8: np.int64(1048), 9: np.int64(1067), 10: np.int64(1142), 11: np.int64(1044), 12: np.int64(1070), 13: np.int64(1201), 14: np.int64(953), 15: np.int64(1134)}",124570.99923134485,65900.0,190470.99923134485,36.733211040496826,2.122076321404637e-12
