S,F,T,B,D,Z1,Z2,ObjVal,time,GAP
9,9,5,7000,"{1: np.int64(837), 2: np.int64(862), 3: np.int64(825), 4: np.int64(771), 5: np.int64(713)}",30285.0,16032.0,46317.0,2.904087781906128,0.0
9,9,5,7000,"{1: np.int64(837), 2: np.int64(862), 3: np.int64(825), 4: np.int64(771), 5: np.int64(713)}",30285.0,16032.0,46317.0,1.2810418605804443,0.0
9,9,5,7000,"{1: np.int64(837), 2: np.int64(862), 3: np.int64(825), 4: np.int64(771), 5: np.int64(713)}",30285.0,16032.0,46317.0,1.5463380813598633,0.0
9,9,5,7000,"{1: np.int64(837), 2: np.int64(862), 3: np.int64(825), 4: np.int64(771), 5: np.int64(713)}",30285.0,16032.0,46317.0,1.3616688251495361,0.0
9,9,5,7000,"{1: np.int64(837), 2: np.int64(862), 3: np.int64(825), 4: np.int64(771), 5: np.int64(713)}",30285.0,16032.0,46317.0,1.3682951927185059,0.0
