S,F,T,B,D,Z1,Z2,ObjVal,time,GAP
12,12,5,10000,"{1: np.int64(900), 2: np.int64(843), 3: np.int64(923), 4: np.int64(766), 5: np.int64(836)}",39174.0,17072.0,56246.0,0.38555312156677246,5.0044711018736175e-05
