S,F,T,B,D,Z1,Z2,ObjVal,time,GAP
9,9,5,5000,"{1: np.int64(593), 2: np.int64(544), 3: np.int64(557), 4: np.int64(569), 5: np.int64(480)}",23218.999919721315,10972.0,34190.99991972132,13.217081069946289,0.0
9,9,5,5000,"{1: np.int64(593), 2: np.int64(544), 3: np.int64(557), 4: np.int64(569), 5: np.int64(480)}",23218.999919721315,10972.0,34190.99991972132,9.9167799949646,0.0
9,9,5,5000,"{1: np.int64(593), 2: np.int64(544), 3: np.int64(557), 4: np.int64(569), 5: np.int64(480)}",23218.999919721315,10972.0,34190.99991972132,9.274600982666016,0.0
9,9,5,5000,"{1: np.int64(593), 2: np.int64(544), 3: np.int64(557), 4: np.int64(569), 5: np.int64(480)}",23218.999919721315,10972.0,34190.99991972132,11.580899000167847,0.0
9,9,5,5000,"{1: np.int64(593), 2: np.int64(544), 3: np.int64(557), 4: np.int64(569), 5: np.int64(480)}",23218.999919721315,10972.0,34190.99991972132,12.147395133972168,0.0
