S,F,T,B,D,Z1,Z2,ObjVal,time,GAP
12,12,5,7000,"{1: np.int64(574), 2: np.int64(611), 3: np.int64(670), 4: np.int64(656), 5: np.int64(634)}",24490.0,12580.0,37070.0,0.3167760372161865,2.697599137455243e-05
