S,F,T,B,D,Z1,Z2,ObjVal,time,GAP
9,9,15,10000,"{1: np.int64(1229), 2: np.int64(1274), 3: np.int64(973), 4: np.int64(1211), 5: np.int64(1081), 6: np.int64(994), 7: np.int64(1042), 8: np.int64(1200), 9: np.int64(1235), 10: np.int64(959), 11: np.int64(1149), 12: np.int64(959), 13: np.int64(1183), 14: np.int64(1054), 15: np.int64(1238)}",127914.0,67124.0,195038.0,0.33901500701904297,0.0
9,9,15,10000,"{1: np.int64(1229), 2: np.int64(1274), 3: np.int64(973), 4: np.int64(1211), 5: np.int64(1081), 6: np.int64(994), 7: np.int64(1042), 8: np.int64(1200), 9: np.int64(1235), 10: np.int64(959), 11: np.int64(1149), 12: np.int64(959), 13: np.int64(1183), 14: np.int64(1054), 15: np.int64(1238)}",127914.0,67124.0,195038.0,0.3417539596557617,0.0
9,9,15,10000,"{1: np.int64(1229), 2: np.int64(1274), 3: np.int64(973), 4: np.int64(1211), 5: np.int64(1081), 6: np.int64(994), 7: np.int64(1042), 8: np.int64(1200), 9: np.int64(1235), 10: np.int64(959), 11: np.int64(1149), 12: np.int64(959), 13: np.int64(1183), 14: np.int64(1054), 15: np.int64(1238)}",127914.0,67124.0,195038.0,0.49403882026672363,0.0
9,9,15,10000,"{1: np.int64(1229), 2: np.int64(1274), 3: np.int64(973), 4: np.int64(1211), 5: np.int64(1081), 6: np.int64(994), 7: np.int64(1042), 8: np.int64(1200), 9: np.int64(1235), 10: np.int64(959), 11: np.int64(1149), 12: np.int64(959), 13: np.int64(1183), 14: np.int64(1054), 15: np.int64(1238)}",127914.0,67124.0,195038.0,0.45804286003112793,0.0
9,9,15,10000,"{1: np.int64(1229), 2: np.int64(1274), 3: np.int64(973), 4: np.int64(1211), 5: np.int64(1081), 6: np.int64(994), 7: np.int64(1042), 8: np.int64(1200), 9: np.int64(1235), 10: np.int64(959), 11: np.int64(1149), 12: np.int64(959), 13: np.int64(1183), 14: np.int64(1054), 15: np.int64(1238)}",127914.0,67124.0,195038.0,1.8971478939056396,0.0
