S,F,T,B,D,Z1,Z2,ObjVal,time,GAP
6,6,15,10000,"{1: np.int64(1561), 2: np.int64(1899), 3: np.int64(1804), 4: np.int64(1621), 5: np.int64(1888), 6: np.int64(1726), 7: np.int64(1825), 8: np.int64(1563), 9: np.int64(1512), 10: np.int64(1638), 11: np.int64(1484), 12: np.int64(1607), 13: np.int64(1897), 14: np.int64(1582), 15: np.int64(1421)}",203213.0,103086.0,306299.0,0.7167270183563232,4.570697259885996e-05
6,6,15,10000,"{1: np.int64(1561), 2: np.int64(1899), 3: np.int64(1804), 4: np.int64(1621), 5: np.int64(1888), 6: np.int64(1726), 7: np.int64(1825), 8: np.int64(1563), 9: np.int64(1512), 10: np.int64(1638), 11: np.int64(1484), 12: np.int64(1607), 13: np.int64(1897), 14: np.int64(1582), 15: np.int64(1421)}",203213.0,103086.0,306299.0,0.770313024520874,4.570697259885996e-05
6,6,15,10000,"{1: np.int64(1561), 2: np.int64(1899), 3: np.int64(1804), 4: np.int64(1621), 5: np.int64(1888), 6: np.int64(1726), 7: np.int64(1825), 8: np.int64(1563), 9: np.int64(1512), 10: np.int64(1638), 11: np.int64(1484), 12: np.int64(1607), 13: np.int64(1897), 14: np.int64(1582), 15: np.int64(1421)}",203213.0,103086.0,306299.0,0.5092201232910156,4.570697259885996e-05
6,6,15,10000,"{1: np.int64(1561), 2: np.int64(1899), 3: np.int64(1804), 4: np.int64(1621), 5: np.int64(1888), 6: np.int64(1726), 7: np.int64(1825), 8: np.int64(1563), 9: np.int64(1512), 10: np.int64(1638), 11: np.int64(1484), 12: np.int64(1607), 13: np.int64(1897), 14: np.int64(1582), 15: np.int64(1421)}",203213.0,103086.0,306299.0,0.6115801334381104,4.570697259885996e-05
6,6,15,10000,"{1: np.int64(1561), 2: np.int64(1899), 3: np.int64(1804), 4: np.int64(1621), 5: np.int64(1888), 6: np.int64(1726), 7: np.int64(1825), 8: np.int64(1563), 9: np.int64(1512), 10: np.int64(1638), 11: np.int64(1484), 12: np.int64(1607), 13: np.int64(1897), 14: np.int64(1582), 15: np.int64(1421)}",203213.0,103086.0,306299.0,0.8434069156646729,4.570697259885996e-05
