S,F,T,B,D,Z1,Z2,ObjVal,time,GAP
9,9,5,10000,"{1: np.int64(1081), 2: np.int64(956), 3: np.int64(1084), 4: np.int64(1027), 5: np.int64(1240)}",37104.0,21552.0,58656.0,2.890752077102661,0.0
9,9,5,10000,"{1: np.int64(1081), 2: np.int64(956), 3: np.int64(1084), 4: np.int64(1027), 5: np.int64(1240)}",37104.0,21552.0,58656.0,3.92490816116333,0.0
9,9,5,10000,"{1: np.int64(1081), 2: np.int64(956), 3: np.int64(1084), 4: np.int64(1027), 5: np.int64(1240)}",37104.0,21552.0,58656.0,2.9557621479034424,0.0
9,9,5,10000,"{1: np.int64(1081), 2: np.int64(956), 3: np.int64(1084), 4: np.int64(1027), 5: np.int64(1240)}",37104.0,21552.0,58656.0,2.844433069229126,0.0
9,9,5,10000,"{1: np.int64(1081), 2: np.int64(956), 3: np.int64(1084), 4: np.int64(1027), 5: np.int64(1240)}",37104.0,21552.0,58656.0,3.2170791625976562,0.0
