S,F,T,B,D,Z1,Z2,ObjVal,time,GAP
6,6,10,7000,"{1: np.int64(1210), 2: np.int64(1097), 3: np.int64(1169), 4: np.int64(1126), 5: np.int64(1114), 6: np.int64(1196), 7: np.int64(1196), 8: np.int64(1308), 9: np.int64(1230), 10: np.int64(1316)}",93241.0,47848.0,141089.0,0.07962512969970703,0.0
6,6,10,7000,"{1: np.int64(1210), 2: np.int64(1097), 3: np.int64(1169), 4: np.int64(1126), 5: np.int64(1114), 6: np.int64(1196), 7: np.int64(1196), 8: np.int64(1308), 9: np.int64(1230), 10: np.int64(1316)}",93241.0,47848.0,141089.0,0.08154082298278809,0.0
6,6,10,7000,"{1: np.int64(1210), 2: np.int64(1097), 3: np.int64(1169), 4: np.int64(1126), 5: np.int64(1114), 6: np.int64(1196), 7: np.int64(1196), 8: np.int64(1308), 9: np.int64(1230), 10: np.int64(1316)}",93241.0,47848.0,141089.0,0.12771987915039062,0.0
6,6,10,7000,"{1: np.int64(1210), 2: np.int64(1097), 3: np.int64(1169), 4: np.int64(1126), 5: np.int64(1114), 6: np.int64(1196), 7: np.int64(1196), 8: np.int64(1308), 9: np.int64(1230), 10: np.int64(1316)}",93241.0,47848.0,141089.0,0.12198781967163086,0.0
6,6,10,7000,"{1: np.int64(1210), 2: np.int64(1097), 3: np.int64(1169), 4: np.int64(1126), 5: np.int64(1114), 6: np.int64(1196), 7: np.int64(1196), 8: np.int64(1308), 9: np.int64(1230), 10: np.int64(1316)}",93241.0,47848.0,141089.0,0.08257508277893066,0.0
