S,F,T,B,D,Z1,Z2,ObjVal,time,GAP
6,6,5,3000,"{1: np.int64(501), 2: np.int64(487), 3: np.int64(514), 4: np.int64(489), 5: np.int64(449)}",18779.0,9760.0,28539.0,0.2499370574951172,0.0
6,6,5,3000,"{1: np.int64(501), 2: np.int64(487), 3: np.int64(514), 4: np.int64(489), 5: np.int64(449)}",18779.0,9760.0,28539.0,0.3401658535003662,0.0
6,6,5,3000,"{1: np.int64(501), 2: np.int64(487), 3: np.int64(514), 4: np.int64(489), 5: np.int64(449)}",18779.0,9760.0,28539.0,0.19790983200073242,0.0
6,6,5,3000,"{1: np.int64(501), 2: np.int64(487), 3: np.int64(514), 4: np.int64(489), 5: np.int64(449)}",18779.0,9760.0,28539.0,0.21831107139587402,0.0
6,6,5,3000,"{1: np.int64(501), 2: np.int64(487), 3: np.int64(514), 4: np.int64(489), 5: np.int64(449)}",18779.0,9760.0,28539.0,0.2121748924255371,0.0
