S,F,T,B,D,Z1,Z2,ObjVal,time,GAP
12,12,15,5000,"{1: np.int64(390), 2: np.int64(474), 3: np.int64(451), 4: np.int64(405), 5: np.int64(472), 6: np.int64(431), 7: np.int64(456), 8: np.int64(390), 9: np.int64(378), 10: np.int64(409), 11: np.int64(371), 12: np.int64(401), 13: np.int64(474), 14: np.int64(395), 15: np.int64(355)}",47306.0,25008.0,72314.0,4.606782913208008,8.801902426760601e-13
12,12,15,5000,"{1: np.int64(390), 2: np.int64(474), 3: np.int64(451), 4: np.int64(405), 5: np.int64(472), 6: np.int64(431), 7: np.int64(456), 8: np.int64(390), 9: np.int64(378), 10: np.int64(409), 11: np.int64(371), 12: np.int64(401), 13: np.int64(474), 14: np.int64(395), 15: np.int64(355)}",47306.0,25008.0,72314.0,4.276726007461548,8.801902426760601e-13
12,12,15,5000,"{1: np.int64(390), 2: np.int64(474), 3: np.int64(451), 4: np.int64(405), 5: np.int64(472), 6: np.int64(431), 7: np.int64(456), 8: np.int64(390), 9: np.int64(378), 10: np.int64(409), 11: np.int64(371), 12: np.int64(401), 13: np.int64(474), 14: np.int64(395), 15: np.int64(355)}",47306.0,25008.0,72314.0,4.642883062362671,8.801902426760601e-13
12,12,15,5000,"{1: np.int64(390), 2: np.int64(474), 3: np.int64(451), 4: np.int64(405), 5: np.int64(472), 6: np.int64(431), 7: np.int64(456), 8: np.int64(390), 9: np.int64(378), 10: np.int64(409), 11: np.int64(371), 12: np.int64(401), 13: np.int64(474), 14: np.int64(395), 15: np.int64(355)}",47306.0,25008.0,72314.0,5.184389114379883,8.801902426760601e-13
12,12,15,5000,"{1: np.int64(390), 2: np.int64(474), 3: np.int64(451), 4: np.int64(405), 5: np.int64(472), 6: np.int64(431), 7: np.int64(456), 8: np.int64(390), 9: np.int64(378), 10: np.int64(409), 11: np.int64(371), 12: np.int64(401), 13: np.int64(474), 14: np.int64(395), 15: np.int64(355)}",47306.0,25008.0,72314.0,2.9025309085845947,8.801902426760601e-13
