S,F,T,B,D,Z1,Z2,ObjVal,time,GAP
6,6,15,10000,"{1: np.int64(1515), 2: np.int64(1620), 3: np.int64(1721), 4: np.int64(1494), 5: np.int64(1437), 6: np.int64(1850), 7: np.int64(1573), 8: np.int64(1895), 9: np.int64(1864), 10: np.int64(1605), 11: np.int64(1646), 12: np.int64(1676), 13: np.int64(1738), 14: np.int64(1714), 15: np.int64(1696)}",181296.0,100176.0,281472.0,0.800321102142334,8.215714423733095e-05
6,6,15,10000,"{1: np.int64(1515), 2: np.int64(1620), 3: np.int64(1721), 4: np.int64(1494), 5: np.int64(1437), 6: np.int64(1850), 7: np.int64(1573), 8: np.int64(1895), 9: np.int64(1864), 10: np.int64(1605), 11: np.int64(1646), 12: np.int64(1676), 13: np.int64(1738), 14: np.int64(1714), 15: np.int64(1696)}",181296.0,100176.0,281472.0,1.6418240070343018,8.215714423733095e-05
6,6,15,10000,"{1: np.int64(1515), 2: np.int64(1620), 3: np.int64(1721), 4: np.int64(1494), 5: np.int64(1437), 6: np.int64(1850), 7: np.int64(1573), 8: np.int64(1895), 9: np.int64(1864), 10: np.int64(1605), 11: np.int64(1646), 12: np.int64(1676), 13: np.int64(1738), 14: np.int64(1714), 15: np.int64(1696)}",181296.0,100176.0,281472.0,0.9657340049743652,8.215714423733095e-05
6,6,15,10000,"{1: np.int64(1515), 2: np.int64(1620), 3: np.int64(1721), 4: np.int64(1494), 5: np.int64(1437), 6: np.int64(1850), 7: np.int64(1573), 8: np.int64(1895), 9: np.int64(1864), 10: np.int64(1605), 11: np.int64(1646), 12: np.int64(1676), 13: np.int64(1738), 14: np.int64(1714), 15: np.int64(1696)}",181296.0,100176.0,281472.0,0.9935300350189209,8.215714423733095e-05
6,6,15,10000,"{1: np.int64(1515), 2: np.int64(1620), 3: np.int64(1721), 4: np.int64(1494), 5: np.int64(1437), 6: np.int64(1850), 7: np.int64(1573), 8: np.int64(1895), 9: np.int64(1864), 10: np.int64(1605), 11: np.int64(1646), 12: np.int64(1676), 13: np.int64(1738), 14: np.int64(1714), 15: np.int64(1696)}",181296.0,100176.0,281472.0,1.0329489707946777,8.215714423733095e-05
