S,F,T,B,D,Z1,Z2,ObjVal,time,GAP
9,9,5,3000,"{1: np.int64(371), 2: np.int64(338), 3: np.int64(371), 4: np.int64(303), 5: np.int64(350)}",13235.0,6932.0,20167.0,3.510261058807373,0.0
9,9,5,3000,"{1: np.int64(371), 2: np.int64(338), 3: np.int64(371), 4: np.int64(303), 5: np.int64(350)}",13235.0,6932.0,20167.0,3.1002109050750732,0.0
9,9,5,3000,"{1: np.int64(371), 2: np.int64(338), 3: np.int64(371), 4: np.int64(303), 5: np.int64(350)}",13235.0,6932.0,20167.0,1.875478982925415,0.0
9,9,5,3000,"{1: np.int64(371), 2: np.int64(338), 3: np.int64(371), 4: np.int64(303), 5: np.int64(350)}",13235.0,6932.0,20167.0,2.8025949001312256,0.0
9,9,5,3000,"{1: np.int64(371), 2: np.int64(338), 3: np.int64(371), 4: np.int64(303), 5: np.int64(350)}",13235.0,6932.0,20167.0,2.639766216278076,0.0
