S,F,T,B,D,Z1,Z2,ObjVal,time,GAP
9,9,5,3000,"{1: np.int64(353), 2: np.int64(325), 3: np.int64(349), 4: np.int64(288), 5: np.int64(327)}",13791.999935964337,6568.0,20359.999935964337,2.7220778465270996,4.911276854037446e-05
