S,F,T,B,D,Z1,Z2,ObjVal,time,GAP
9,9,10,10000,"{1: np.int64(1229), 2: np.int64(1274), 3: np.int64(973), 4: np.int64(1211), 5: np.int64(1081), 6: np.int64(994), 7: np.int64(1042), 8: np.int64(1200), 9: np.int64(1235), 10: np.int64(959)}",82588.0,44792.0,127380.0,0.28845691680908203,0.0
9,9,10,10000,"{1: np.int64(1229), 2: np.int64(1274), 3: np.int64(973), 4: np.int64(1211), 5: np.int64(1081), 6: np.int64(994), 7: np.int64(1042), 8: np.int64(1200), 9: np.int64(1235), 10: np.int64(959)}",82588.0,44792.0,127380.0,0.28522491455078125,0.0
9,9,10,10000,"{1: np.int64(1229), 2: np.int64(1274), 3: np.int64(973), 4: np.int64(1211), 5: np.int64(1081), 6: np.int64(994), 7: np.int64(1042), 8: np.int64(1200), 9: np.int64(1235), 10: np.int64(959)}",82588.0,44792.0,127380.0,0.5027639865875244,0.0
