S,F,T,B,D,Z1,Z2,ObjVal,time,GAP
6,6,5,5000,"{1: np.int64(757), 2: np.int64(810), 3: np.int64(860), 4: np.int64(747), 5: np.int64(718)}",25813.0,15568.0,41381.0,1.182616949081421,9.489744760001256e-06
6,6,5,5000,"{1: np.int64(757), 2: np.int64(810), 3: np.int64(860), 4: np.int64(747), 5: np.int64(718)}",25813.0,15568.0,41381.0,0.8679800033569336,9.489744760001256e-06
6,6,5,5000,"{1: np.int64(757), 2: np.int64(810), 3: np.int64(860), 4: np.int64(747), 5: np.int64(718)}",25813.0,15568.0,41381.0,1.1354329586029053,9.489744760001256e-06
6,6,5,5000,"{1: np.int64(757), 2: np.int64(810), 3: np.int64(860), 4: np.int64(747), 5: np.int64(718)}",25813.0,15568.0,41381.0,1.327301025390625,9.489744760001256e-06
6,6,5,5000,"{1: np.int64(757), 2: np.int64(810), 3: np.int64(860), 4: np.int64(747), 5: np.int64(718)}",25813.0,15568.0,41381.0,1.3515241146087646,9.489744760001256e-06
