S,F,T,B,D,Z1,Z2,ObjVal,time,GAP
12,12,15,3000,"{1: np.int64(251), 2: np.int64(212), 3: np.int64(215), 4: np.int64(243), 5: np.int64(220), 6: np.int64(266), 7: np.int64(230), 8: np.int64(219), 9: np.int64(226), 10: np.int64(229), 11: np.int64(228), 12: np.int64(251), 13: np.int64(247), 14: np.int64(235), 15: np.int64(260)}",25029.0,14128.0,39157.0,25.482792139053345,2.4718039217170627e-11
12,12,15,3000,"{1: np.int64(251), 2: np.int64(212), 3: np.int64(215), 4: np.int64(243), 5: np.int64(220), 6: np.int64(266), 7: np.int64(230), 8: np.int64(219), 9: np.int64(226), 10: np.int64(229), 11: np.int64(228), 12: np.int64(251), 13: np.int64(247), 14: np.int64(235), 15: np.int64(260)}",25028.9999960691,14128.000000009113,39156.99999607821,51.333136796951294,0.0
12,12,15,3000,"{1: np.int64(251), 2: np.int64(212), 3: np.int64(215), 4: np.int64(243), 5: np.int64(220), 6: np.int64(266), 7: np.int64(230), 8: np.int64(219), 9: np.int64(226), 10: np.int64(229), 11: np.int64(228), 12: np.int64(251), 13: np.int64(247), 14: np.int64(235), 15: np.int64(260)}",25028.9999960691,14128.000000009113,39156.99999607821,49.70377802848816,0.0
12,12,15,3000,"{1: np.int64(251), 2: np.int64(212), 3: np.int64(215), 4: np.int64(243), 5: np.int64(220), 6: np.int64(266), 7: np.int64(230), 8: np.int64(219), 9: np.int64(226), 10: np.int64(229), 11: np.int64(228), 12: np.int64(251), 13: np.int64(247), 14: np.int64(235), 15: np.int64(260)}",25028.9999960691,14128.000000009113,39156.99999607821,48.066356897354126,0.0
