S,F,T,B,D,Z1,Z2,ObjVal,time,GAP
9,9,5,5000,"{1: np.int64(540), 2: np.int64(478), 3: np.int64(542), 4: np.int64(513), 5: np.int64(620)}",18574.0,10772.0,29346.0,7.755856037139893,0.0
9,9,5,5000,"{1: np.int64(540), 2: np.int64(478), 3: np.int64(542), 4: np.int64(513), 5: np.int64(620)}",18574.0,10772.0,29346.0,9.660068035125732,0.0
9,9,5,5000,"{1: np.int64(540), 2: np.int64(478), 3: np.int64(542), 4: np.int64(513), 5: np.int64(620)}",18574.0,10772.0,29346.0,8.034060001373291,0.0
9,9,5,5000,"{1: np.int64(540), 2: np.int64(478), 3: np.int64(542), 4: np.int64(513), 5: np.int64(620)}",18574.0,10772.0,29346.0,10.238036155700684,0.0
9,9,5,5000,"{1: np.int64(540), 2: np.int64(478), 3: np.int64(542), 4: np.int64(513), 5: np.int64(620)}",18574.0,10772.0,29346.0,8.599381923675537,0.0
