S,F,T,B,D,Z1,Z2,ObjVal,time,GAP
6,6,10,10000,"{1: np.int64(1729), 2: np.int64(1567), 3: np.int64(1670), 4: np.int64(1609), 5: np.int64(1592), 6: np.int64(1709), 7: np.int64(1708), 8: np.int64(1868), 9: np.int64(1757), 10: np.int64(1881)}",132979.0,68360.0,201339.0,0.1493511199951172,0.0
6,6,10,10000,"{1: np.int64(1729), 2: np.int64(1567), 3: np.int64(1670), 4: np.int64(1609), 5: np.int64(1592), 6: np.int64(1709), 7: np.int64(1708), 8: np.int64(1868), 9: np.int64(1757), 10: np.int64(1881)}",132979.0,68360.0,201339.0,0.07660388946533203,0.0
6,6,10,10000,"{1: np.int64(1729), 2: np.int64(1567), 3: np.int64(1670), 4: np.int64(1609), 5: np.int64(1592), 6: np.int64(1709), 7: np.int64(1708), 8: np.int64(1868), 9: np.int64(1757), 10: np.int64(1881)}",132979.0,68360.0,201339.0,0.1146848201751709,0.0
