S,F,T,B,D,Z1,Z2,ObjVal,time,GAP
6,6,5,7000,"{1: np.int64(1092), 2: np.int64(1329), 3: np.int64(1263), 4: np.int64(1135), 5: np.int64(1321)}",49925.0,25891.0,75816.0,0.16100692749023438,0.0
6,6,5,7000,"{1: np.int64(1092), 2: np.int64(1329), 3: np.int64(1263), 4: np.int64(1135), 5: np.int64(1321)}",49925.0,25891.0,75816.0,0.10918116569519043,0.0
6,6,5,7000,"{1: np.int64(1092), 2: np.int64(1329), 3: np.int64(1263), 4: np.int64(1135), 5: np.int64(1321)}",49925.0,25891.0,75816.0,0.2583889961242676,0.0
6,6,5,7000,"{1: np.int64(1092), 2: np.int64(1329), 3: np.int64(1263), 4: np.int64(1135), 5: np.int64(1321)}",49925.0,25891.0,75816.0,0.15403413772583008,0.0
6,6,5,7000,"{1: np.int64(1092), 2: np.int64(1329), 3: np.int64(1263), 4: np.int64(1135), 5: np.int64(1321)}",49925.0,25891.0,75816.0,0.10634589195251465,0.0
