S,F,T,B,D,Z1,Z2,ObjVal,time,GAP
6,6,15,5000,"{1: np.int64(897), 2: np.int64(923), 3: np.int64(884), 4: np.int64(826), 5: np.int64(764), 6: np.int64(873), 7: np.int64(787), 8: np.int64(733), 9: np.int64(820), 10: np.int64(927), 11: np.int64(740), 12: np.int64(854), 13: np.int64(806), 14: np.int64(837), 15: np.int64(744)}",95871.0,49660.0,145531.0,0.737656831741333,0.0
6,6,15,5000,"{1: np.int64(897), 2: np.int64(923), 3: np.int64(884), 4: np.int64(826), 5: np.int64(764), 6: np.int64(873), 7: np.int64(787), 8: np.int64(733), 9: np.int64(820), 10: np.int64(927), 11: np.int64(740), 12: np.int64(854), 13: np.int64(806), 14: np.int64(837), 15: np.int64(744)}",95871.0,49660.0,145531.0,0.8032660484313965,0.0
6,6,15,5000,"{1: np.int64(897), 2: np.int64(923), 3: np.int64(884), 4: np.int64(826), 5: np.int64(764), 6: np.int64(873), 7: np.int64(787), 8: np.int64(733), 9: np.int64(820), 10: np.int64(927), 11: np.int64(740), 12: np.int64(854), 13: np.int64(806), 14: np.int64(837), 15: np.int64(744)}",95871.0,49660.0,145531.0,0.8012411594390869,0.0
