S,F,T,B,D,Z1,Z2,ObjVal,time,GAP
12,12,5,7000,"{1: np.int64(583), 2: np.int64(551), 3: np.int64(550), 4: np.int64(557), 5: np.int64(609)}",23213.999980746314,11400.0,34613.99998074632,55.3590989112854,0.0
12,12,5,7000,"{1: np.int64(583), 2: np.int64(551), 3: np.int64(550), 4: np.int64(557), 5: np.int64(609)}",23213.999980746314,11400.0,34613.99998074632,51.31128287315369,0.0
12,12,5,7000,"{1: np.int64(583), 2: np.int64(551), 3: np.int64(550), 4: np.int64(557), 5: np.int64(609)}",23213.999980746314,11400.0,34613.99998074632,54.127241134643555,0.0
12,12,5,7000,"{1: np.int64(583), 2: np.int64(551), 3: np.int64(550), 4: np.int64(557), 5: np.int64(609)}",23213.999980746314,11400.0,34613.99998074632,53.77082300186157,0.0
12,12,5,7000,"{1: np.int64(583), 2: np.int64(551), 3: np.int64(550), 4: np.int64(557), 5: np.int64(609)}",23213.999980746314,11400.0,34613.99998074632,47.15324902534485,0.0
