S,F,T,B,D,Z1,Z2,ObjVal,time,GAP
12,12,5,3000,"{1: np.int64(261), 2: np.int64(232), 3: np.int64(229), 4: np.int64(278), 5: np.int64(220)}",10594.0,4880.0,15474.0,0.19273996353149414,1.6356093163330133e-12
