S,F,T,B,D,Z1,Z2,ObjVal,time,GAP
9,9,5,10000,"{1: np.int64(999), 2: np.int64(1247), 3: np.int64(1033), 4: np.int64(1248), 5: np.int64(1047)}",47370.0,22296.0,69666.0,0.3198840618133545,7.741135968238101e-13
9,9,5,10000,"{1: np.int64(999), 2: np.int64(1247), 3: np.int64(1033), 4: np.int64(1248), 5: np.int64(1047)}",47370.0,22296.0,69666.0,0.3271470069885254,7.741135968238101e-13
9,9,5,10000,"{1: np.int64(999), 2: np.int64(1247), 3: np.int64(1033), 4: np.int64(1248), 5: np.int64(1047)}",47370.0,22296.0,69666.0,0.5976650714874268,7.741135968238101e-13
9,9,5,10000,"{1: np.int64(999), 2: np.int64(1247), 3: np.int64(1033), 4: np.int64(1248), 5: np.int64(1047)}",47370.0,22296.0,69666.0,0.4670560359954834,7.741135968238101e-13
9,9,5,10000,"{1: np.int64(999), 2: np.int64(1247), 3: np.int64(1033), 4: np.int64(1248), 5: np.int64(1047)}",47370.0,22296.0,69666.0,0.6998138427734375,7.741135968238101e-13
