S,F,T,B,D,Z1,Z2,ObjVal,time,GAP
9,9,5,5000,"{1: np.int64(584), 2: np.int64(632), 3: np.int64(514), 4: np.int64(548), 5: np.int64(571)}",21802.0,11396.0,33198.0,0.7442910671234131,0.0
9,9,5,5000,"{1: np.int64(584), 2: np.int64(632), 3: np.int64(514), 4: np.int64(548), 5: np.int64(571)}",21802.0,11396.0,33198.0,0.8112900257110596,0.0
9,9,5,5000,"{1: np.int64(584), 2: np.int64(632), 3: np.int64(514), 4: np.int64(548), 5: np.int64(571)}",21802.0,11396.0,33198.0,0.33703088760375977,0.0
9,9,5,5000,"{1: np.int64(584), 2: np.int64(632), 3: np.int64(514), 4: np.int64(548), 5: np.int64(571)}",21802.0,11396.0,33198.0,0.565899133682251,0.0
9,9,5,5000,"{1: np.int64(584), 2: np.int64(632), 3: np.int64(514), 4: np.int64(548), 5: np.int64(571)}",21802.0,11396.0,33198.0,0.5891711711883545,0.0
