S,F,T,B,D,Z1,Z2,ObjVal,time,GAP
12,12,10,3000,"{1: np.int64(280), 2: np.int64(260), 3: np.int64(240), 4: np.int64(252), 5: np.int64(228), 6: np.int64(256), 7: np.int64(213), 8: np.int64(223), 9: np.int64(237), 10: np.int64(271)}",23725.0,9840.0,33565.0,0.4719550609588623,8.205268470301024e-05
