S,F,T,B,D,Z1,Z2,ObjVal,time,GAP
12,12,15,7000,"{1: np.int64(581), 2: np.int64(541), 3: np.int64(570), 4: np.int64(614), 5: np.int64(656), 6: np.int64(598), 7: np.int64(638), 8: np.int64(512), 9: np.int64(558), 10: np.int64(670), 11: np.int64(521), 12: np.int64(568), 13: np.int64(507), 14: np.int64(510), 15: np.int64(652)}",70921.0,34784.0,105705.0,61.04636096954346,9.87396005826527e-05
12,12,15,7000,"{1: np.int64(581), 2: np.int64(541), 3: np.int64(570), 4: np.int64(614), 5: np.int64(656), 6: np.int64(598), 7: np.int64(638), 8: np.int64(512), 9: np.int64(558), 10: np.int64(670), 11: np.int64(521), 12: np.int64(568), 13: np.int64(507), 14: np.int64(510), 15: np.int64(652)}",70921.0,34784.0,105705.0,50.24914216995239,9.87396005826527e-05
12,12,15,7000,"{1: np.int64(581), 2: np.int64(541), 3: np.int64(570), 4: np.int64(614), 5: np.int64(656), 6: np.int64(598), 7: np.int64(638), 8: np.int64(512), 9: np.int64(558), 10: np.int64(670), 11: np.int64(521), 12: np.int64(568), 13: np.int64(507), 14: np.int64(510), 15: np.int64(652)}",70921.0,34784.0,105705.0,52.07676911354065,9.87396005826527e-05
12,12,15,7000,"{1: np.int64(581), 2: np.int64(541), 3: np.int64(570), 4: np.int64(614), 5: np.int64(656), 6: np.int64(598), 7: np.int64(638), 8: np.int64(512), 9: np.int64(558), 10: np.int64(670), 11: np.int64(521), 12: np.int64(568), 13: np.int64(507), 14: np.int64(510), 15: np.int64(652)}",70921.0,34784.0,105705.0,59.465193033218384,9.87396005826527e-05
12,12,15,7000,"{1: np.int64(581), 2: np.int64(541), 3: np.int64(570), 4: np.int64(614), 5: np.int64(656), 6: np.int64(598), 7: np.int64(638), 8: np.int64(512), 9: np.int64(558), 10: np.int64(670), 11: np.int64(521), 12: np.int64(568), 13: np.int64(507), 14: np.int64(510), 15: np.int64(652)}",70921.0,34784.0,105705.0,79.99206686019897,9.87396005826527e-05
