S,F,T,B,D,Z1,Z2,ObjVal,time,GAP
12,12,5,5000,"{1: np.int64(419), 2: np.int64(354), 3: np.int64(358), 4: np.int64(405), 5: np.int64(368)}",12805.999994375,7615.9999975,20421.999991875,6.767934083938599,0.0
12,12,5,5000,"{1: np.int64(419), 2: np.int64(354), 3: np.int64(358), 4: np.int64(405), 5: np.int64(368)}",12806.0,7616.0,20422.0,11.197972059249878,8.525641935936228e-05
