S,F,T,B,D,Z1,Z2,ObjVal,time,GAP
6,6,5,5000,"{1: np.int64(835), 2: np.int64(811), 3: np.int64(858), 4: np.int64(816), 5: np.int64(748)}",31283.0,16272.0,47555.0,0.2854909896850586,0.0
6,6,5,5000,"{1: np.int64(835), 2: np.int64(811), 3: np.int64(858), 4: np.int64(816), 5: np.int64(748)}",31283.0,16272.0,47555.0,0.31970810890197754,0.0
6,6,5,5000,"{1: np.int64(835), 2: np.int64(811), 3: np.int64(858), 4: np.int64(816), 5: np.int64(748)}",31283.0,16272.0,47555.0,0.3065180778503418,0.0
6,6,5,5000,"{1: np.int64(835), 2: np.int64(811), 3: np.int64(858), 4: np.int64(816), 5: np.int64(748)}",31283.0,16272.0,47555.0,0.4254469871520996,0.0
6,6,5,5000,"{1: np.int64(835), 2: np.int64(811), 3: np.int64(858), 4: np.int64(816), 5: np.int64(748)}",31283.0,16272.0,47555.0,0.4834020137786865,0.0
