S,F,T,B,D,Z1,Z2,ObjVal,time,GAP
9,9,5,3000,"{1: np.int64(357), 2: np.int64(367), 3: np.int64(349), 4: np.int64(335), 5: np.int64(312)}",14220.0,6880.0,21100.0,4.899935007095337,0.0
9,9,5,3000,"{1: np.int64(357), 2: np.int64(367), 3: np.int64(349), 4: np.int64(335), 5: np.int64(312)}",14220.0,6880.0,21100.0,5.620203971862793,0.0
9,9,5,3000,"{1: np.int64(357), 2: np.int64(367), 3: np.int64(349), 4: np.int64(335), 5: np.int64(312)}",14220.0,6880.0,21100.0,2.690743923187256,0.0
9,9,5,3000,"{1: np.int64(357), 2: np.int64(367), 3: np.int64(349), 4: np.int64(335), 5: np.int64(312)}",14220.0,6880.0,21100.0,3.1565539836883545,0.0
9,9,5,3000,"{1: np.int64(357), 2: np.int64(367), 3: np.int64(349), 4: np.int64(335), 5: np.int64(312)}",14220.0,6880.0,21100.0,3.915153980255127,0.0
