S,F,T,B,D,Z1,Z2,ObjVal,time,GAP
9,9,10,3000,"{1: np.int64(365), 2: np.int64(379), 3: np.int64(340), 4: np.int64(300), 5: np.int64(370), 6: np.int64(380), 7: np.int64(353), 8: np.int64(334), 9: np.int64(321), 10: np.int64(318)}",29100.999940474976,13840.000000000004,42940.999940474976,0.9717049598693848,0.0
