S,F,T,B,D,Z1,Z2,ObjVal,time,GAP
6,6,15,7000,"{1: np.int64(1169), 2: np.int64(1136), 3: np.int64(1201), 4: np.int64(1142), 5: np.int64(1048), 6: np.int64(1098), 7: np.int64(1276), 8: np.int64(1006), 9: np.int64(1007), 10: np.int64(1210), 11: np.int64(1089), 12: np.int64(1178), 13: np.int64(1156), 14: np.int64(1111), 15: np.int64(1340)}",132886.0,68668.0,201554.0,0.31833815574645996,0.0
6,6,15,7000,"{1: np.int64(1169), 2: np.int64(1136), 3: np.int64(1201), 4: np.int64(1142), 5: np.int64(1048), 6: np.int64(1098), 7: np.int64(1276), 8: np.int64(1006), 9: np.int64(1007), 10: np.int64(1210), 11: np.int64(1089), 12: np.int64(1178), 13: np.int64(1156), 14: np.int64(1111), 15: np.int64(1340)}",132886.0,68668.0,201554.0,0.2744309902191162,0.0
6,6,15,7000,"{1: np.int64(1169), 2: np.int64(1136), 3: np.int64(1201), 4: np.int64(1142), 5: np.int64(1048), 6: np.int64(1098), 7: np.int64(1276), 8: np.int64(1006), 9: np.int64(1007), 10: np.int64(1210), 11: np.int64(1089), 12: np.int64(1178), 13: np.int64(1156), 14: np.int64(1111), 15: np.int64(1340)}",132886.0,68668.0,201554.0,0.31737208366394043,0.0
6,6,15,7000,"{1: np.int64(1169), 2: np.int64(1136), 3: np.int64(1201), 4: np.int64(1142), 5: np.int64(1048), 6: np.int64(1098), 7: np.int64(1276), 8: np.int64(1006), 9: np.int64(1007), 10: np.int64(1210), 11: np.int64(1089), 12: np.int64(1178), 13: np.int64(1156), 14: np.int64(1111), 15: np.int64(1340)}",132886.0,68668.0,201554.0,0.40170907974243164,0.0
6,6,15,7000,"{1: np.int64(1169), 2: np.int64(1136), 3: np.int64(1201), 4: np.int64(1142), 5: np.int64(1048), 6: np.int64(1098), 7: np.int64(1276), 8: np.int64(1006), 9: np.int64(1007), 10: np.int64(1210), 11: np.int64(1089), 12: np.int64(1178), 13: np.int64(1156), 14: np.int64(1111), 15: np.int64(1340)}",132886.0,68668.0,201554.0,0.2903411388397217,0.0
