S,F,T,B,D,Z1,Z2,ObjVal,time,GAP
6,6,5,10000,"{1: np.int64(1670), 2: np.int64(1623), 3: np.int64(1716), 4: np.int64(1632), 5: np.int64(1497)}",62467.0,32552.0,95019.0,0.2760300636291504,0.0
6,6,5,10000,"{1: np.int64(1670), 2: np.int64(1623), 3: np.int64(1716), 4: np.int64(1632), 5: np.int64(1497)}",62467.0,32552.0,95019.0,0.18084096908569336,0.0
6,6,5,10000,"{1: np.int64(1670), 2: np.int64(1623), 3: np.int64(1716), 4: np.int64(1632), 5: np.int64(1497)}",62467.0,32552.0,95019.0,0.3557767868041992,0.0
6,6,5,10000,"{1: np.int64(1670), 2: np.int64(1623), 3: np.int64(1716), 4: np.int64(1632), 5: np.int64(1497)}",62467.0,32552.0,95019.0,0.29767608642578125,0.0
6,6,5,10000,"{1: np.int64(1670), 2: np.int64(1623), 3: np.int64(1716), 4: np.int64(1632), 5: np.int64(1497)}",62467.0,32552.0,95019.0,0.3010079860687256,0.0
