S,F,T,B,D,Z1,Z2,ObjVal,time,GAP
12,12,5,10000,"{1: np.int64(780), 2: np.int64(949), 3: np.int64(902), 4: np.int64(810), 5: np.int64(944)}",36585.0,17540.0,54125.0,0.4633350372314453,5.726665946682936e-14
12,12,5,10000,"{1: np.int64(780), 2: np.int64(949), 3: np.int64(902), 4: np.int64(810), 5: np.int64(944)}",36585.0,17540.0,54125.0,0.38739013671875,0.0
12,12,5,10000,"{1: np.int64(780), 2: np.int64(949), 3: np.int64(902), 4: np.int64(810), 5: np.int64(944)}",36585.0,17540.0,54125.0,0.4695248603820801,0.0
12,12,5,10000,"{1: np.int64(780), 2: np.int64(949), 3: np.int64(902), 4: np.int64(810), 5: np.int64(944)}",36585.0,17540.0,54125.0,0.30244994163513184,0.0
