S,F,T,B,D,Z1,Z2,ObjVal,time,GAP
6,6,10,7000,"{1: np.int64(1060), 2: np.int64(1134), 3: np.int64(1205), 4: np.int64(1046), 5: np.int64(1006), 6: np.int64(1295), 7: np.int64(1101), 8: np.int64(1327), 9: np.int64(1305), 10: np.int64(1123)}",80042.0,46408.0,126450.0,2.200525999069214,0.0
6,6,10,7000,"{1: np.int64(1060), 2: np.int64(1134), 3: np.int64(1205), 4: np.int64(1046), 5: np.int64(1006), 6: np.int64(1295), 7: np.int64(1101), 8: np.int64(1327), 9: np.int64(1305), 10: np.int64(1123)}",80042.0,46408.0,126450.0,2.4482860565185547,0.0
6,6,10,7000,"{1: np.int64(1060), 2: np.int64(1134), 3: np.int64(1205), 4: np.int64(1046), 5: np.int64(1006), 6: np.int64(1295), 7: np.int64(1101), 8: np.int64(1327), 9: np.int64(1305), 10: np.int64(1123)}",80042.0,46408.0,126450.0,2.099876880645752,0.0
6,6,10,7000,"{1: np.int64(1060), 2: np.int64(1134), 3: np.int64(1205), 4: np.int64(1046), 5: np.int64(1006), 6: np.int64(1295), 7: np.int64(1101), 8: np.int64(1327), 9: np.int64(1305), 10: np.int64(1123)}",80042.0,46408.0,126450.0,2.320194959640503,0.0
6,6,10,7000,"{1: np.int64(1060), 2: np.int64(1134), 3: np.int64(1205), 4: np.int64(1046), 5: np.int64(1006), 6: np.int64(1295), 7: np.int64(1101), 8: np.int64(1327), 9: np.int64(1305), 10: np.int64(1123)}",80042.0,46408.0,126450.0,1.7454261779785156,0.0
