S,F,T,B,D,Z1,Z2,ObjVal,time,GAP
12,12,15,3000,"{1: np.int64(262), 2: np.int64(215), 3: np.int64(279), 4: np.int64(222), 5: np.int64(285), 6: np.int64(262), 7: np.int64(217), 8: np.int64(225), 9: np.int64(260), 10: np.int64(255), 11: np.int64(268), 12: np.int64(282), 13: np.int64(228), 14: np.int64(212), 15: np.int64(281)}",27972.999992705718,15011.999999199885,42984.999991905606,21.37862491607666,0.0
12,12,15,3000,"{1: np.int64(262), 2: np.int64(215), 3: np.int64(279), 4: np.int64(222), 5: np.int64(285), 6: np.int64(262), 7: np.int64(217), 8: np.int64(225), 9: np.int64(260), 10: np.int64(255), 11: np.int64(268), 12: np.int64(282), 13: np.int64(228), 14: np.int64(212), 15: np.int64(281)}",27972.999992705718,15011.999999199885,42984.999991905606,34.31497097015381,0.0
12,12,15,3000,"{1: np.int64(262), 2: np.int64(215), 3: np.int64(279), 4: np.int64(222), 5: np.int64(285), 6: np.int64(262), 7: np.int64(217), 8: np.int64(225), 9: np.int64(260), 10: np.int64(255), 11: np.int64(268), 12: np.int64(282), 13: np.int64(228), 14: np.int64(212), 15: np.int64(281)}",27972.999992705718,15011.999999199885,42984.999991905606,38.28771710395813,0.0
12,12,15,3000,"{1: np.int64(262), 2: np.int64(215), 3: np.int64(279), 4: np.int64(222), 5: np.int64(285), 6: np.int64(262), 7: np.int64(217), 8: np.int64(225), 9: np.int64(260), 10: np.int64(255), 11: np.int64(268), 12: np.int64(282), 13: np.int64(228), 14: np.int64(212), 15: np.int64(281)}",27972.999992705718,15011.999999199885,42984.999991905606,44.16445803642273,0.0
12,12,15,3000,"{1: np.int64(262), 2: np.int64(215), 3: np.int64(279), 4: np.int64(222), 5: np.int64(285), 6: np.int64(262), 7: np.int64(217), 8: np.int64(225), 9: np.int64(260), 10: np.int64(255), 11: np.int64(268), 12: np.int64(282), 13: np.int64(228), 14: np.int64(212), 15: np.int64(281)}",27972.999992705718,15011.999999199885,42984.999991905606,34.025930881500244,0.0
