S,F,T,B,D,Z1,Z2,ObjVal,time,GAP
12,12,5,7000,"{1: np.int64(544), 2: np.int64(537), 3: np.int64(662), 4: np.int64(557), 5: np.int64(546)}",21847.0,11384.0,33231.0,3.6991209983825684,1.6211125207009745e-12
