S,F,T,B,D,Z1,Z2,ObjVal,time,GAP
12,12,10,7000,"{1: np.int64(581), 2: np.int64(541), 3: np.int64(570), 4: np.int64(614), 5: np.int64(656), 6: np.int64(598), 7: np.int64(638), 8: np.int64(512), 9: np.int64(558), 10: np.int64(670)}",47874.0,23752.0,71626.0,17.58089590072632,8.743872657268384e-05
12,12,10,7000,"{1: np.int64(581), 2: np.int64(541), 3: np.int64(570), 4: np.int64(614), 5: np.int64(656), 6: np.int64(598), 7: np.int64(638), 8: np.int64(512), 9: np.int64(558), 10: np.int64(670)}",47874.0,23752.0,71626.0,11.856953144073486,8.743872657268384e-05
12,12,10,7000,"{1: np.int64(581), 2: np.int64(541), 3: np.int64(570), 4: np.int64(614), 5: np.int64(656), 6: np.int64(598), 7: np.int64(638), 8: np.int64(512), 9: np.int64(558), 10: np.int64(670)}",47874.0,23752.0,71626.0,18.126505851745605,8.743872657268384e-05
12,12,10,7000,"{1: np.int64(581), 2: np.int64(541), 3: np.int64(570), 4: np.int64(614), 5: np.int64(656), 6: np.int64(598), 7: np.int64(638), 8: np.int64(512), 9: np.int64(558), 10: np.int64(670)}",47874.0,23752.0,71626.0,15.583107948303223,8.743872657268384e-05
12,12,10,7000,"{1: np.int64(581), 2: np.int64(541), 3: np.int64(570), 4: np.int64(614), 5: np.int64(656), 6: np.int64(598), 7: np.int64(638), 8: np.int64(512), 9: np.int64(558), 10: np.int64(670)}",47874.0,23752.0,71626.0,14.084489822387695,8.743872657268384e-05
