S,F,T,B,D,Z1,Z2,ObjVal,time,GAP
9,9,15,3000,"{1: np.int64(368), 2: np.int64(382), 3: np.int64(292), 4: np.int64(363), 5: np.int64(324), 6: np.int64(298), 7: np.int64(312), 8: np.int64(360), 9: np.int64(370), 10: np.int64(287), 11: np.int64(344), 12: np.int64(287), 13: np.int64(355), 14: np.int64(316), 15: np.int64(371)}",38401.0,20116.0,58517.0,0.5178210735321045,0.0
9,9,15,3000,"{1: np.int64(368), 2: np.int64(382), 3: np.int64(292), 4: np.int64(363), 5: np.int64(324), 6: np.int64(298), 7: np.int64(312), 8: np.int64(360), 9: np.int64(370), 10: np.int64(287), 11: np.int64(344), 12: np.int64(287), 13: np.int64(355), 14: np.int64(316), 15: np.int64(371)}",38401.0,20116.0,58517.0,0.592292070388794,0.0
9,9,15,3000,"{1: np.int64(368), 2: np.int64(382), 3: np.int64(292), 4: np.int64(363), 5: np.int64(324), 6: np.int64(298), 7: np.int64(312), 8: np.int64(360), 9: np.int64(370), 10: np.int64(287), 11: np.int64(344), 12: np.int64(287), 13: np.int64(355), 14: np.int64(316), 15: np.int64(371)}",38401.0,20116.0,58517.0,0.837205171585083,0.0
9,9,15,3000,"{1: np.int64(368), 2: np.int64(382), 3: np.int64(292), 4: np.int64(363), 5: np.int64(324), 6: np.int64(298), 7: np.int64(312), 8: np.int64(360), 9: np.int64(370), 10: np.int64(287), 11: np.int64(344), 12: np.int64(287), 13: np.int64(355), 14: np.int64(316), 15: np.int64(371)}",38401.0,20116.0,58517.0,0.6098108291625977,0.0
9,9,15,3000,"{1: np.int64(368), 2: np.int64(382), 3: np.int64(292), 4: np.int64(363), 5: np.int64(324), 6: np.int64(298), 7: np.int64(312), 8: np.int64(360), 9: np.int64(370), 10: np.int64(287), 11: np.int64(344), 12: np.int64(287), 13: np.int64(355), 14: np.int64(316), 15: np.int64(371)}",38401.0,20116.0,58517.0,0.8209691047668457,0.0
