S,F,T,B,D,Z1,Z2,ObjVal,time,GAP
6,6,10,3000,"{1: np.int64(538), 2: np.int64(554), 3: np.int64(530), 4: np.int64(495), 5: np.int64(458), 6: np.int64(524), 7: np.int64(472), 8: np.int64(440), 9: np.int64(492), 10: np.int64(556)}",43689.99998004511,20236.0,63925.99998004512,0.5811071395874023,0.0
6,6,10,3000,"{1: np.int64(538), 2: np.int64(554), 3: np.int64(530), 4: np.int64(495), 5: np.int64(458), 6: np.int64(524), 7: np.int64(472), 8: np.int64(440), 9: np.int64(492), 10: np.int64(556)}",43689.99998034933,20236.0,63925.99998034932,1.0197360515594482,0.0
6,6,10,3000,"{1: np.int64(538), 2: np.int64(554), 3: np.int64(530), 4: np.int64(495), 5: np.int64(458), 6: np.int64(524), 7: np.int64(472), 8: np.int64(440), 9: np.int64(492), 10: np.int64(556)}",43689.99998034933,20236.0,63925.99998034932,0.41208910942077637,0.0
6,6,10,3000,"{1: np.int64(538), 2: np.int64(554), 3: np.int64(530), 4: np.int64(495), 5: np.int64(458), 6: np.int64(524), 7: np.int64(472), 8: np.int64(440), 9: np.int64(492), 10: np.int64(556)}",43689.99998034933,20236.0,63925.99998034932,0.4723398685455322,0.0
6,6,10,3000,"{1: np.int64(538), 2: np.int64(554), 3: np.int64(530), 4: np.int64(495), 5: np.int64(458), 6: np.int64(524), 7: np.int64(472), 8: np.int64(440), 9: np.int64(492), 10: np.int64(556)}",43690.0,20236.0,63926.0,0.4856688976287842,0.0
