S,F,T,B,D,Z1,Z2,ObjVal,time,GAP
12,12,5,5000,"{1: np.int64(410), 2: np.int64(436), 3: np.int64(478), 4: np.int64(468), 5: np.int64(453)}",17494.99999731368,8979.999999973144,26474.999997286825,0.4143331050872803,0.0
