S,F,T,B,D,Z1,Z2,ObjVal,time,GAP
3,3,10,7000,"{1: np.int64(2421), 2: np.int64(2194), 3: np.int64(2338), 4: np.int64(2253), 5: np.int64(2228), 6: np.int64(2392), 7: np.int64(2392), 8: np.int64(2616), 9: np.int64(2460), 10: np.int64(2633)}",157571.0,96005.0,253576.0,0.0052258968353271484,0.0
3,3,10,7000,"{1: np.int64(2421), 2: np.int64(2194), 3: np.int64(2338), 4: np.int64(2253), 5: np.int64(2228), 6: np.int64(2392), 7: np.int64(2392), 8: np.int64(2616), 9: np.int64(2460), 10: np.int64(2633)}",157571.0,96005.0,253576.0,0.005582094192504883,0.0
3,3,10,7000,"{1: np.int64(2421), 2: np.int64(2194), 3: np.int64(2338), 4: np.int64(2253), 5: np.int64(2228), 6: np.int64(2392), 7: np.int64(2392), 8: np.int64(2616), 9: np.int64(2460), 10: np.int64(2633)}",157571.0,96005.0,253576.0,0.005438089370727539,0.0
3,3,10,7000,"{1: np.int64(2421), 2: np.int64(2194), 3: np.int64(2338), 4: np.int64(2253), 5: np.int64(2228), 6: np.int64(2392), 7: np.int64(2392), 8: np.int64(2616), 9: np.int64(2460), 10: np.int64(2633)}",157571.0,96005.0,253576.0,0.005290031433105469,0.0
3,3,10,7000,"{1: np.int64(2421), 2: np.int64(2194), 3: np.int64(2338), 4: np.int64(2253), 5: np.int64(2228), 6: np.int64(2392), 7: np.int64(2392), 8: np.int64(2616), 9: np.int64(2460), 10: np.int64(2633)}",157571.0,96005.0,253576.0,0.0061130523681640625,0.0
