S,F,T,B,D,Z1,Z2,ObjVal,time,GAP
6,6,10,5000,"{1: np.int64(864), 2: np.int64(783), 3: np.int64(835), 4: np.int64(804), 5: np.int64(796), 6: np.int64(854), 7: np.int64(854), 8: np.int64(934), 9: np.int64(878), 10: np.int64(940)}",66605.0,34168.0,100773.0,0.11289286613464355,0.0
6,6,10,5000,"{1: np.int64(864), 2: np.int64(783), 3: np.int64(835), 4: np.int64(804), 5: np.int64(796), 6: np.int64(854), 7: np.int64(854), 8: np.int64(934), 9: np.int64(878), 10: np.int64(940)}",66605.0,34168.0,100773.0,0.15695595741271973,0.0
6,6,10,5000,"{1: np.int64(864), 2: np.int64(783), 3: np.int64(835), 4: np.int64(804), 5: np.int64(796), 6: np.int64(854), 7: np.int64(854), 8: np.int64(934), 9: np.int64(878), 10: np.int64(940)}",66605.0,34168.0,100773.0,0.12604379653930664,0.0
6,6,10,5000,"{1: np.int64(864), 2: np.int64(783), 3: np.int64(835), 4: np.int64(804), 5: np.int64(796), 6: np.int64(854), 7: np.int64(854), 8: np.int64(934), 9: np.int64(878), 10: np.int64(940)}",66605.0,34168.0,100773.0,0.08735895156860352,0.0
6,6,10,5000,"{1: np.int64(864), 2: np.int64(783), 3: np.int64(835), 4: np.int64(804), 5: np.int64(796), 6: np.int64(854), 7: np.int64(854), 8: np.int64(934), 9: np.int64(878), 10: np.int64(940)}",66605.0,34168.0,100773.0,0.08239984512329102,0.0
