S,F,T,B,D,Z1,Z2,ObjVal,time,GAP
6,6,5,10000,"{1: np.int64(1754), 2: np.int64(1898), 3: np.int64(1542), 4: np.int64(1644), 5: np.int64(1713)}",61720.0,34204.0,95924.0,0.21863985061645508,0.0
6,6,5,10000,"{1: np.int64(1754), 2: np.int64(1898), 3: np.int64(1542), 4: np.int64(1644), 5: np.int64(1713)}",61720.0,34204.0,95924.0,0.39821815490722656,0.0
6,6,5,10000,"{1: np.int64(1754), 2: np.int64(1898), 3: np.int64(1542), 4: np.int64(1644), 5: np.int64(1713)}",61720.0,34204.0,95924.0,0.3014500141143799,0.0
6,6,5,10000,"{1: np.int64(1754), 2: np.int64(1898), 3: np.int64(1542), 4: np.int64(1644), 5: np.int64(1713)}",61720.0,34204.0,95924.0,0.27518296241760254,0.0
6,6,5,10000,"{1: np.int64(1754), 2: np.int64(1898), 3: np.int64(1542), 4: np.int64(1644), 5: np.int64(1713)}",61720.0,34204.0,95924.0,0.2093219757080078,0.0
