S,F,T,B,D,Z1,Z2,ObjVal,time,GAP
9,9,10,7000,"{1: np.int64(824), 2: np.int64(758), 3: np.int64(815), 4: np.int64(672), 5: np.int64(765), 6: np.int64(721), 7: np.int64(697), 8: np.int64(784), 9: np.int64(774), 10: np.int64(792)}",63488.99998698184,30408.0,93896.99998698184,15.591351985931396,0.0
