S,F,T,B,D,Z1,Z2,ObjVal,time,GAP
6,6,15,3000,"{1: np.int64(540), 2: np.int64(505), 3: np.int64(554), 4: np.int64(459), 5: np.int64(502), 6: np.int64(567), 7: np.int64(511), 8: np.int64(493), 9: np.int64(465), 10: np.int64(507), 11: np.int64(568), 12: np.int64(425), 13: np.int64(542), 14: np.int64(548), 15: np.int64(557)}",62013.99998912886,30971.999999999996,92985.99998912886,0.28513121604919434,8.603433990281878e-05
