S,F,T,B,D,Z1,Z2,ObjVal,time,GAP
3,3,5,10000,"{1: np.int64(3687), 2: np.int64(3823), 3: np.int64(2921), 4: np.int64(3633), 5: np.int64(3243)}",136943.0,69697.0,206640.0,0.005254983901977539,0.0
3,3,5,10000,"{1: np.int64(3687), 2: np.int64(3823), 3: np.int64(2921), 4: np.int64(3633), 5: np.int64(3243)}",136943.0,69697.0,206640.0,0.005002021789550781,0.0
3,3,5,10000,"{1: np.int64(3687), 2: np.int64(3823), 3: np.int64(2921), 4: np.int64(3633), 5: np.int64(3243)}",136943.0,69697.0,206640.0,0.004965066909790039,0.0
3,3,5,10000,"{1: np.int64(3687), 2: np.int64(3823), 3: np.int64(2921), 4: np.int64(3633), 5: np.int64(3243)}",136943.0,69697.0,206640.0,0.005357027053833008,0.0
3,3,5,10000,"{1: np.int64(3687), 2: np.int64(3823), 3: np.int64(2921), 4: np.int64(3633), 5: np.int64(3243)}",136943.0,69697.0,206640.0,0.00493311882019043,0.0
