S,F,T,B,D,Z1,Z2,ObjVal,time,GAP
9,9,5,3000,"{1: np.int64(324), 2: np.int64(287), 3: np.int64(325), 4: np.int64(308), 5: np.int64(372)}",11163.0,6464.0,17627.0,5.555089950561523,0.0
9,9,5,3000,"{1: np.int64(324), 2: np.int64(287), 3: np.int64(325), 4: np.int64(308), 5: np.int64(372)}",11163.0,6464.0,17627.0,6.303092002868652,0.0
9,9,5,3000,"{1: np.int64(324), 2: np.int64(287), 3: np.int64(325), 4: np.int64(308), 5: np.int64(372)}",11163.0,6464.0,17627.0,9.326611995697021,0.0
9,9,5,3000,"{1: np.int64(324), 2: np.int64(287), 3: np.int64(325), 4: np.int64(308), 5: np.int64(372)}",11163.0,6464.0,17627.0,7.438995838165283,0.0
9,9,5,3000,"{1: np.int64(324), 2: np.int64(287), 3: np.int64(325), 4: np.int64(308), 5: np.int64(372)}",11163.0,6464.0,17627.0,9.501357078552246,0.0
