S,F,T,B,D,Z1,Z2,ObjVal,time,GAP
3,3,15,10000,"{1: np.int64(3187), 2: np.int64(3814), 3: np.int64(3795), 4: np.int64(2994), 5: np.int64(3587), 6: np.int64(3548), 7: np.int64(3294), 8: np.int64(3363), 9: np.int64(3323), 10: np.int64(3758), 11: np.int64(3334), 12: np.int64(3664), 13: np.int64(3187), 14: np.int64(3716), 15: np.int64(3733)}",422940.0,231221.0,654161.0,0.00935506820678711,0.0
3,3,15,10000,"{1: np.int64(3187), 2: np.int64(3814), 3: np.int64(3795), 4: np.int64(2994), 5: np.int64(3587), 6: np.int64(3548), 7: np.int64(3294), 8: np.int64(3363), 9: np.int64(3323), 10: np.int64(3758), 11: np.int64(3334), 12: np.int64(3664), 13: np.int64(3187), 14: np.int64(3716), 15: np.int64(3733)}",422940.0,231221.0,654161.0,0.009414911270141602,0.0
3,3,15,10000,"{1: np.int64(3187), 2: np.int64(3814), 3: np.int64(3795), 4: np.int64(2994), 5: np.int64(3587), 6: np.int64(3548), 7: np.int64(3294), 8: np.int64(3363), 9: np.int64(3323), 10: np.int64(3758), 11: np.int64(3334), 12: np.int64(3664), 13: np.int64(3187), 14: np.int64(3716), 15: np.int64(3733)}",422940.0,231221.0,654161.0,0.009045124053955078,0.0
3,3,15,10000,"{1: np.int64(3187), 2: np.int64(3814), 3: np.int64(3795), 4: np.int64(2994), 5: np.int64(3587), 6: np.int64(3548), 7: np.int64(3294), 8: np.int64(3363), 9: np.int64(3323), 10: np.int64(3758), 11: np.int64(3334), 12: np.int64(3664), 13: np.int64(3187), 14: np.int64(3716), 15: np.int64(3733)}",422940.0,231221.0,654161.0,0.00960397720336914,0.0
3,3,15,10000,"{1: np.int64(3187), 2: np.int64(3814), 3: np.int64(3795), 4: np.int64(2994), 5: np.int64(3587), 6: np.int64(3548), 7: np.int64(3294), 8: np.int64(3363), 9: np.int64(3323), 10: np.int64(3758), 11: np.int64(3334), 12: np.int64(3664), 13: np.int64(3187), 14: np.int64(3716), 15: np.int64(3733)}",422940.0,231221.0,654161.0,0.008996009826660156,0.0
