S,F,T,B,D,Z1,Z2,ObjVal,time,GAP
9,9,5,7000,"{1: np.int64(701), 2: np.int64(789), 3: np.int64(825), 4: np.int64(818), 5: np.int64(748)}",32692.999999929783,15524.0,48216.99999992979,0.31233716011047363,9.058542331129416e-13
