S,F,T,B,D,Z1,Z2,ObjVal,time,GAP
12,12,15,7000,"{1: np.int64(538), 2: np.int64(644), 3: np.int64(558), 4: np.int64(630), 5: np.int64(668), 6: np.int64(605), 7: np.int64(614), 8: np.int64(602), 9: np.int64(550), 10: np.int64(655), 11: np.int64(577), 12: np.int64(655), 13: np.int64(549), 14: np.int64(647), 15: np.int64(633)}",71438.0,36500.0,107938.0,78.03609800338745,4.209536966504165e-12
12,12,15,7000,"{1: np.int64(538), 2: np.int64(644), 3: np.int64(558), 4: np.int64(630), 5: np.int64(668), 6: np.int64(605), 7: np.int64(614), 8: np.int64(602), 9: np.int64(550), 10: np.int64(655), 11: np.int64(577), 12: np.int64(655), 13: np.int64(549), 14: np.int64(647), 15: np.int64(633)}",71438.0,36500.0,107938.0,65.13570499420166,4.209536966504165e-12
12,12,15,7000,"{1: np.int64(538), 2: np.int64(644), 3: np.int64(558), 4: np.int64(630), 5: np.int64(668), 6: np.int64(605), 7: np.int64(614), 8: np.int64(602), 9: np.int64(550), 10: np.int64(655), 11: np.int64(577), 12: np.int64(655), 13: np.int64(549), 14: np.int64(647), 15: np.int64(633)}",71438.0,36500.0,107938.0,66.37370896339417,4.209536966504165e-12
12,12,15,7000,"{1: np.int64(538), 2: np.int64(644), 3: np.int64(558), 4: np.int64(630), 5: np.int64(668), 6: np.int64(605), 7: np.int64(614), 8: np.int64(602), 9: np.int64(550), 10: np.int64(655), 11: np.int64(577), 12: np.int64(655), 13: np.int64(549), 14: np.int64(647), 15: np.int64(633)}",71438.0,36500.0,107938.0,73.04558897018433,4.209536966504165e-12
12,12,15,7000,"{1: np.int64(538), 2: np.int64(644), 3: np.int64(558), 4: np.int64(630), 5: np.int64(668), 6: np.int64(605), 7: np.int64(614), 8: np.int64(602), 9: np.int64(550), 10: np.int64(655), 11: np.int64(577), 12: np.int64(655), 13: np.int64(549), 14: np.int64(647), 15: np.int64(633)}",71438.0,36500.0,107938.0,61.66404485702515,4.209536966504165e-12
