S,F,T,B,D,Z1,Z2,ObjVal,time,GAP
6,6,10,3000,"{1: np.int64(501), 2: np.int64(487), 3: np.int64(514), 4: np.int64(489), 5: np.int64(449), 6: np.int64(470), 7: np.int64(546), 8: np.int64(431), 9: np.int64(431), 10: np.int64(518)}",39652.0,19344.0,58996.0,0.015941143035888672,0.0
6,6,10,3000,"{1: np.int64(501), 2: np.int64(487), 3: np.int64(514), 4: np.int64(489), 5: np.int64(449), 6: np.int64(470), 7: np.int64(546), 8: np.int64(431), 9: np.int64(431), 10: np.int64(518)}",39652.0,19344.0,58996.0,0.02527904510498047,0.0
6,6,10,3000,"{1: np.int64(501), 2: np.int64(487), 3: np.int64(514), 4: np.int64(489), 5: np.int64(449), 6: np.int64(470), 7: np.int64(546), 8: np.int64(431), 9: np.int64(431), 10: np.int64(518)}",39652.0,19344.0,58996.0,0.015985965728759766,0.0
