S,F,T,B,D,Z1,Z2,ObjVal,time,GAP
6,6,10,3000,"{1: np.int64(518), 2: np.int64(470), 3: np.int64(501), 4: np.int64(482), 5: np.int64(477), 6: np.int64(512), 7: np.int64(512), 8: np.int64(560), 9: np.int64(527), 10: np.int64(564)}",39973.99999998118,20491.999999999996,60465.999999981184,0.10771298408508301,0.0
6,6,10,3000,"{1: np.int64(518), 2: np.int64(470), 3: np.int64(501), 4: np.int64(482), 5: np.int64(477), 6: np.int64(512), 7: np.int64(512), 8: np.int64(560), 9: np.int64(527), 10: np.int64(564)}",39973.99999998118,20491.999999999996,60465.999999981184,0.10919594764709473,0.0
6,6,10,3000,"{1: np.int64(518), 2: np.int64(470), 3: np.int64(501), 4: np.int64(482), 5: np.int64(477), 6: np.int64(512), 7: np.int64(512), 8: np.int64(560), 9: np.int64(527), 10: np.int64(564)}",39973.99999998118,20491.999999999996,60465.999999981184,0.08305811882019043,0.0
6,6,10,3000,"{1: np.int64(518), 2: np.int64(470), 3: np.int64(501), 4: np.int64(482), 5: np.int64(477), 6: np.int64(512), 7: np.int64(512), 8: np.int64(560), 9: np.int64(527), 10: np.int64(564)}",39973.99999998144,20492.0,60465.999999981446,0.08504796028137207,0.0
