S,F,T,B,D,Z1,Z2,ObjVal,time,GAP
3,3,15,3000,"{1: np.int64(1037), 2: np.int64(940), 3: np.int64(1002), 4: np.int64(965), 5: np.int64(955), 6: np.int64(1025), 7: np.int64(1025), 8: np.int64(1121), 9: np.int64(1054), 10: np.int64(1128), 11: np.int64(1106), 12: np.int64(1147), 13: np.int64(1051), 14: np.int64(898), 15: np.int64(1108)}",95986.0,64862.0,160848.0,0.010230064392089844,0.0
3,3,15,3000,"{1: np.int64(1037), 2: np.int64(940), 3: np.int64(1002), 4: np.int64(965), 5: np.int64(955), 6: np.int64(1025), 7: np.int64(1025), 8: np.int64(1121), 9: np.int64(1054), 10: np.int64(1128), 11: np.int64(1106), 12: np.int64(1147), 13: np.int64(1051), 14: np.int64(898), 15: np.int64(1108)}",95986.0,64862.0,160848.0,0.009268999099731445,0.0
3,3,15,3000,"{1: np.int64(1037), 2: np.int64(940), 3: np.int64(1002), 4: np.int64(965), 5: np.int64(955), 6: np.int64(1025), 7: np.int64(1025), 8: np.int64(1121), 9: np.int64(1054), 10: np.int64(1128), 11: np.int64(1106), 12: np.int64(1147), 13: np.int64(1051), 14: np.int64(898), 15: np.int64(1108)}",95986.0,64862.0,160848.0,0.010030031204223633,0.0
