S,F,T,B,D,Z1,Z2,ObjVal,time,GAP
9,9,15,5000,"{1: np.int64(618), 2: np.int64(563), 3: np.int64(618), 4: np.int64(505), 5: np.int64(584), 6: np.int64(527), 7: np.int64(620), 8: np.int64(601), 9: np.int64(550), 10: np.int64(559), 11: np.int64(476), 12: np.int64(477), 13: np.int64(571), 14: np.int64(553), 15: np.int64(616)}",67441.0,33752.0,101193.0,0.7183120250701904,0.0
9,9,15,5000,"{1: np.int64(618), 2: np.int64(563), 3: np.int64(618), 4: np.int64(505), 5: np.int64(584), 6: np.int64(527), 7: np.int64(620), 8: np.int64(601), 9: np.int64(550), 10: np.int64(559), 11: np.int64(476), 12: np.int64(477), 13: np.int64(571), 14: np.int64(553), 15: np.int64(616)}",67441.0,33752.0,101193.0,0.8829121589660645,0.0
9,9,15,5000,"{1: np.int64(618), 2: np.int64(563), 3: np.int64(618), 4: np.int64(505), 5: np.int64(584), 6: np.int64(527), 7: np.int64(620), 8: np.int64(601), 9: np.int64(550), 10: np.int64(559), 11: np.int64(476), 12: np.int64(477), 13: np.int64(571), 14: np.int64(553), 15: np.int64(616)}",67441.0,33752.0,101193.0,0.598229169845581,0.0
