S,F,T,B,D,Z1,Z2,ObjVal,time,GAP
12,12,10,5000,"{1: np.int64(431), 2: np.int64(451), 3: np.int64(401), 4: np.int64(425), 5: np.int64(382), 6: np.int64(364), 7: np.int64(387), 8: np.int64(465), 9: np.int64(424), 10: np.int64(469)}",33504.99998773294,16796.0,50300.99998773294,2.611927032470703,0.0
