S,F,T,B,D,Z1,Z2,ObjVal,time,GAP
9,9,10,7000,"{1: np.int64(756), 2: np.int64(669), 3: np.int64(759), 4: np.int64(719), 5: np.int64(868), 6: np.int64(855), 7: np.int64(777), 8: np.int64(668), 9: np.int64(720), 10: np.int64(717)}",55990.99998163662,30032.0,86022.99998163662,36.377355098724365,0.0
9,9,10,7000,"{1: np.int64(756), 2: np.int64(669), 3: np.int64(759), 4: np.int64(719), 5: np.int64(868), 6: np.int64(855), 7: np.int64(777), 8: np.int64(668), 9: np.int64(720), 10: np.int64(717)}",55990.99998163662,30032.0,86022.99998163662,40.02914309501648,0.0
9,9,10,7000,"{1: np.int64(756), 2: np.int64(669), 3: np.int64(759), 4: np.int64(719), 5: np.int64(868), 6: np.int64(855), 7: np.int64(777), 8: np.int64(668), 9: np.int64(720), 10: np.int64(717)}",55990.99998163662,30032.0,86022.99998163662,34.305444955825806,0.0
