S,F,T,B,D,Z1,Z2,ObjVal,time,GAP
12,12,5,5000,"{1: np.int64(435), 2: np.int64(388), 3: np.int64(382), 4: np.int64(463), 5: np.int64(367)}",16889.0,8140.0,25029.0,1.4137210845947266,9.088124360457698e-05
12,12,5,5000,"{1: np.int64(435), 2: np.int64(388), 3: np.int64(382), 4: np.int64(463), 5: np.int64(367)}",16889.0,8140.0,25029.0,1.318892002105713,9.088124360457698e-05
12,12,5,5000,"{1: np.int64(435), 2: np.int64(388), 3: np.int64(382), 4: np.int64(463), 5: np.int64(367)}",16889.0,8140.0,25029.0,1.041106939315796,9.088124360457698e-05
12,12,5,5000,"{1: np.int64(435), 2: np.int64(388), 3: np.int64(382), 4: np.int64(463), 5: np.int64(367)}",16889.0,8140.0,25029.0,1.0529398918151855,9.088124360457698e-05
12,12,5,5000,"{1: np.int64(435), 2: np.int64(388), 3: np.int64(382), 4: np.int64(463), 5: np.int64(367)}",16889.0,8140.0,25029.0,1.2418510913848877,9.088124360457698e-05
