S,F,T,B,D,Z1,Z2,ObjVal,time,GAP
9,9,10,7000,"{1: np.int64(835), 2: np.int64(856), 3: np.int64(815), 4: np.int64(782), 5: np.int64(728), 6: np.int64(740), 7: np.int64(714), 8: np.int64(676), 9: np.int64(798), 10: np.int64(728)}",58994.0,30688.0,89682.0,24.83619785308838,0.0
9,9,10,7000,"{1: np.int64(835), 2: np.int64(856), 3: np.int64(815), 4: np.int64(782), 5: np.int64(728), 6: np.int64(740), 7: np.int64(714), 8: np.int64(676), 9: np.int64(798), 10: np.int64(728)}",58994.0,30688.0,89682.0,19.19380521774292,0.0
9,9,10,7000,"{1: np.int64(835), 2: np.int64(856), 3: np.int64(815), 4: np.int64(782), 5: np.int64(728), 6: np.int64(740), 7: np.int64(714), 8: np.int64(676), 9: np.int64(798), 10: np.int64(728)}",58994.0,30688.0,89682.0,16.84514307975769,0.0
9,9,10,7000,"{1: np.int64(835), 2: np.int64(856), 3: np.int64(815), 4: np.int64(782), 5: np.int64(728), 6: np.int64(740), 7: np.int64(714), 8: np.int64(676), 9: np.int64(798), 10: np.int64(728)}",58994.0,30688.0,89682.0,19.54402995109558,0.0
9,9,10,7000,"{1: np.int64(835), 2: np.int64(856), 3: np.int64(815), 4: np.int64(782), 5: np.int64(728), 6: np.int64(740), 7: np.int64(714), 8: np.int64(676), 9: np.int64(798), 10: np.int64(728)}",58994.0,30688.0,89682.0,16.161844968795776,0.0
