S,F,T,B,D,Z1,Z2,ObjVal,time,GAP
12,12,15,5000,"{1: np.int64(450), 2: np.int64(421), 3: np.int64(461), 4: np.int64(383), 5: np.int64(418), 6: np.int64(473), 7: np.int64(426), 8: np.int64(411), 9: np.int64(387), 10: np.int64(422), 11: np.int64(473), 12: np.int64(354), 13: np.int64(452), 14: np.int64(456), 15: np.int64(464)}",57015.9999900274,25803.999999953787,82819.9999899812,2.308152914047241,1.0583136002361641e-10
