S,F,T,B,D,Z1,Z2,ObjVal,time,GAP
6,6,5,7000,"{1: np.int64(1220), 2: np.int64(1087), 3: np.int64(1070), 4: np.int64(1298), 5: np.int64(1028)}",43747.0,23998.0,67745.0,0.14694714546203613,0.0
6,6,5,7000,"{1: np.int64(1220), 2: np.int64(1087), 3: np.int64(1070), 4: np.int64(1298), 5: np.int64(1028)}",43747.0,23998.0,67745.0,0.19150280952453613,0.0
6,6,5,7000,"{1: np.int64(1220), 2: np.int64(1087), 3: np.int64(1070), 4: np.int64(1298), 5: np.int64(1028)}",43747.0,23998.0,67745.0,0.13130879402160645,0.0
6,6,5,7000,"{1: np.int64(1220), 2: np.int64(1087), 3: np.int64(1070), 4: np.int64(1298), 5: np.int64(1028)}",43747.0,23998.0,67745.0,0.1429140567779541,0.0
6,6,5,7000,"{1: np.int64(1220), 2: np.int64(1087), 3: np.int64(1070), 4: np.int64(1298), 5: np.int64(1028)}",43747.0,23998.0,67745.0,0.16475486755371094,0.0
