S,F,T,B,D,Z1,Z2,ObjVal,time,GAP
12,12,10,5000,"{1: np.int64(437), 2: np.int64(359), 3: np.int64(466), 4: np.int64(370), 5: np.int64(475), 6: np.int64(437), 7: np.int64(361), 8: np.int64(375), 9: np.int64(433), 10: np.int64(425)}",32629.999986041104,16552.000000002434,49181.99998604354,19.7015860080719,0.0
12,12,10,5000,"{1: np.int64(437), 2: np.int64(359), 3: np.int64(466), 4: np.int64(370), 5: np.int64(475), 6: np.int64(437), 7: np.int64(361), 8: np.int64(375), 9: np.int64(433), 10: np.int64(425)}",32629.999986041104,16552.000000002434,49181.99998604354,18.3581440448761,0.0
12,12,10,5000,"{1: np.int64(437), 2: np.int64(359), 3: np.int64(466), 4: np.int64(370), 5: np.int64(475), 6: np.int64(437), 7: np.int64(361), 8: np.int64(375), 9: np.int64(433), 10: np.int64(425)}",32629.999986041104,16552.000000002434,49181.99998604354,23.021762132644653,0.0
