S,F,T,B,D,Z1,Z2,ObjVal,time,GAP
9,9,10,7000,"{1: np.int64(680), 2: np.int64(665), 3: np.int64(664), 4: np.int64(837), 5: np.int64(719), 6: np.int64(686), 7: np.int64(806), 8: np.int64(741), 9: np.int64(677), 10: np.int64(698)}",55244.99999126498,28692.0,83936.99999126498,10.385690927505493,0.0
