S,F,T,B,D,Z1,Z2,ObjVal,time,GAP
9,9,5,5000,"{1: np.int64(596), 2: np.int64(611), 3: np.int64(582), 4: np.int64(558), 5: np.int64(520)}",23751.0,11468.0,35219.0,2.0875658988952637,0.0
9,9,5,5000,"{1: np.int64(596), 2: np.int64(611), 3: np.int64(582), 4: np.int64(558), 5: np.int64(520)}",23751.0,11468.0,35219.0,2.197619915008545,0.0
9,9,5,5000,"{1: np.int64(596), 2: np.int64(611), 3: np.int64(582), 4: np.int64(558), 5: np.int64(520)}",23751.0,11468.0,35219.0,2.643098831176758,0.0
9,9,5,5000,"{1: np.int64(596), 2: np.int64(611), 3: np.int64(582), 4: np.int64(558), 5: np.int64(520)}",23751.0,11468.0,35219.0,0.5128378868103027,0.0
