S,F,T,B,D,Z1,Z2,ObjVal,time,GAP
6,6,15,10000,"{1: np.int64(1621), 2: np.int64(1435), 3: np.int64(1627), 4: np.int64(1540), 5: np.int64(1861), 6: np.int64(1832), 7: np.int64(1665), 8: np.int64(1432), 9: np.int64(1543), 10: np.int64(1537), 11: np.int64(1520), 12: np.int64(1532), 13: np.int64(1851), 14: np.int64(1487), 15: np.int64(1442)}",170530.0,95700.0,266230.0,1.5491540431976318,0.0
6,6,15,10000,"{1: np.int64(1621), 2: np.int64(1435), 3: np.int64(1627), 4: np.int64(1540), 5: np.int64(1861), 6: np.int64(1832), 7: np.int64(1665), 8: np.int64(1432), 9: np.int64(1543), 10: np.int64(1537), 11: np.int64(1520), 12: np.int64(1532), 13: np.int64(1851), 14: np.int64(1487), 15: np.int64(1442)}",170530.0,95700.0,266230.0,1.773064136505127,0.0
6,6,15,10000,"{1: np.int64(1621), 2: np.int64(1435), 3: np.int64(1627), 4: np.int64(1540), 5: np.int64(1861), 6: np.int64(1832), 7: np.int64(1665), 8: np.int64(1432), 9: np.int64(1543), 10: np.int64(1537), 11: np.int64(1520), 12: np.int64(1532), 13: np.int64(1851), 14: np.int64(1487), 15: np.int64(1442)}",170530.0,95700.0,266230.0,1.3080909252166748,0.0
