S,F,T,B,D,Z1,Z2,ObjVal,time,GAP
9,9,15,10000,"{1: np.int64(1237), 2: np.int64(1127), 3: np.int64(1237), 4: np.int64(1011), 5: np.int64(1168), 6: np.int64(1054), 7: np.int64(1241), 8: np.int64(1202), 9: np.int64(1101), 10: np.int64(1119), 11: np.int64(953), 12: np.int64(955), 13: np.int64(1142), 14: np.int64(1107), 15: np.int64(1232)}",123791.0,67544.0,191335.0,4.0191240310668945,3.0345802786308695e-13
9,9,15,10000,"{1: np.int64(1237), 2: np.int64(1127), 3: np.int64(1237), 4: np.int64(1011), 5: np.int64(1168), 6: np.int64(1054), 7: np.int64(1241), 8: np.int64(1202), 9: np.int64(1101), 10: np.int64(1119), 11: np.int64(953), 12: np.int64(955), 13: np.int64(1142), 14: np.int64(1107), 15: np.int64(1232)}",123791.0,67544.0,191335.0,5.311523914337158,3.0345802786308695e-13
9,9,15,10000,"{1: np.int64(1237), 2: np.int64(1127), 3: np.int64(1237), 4: np.int64(1011), 5: np.int64(1168), 6: np.int64(1054), 7: np.int64(1241), 8: np.int64(1202), 9: np.int64(1101), 10: np.int64(1119), 11: np.int64(953), 12: np.int64(955), 13: np.int64(1142), 14: np.int64(1107), 15: np.int64(1232)}",123791.0,67544.0,191335.0,4.224534034729004,3.0345802786308695e-13
