S,F,T,B,D,Z1,Z2,ObjVal,time,GAP
12,12,5,5000,"{1: np.int64(410), 2: np.int64(436), 3: np.int64(478), 4: np.int64(468), 5: np.int64(453)}",17495.0,8980.0,26475.0,0.33771419525146484,2.9054972839698273e-06
