S,F,T,B,D,Z1,Z2,ObjVal,time,GAP
6,6,5,7000,"{1: np.int64(1256), 2: np.int64(1293), 3: np.int64(1238), 4: np.int64(1157), 5: np.int64(1070)}",49167.0,24056.0,73223.0,0.16813278198242188,0.0
6,6,5,7000,"{1: np.int64(1256), 2: np.int64(1293), 3: np.int64(1238), 4: np.int64(1157), 5: np.int64(1070)}",49167.0,24056.0,73223.0,0.18454504013061523,0.0
6,6,5,7000,"{1: np.int64(1256), 2: np.int64(1293), 3: np.int64(1238), 4: np.int64(1157), 5: np.int64(1070)}",49167.0,24056.0,73223.0,0.15590786933898926,0.0
6,6,5,7000,"{1: np.int64(1256), 2: np.int64(1293), 3: np.int64(1238), 4: np.int64(1157), 5: np.int64(1070)}",49167.0,24056.0,73223.0,0.16401290893554688,0.0
6,6,5,7000,"{1: np.int64(1256), 2: np.int64(1293), 3: np.int64(1238), 4: np.int64(1157), 5: np.int64(1070)}",49167.0,24056.0,73223.0,0.17785191535949707,0.0
