S,F,T,B,D,Z1,Z2,ObjVal,time,GAP
12,12,10,10000,"{1: np.int64(833), 2: np.int64(787), 3: np.int64(786), 4: np.int64(796), 5: np.int64(870), 6: np.int64(854), 7: np.int64(798), 8: np.int64(756), 9: np.int64(790), 10: np.int64(739)}",63707.99996696587,32036.0,95743.99996696587,91.48198080062866,0.0
12,12,10,10000,"{1: np.int64(833), 2: np.int64(787), 3: np.int64(786), 4: np.int64(796), 5: np.int64(870), 6: np.int64(854), 7: np.int64(798), 8: np.int64(756), 9: np.int64(790), 10: np.int64(739)}",63707.999986740324,32035.99999558011,95743.99998232044,67.02354383468628,0.0
12,12,10,10000,"{1: np.int64(833), 2: np.int64(787), 3: np.int64(786), 4: np.int64(796), 5: np.int64(870), 6: np.int64(854), 7: np.int64(798), 8: np.int64(756), 9: np.int64(790), 10: np.int64(739)}",63707.999986740324,32035.99999558011,95743.99998232044,66.18039393424988,0.0
12,12,10,10000,"{1: np.int64(833), 2: np.int64(787), 3: np.int64(786), 4: np.int64(796), 5: np.int64(870), 6: np.int64(854), 7: np.int64(798), 8: np.int64(756), 9: np.int64(790), 10: np.int64(739)}",63707.999986740324,32035.99999558011,95743.99998232044,57.095426082611084,0.0
