S,F,T,B,D,Z1,Z2,ObjVal,time,GAP
9,9,10,5000,"{1: np.int64(520), 2: np.int64(503), 3: np.int64(503), 4: np.int64(574), 5: np.int64(581), 6: np.int64(551), 7: np.int64(487), 8: np.int64(598), 9: np.int64(618), 10: np.int64(626)}",44685.99992998788,22243.999988191877,66929.99991817976,1.0264019966125488,0.0
