S,F,T,B,D,Z1,Z2,ObjVal,time,GAP
9,9,10,10000,"{1: np.int64(1169), 2: np.int64(1265), 3: np.int64(1028), 4: np.int64(1096), 5: np.int64(1142), 6: np.int64(1051), 7: np.int64(1065), 8: np.int64(1048), 9: np.int64(1067), 10: np.int64(1142)}",86535.0,44292.0,130827.0,0.6067929267883301,0.0
9,9,10,10000,"{1: np.int64(1169), 2: np.int64(1265), 3: np.int64(1028), 4: np.int64(1096), 5: np.int64(1142), 6: np.int64(1051), 7: np.int64(1065), 8: np.int64(1048), 9: np.int64(1067), 10: np.int64(1142)}",90798.0,44292.0,135090.0,1.099963903427124,0.0
9,9,10,10000,"{1: np.int64(1169), 2: np.int64(1265), 3: np.int64(1028), 4: np.int64(1096), 5: np.int64(1142), 6: np.int64(1051), 7: np.int64(1065), 8: np.int64(1048), 9: np.int64(1067), 10: np.int64(1142)}",90798.0,44292.0,135090.0,1.2680938243865967,0.0
9,9,10,10000,"{1: np.int64(1169), 2: np.int64(1265), 3: np.int64(1028), 4: np.int64(1096), 5: np.int64(1142), 6: np.int64(1051), 7: np.int64(1065), 8: np.int64(1048), 9: np.int64(1067), 10: np.int64(1142)}",90798.0,44292.0,135090.0,2.1009440422058105,0.0
