S,F,T,B,D,Z1,Z2,ObjVal,time,GAP
12,12,10,3000,"{1: np.int64(249), 2: np.int64(231), 3: np.int64(244), 4: np.int64(263), 5: np.int64(281), 6: np.int64(256), 7: np.int64(273), 8: np.int64(219), 9: np.int64(239), 10: np.int64(287)}",20560.99997760179,10167.999999999998,30728.999977601794,11.390308141708374,0.0
12,12,10,3000,"{1: np.int64(249), 2: np.int64(231), 3: np.int64(244), 4: np.int64(263), 5: np.int64(281), 6: np.int64(256), 7: np.int64(273), 8: np.int64(219), 9: np.int64(239), 10: np.int64(287)}",20560.999984207345,10167.999997265439,30728.999981472785,16.95077610015869,2.3409292909481282e-05
12,12,10,3000,"{1: np.int64(249), 2: np.int64(231), 3: np.int64(244), 4: np.int64(263), 5: np.int64(281), 6: np.int64(256), 7: np.int64(273), 8: np.int64(219), 9: np.int64(239), 10: np.int64(287)}",20560.999984207345,10167.999997265439,30728.999981472785,16.414565086364746,2.3409292909481282e-05
12,12,10,3000,"{1: np.int64(249), 2: np.int64(231), 3: np.int64(244), 4: np.int64(263), 5: np.int64(281), 6: np.int64(256), 7: np.int64(273), 8: np.int64(219), 9: np.int64(239), 10: np.int64(287)}",20560.999984207345,10167.999997265439,30728.999981472785,13.831067085266113,2.3409292909481282e-05
