S,F,T,B,D,Z1,Z2,ObjVal,time,GAP
9,9,15,7000,"{1: np.int64(728), 2: np.int64(705), 3: np.int64(704), 4: np.int64(804), 5: np.int64(814), 6: np.int64(772), 7: np.int64(682), 8: np.int64(837), 9: np.int64(865), 10: np.int64(876), 11: np.int64(857), 12: np.int64(870), 13: np.int64(876), 14: np.int64(787), 15: np.int64(752)}",93497.0,47716.0,141213.0,1.1607170104980469,7.08150099495089e-05
