S,F,T,B,D,Z1,Z2,ObjVal,time,GAP
6,6,5,5000,"{1: np.int64(796), 2: np.int64(953), 3: np.int64(948), 4: np.int64(748), 5: np.int64(896)}",37629.0,17364.0,54993.0,0.12656402587890625,0.0
6,6,5,5000,"{1: np.int64(796), 2: np.int64(953), 3: np.int64(948), 4: np.int64(748), 5: np.int64(896)}",37629.0,17364.0,54993.0,0.10798287391662598,0.0
6,6,5,5000,"{1: np.int64(796), 2: np.int64(953), 3: np.int64(948), 4: np.int64(748), 5: np.int64(896)}",37629.0,17364.0,54993.0,0.21329808235168457,0.0
6,6,5,5000,"{1: np.int64(796), 2: np.int64(953), 3: np.int64(948), 4: np.int64(748), 5: np.int64(896)}",37629.0,17364.0,54993.0,0.16573190689086914,0.0
6,6,5,5000,"{1: np.int64(796), 2: np.int64(953), 3: np.int64(948), 4: np.int64(748), 5: np.int64(896)}",37629.0,17364.0,54993.0,0.10049295425415039,0.0
