S,F,T,B,D,Z1,Z2,ObjVal,time,GAP
12,12,10,7000,"{1: np.int64(610), 2: np.int64(543), 3: np.int64(535), 4: np.int64(649), 5: np.int64(514), 6: np.int64(587), 7: np.int64(645), 8: np.int64(538), 9: np.int64(532), 10: np.int64(649)}",47664.0,23208.0,70872.0,3.0911619663238525,0.0
12,12,10,7000,"{1: np.int64(610), 2: np.int64(543), 3: np.int64(535), 4: np.int64(649), 5: np.int64(514), 6: np.int64(587), 7: np.int64(645), 8: np.int64(538), 9: np.int64(532), 10: np.int64(649)}",47664.0,23208.0,70872.0,3.2148430347442627,0.0
12,12,10,7000,"{1: np.int64(610), 2: np.int64(543), 3: np.int64(535), 4: np.int64(649), 5: np.int64(514), 6: np.int64(587), 7: np.int64(645), 8: np.int64(538), 9: np.int64(532), 10: np.int64(649)}",47664.0,23208.0,70872.0,3.7183167934417725,0.0
12,12,10,7000,"{1: np.int64(610), 2: np.int64(543), 3: np.int64(535), 4: np.int64(649), 5: np.int64(514), 6: np.int64(587), 7: np.int64(645), 8: np.int64(538), 9: np.int64(532), 10: np.int64(649)}",47664.0,23208.0,70872.0,2.4755380153656006,0.0
12,12,10,7000,"{1: np.int64(610), 2: np.int64(543), 3: np.int64(535), 4: np.int64(649), 5: np.int64(514), 6: np.int64(587), 7: np.int64(645), 8: np.int64(538), 9: np.int64(532), 10: np.int64(649)}",47664.0,23208.0,70872.0,4.295403003692627,0.0
