S,F,T,B,D,Z1,Z2,ObjVal,time,GAP
12,12,10,5000,"{1: np.int64(435), 2: np.int64(388), 3: np.int64(382), 4: np.int64(463), 5: np.int64(367), 6: np.int64(419), 7: np.int64(460), 8: np.int64(384), 9: np.int64(380), 10: np.int64(464)}",35131.9999905975,16568.000000005693,51699.999990603195,1.9625070095062256,0.0
