S,F,T,B,D,Z1,Z2,ObjVal,time,GAP
12,12,10,5000,"{1: np.int64(435), 2: np.int64(388), 3: np.int64(382), 4: np.int64(463), 5: np.int64(367), 6: np.int64(419), 7: np.int64(460), 8: np.int64(384), 9: np.int64(380), 10: np.int64(464)}",35967.0,16568.0,52535.0,0.996333122253418,3.460632966700319e-12
12,12,10,5000,"{1: np.int64(435), 2: np.int64(388), 3: np.int64(382), 4: np.int64(463), 5: np.int64(367), 6: np.int64(419), 7: np.int64(460), 8: np.int64(384), 9: np.int64(380), 10: np.int64(464)}",35967.0,16568.0,52535.0,0.9753091335296631,3.460632966700319e-12
12,12,10,5000,"{1: np.int64(435), 2: np.int64(388), 3: np.int64(382), 4: np.int64(463), 5: np.int64(367), 6: np.int64(419), 7: np.int64(460), 8: np.int64(384), 9: np.int64(380), 10: np.int64(464)}",35967.0,16568.0,52535.0,0.689093828201294,3.460632966700319e-12
12,12,10,5000,"{1: np.int64(435), 2: np.int64(388), 3: np.int64(382), 4: np.int64(463), 5: np.int64(367), 6: np.int64(419), 7: np.int64(460), 8: np.int64(384), 9: np.int64(380), 10: np.int64(464)}",34054.99998530178,16568.0,50622.99998530178,1.8040320873260498,0.0
