S,F,T,B,D,Z1,Z2,ObjVal,time,GAP
6,6,10,5000,"{1: np.int64(868), 2: np.int64(754), 3: np.int64(956), 4: np.int64(923), 5: np.int64(738), 6: np.int64(791), 7: np.int64(888), 8: np.int64(886), 9: np.int64(942), 10: np.int64(813)}",72202.99988430014,34235.99999999998,106438.99988430012,0.17311811447143555,0.0
