S,F,T,B,D,Z1,Z2,ObjVal,time,GAP
3,3,10,3000,"{1: np.int64(1051), 2: np.int64(869), 3: np.int64(1077), 4: np.int64(1027), 5: np.int64(940), 6: np.int64(859), 7: np.int64(1109), 8: np.int64(991), 9: np.int64(1065), 10: np.int64(1113)}",90315.0,40404.0,130719.0,0.006239891052246094,0.0
3,3,10,3000,"{1: np.int64(1051), 2: np.int64(869), 3: np.int64(1077), 4: np.int64(1027), 5: np.int64(940), 6: np.int64(859), 7: np.int64(1109), 8: np.int64(991), 9: np.int64(1065), 10: np.int64(1113)}",90315.0,40404.0,130719.0,0.006524085998535156,0.0
3,3,10,3000,"{1: np.int64(1051), 2: np.int64(869), 3: np.int64(1077), 4: np.int64(1027), 5: np.int64(940), 6: np.int64(859), 7: np.int64(1109), 8: np.int64(991), 9: np.int64(1065), 10: np.int64(1113)}",90315.0,40404.0,130719.0,0.006266117095947266,0.0
