S,F,T,B,D,Z1,Z2,ObjVal,time,GAP
6,6,10,3000,"{1: np.int64(538), 2: np.int64(554), 3: np.int64(530), 4: np.int64(495), 5: np.int64(458), 6: np.int64(524), 7: np.int64(472), 8: np.int64(440), 9: np.int64(492), 10: np.int64(556)}",43689.99999086712,20236.0,63925.99999086712,0.24346113204956055,0.0
6,6,10,3000,"{1: np.int64(538), 2: np.int64(554), 3: np.int64(530), 4: np.int64(495), 5: np.int64(458), 6: np.int64(524), 7: np.int64(472), 8: np.int64(440), 9: np.int64(492), 10: np.int64(556)}",43689.99999086712,20236.0,63925.99999086712,0.24484515190124512,0.0
6,6,10,3000,"{1: np.int64(538), 2: np.int64(554), 3: np.int64(530), 4: np.int64(495), 5: np.int64(458), 6: np.int64(524), 7: np.int64(472), 8: np.int64(440), 9: np.int64(492), 10: np.int64(556)}",43689.99999086712,20236.0,63925.99999086712,0.2579488754272461,0.0
