S,F,T,B,D,Z1,Z2,ObjVal,time,GAP
12,12,10,7000,"{1: np.int64(587), 2: np.int64(496), 3: np.int64(502), 4: np.int64(567), 5: np.int64(515), 6: np.int64(622), 7: np.int64(537), 8: np.int64(513), 9: np.int64(527), 10: np.int64(536)}",37616.0,21608.0,59224.0,54.06127595901489,0.0
12,12,10,7000,"{1: np.int64(587), 2: np.int64(496), 3: np.int64(502), 4: np.int64(567), 5: np.int64(515), 6: np.int64(622), 7: np.int64(537), 8: np.int64(513), 9: np.int64(527), 10: np.int64(536)}",37616.0,21608.0,59224.0,38.762036085128784,0.0
12,12,10,7000,"{1: np.int64(587), 2: np.int64(496), 3: np.int64(502), 4: np.int64(567), 5: np.int64(515), 6: np.int64(622), 7: np.int64(537), 8: np.int64(513), 9: np.int64(527), 10: np.int64(536)}",37616.0,21608.0,59224.0,39.698978900909424,0.0
12,12,10,7000,"{1: np.int64(587), 2: np.int64(496), 3: np.int64(502), 4: np.int64(567), 5: np.int64(515), 6: np.int64(622), 7: np.int64(537), 8: np.int64(513), 9: np.int64(527), 10: np.int64(536)}",37616.0,21608.0,59224.0,42.90676498413086,0.0
12,12,10,7000,"{1: np.int64(587), 2: np.int64(496), 3: np.int64(502), 4: np.int64(567), 5: np.int64(515), 6: np.int64(622), 7: np.int64(537), 8: np.int64(513), 9: np.int64(527), 10: np.int64(536)}",37616.0,21608.0,59224.0,46.60309886932373,0.0
