S,F,T,B,D,Z1,Z2,ObjVal,time,GAP
12,12,5,5000,"{1: np.int64(415), 2: np.int64(386), 3: np.int64(407), 4: np.int64(439), 5: np.int64(468)}",16836.99999638909,8460.0,25296.999996389095,20.541602849960327,2.3640588150118798e-05
12,12,5,5000,"{1: np.int64(415), 2: np.int64(386), 3: np.int64(407), 4: np.int64(439), 5: np.int64(468)}",16836.99995722602,8460.0,25296.99995722602,12.86857795715332,8.104093077442846e-05
12,12,5,5000,"{1: np.int64(415), 2: np.int64(386), 3: np.int64(407), 4: np.int64(439), 5: np.int64(468)}",16836.99995722602,8460.0,25296.99995722602,13.410068035125732,8.104093077442846e-05
12,12,5,5000,"{1: np.int64(415), 2: np.int64(386), 3: np.int64(407), 4: np.int64(439), 5: np.int64(468)}",16836.99995722602,8460.0,25296.99995722602,9.712024211883545,8.104093077442846e-05
