S,F,T,B,D,Z1,Z2,ObjVal,time,GAP
9,9,15,5000,"{1: np.int64(614), 2: np.int64(637), 3: np.int64(486), 4: np.int64(605), 5: np.int64(540), 6: np.int64(497), 7: np.int64(521), 8: np.int64(600), 9: np.int64(617), 10: np.int64(479), 11: np.int64(574), 12: np.int64(479), 13: np.int64(591), 14: np.int64(527), 15: np.int64(619)}",63958.0,33544.0,97502.0,0.4876220226287842,0.0
9,9,15,5000,"{1: np.int64(614), 2: np.int64(637), 3: np.int64(486), 4: np.int64(605), 5: np.int64(540), 6: np.int64(497), 7: np.int64(521), 8: np.int64(600), 9: np.int64(617), 10: np.int64(479), 11: np.int64(574), 12: np.int64(479), 13: np.int64(591), 14: np.int64(527), 15: np.int64(619)}",63958.0,33544.0,97502.0,0.6876599788665771,0.0
9,9,15,5000,"{1: np.int64(614), 2: np.int64(637), 3: np.int64(486), 4: np.int64(605), 5: np.int64(540), 6: np.int64(497), 7: np.int64(521), 8: np.int64(600), 9: np.int64(617), 10: np.int64(479), 11: np.int64(574), 12: np.int64(479), 13: np.int64(591), 14: np.int64(527), 15: np.int64(619)}",63958.0,33544.0,97502.0,0.4851961135864258,0.0
9,9,15,5000,"{1: np.int64(614), 2: np.int64(637), 3: np.int64(486), 4: np.int64(605), 5: np.int64(540), 6: np.int64(497), 7: np.int64(521), 8: np.int64(600), 9: np.int64(617), 10: np.int64(479), 11: np.int64(574), 12: np.int64(479), 13: np.int64(591), 14: np.int64(527), 15: np.int64(619)}",63958.0,33544.0,97502.0,1.0200090408325195,0.0
9,9,15,5000,"{1: np.int64(614), 2: np.int64(637), 3: np.int64(486), 4: np.int64(605), 5: np.int64(540), 6: np.int64(497), 7: np.int64(521), 8: np.int64(600), 9: np.int64(617), 10: np.int64(479), 11: np.int64(574), 12: np.int64(479), 13: np.int64(591), 14: np.int64(527), 15: np.int64(619)}",63958.0,33544.0,97502.0,1.8168220520019531,0.0
