S,F,T,B,D,Z1,Z2,ObjVal,time,GAP
9,9,15,10000,"{1: np.int64(1192), 2: np.int64(1223), 3: np.int64(1165), 4: np.int64(1117), 5: np.int64(1040), 6: np.int64(1058), 7: np.int64(1020), 8: np.int64(967), 9: np.int64(1140), 10: np.int64(1040), 11: np.int64(1214), 12: np.int64(959), 13: np.int64(1245), 14: np.int64(1175), 15: np.int64(1252)}",133249.0,67228.0,200477.0,3.4834840297698975,6.90563637475262e-06
