S,F,T,B,D,Z1,Z2,ObjVal,time,GAP
6,6,10,5000,"{1: np.int64(729), 2: np.int64(712), 3: np.int64(711), 4: np.int64(897), 5: np.int64(770), 6: np.int64(735), 7: np.int64(864), 8: np.int64(794), 9: np.int64(725), 10: np.int64(748)}",65249.99942374967,30740.0,95989.99942374967,7.231950998306274,0.0
