S,F,T,B,D,Z1,Z2,ObjVal,time,GAP
12,12,5,7000,"{1: np.int64(581), 2: np.int64(541), 3: np.int64(570), 4: np.int64(614), 5: np.int64(656)}",23579.99977298615,11847.999999933454,35427.9997729196,9.375910997390747,6.499516645494733e-05
