S,F,T,B,D,Z1,Z2,ObjVal,time,GAP
9,9,15,10000,"{1: np.int64(1229), 2: np.int64(1274), 3: np.int64(973), 4: np.int64(1211), 5: np.int64(1081), 6: np.int64(994), 7: np.int64(1042), 8: np.int64(1200), 9: np.int64(1235), 10: np.int64(959), 11: np.int64(1149), 12: np.int64(959), 13: np.int64(1183), 14: np.int64(1054), 15: np.int64(1238)}",127913.99999205078,67123.9999981929,195037.9999902437,1.0182230472564697,0.0
