S,F,T,B,D,Z1,Z2,ObjVal,time,GAP
9,9,10,7000,"{1: np.int64(756), 2: np.int64(669), 3: np.int64(759), 4: np.int64(719), 5: np.int64(868), 6: np.int64(855), 7: np.int64(777), 8: np.int64(668), 9: np.int64(720), 10: np.int64(717)}",56392.99999,30031.999996363636,86424.99998636363,4.153920888900757,0.0
