S,F,T,B,D,Z1,Z2,ObjVal,time,GAP
6,6,5,3000,"{1: np.int64(454), 2: np.int64(486), 3: np.int64(516), 4: np.int64(448), 5: np.int64(431)}",15512.0,9340.0,24852.0,0.6589009761810303,0.0
6,6,5,3000,"{1: np.int64(454), 2: np.int64(486), 3: np.int64(516), 4: np.int64(448), 5: np.int64(431)}",15512.0,9340.0,24852.0,0.8572080135345459,0.0
6,6,5,3000,"{1: np.int64(454), 2: np.int64(486), 3: np.int64(516), 4: np.int64(448), 5: np.int64(431)}",15512.0,9340.0,24852.0,0.6269869804382324,0.0
6,6,5,3000,"{1: np.int64(454), 2: np.int64(486), 3: np.int64(516), 4: np.int64(448), 5: np.int64(431)}",15512.0,9340.0,24852.0,0.7703151702880859,0.0
6,6,5,3000,"{1: np.int64(454), 2: np.int64(486), 3: np.int64(516), 4: np.int64(448), 5: np.int64(431)}",15512.0,9340.0,24852.0,0.8257050514221191,0.0
