S,F,T,B,D,Z1,Z2,ObjVal,time,GAP
12,12,5,3000,"{1: np.int64(227), 2: np.int64(243), 3: np.int64(258), 4: np.int64(224), 5: np.int64(215)}",8728.0,4668.0,13396.0,1.7371389865875244,0.0
12,12,5,3000,"{1: np.int64(227), 2: np.int64(243), 3: np.int64(258), 4: np.int64(224), 5: np.int64(215)}",8728.0,4668.0,13396.0,0.9317119121551514,0.0
12,12,5,3000,"{1: np.int64(227), 2: np.int64(243), 3: np.int64(258), 4: np.int64(224), 5: np.int64(215)}",8728.0,4668.0,13396.0,1.0745899677276611,0.0
12,12,5,3000,"{1: np.int64(227), 2: np.int64(243), 3: np.int64(258), 4: np.int64(224), 5: np.int64(215)}",8728.0,4668.0,13396.0,1.4390859603881836,0.0
12,12,5,3000,"{1: np.int64(227), 2: np.int64(243), 3: np.int64(258), 4: np.int64(224), 5: np.int64(215)}",8728.0,4668.0,13396.0,0.8558821678161621,0.0
