S,F,T,B,D,Z1,Z2,ObjVal,time,GAP
6,6,15,7000,"{1: np.int64(1115), 2: np.int64(1335), 3: np.int64(1328), 4: np.int64(1048), 5: np.int64(1255), 6: np.int64(1241), 7: np.int64(1153), 8: np.int64(1177), 9: np.int64(1163), 10: np.int64(1315), 11: np.int64(1166), 12: np.int64(1282), 13: np.int64(1115), 14: np.int64(1300), 15: np.int64(1306)}",160909.0,73196.0,234105.0,0.2756340503692627,0.0
6,6,15,7000,"{1: np.int64(1115), 2: np.int64(1335), 3: np.int64(1328), 4: np.int64(1048), 5: np.int64(1255), 6: np.int64(1241), 7: np.int64(1153), 8: np.int64(1177), 9: np.int64(1163), 10: np.int64(1315), 11: np.int64(1166), 12: np.int64(1282), 13: np.int64(1115), 14: np.int64(1300), 15: np.int64(1306)}",160909.0,73196.0,234105.0,0.25884509086608887,0.0
6,6,15,7000,"{1: np.int64(1115), 2: np.int64(1335), 3: np.int64(1328), 4: np.int64(1048), 5: np.int64(1255), 6: np.int64(1241), 7: np.int64(1153), 8: np.int64(1177), 9: np.int64(1163), 10: np.int64(1315), 11: np.int64(1166), 12: np.int64(1282), 13: np.int64(1115), 14: np.int64(1300), 15: np.int64(1306)}",160909.0,73196.0,234105.0,0.15495896339416504,0.0
6,6,15,7000,"{1: np.int64(1115), 2: np.int64(1335), 3: np.int64(1328), 4: np.int64(1048), 5: np.int64(1255), 6: np.int64(1241), 7: np.int64(1153), 8: np.int64(1177), 9: np.int64(1163), 10: np.int64(1315), 11: np.int64(1166), 12: np.int64(1282), 13: np.int64(1115), 14: np.int64(1300), 15: np.int64(1306)}",160909.0,73196.0,234105.0,0.17824387550354004,0.0
6,6,15,7000,"{1: np.int64(1115), 2: np.int64(1335), 3: np.int64(1328), 4: np.int64(1048), 5: np.int64(1255), 6: np.int64(1241), 7: np.int64(1153), 8: np.int64(1177), 9: np.int64(1163), 10: np.int64(1315), 11: np.int64(1166), 12: np.int64(1282), 13: np.int64(1115), 14: np.int64(1300), 15: np.int64(1306)}",160909.0,73196.0,234105.0,0.307401180267334,0.0
