S,F,T,B,D,Z1,Z2,ObjVal,time,GAP
12,12,15,5000,"{1: np.int64(419), 2: np.int64(354), 3: np.int64(358), 4: np.int64(405), 5: np.int64(368), 6: np.int64(444), 7: np.int64(384), 8: np.int64(366), 9: np.int64(376), 10: np.int64(383), 11: np.int64(381), 12: np.int64(419), 13: np.int64(412), 14: np.int64(392), 15: np.int64(434)}",41644.0,23580.0,65224.0,7.599663972854614,0.0
12,12,15,5000,"{1: np.int64(419), 2: np.int64(354), 3: np.int64(358), 4: np.int64(405), 5: np.int64(368), 6: np.int64(444), 7: np.int64(384), 8: np.int64(366), 9: np.int64(376), 10: np.int64(383), 11: np.int64(381), 12: np.int64(419), 13: np.int64(412), 14: np.int64(392), 15: np.int64(434)}",41644.0,23580.0,65224.0,10.195374965667725,0.0
12,12,15,5000,"{1: np.int64(419), 2: np.int64(354), 3: np.int64(358), 4: np.int64(405), 5: np.int64(368), 6: np.int64(444), 7: np.int64(384), 8: np.int64(366), 9: np.int64(376), 10: np.int64(383), 11: np.int64(381), 12: np.int64(419), 13: np.int64(412), 14: np.int64(392), 15: np.int64(434)}",41644.0,23580.0,65224.0,7.7639899253845215,0.0
