S,F,T,B,D,Z1,Z2,ObjVal,time,GAP
9,9,15,5000,"{1: np.int64(598), 2: np.int64(615), 3: np.int64(589), 4: np.int64(551), 5: np.int64(509), 6: np.int64(582), 7: np.int64(524), 8: np.int64(489), 9: np.int64(546), 10: np.int64(618), 11: np.int64(493), 12: np.int64(569), 13: np.int64(537), 14: np.int64(558), 15: np.int64(496)}",58091.0,33096.0,91187.0,71.38782596588135,0.0
9,9,15,5000,"{1: np.int64(598), 2: np.int64(615), 3: np.int64(589), 4: np.int64(551), 5: np.int64(509), 6: np.int64(582), 7: np.int64(524), 8: np.int64(489), 9: np.int64(546), 10: np.int64(618), 11: np.int64(493), 12: np.int64(569), 13: np.int64(537), 14: np.int64(558), 15: np.int64(496)}",58091.0,33096.0,91187.0,71.90193104743958,0.0
9,9,15,5000,"{1: np.int64(598), 2: np.int64(615), 3: np.int64(589), 4: np.int64(551), 5: np.int64(509), 6: np.int64(582), 7: np.int64(524), 8: np.int64(489), 9: np.int64(546), 10: np.int64(618), 11: np.int64(493), 12: np.int64(569), 13: np.int64(537), 14: np.int64(558), 15: np.int64(496)}",58091.0,33096.0,91187.0,75.764475107193,0.0
9,9,15,5000,"{1: np.int64(598), 2: np.int64(615), 3: np.int64(589), 4: np.int64(551), 5: np.int64(509), 6: np.int64(582), 7: np.int64(524), 8: np.int64(489), 9: np.int64(546), 10: np.int64(618), 11: np.int64(493), 12: np.int64(569), 13: np.int64(537), 14: np.int64(558), 15: np.int64(496)}",58091.0,33096.0,91187.0,77.59528303146362,0.0
9,9,15,5000,"{1: np.int64(598), 2: np.int64(615), 3: np.int64(589), 4: np.int64(551), 5: np.int64(509), 6: np.int64(582), 7: np.int64(524), 8: np.int64(489), 9: np.int64(546), 10: np.int64(618), 11: np.int64(493), 12: np.int64(569), 13: np.int64(537), 14: np.int64(558), 15: np.int64(496)}",58091.0,33096.0,91187.0,88.51499009132385,0.0
