S,F,T,B,D,Z1,Z2,ObjVal,time,GAP
9,9,5,5000,"{1: np.int64(614), 2: np.int64(637), 3: np.int64(486), 4: np.int64(605), 5: np.int64(540)}",22391.999999999993,11528.000000000002,33919.99999999999,0.33956384658813477,0.0
