S,F,T,B,D,Z1,Z2,ObjVal,time,GAP
9,9,15,7000,"{1: np.int64(852), 2: np.int64(885), 3: np.int64(794), 4: np.int64(701), 5: np.int64(863), 6: np.int64(888), 7: np.int64(825), 8: np.int64(779), 9: np.int64(749), 10: np.int64(742), 11: np.int64(709), 12: np.int64(818), 13: np.int64(762), 14: np.int64(706), 15: np.int64(685)}",95522.0,47032.0,142554.0,6.993796110153198,7.014885587216072e-05
