S,F,T,B,D,Z1,Z2,ObjVal,time,GAP
3,3,5,5000,"{1: np.int64(1499), 2: np.int64(1870), 3: np.int64(1550), 4: np.int64(1872), 5: np.int64(1571)}",85334.0,33448.0,118782.0,0.006516218185424805,0.0
3,3,5,5000,"{1: np.int64(1499), 2: np.int64(1870), 3: np.int64(1550), 4: np.int64(1872), 5: np.int64(1571)}",85334.0,33448.0,118782.0,0.026887893676757812,0.0
3,3,5,5000,"{1: np.int64(1499), 2: np.int64(1870), 3: np.int64(1550), 4: np.int64(1872), 5: np.int64(1571)}",85334.0,33448.0,118782.0,0.01916790008544922,0.0
3,3,5,5000,"{1: np.int64(1499), 2: np.int64(1870), 3: np.int64(1550), 4: np.int64(1872), 5: np.int64(1571)}",85334.0,33448.0,118782.0,0.018877029418945312,0.0
