S,F,T,B,D,Z1,Z2,ObjVal,time,GAP
9,9,10,3000,"{1: np.int64(324), 2: np.int64(287), 3: np.int64(325), 4: np.int64(308), 5: np.int64(372), 6: np.int64(366), 7: np.int64(333), 8: np.int64(286), 9: np.int64(308), 10: np.int64(307)}",24238.0,12864.0,37102.0,2.2151920795440674,0.0
9,9,10,3000,"{1: np.int64(324), 2: np.int64(287), 3: np.int64(325), 4: np.int64(308), 5: np.int64(372), 6: np.int64(366), 7: np.int64(333), 8: np.int64(286), 9: np.int64(308), 10: np.int64(307)}",24238.0,12864.0,37102.0,3.7811830043792725,0.0
9,9,10,3000,"{1: np.int64(324), 2: np.int64(287), 3: np.int64(325), 4: np.int64(308), 5: np.int64(372), 6: np.int64(366), 7: np.int64(333), 8: np.int64(286), 9: np.int64(308), 10: np.int64(307)}",24238.0,12864.0,37102.0,1.7827410697937012,0.0
