S,F,T,B,D,Z1,Z2,ObjVal,time,GAP
9,9,10,5000,"{1: np.int64(596), 2: np.int64(611), 3: np.int64(582), 4: np.int64(558), 5: np.int64(520), 6: np.int64(529), 7: np.int64(510), 8: np.int64(483), 9: np.int64(570), 10: np.int64(520)}",42322.0,21916.0,64238.0,2.367579936981201,6.855854364373382e-05
