S,F,T,B,D,Z1,Z2,ObjVal,time,GAP
9,9,5,3000,"{1: np.int64(324), 2: np.int64(287), 3: np.int64(325), 4: np.int64(308), 5: np.int64(372)}",11162.999995074853,6464.000000000005,17626.99999507486,5.836016893386841,9.756395836410841e-11
