S,F,T,B,D,Z1,Z2,ObjVal,time,GAP
12,12,5,3000,"{1: np.int64(258), 2: np.int64(271), 3: np.int64(240), 4: np.int64(255), 5: np.int64(229)}",9320.0,5012.0,14332.0,3.909605026245117,1.1377694953270434e-11
