S,F,T,B,D,Z1,Z2,ObjVal,time,GAP
9,9,15,7000,"{1: np.int64(837), 2: np.int64(862), 3: np.int64(825), 4: np.int64(771), 5: np.int64(713), 6: np.int64(815), 7: np.int64(734), 8: np.int64(684), 9: np.int64(765), 10: np.int64(865), 11: np.int64(690), 12: np.int64(797), 13: np.int64(752), 14: np.int64(781), 15: np.int64(694)}",81284.0,46340.0,127624.0,100.0427930355072,0.04774587317674405
9,9,15,7000,"{1: np.int64(837), 2: np.int64(862), 3: np.int64(825), 4: np.int64(771), 5: np.int64(713), 6: np.int64(815), 7: np.int64(734), 8: np.int64(684), 9: np.int64(765), 10: np.int64(865), 11: np.int64(690), 12: np.int64(797), 13: np.int64(752), 14: np.int64(781), 15: np.int64(694)}",81284.0,46340.0,127624.0,100.07265400886536,0.04774587317674405
9,9,15,7000,"{1: np.int64(837), 2: np.int64(862), 3: np.int64(825), 4: np.int64(771), 5: np.int64(713), 6: np.int64(815), 7: np.int64(734), 8: np.int64(684), 9: np.int64(765), 10: np.int64(865), 11: np.int64(690), 12: np.int64(797), 13: np.int64(752), 14: np.int64(781), 15: np.int64(694)}",81284.0,46340.0,127624.0,100.04954719543457,0.04774587317674405
9,9,15,7000,"{1: np.int64(837), 2: np.int64(862), 3: np.int64(825), 4: np.int64(771), 5: np.int64(713), 6: np.int64(815), 7: np.int64(734), 8: np.int64(684), 9: np.int64(765), 10: np.int64(865), 11: np.int64(690), 12: np.int64(797), 13: np.int64(752), 14: np.int64(781), 15: np.int64(694)}",81284.0,46340.0,127624.0,100.0736620426178,0.04774587317674405
9,9,15,7000,"{1: np.int64(837), 2: np.int64(862), 3: np.int64(825), 4: np.int64(771), 5: np.int64(713), 6: np.int64(815), 7: np.int64(734), 8: np.int64(684), 9: np.int64(765), 10: np.int64(865), 11: np.int64(690), 12: np.int64(797), 13: np.int64(752), 14: np.int64(781), 15: np.int64(694)}",81284.0,46340.0,127624.0,100.10512089729309,0.04774587317674405
