S,F,T,B,D,Z1,Z2,ObjVal,time,GAP
12,12,10,3000,"{1: np.int64(227), 2: np.int64(243), 3: np.int64(258), 4: np.int64(224), 5: np.int64(215), 6: np.int64(277), 7: np.int64(236), 8: np.int64(284), 9: np.int64(279), 10: np.int64(240)}",18360.0,9932.0,28292.0,2.7072911262512207,0.0
12,12,10,3000,"{1: np.int64(227), 2: np.int64(243), 3: np.int64(258), 4: np.int64(224), 5: np.int64(215), 6: np.int64(277), 7: np.int64(236), 8: np.int64(284), 9: np.int64(279), 10: np.int64(240)}",18360.0,9932.0,28292.0,2.2634119987487793,0.0
12,12,10,3000,"{1: np.int64(227), 2: np.int64(243), 3: np.int64(258), 4: np.int64(224), 5: np.int64(215), 6: np.int64(277), 7: np.int64(236), 8: np.int64(284), 9: np.int64(279), 10: np.int64(240)}",18360.0,9932.0,28292.0,1.9243760108947754,0.0
12,12,10,3000,"{1: np.int64(227), 2: np.int64(243), 3: np.int64(258), 4: np.int64(224), 5: np.int64(215), 6: np.int64(277), 7: np.int64(236), 8: np.int64(284), 9: np.int64(279), 10: np.int64(240)}",18360.0,9932.0,28292.0,1.8983149528503418,0.0
12,12,10,3000,"{1: np.int64(227), 2: np.int64(243), 3: np.int64(258), 4: np.int64(224), 5: np.int64(215), 6: np.int64(277), 7: np.int64(236), 8: np.int64(284), 9: np.int64(279), 10: np.int64(240)}",18360.0,9932.0,28292.0,2.0438740253448486,0.0
