S,F,T,B,D,Z1,Z2,ObjVal,time,GAP
6,6,10,7000,"{1: np.int64(1169), 2: np.int64(1136), 3: np.int64(1201), 4: np.int64(1142), 5: np.int64(1048), 6: np.int64(1098), 7: np.int64(1276), 8: np.int64(1006), 9: np.int64(1007), 10: np.int64(1210)}",90115.0,45172.0,135287.0,0.8491740226745605,1.893113957876637e-14
6,6,10,7000,"{1: np.int64(1169), 2: np.int64(1136), 3: np.int64(1201), 4: np.int64(1142), 5: np.int64(1048), 6: np.int64(1098), 7: np.int64(1276), 8: np.int64(1006), 9: np.int64(1007), 10: np.int64(1210)}",90115.0,45172.0,135287.0,0.8190069198608398,1.893113957876637e-14
6,6,10,7000,"{1: np.int64(1169), 2: np.int64(1136), 3: np.int64(1201), 4: np.int64(1142), 5: np.int64(1048), 6: np.int64(1098), 7: np.int64(1276), 8: np.int64(1006), 9: np.int64(1007), 10: np.int64(1210)}",90115.0,45172.0,135287.0,0.9009659290313721,1.893113957876637e-14
