S,F,T,B,D,Z1,Z2,ObjVal,time,GAP
9,9,5,7000,"{1: np.int64(744), 2: np.int64(835), 3: np.int64(735), 4: np.int64(791), 5: np.int64(872)}",29471.0,15908.0,45379.0,0.44261908531188965,0.0
9,9,5,7000,"{1: np.int64(744), 2: np.int64(835), 3: np.int64(735), 4: np.int64(791), 5: np.int64(872)}",29471.0,15908.0,45379.0,0.3973848819732666,0.0
9,9,5,7000,"{1: np.int64(744), 2: np.int64(835), 3: np.int64(735), 4: np.int64(791), 5: np.int64(872)}",29471.0,15908.0,45379.0,0.3017098903656006,0.0
9,9,5,7000,"{1: np.int64(744), 2: np.int64(835), 3: np.int64(735), 4: np.int64(791), 5: np.int64(872)}",29471.0,15908.0,45379.0,0.7822520732879639,0.0
9,9,5,7000,"{1: np.int64(744), 2: np.int64(835), 3: np.int64(735), 4: np.int64(791), 5: np.int64(872)}",29471.0,15908.0,45379.0,0.592170000076294,0.0
