S,F,T,B,D,Z1,Z2,ObjVal,time,GAP
9,9,15,7000,"{1: np.int64(744), 2: np.int64(835), 3: np.int64(735), 4: np.int64(791), 5: np.int64(872), 6: np.int64(684), 7: np.int64(675), 8: np.int64(714), 9: np.int64(839), 10: np.int64(804), 11: np.int64(716), 12: np.int64(738), 13: np.int64(702), 14: np.int64(768), 15: np.int64(671)}",88851.0,46870.0,135721.0,3.1233808994293213,0.0
9,9,15,7000,"{1: np.int64(744), 2: np.int64(835), 3: np.int64(735), 4: np.int64(791), 5: np.int64(872), 6: np.int64(684), 7: np.int64(675), 8: np.int64(714), 9: np.int64(839), 10: np.int64(804), 11: np.int64(716), 12: np.int64(738), 13: np.int64(702), 14: np.int64(768), 15: np.int64(671)}",88851.0,46870.0,135721.0,3.135935068130493,0.0
9,9,15,7000,"{1: np.int64(744), 2: np.int64(835), 3: np.int64(735), 4: np.int64(791), 5: np.int64(872), 6: np.int64(684), 7: np.int64(675), 8: np.int64(714), 9: np.int64(839), 10: np.int64(804), 11: np.int64(716), 12: np.int64(738), 13: np.int64(702), 14: np.int64(768), 15: np.int64(671)}",88851.0,46870.0,135721.0,2.588909864425659,0.0
9,9,15,7000,"{1: np.int64(744), 2: np.int64(835), 3: np.int64(735), 4: np.int64(791), 5: np.int64(872), 6: np.int64(684), 7: np.int64(675), 8: np.int64(714), 9: np.int64(839), 10: np.int64(804), 11: np.int64(716), 12: np.int64(738), 13: np.int64(702), 14: np.int64(768), 15: np.int64(671)}",88851.0,46870.0,135721.0,2.979759931564331,0.0
9,9,15,7000,"{1: np.int64(744), 2: np.int64(835), 3: np.int64(735), 4: np.int64(791), 5: np.int64(872), 6: np.int64(684), 7: np.int64(675), 8: np.int64(714), 9: np.int64(839), 10: np.int64(804), 11: np.int64(716), 12: np.int64(738), 13: np.int64(702), 14: np.int64(768), 15: np.int64(671)}",88851.0,46870.0,135721.0,5.508151054382324,0.0
