S,F,T,B,D,Z1,Z2,ObjVal,time,GAP
12,12,5,5000,"{1: np.int64(434), 2: np.int64(454), 3: np.int64(397), 4: np.int64(370), 5: np.int64(390)}",16905.0,8180.0,25085.0,1.6474981307983398,0.0
12,12,5,5000,"{1: np.int64(434), 2: np.int64(454), 3: np.int64(397), 4: np.int64(370), 5: np.int64(390)}",16905.0,8180.0,25085.0,1.4448127746582031,0.0
12,12,5,5000,"{1: np.int64(434), 2: np.int64(454), 3: np.int64(397), 4: np.int64(370), 5: np.int64(390)}",16905.0,8180.0,25085.0,1.6244568824768066,0.0
