S,F,T,B,D,Z1,Z2,ObjVal,time,GAP
9,9,15,3000,"{1: np.int64(350), 2: np.int64(379), 3: np.int64(308), 4: np.int64(328), 5: np.int64(342), 6: np.int64(315), 7: np.int64(319), 8: np.int64(314), 9: np.int64(320), 10: np.int64(342), 11: np.int64(313), 12: np.int64(321), 13: np.int64(360), 14: np.int64(286), 15: np.int64(340)}",39289.0,19748.0,59037.0,1.0624980926513672,0.0
9,9,15,3000,"{1: np.int64(350), 2: np.int64(379), 3: np.int64(308), 4: np.int64(328), 5: np.int64(342), 6: np.int64(315), 7: np.int64(319), 8: np.int64(314), 9: np.int64(320), 10: np.int64(342), 11: np.int64(313), 12: np.int64(321), 13: np.int64(360), 14: np.int64(286), 15: np.int64(340)}",39289.0,19748.0,59037.0,0.8805420398712158,0.0
9,9,15,3000,"{1: np.int64(350), 2: np.int64(379), 3: np.int64(308), 4: np.int64(328), 5: np.int64(342), 6: np.int64(315), 7: np.int64(319), 8: np.int64(314), 9: np.int64(320), 10: np.int64(342), 11: np.int64(313), 12: np.int64(321), 13: np.int64(360), 14: np.int64(286), 15: np.int64(340)}",39289.0,19748.0,59037.0,0.5442461967468262,0.0
