S,F,T,B,D,Z1,Z2,ObjVal,time,GAP
12,12,5,3000,"{1: np.int64(251), 2: np.int64(212), 3: np.int64(215), 4: np.int64(243), 5: np.int64(220)}",7696.0,4564.0,12260.0,8.624442100524902,0.0
12,12,5,3000,"{1: np.int64(251), 2: np.int64(212), 3: np.int64(215), 4: np.int64(243), 5: np.int64(220)}",7846.0,4564.0,12410.0,1.1379590034484863,0.0
12,12,5,3000,"{1: np.int64(251), 2: np.int64(212), 3: np.int64(215), 4: np.int64(243), 5: np.int64(220)}",7846.0,4564.0,12410.0,1.4980921745300293,0.0
12,12,5,3000,"{1: np.int64(251), 2: np.int64(212), 3: np.int64(215), 4: np.int64(243), 5: np.int64(220)}",7846.0,4564.0,12410.0,1.482262134552002,0.0
