S,F,T,B,D,Z1,Z2,ObjVal,time,GAP
12,12,5,5000,"{1: np.int64(419), 2: np.int64(354), 3: np.int64(358), 4: np.int64(405), 5: np.int64(368)}",12806.0,7616.0,20422.0,20.177738904953003,0.0
12,12,5,5000,"{1: np.int64(419), 2: np.int64(354), 3: np.int64(358), 4: np.int64(405), 5: np.int64(368)}",12806.0,7616.0,20422.0,17.615169048309326,0.0
12,12,5,5000,"{1: np.int64(419), 2: np.int64(354), 3: np.int64(358), 4: np.int64(405), 5: np.int64(368)}",12806.0,7616.0,20422.0,15.772074937820435,0.0
12,12,5,5000,"{1: np.int64(419), 2: np.int64(354), 3: np.int64(358), 4: np.int64(405), 5: np.int64(368)}",12806.0,7616.0,20422.0,15.370232105255127,0.0
12,12,5,5000,"{1: np.int64(419), 2: np.int64(354), 3: np.int64(358), 4: np.int64(405), 5: np.int64(368)}",12806.0,7616.0,20422.0,12.39490795135498,0.0
