S,F,T,B,D,Z1,Z2,ObjVal,time,GAP
9,9,5,10000,"{1: np.int64(1063), 2: np.int64(1193), 3: np.int64(1051), 4: np.int64(1130), 5: np.int64(1245)}",46484.0,22728.0,69212.0,0.2269120216369629,0.0
9,9,5,10000,"{1: np.int64(1063), 2: np.int64(1193), 3: np.int64(1051), 4: np.int64(1130), 5: np.int64(1245)}",46484.0,22728.0,69212.0,0.07750988006591797,0.0
9,9,5,10000,"{1: np.int64(1063), 2: np.int64(1193), 3: np.int64(1051), 4: np.int64(1130), 5: np.int64(1245)}",46484.0,22728.0,69212.0,0.2371199131011963,0.0
