S,F,T,B,D,Z1,Z2,ObjVal,time,GAP
6,6,5,3000,"{1: np.int64(518), 2: np.int64(470), 3: np.int64(501), 4: np.int64(482), 5: np.int64(477)}",20853.0,9792.0,30645.0,0.008703947067260742,0.0
6,6,5,3000,"{1: np.int64(518), 2: np.int64(470), 3: np.int64(501), 4: np.int64(482), 5: np.int64(477)}",20853.0,9792.0,30645.0,0.013346195220947266,0.0
6,6,5,3000,"{1: np.int64(518), 2: np.int64(470), 3: np.int64(501), 4: np.int64(482), 5: np.int64(477)}",20853.0,9792.0,30645.0,0.016397953033447266,0.0
