S,F,T,B,D,Z1,Z2,ObjVal,time,GAP
12,12,15,7000,"{1: np.int64(583), 2: np.int64(551), 3: np.int64(550), 4: np.int64(557), 5: np.int64(609), 6: np.int64(598), 7: np.int64(558), 8: np.int64(529), 9: np.int64(553), 10: np.int64(517), 11: np.int64(593), 12: np.int64(621), 13: np.int64(562), 14: np.int64(509), 15: np.int64(527)}",64808.99999160305,33667.999996946564,98476.99998854962,99.29092383384705,8.953743967883035e-05
