S,F,T,B,D,Z1,Z2,ObjVal,time,GAP
12,12,5,3000,"{1: np.int64(250), 2: np.int64(236), 3: np.int64(236), 4: np.int64(238), 5: np.int64(261)}",10094.999982481751,4883.999994160584,14978.999976642335,2.209852933883667,0.0
