S,F,T,B,D,Z1,Z2,ObjVal,time,GAP
6,6,15,7000,"{1: np.int64(1216), 2: np.int64(1056), 3: np.int64(1339), 4: np.int64(1292), 5: np.int64(1033), 6: np.int64(1108), 7: np.int64(1244), 8: np.int64(1240), 9: np.int64(1319), 10: np.int64(1139), 11: np.int64(1282), 12: np.int64(1226), 13: np.int64(1097), 14: np.int64(1197), 15: np.int64(1300)}",161901.99987199216,72352.0,234253.99987199216,0.393280029296875,0.0
