S,F,T,B,D,Z1,Z2,ObjVal,time,GAP
12,12,15,5000,"{1: np.int64(416), 2: np.int64(393), 3: np.int64(393), 4: np.int64(398), 5: np.int64(435), 6: np.int64(427), 7: np.int64(399), 8: np.int64(378), 9: np.int64(395), 10: np.int64(369), 11: np.int64(423), 12: np.int64(443), 13: np.int64(401), 14: np.int64(364), 15: np.int64(376)}",46378.999903636366,24040.0,70418.99990363637,97.48012709617615,2.684685429626282e-05
12,12,15,5000,"{1: np.int64(416), 2: np.int64(393), 3: np.int64(393), 4: np.int64(398), 5: np.int64(435), 6: np.int64(427), 7: np.int64(399), 8: np.int64(378), 9: np.int64(395), 10: np.int64(369), 11: np.int64(423), 12: np.int64(443), 13: np.int64(401), 14: np.int64(364), 15: np.int64(376)}",46378.999903636366,24040.0,70418.99990363637,100.1141619682312,0.02039621701619844
12,12,15,5000,"{1: np.int64(416), 2: np.int64(393), 3: np.int64(393), 4: np.int64(398), 5: np.int64(435), 6: np.int64(427), 7: np.int64(399), 8: np.int64(378), 9: np.int64(395), 10: np.int64(369), 11: np.int64(423), 12: np.int64(443), 13: np.int64(401), 14: np.int64(364), 15: np.int64(376)}",46378.999903636366,24040.0,70418.99990363637,100.04431700706482,0.016947225423484345
12,12,15,5000,"{1: np.int64(416), 2: np.int64(393), 3: np.int64(393), 4: np.int64(398), 5: np.int64(435), 6: np.int64(427), 7: np.int64(399), 8: np.int64(378), 9: np.int64(395), 10: np.int64(369), 11: np.int64(423), 12: np.int64(443), 13: np.int64(401), 14: np.int64(364), 15: np.int64(376)}",46378.999903636366,24040.0,70418.99990363637,100.07119107246399,0.01130128848087693
12,12,15,5000,"{1: np.int64(416), 2: np.int64(393), 3: np.int64(393), 4: np.int64(398), 5: np.int64(435), 6: np.int64(427), 7: np.int64(399), 8: np.int64(378), 9: np.int64(395), 10: np.int64(369), 11: np.int64(423), 12: np.int64(443), 13: np.int64(401), 14: np.int64(364), 15: np.int64(376)}",46378.999903636366,24040.0,70418.99990363637,100.02180194854736,0.015340448626924321
