S,F,T,B,D,Z1,Z2,ObjVal,time,GAP
9,9,15,3000,"{1: np.int64(299), 2: np.int64(374), 3: np.int64(310), 4: np.int64(374), 5: np.int64(314), 6: np.int64(379), 7: np.int64(353), 8: np.int64(333), 9: np.int64(335), 10: np.int64(348), 11: np.int64(342), 12: np.int64(314), 13: np.int64(304), 14: np.int64(334), 15: np.int64(376)}",42357.0,20356.0,62713.0,0.9916150569915771,0.0
9,9,15,3000,"{1: np.int64(299), 2: np.int64(374), 3: np.int64(310), 4: np.int64(374), 5: np.int64(314), 6: np.int64(379), 7: np.int64(353), 8: np.int64(333), 9: np.int64(335), 10: np.int64(348), 11: np.int64(342), 12: np.int64(314), 13: np.int64(304), 14: np.int64(334), 15: np.int64(376)}",42357.0,20356.0,62713.0,1.118257999420166,0.0
9,9,15,3000,"{1: np.int64(299), 2: np.int64(374), 3: np.int64(310), 4: np.int64(374), 5: np.int64(314), 6: np.int64(379), 7: np.int64(353), 8: np.int64(333), 9: np.int64(335), 10: np.int64(348), 11: np.int64(342), 12: np.int64(314), 13: np.int64(304), 14: np.int64(334), 15: np.int64(376)}",42357.0,20356.0,62713.0,0.5448448657989502,0.0
9,9,15,3000,"{1: np.int64(299), 2: np.int64(374), 3: np.int64(310), 4: np.int64(374), 5: np.int64(314), 6: np.int64(379), 7: np.int64(353), 8: np.int64(333), 9: np.int64(335), 10: np.int64(348), 11: np.int64(342), 12: np.int64(314), 13: np.int64(304), 14: np.int64(334), 15: np.int64(376)}",42357.0,20356.0,62713.0,0.8216021060943604,0.0
9,9,15,3000,"{1: np.int64(299), 2: np.int64(374), 3: np.int64(310), 4: np.int64(374), 5: np.int64(314), 6: np.int64(379), 7: np.int64(353), 8: np.int64(333), 9: np.int64(335), 10: np.int64(348), 11: np.int64(342), 12: np.int64(314), 13: np.int64(304), 14: np.int64(334), 15: np.int64(376)}",42357.0,20356.0,62713.0,0.8472108840942383,0.0
