S,F,T,B,D,Z1,Z2,ObjVal,time,GAP
6,6,10,3000,"{1: np.int64(468), 2: np.int64(569), 3: np.int64(541), 4: np.int64(486), 5: np.int64(566), 6: np.int64(518), 7: np.int64(547), 8: np.int64(469), 9: np.int64(453), 10: np.int64(491)}",38803.0,20432.0,59235.0,1.728044033050537,0.0
6,6,10,3000,"{1: np.int64(468), 2: np.int64(569), 3: np.int64(541), 4: np.int64(486), 5: np.int64(566), 6: np.int64(518), 7: np.int64(547), 8: np.int64(469), 9: np.int64(453), 10: np.int64(491)}",38803.0,20432.0,59235.0,1.88053297996521,0.0
6,6,10,3000,"{1: np.int64(468), 2: np.int64(569), 3: np.int64(541), 4: np.int64(486), 5: np.int64(566), 6: np.int64(518), 7: np.int64(547), 8: np.int64(469), 9: np.int64(453), 10: np.int64(491)}",38803.0,20432.0,59235.0,1.0979750156402588,0.0
6,6,10,3000,"{1: np.int64(468), 2: np.int64(569), 3: np.int64(541), 4: np.int64(486), 5: np.int64(566), 6: np.int64(518), 7: np.int64(547), 8: np.int64(469), 9: np.int64(453), 10: np.int64(491)}",38803.0,20432.0,59235.0,1.649158000946045,0.0
