S,F,T,B,D,Z1,Z2,ObjVal,time,GAP
12,12,10,10000,"{1: np.int64(934), 2: np.int64(868), 3: np.int64(801), 4: np.int64(842), 5: np.int64(760), 6: np.int64(855), 7: np.int64(710), 8: np.int64(746), 9: np.int64(791), 10: np.int64(905)}",76397.0,32848.0,109245.0,7.819299936294556,2.5068403006110118e-11
