S,F,T,B,D,Z1,Z2,ObjVal,time,GAP
12,12,15,7000,"{1: np.int64(538), 2: np.int64(644), 3: np.int64(558), 4: np.int64(630), 5: np.int64(668), 6: np.int64(605), 7: np.int64(614), 8: np.int64(602), 9: np.int64(550), 10: np.int64(655), 11: np.int64(577), 12: np.int64(655), 13: np.int64(549), 14: np.int64(647), 15: np.int64(633)}",71447.0,36500.0,107947.0,4.643965005874634,8.337424858904729e-05
