S,F,T,B,D,Z1,Z2,ObjVal,time,GAP
6,6,15,3000,"{1: np.int64(501), 2: np.int64(487), 3: np.int64(514), 4: np.int64(489), 5: np.int64(449), 6: np.int64(470), 7: np.int64(546), 8: np.int64(431), 9: np.int64(431), 10: np.int64(518), 11: np.int64(467), 12: np.int64(505), 13: np.int64(495), 14: np.int64(476), 15: np.int64(574)}",56939.0,29412.0,86351.0,0.3751089572906494,0.0
6,6,15,3000,"{1: np.int64(501), 2: np.int64(487), 3: np.int64(514), 4: np.int64(489), 5: np.int64(449), 6: np.int64(470), 7: np.int64(546), 8: np.int64(431), 9: np.int64(431), 10: np.int64(518), 11: np.int64(467), 12: np.int64(505), 13: np.int64(495), 14: np.int64(476), 15: np.int64(574)}",56939.0,29412.0,86351.0,0.4834260940551758,0.0
6,6,15,3000,"{1: np.int64(501), 2: np.int64(487), 3: np.int64(514), 4: np.int64(489), 5: np.int64(449), 6: np.int64(470), 7: np.int64(546), 8: np.int64(431), 9: np.int64(431), 10: np.int64(518), 11: np.int64(467), 12: np.int64(505), 13: np.int64(495), 14: np.int64(476), 15: np.int64(574)}",56939.0,29412.0,86351.0,0.28981614112854004,0.0
6,6,15,3000,"{1: np.int64(501), 2: np.int64(487), 3: np.int64(514), 4: np.int64(489), 5: np.int64(449), 6: np.int64(470), 7: np.int64(546), 8: np.int64(431), 9: np.int64(431), 10: np.int64(518), 11: np.int64(467), 12: np.int64(505), 13: np.int64(495), 14: np.int64(476), 15: np.int64(574)}",56939.0,29412.0,86351.0,0.3577849864959717,0.0
6,6,15,3000,"{1: np.int64(501), 2: np.int64(487), 3: np.int64(514), 4: np.int64(489), 5: np.int64(449), 6: np.int64(470), 7: np.int64(546), 8: np.int64(431), 9: np.int64(431), 10: np.int64(518), 11: np.int64(467), 12: np.int64(505), 13: np.int64(495), 14: np.int64(476), 15: np.int64(574)}",56939.0,29412.0,86351.0,0.24827098846435547,0.0
