S,F,T,B,D,Z1,Z2,ObjVal,time,GAP
9,9,10,5000,"{1: np.int64(614), 2: np.int64(637), 3: np.int64(486), 4: np.int64(605), 5: np.int64(540), 6: np.int64(497), 7: np.int64(521), 8: np.int64(600), 9: np.int64(617), 10: np.int64(479)}",41311.99999999465,22384.0,63695.99999999465,0.5661599636077881,0.0
9,9,10,5000,"{1: np.int64(614), 2: np.int64(637), 3: np.int64(486), 4: np.int64(605), 5: np.int64(540), 6: np.int64(497), 7: np.int64(521), 8: np.int64(600), 9: np.int64(617), 10: np.int64(479)}",41311.99999999465,22384.0,63695.99999999465,0.4891660213470459,0.0
9,9,10,5000,"{1: np.int64(614), 2: np.int64(637), 3: np.int64(486), 4: np.int64(605), 5: np.int64(540), 6: np.int64(497), 7: np.int64(521), 8: np.int64(600), 9: np.int64(617), 10: np.int64(479)}",41311.99999999465,22384.0,63695.99999999465,0.6324808597564697,0.0
