S,F,T,B,D,Z1,Z2,ObjVal,time,GAP
9,9,5,5000,"{1: np.int64(499), 2: np.int64(623), 3: np.int64(516), 4: np.int64(624), 5: np.int64(523)}",23680.0,11140.0,34820.0,0.23084187507629395,0.0
9,9,5,5000,"{1: np.int64(499), 2: np.int64(623), 3: np.int64(516), 4: np.int64(624), 5: np.int64(523)}",23680.0,11140.0,34820.0,0.16407489776611328,0.0
9,9,5,5000,"{1: np.int64(499), 2: np.int64(623), 3: np.int64(516), 4: np.int64(624), 5: np.int64(523)}",23680.0,11140.0,34820.0,0.18349909782409668,0.0
9,9,5,5000,"{1: np.int64(499), 2: np.int64(623), 3: np.int64(516), 4: np.int64(624), 5: np.int64(523)}",23680.0,11140.0,34820.0,0.16147994995117188,0.0
9,9,5,5000,"{1: np.int64(499), 2: np.int64(623), 3: np.int64(516), 4: np.int64(624), 5: np.int64(523)}",23680.0,11140.0,34820.0,0.18149995803833008,0.0
