S,F,T,B,D,Z1,Z2,ObjVal,time,GAP
12,12,10,10000,"{1: np.int64(871), 2: np.int64(776), 3: np.int64(764), 4: np.int64(927), 5: np.int64(734), 6: np.int64(838), 7: np.int64(921), 8: np.int64(769), 9: np.int64(760), 10: np.int64(928)}",68051.0,33152.0,101203.0,5.968750953674316,0.0
12,12,10,10000,"{1: np.int64(871), 2: np.int64(776), 3: np.int64(764), 4: np.int64(927), 5: np.int64(734), 6: np.int64(838), 7: np.int64(921), 8: np.int64(769), 9: np.int64(760), 10: np.int64(928)}",68051.0,33152.0,101203.0,3.9530889987945557,0.0
12,12,10,10000,"{1: np.int64(871), 2: np.int64(776), 3: np.int64(764), 4: np.int64(927), 5: np.int64(734), 6: np.int64(838), 7: np.int64(921), 8: np.int64(769), 9: np.int64(760), 10: np.int64(928)}",68051.0,33152.0,101203.0,4.098367929458618,0.0
12,12,10,10000,"{1: np.int64(871), 2: np.int64(776), 3: np.int64(764), 4: np.int64(927), 5: np.int64(734), 6: np.int64(838), 7: np.int64(921), 8: np.int64(769), 9: np.int64(760), 10: np.int64(928)}",68051.0,33152.0,101203.0,4.459327936172485,0.0
12,12,10,10000,"{1: np.int64(871), 2: np.int64(776), 3: np.int64(764), 4: np.int64(927), 5: np.int64(734), 6: np.int64(838), 7: np.int64(921), 8: np.int64(769), 9: np.int64(760), 10: np.int64(928)}",68051.0,33152.0,101203.0,7.486077070236206,0.0
