S,F,T,B,D,Z1,Z2,ObjVal,time,GAP
12,12,10,5000,"{1: np.int64(431), 2: np.int64(451), 3: np.int64(401), 4: np.int64(425), 5: np.int64(382), 6: np.int64(364), 7: np.int64(387), 8: np.int64(465), 9: np.int64(424), 10: np.int64(469)}",33504.99999019296,16795.999999961343,50300.999990154305,23.757480144500732,8.057663236367806e-05
