S,F,T,B,D,Z1,Z2,ObjVal,time,GAP
9,9,15,3000,"{1: np.int64(350), 2: np.int64(379), 3: np.int64(308), 4: np.int64(328), 5: np.int64(342), 6: np.int64(315), 7: np.int64(319), 8: np.int64(314), 9: np.int64(320), 10: np.int64(342), 11: np.int64(313), 12: np.int64(321), 13: np.int64(360), 14: np.int64(286), 15: np.int64(340)}",37470.99989121482,19748.000000000004,57218.999891214815,48.41398501396179,6.990495259388448e-05
9,9,15,3000,"{1: np.int64(350), 2: np.int64(379), 3: np.int64(308), 4: np.int64(328), 5: np.int64(342), 6: np.int64(315), 7: np.int64(319), 8: np.int64(314), 9: np.int64(320), 10: np.int64(342), 11: np.int64(313), 12: np.int64(321), 13: np.int64(360), 14: np.int64(286), 15: np.int64(340)}",37470.99989121482,19748.000000000004,57218.999891214815,49.53937387466431,6.990495259388448e-05
9,9,15,3000,"{1: np.int64(350), 2: np.int64(379), 3: np.int64(308), 4: np.int64(328), 5: np.int64(342), 6: np.int64(315), 7: np.int64(319), 8: np.int64(314), 9: np.int64(320), 10: np.int64(342), 11: np.int64(313), 12: np.int64(321), 13: np.int64(360), 14: np.int64(286), 15: np.int64(340)}",37470.99989121482,19748.000000000004,57218.999891214815,37.629575967788696,6.990495259388448e-05
