S,F,T,B,D,Z1,Z2,ObjVal,time,GAP
12,12,5,3000,"{1: np.int64(261), 2: np.int64(232), 3: np.int64(229), 4: np.int64(278), 5: np.int64(220)}",10138.0,4880.0,15018.0,1.660141944885254,6.658676255160474e-05
12,12,5,3000,"{1: np.int64(261), 2: np.int64(232), 3: np.int64(229), 4: np.int64(278), 5: np.int64(220)}",10138.0,4880.0,15018.0,1.4668078422546387,6.658676255160474e-05
12,12,5,3000,"{1: np.int64(261), 2: np.int64(232), 3: np.int64(229), 4: np.int64(278), 5: np.int64(220)}",10138.0,4880.0,15018.0,0.764833927154541,6.658676255160474e-05
12,12,5,3000,"{1: np.int64(261), 2: np.int64(232), 3: np.int64(229), 4: np.int64(278), 5: np.int64(220)}",10138.0,4880.0,15018.0,0.7256929874420166,6.658676255160474e-05
12,12,5,3000,"{1: np.int64(261), 2: np.int64(232), 3: np.int64(229), 4: np.int64(278), 5: np.int64(220)}",10138.0,4880.0,15018.0,0.7251060009002686,6.658676255160474e-05
