S,F,T,B,D,Z1,Z2,ObjVal,time,GAP
12,12,5,5000,"{1: np.int64(384), 2: np.int64(460), 3: np.int64(398), 4: np.int64(450), 5: np.int64(477)}",15171.0,8676.0,23847.0,2.987748861312866,8.61935684156002e-14
12,12,5,5000,"{1: np.int64(384), 2: np.int64(460), 3: np.int64(398), 4: np.int64(450), 5: np.int64(477)}",15171.0,8676.0,23847.0,3.2045180797576904,8.61935684156002e-14
12,12,5,5000,"{1: np.int64(384), 2: np.int64(460), 3: np.int64(398), 4: np.int64(450), 5: np.int64(477)}",15171.0,8676.0,23847.0,1.9021868705749512,8.61935684156002e-14
12,12,5,5000,"{1: np.int64(384), 2: np.int64(460), 3: np.int64(398), 4: np.int64(450), 5: np.int64(477)}",15171.0,8676.0,23847.0,2.8842060565948486,8.61935684156002e-14
12,12,5,5000,"{1: np.int64(384), 2: np.int64(460), 3: np.int64(398), 4: np.int64(450), 5: np.int64(477)}",15171.0,8676.0,23847.0,3.244884967803955,8.61935684156002e-14
