S,F,T,B,D,Z1,Z2,ObjVal,time,GAP
9,9,10,5000,"{1: np.int64(540), 2: np.int64(478), 3: np.int64(542), 4: np.int64(513), 5: np.int64(620), 6: np.int64(610), 7: np.int64(555), 8: np.int64(477), 9: np.int64(514), 10: np.int64(512)}",40026.0,21444.0,61470.0,29.900532960891724,2.3128139693959474e-05
9,9,10,5000,"{1: np.int64(540), 2: np.int64(478), 3: np.int64(542), 4: np.int64(513), 5: np.int64(620), 6: np.int64(610), 7: np.int64(555), 8: np.int64(477), 9: np.int64(514), 10: np.int64(512)}",40026.0,21444.0,61470.0,28.285706996917725,2.3128139693959474e-05
9,9,10,5000,"{1: np.int64(540), 2: np.int64(478), 3: np.int64(542), 4: np.int64(513), 5: np.int64(620), 6: np.int64(610), 7: np.int64(555), 8: np.int64(477), 9: np.int64(514), 10: np.int64(512)}",40026.0,21444.0,61470.0,27.457942008972168,2.3128139693959474e-05
9,9,10,5000,"{1: np.int64(540), 2: np.int64(478), 3: np.int64(542), 4: np.int64(513), 5: np.int64(620), 6: np.int64(610), 7: np.int64(555), 8: np.int64(477), 9: np.int64(514), 10: np.int64(512)}",40026.0,21444.0,61470.0,30.271395921707153,2.3128139693959474e-05
9,9,10,5000,"{1: np.int64(540), 2: np.int64(478), 3: np.int64(542), 4: np.int64(513), 5: np.int64(620), 6: np.int64(610), 7: np.int64(555), 8: np.int64(477), 9: np.int64(514), 10: np.int64(512)}",40026.0,21444.0,61470.0,26.050801038742065,2.3128139693959474e-05
