S,F,T,B,D,Z1,Z2,ObjVal,time,GAP
3,3,5,5000,"{1: np.int64(1499), 2: np.int64(1870), 3: np.int64(1550), 4: np.int64(1872), 5: np.int64(1571)}",85334.0,33448.0,118782.0,0.02703118324279785,0.0
3,3,5,5000,"{1: np.int64(1499), 2: np.int64(1870), 3: np.int64(1550), 4: np.int64(1872), 5: np.int64(1571)}",85334.0,33448.0,118782.0,0.028087139129638672,0.0
3,3,5,5000,"{1: np.int64(1499), 2: np.int64(1870), 3: np.int64(1550), 4: np.int64(1872), 5: np.int64(1571)}",85334.0,33448.0,118782.0,0.033783912658691406,0.0
3,3,5,5000,"{1: np.int64(1499), 2: np.int64(1870), 3: np.int64(1550), 4: np.int64(1872), 5: np.int64(1571)}",85334.0,33448.0,118782.0,0.02888798713684082,0.0
3,3,5,5000,"{1: np.int64(1499), 2: np.int64(1870), 3: np.int64(1550), 4: np.int64(1872), 5: np.int64(1571)}",85334.0,33448.0,118782.0,0.02921009063720703,0.0
