S,F,T,B,D,Z1,Z2,ObjVal,time,GAP
9,9,15,10000,"{1: np.int64(972), 2: np.int64(950), 3: np.int64(949), 4: np.int64(1196), 5: np.int64(1027), 6: np.int64(980), 7: np.int64(1152), 8: np.int64(1059), 9: np.int64(967), 10: np.int64(997), 11: np.int64(1120), 12: np.int64(1000), 13: np.int64(1035), 14: np.int64(1181), 15: np.int64(1096)}",127855.0,62724.0,190579.0,0.8476250171661377,9.444902114083923e-05
