S,F,T,B,D,Z1,Z2,ObjVal,time,GAP
9,9,15,3000,"{1: np.int64(299), 2: np.int64(374), 3: np.int64(310), 4: np.int64(374), 5: np.int64(314), 6: np.int64(379), 7: np.int64(353), 8: np.int64(333), 9: np.int64(335), 10: np.int64(348), 11: np.int64(342), 12: np.int64(314), 13: np.int64(304), 14: np.int64(334), 15: np.int64(376)}",42357.0,20356.0,62713.0,1.1084420680999756,8.046721861126848e-05
