S,F,T,B,D,Z1,Z2,ObjVal,time,GAP
12,12,5,7000,"{1: np.int64(630), 2: np.int64(590), 3: np.int64(646), 4: np.int64(536), 5: np.int64(585)}",27448.0,11948.0,39396.0,0.25368213653564453,6.909894969606722e-05
