S,F,T,B,D,Z1,Z2,ObjVal,time,GAP
3,3,10,5000,"{1: np.int64(1594), 2: np.int64(1790), 3: np.int64(1577), 4: np.int64(1695), 5: np.int64(1868), 6: np.int64(1467), 7: np.int64(1447), 8: np.int64(1531), 9: np.int64(1799), 10: np.int64(1724)}",133990.0,65968.0,199958.0,0.010360002517700195,0.0
3,3,10,5000,"{1: np.int64(1594), 2: np.int64(1790), 3: np.int64(1577), 4: np.int64(1695), 5: np.int64(1868), 6: np.int64(1467), 7: np.int64(1447), 8: np.int64(1531), 9: np.int64(1799), 10: np.int64(1724)}",133990.0,65968.0,199958.0,0.009562015533447266,0.0
3,3,10,5000,"{1: np.int64(1594), 2: np.int64(1790), 3: np.int64(1577), 4: np.int64(1695), 5: np.int64(1868), 6: np.int64(1467), 7: np.int64(1447), 8: np.int64(1531), 9: np.int64(1799), 10: np.int64(1724)}",133990.0,65968.0,199958.0,0.009498119354248047,0.0
3,3,10,5000,"{1: np.int64(1594), 2: np.int64(1790), 3: np.int64(1577), 4: np.int64(1695), 5: np.int64(1868), 6: np.int64(1467), 7: np.int64(1447), 8: np.int64(1531), 9: np.int64(1799), 10: np.int64(1724)}",133990.0,65968.0,199958.0,0.010521888732910156,0.0
3,3,10,5000,"{1: np.int64(1594), 2: np.int64(1790), 3: np.int64(1577), 4: np.int64(1695), 5: np.int64(1868), 6: np.int64(1467), 7: np.int64(1447), 8: np.int64(1531), 9: np.int64(1799), 10: np.int64(1724)}",133990.0,65968.0,199958.0,0.011148214340209961,0.0
