S,F,T,B,D,Z1,Z2,ObjVal,time,GAP
12,12,15,10000,"{1: np.int64(780), 2: np.int64(949), 3: np.int64(902), 4: np.int64(810), 5: np.int64(944), 6: np.int64(863), 7: np.int64(912), 8: np.int64(781), 9: np.int64(756), 10: np.int64(819), 11: np.int64(742), 12: np.int64(803), 13: np.int64(948), 14: np.int64(791), 15: np.int64(710)}",94465.0,50040.0,144505.0,5.409861087799072,0.0
12,12,15,10000,"{1: np.int64(780), 2: np.int64(949), 3: np.int64(902), 4: np.int64(810), 5: np.int64(944), 6: np.int64(863), 7: np.int64(912), 8: np.int64(781), 9: np.int64(756), 10: np.int64(819), 11: np.int64(742), 12: np.int64(803), 13: np.int64(948), 14: np.int64(791), 15: np.int64(710)}",94465.0,50040.0,144505.0,4.661316871643066,0.0
12,12,15,10000,"{1: np.int64(780), 2: np.int64(949), 3: np.int64(902), 4: np.int64(810), 5: np.int64(944), 6: np.int64(863), 7: np.int64(912), 8: np.int64(781), 9: np.int64(756), 10: np.int64(819), 11: np.int64(742), 12: np.int64(803), 13: np.int64(948), 14: np.int64(791), 15: np.int64(710)}",94465.0,50040.0,144505.0,5.395595073699951,0.0
12,12,15,10000,"{1: np.int64(780), 2: np.int64(949), 3: np.int64(902), 4: np.int64(810), 5: np.int64(944), 6: np.int64(863), 7: np.int64(912), 8: np.int64(781), 9: np.int64(756), 10: np.int64(819), 11: np.int64(742), 12: np.int64(803), 13: np.int64(948), 14: np.int64(791), 15: np.int64(710)}",94465.0,50040.0,144505.0,6.273298978805542,0.0
12,12,15,10000,"{1: np.int64(780), 2: np.int64(949), 3: np.int64(902), 4: np.int64(810), 5: np.int64(944), 6: np.int64(863), 7: np.int64(912), 8: np.int64(781), 9: np.int64(756), 10: np.int64(819), 11: np.int64(742), 12: np.int64(803), 13: np.int64(948), 14: np.int64(791), 15: np.int64(710)}",94465.0,50040.0,144505.0,7.2109057903289795,0.0
