S,F,T,B,D,Z1,Z2,ObjVal,time,GAP
6,6,15,3000,"{1: np.int64(478), 2: np.int64(572), 3: np.int64(569), 4: np.int64(449), 5: np.int64(538), 6: np.int64(532), 7: np.int64(494), 8: np.int64(504), 9: np.int64(498), 10: np.int64(563), 11: np.int64(500), 12: np.int64(549), 13: np.int64(478), 14: np.int64(557), 15: np.int64(559)}",68995.0,31360.0,100355.0,0.43521809577941895,0.0
6,6,15,3000,"{1: np.int64(478), 2: np.int64(572), 3: np.int64(569), 4: np.int64(449), 5: np.int64(538), 6: np.int64(532), 7: np.int64(494), 8: np.int64(504), 9: np.int64(498), 10: np.int64(563), 11: np.int64(500), 12: np.int64(549), 13: np.int64(478), 14: np.int64(557), 15: np.int64(559)}",68995.0,31360.0,100355.0,0.20158910751342773,0.0
6,6,15,3000,"{1: np.int64(478), 2: np.int64(572), 3: np.int64(569), 4: np.int64(449), 5: np.int64(538), 6: np.int64(532), 7: np.int64(494), 8: np.int64(504), 9: np.int64(498), 10: np.int64(563), 11: np.int64(500), 12: np.int64(549), 13: np.int64(478), 14: np.int64(557), 15: np.int64(559)}",68995.0,31360.0,100355.0,0.21382689476013184,0.0
6,6,15,3000,"{1: np.int64(478), 2: np.int64(572), 3: np.int64(569), 4: np.int64(449), 5: np.int64(538), 6: np.int64(532), 7: np.int64(494), 8: np.int64(504), 9: np.int64(498), 10: np.int64(563), 11: np.int64(500), 12: np.int64(549), 13: np.int64(478), 14: np.int64(557), 15: np.int64(559)}",68995.0,31360.0,100355.0,0.17651796340942383,0.0
6,6,15,3000,"{1: np.int64(478), 2: np.int64(572), 3: np.int64(569), 4: np.int64(449), 5: np.int64(538), 6: np.int64(532), 7: np.int64(494), 8: np.int64(504), 9: np.int64(498), 10: np.int64(563), 11: np.int64(500), 12: np.int64(549), 13: np.int64(478), 14: np.int64(557), 15: np.int64(559)}",68995.0,31360.0,100355.0,0.30171704292297363,0.0
