S,F,T,B,D,Z1,Z2,ObjVal,time,GAP
6,6,10,5000,"{1: np.int64(877), 2: np.int64(949), 3: np.int64(771), 4: np.int64(822), 5: np.int64(856), 6: np.int64(788), 7: np.int64(799), 8: np.int64(786), 9: np.int64(800), 10: np.int64(857)}",55930.0,33220.0,89150.0,0.6993451118469238,0.0
6,6,10,5000,"{1: np.int64(877), 2: np.int64(949), 3: np.int64(771), 4: np.int64(822), 5: np.int64(856), 6: np.int64(788), 7: np.int64(799), 8: np.int64(786), 9: np.int64(800), 10: np.int64(857)}",55930.0,33220.0,89150.0,0.5847039222717285,0.0
6,6,10,5000,"{1: np.int64(877), 2: np.int64(949), 3: np.int64(771), 4: np.int64(822), 5: np.int64(856), 6: np.int64(788), 7: np.int64(799), 8: np.int64(786), 9: np.int64(800), 10: np.int64(857)}",55930.0,33220.0,89150.0,0.48422884941101074,0.0
6,6,10,5000,"{1: np.int64(877), 2: np.int64(949), 3: np.int64(771), 4: np.int64(822), 5: np.int64(856), 6: np.int64(788), 7: np.int64(799), 8: np.int64(786), 9: np.int64(800), 10: np.int64(857)}",55930.0,33220.0,89150.0,0.7088909149169922,0.0
6,6,10,5000,"{1: np.int64(877), 2: np.int64(949), 3: np.int64(771), 4: np.int64(822), 5: np.int64(856), 6: np.int64(788), 7: np.int64(799), 8: np.int64(786), 9: np.int64(800), 10: np.int64(857)}",55930.0,33220.0,89150.0,0.6800131797790527,0.0
