S,F,T,B,D,Z1,Z2,ObjVal,time,GAP
3,3,5,7000,"{1: np.int64(2232), 2: np.int64(2506), 3: np.int64(2207), 4: np.int64(2374), 5: np.int64(2616)}",95163.0,47740.0,142903.0,0.007810115814208984,0.0
3,3,5,7000,"{1: np.int64(2232), 2: np.int64(2506), 3: np.int64(2207), 4: np.int64(2374), 5: np.int64(2616)}",95163.0,47740.0,142903.0,0.0077359676361083984,0.0
3,3,5,7000,"{1: np.int64(2232), 2: np.int64(2506), 3: np.int64(2207), 4: np.int64(2374), 5: np.int64(2616)}",95163.0,47740.0,142903.0,0.007725954055786133,0.0
3,3,5,7000,"{1: np.int64(2232), 2: np.int64(2506), 3: np.int64(2207), 4: np.int64(2374), 5: np.int64(2616)}",95163.0,47740.0,142903.0,0.007809877395629883,0.0
3,3,5,7000,"{1: np.int64(2232), 2: np.int64(2506), 3: np.int64(2207), 4: np.int64(2374), 5: np.int64(2616)}",95163.0,47740.0,142903.0,0.012317180633544922,0.0
