S,F,T,B,D,Z1,Z2,ObjVal,time,GAP
6,6,5,10000,"{1: np.int64(1754), 2: np.int64(1898), 3: np.int64(1542), 4: np.int64(1644), 5: np.int64(1713)}",61720.0,34204.0,95924.0,0.25366806983947754,8.245333839712108e-05
6,6,5,10000,"{1: np.int64(1754), 2: np.int64(1898), 3: np.int64(1542), 4: np.int64(1644), 5: np.int64(1713)}",61720.0,34204.0,95924.0,0.16182303428649902,8.245333839712108e-05
6,6,5,10000,"{1: np.int64(1754), 2: np.int64(1898), 3: np.int64(1542), 4: np.int64(1644), 5: np.int64(1713)}",61720.0,34204.0,95924.0,0.18634390830993652,8.245333839712108e-05
