S,F,T,B,D,Z1,Z2,ObjVal,time,GAP
12,12,5,3000,"{1: np.int64(234), 2: np.int64(284), 3: np.int64(270), 4: np.int64(243), 5: np.int64(283)}",10228.999997971894,5256.0,15484.999997971892,0.7785608768463135,0.0
