S,F,T,B,D,Z1,Z2,ObjVal,time,GAP
12,12,5,10000,"{1: np.int64(868), 2: np.int64(909), 3: np.int64(794), 4: np.int64(740), 5: np.int64(781)}",33757.0,16368.0,50125.0,7.75341796875,0.0
12,12,5,10000,"{1: np.int64(868), 2: np.int64(909), 3: np.int64(794), 4: np.int64(740), 5: np.int64(781)}",33757.0,16368.0,50125.0,8.093993902206421,0.0
12,12,5,10000,"{1: np.int64(868), 2: np.int64(909), 3: np.int64(794), 4: np.int64(740), 5: np.int64(781)}",33757.0,16368.0,50125.0,7.871624946594238,0.0
