S,F,T,B,D,Z1,Z2,ObjVal,time,GAP
12,12,5,3000,"{1: np.int64(227), 2: np.int64(243), 3: np.int64(258), 4: np.int64(224), 5: np.int64(215)}",8728.0,4668.0,13396.0,1.5597939491271973,0.0
12,12,5,3000,"{1: np.int64(227), 2: np.int64(243), 3: np.int64(258), 4: np.int64(224), 5: np.int64(215)}",8728.0,4668.0,13396.0,0.5709819793701172,4.989785883603026e-06
12,12,5,3000,"{1: np.int64(227), 2: np.int64(243), 3: np.int64(258), 4: np.int64(224), 5: np.int64(215)}",8728.0,4668.0,13396.0,0.7645070552825928,4.989785883603026e-06
12,12,5,3000,"{1: np.int64(227), 2: np.int64(243), 3: np.int64(258), 4: np.int64(224), 5: np.int64(215)}",8728.0,4668.0,13396.0,0.7761168479919434,4.989785883603026e-06
