S,F,T,B,D,Z1,Z2,ObjVal,time,GAP
3,3,15,3000,"{1: np.int64(899), 2: np.int64(1122), 3: np.int64(930), 4: np.int64(1123), 5: np.int64(942), 6: np.int64(1137), 7: np.int64(1061), 8: np.int64(1001), 9: np.int64(1005), 10: np.int64(1045), 11: np.int64(1026), 12: np.int64(943), 13: np.int64(912), 14: np.int64(1003), 15: np.int64(1130)}",145620.0,63917.0,209537.0,0.018941164016723633,0.0
3,3,15,3000,"{1: np.int64(899), 2: np.int64(1122), 3: np.int64(930), 4: np.int64(1123), 5: np.int64(942), 6: np.int64(1137), 7: np.int64(1061), 8: np.int64(1001), 9: np.int64(1005), 10: np.int64(1045), 11: np.int64(1026), 12: np.int64(943), 13: np.int64(912), 14: np.int64(1003), 15: np.int64(1130)}",145620.0,63917.0,209537.0,0.01932501792907715,0.0
3,3,15,3000,"{1: np.int64(899), 2: np.int64(1122), 3: np.int64(930), 4: np.int64(1123), 5: np.int64(942), 6: np.int64(1137), 7: np.int64(1061), 8: np.int64(1001), 9: np.int64(1005), 10: np.int64(1045), 11: np.int64(1026), 12: np.int64(943), 13: np.int64(912), 14: np.int64(1003), 15: np.int64(1130)}",145620.0,63917.0,209537.0,0.01910996437072754,0.0
