S,F,T,B,D,Z1,Z2,ObjVal,time,GAP
9,9,5,5000,"{1: np.int64(486), 2: np.int64(475), 3: np.int64(474), 4: np.int64(598), 5: np.int64(513)}",19436.999994548518,10184.0,29620.999994548518,3.528625011444092,0.0
