S,F,T,B,D,Z1,Z2,ObjVal,time,GAP
12,12,15,7000,"{1: np.int64(612), 2: np.int64(503), 3: np.int64(653), 4: np.int64(518), 5: np.int64(665), 6: np.int64(612), 7: np.int64(506), 8: np.int64(525), 9: np.int64(606), 10: np.int64(595), 11: np.int64(626), 12: np.int64(658), 13: np.int64(534), 14: np.int64(496), 15: np.int64(657)}",64999.999998636245,35064.0,100063.99999863624,24.894529104232788,8.07350673140088e-05
12,12,15,7000,"{1: np.int64(612), 2: np.int64(503), 3: np.int64(653), 4: np.int64(518), 5: np.int64(665), 6: np.int64(612), 7: np.int64(506), 8: np.int64(525), 9: np.int64(606), 10: np.int64(595), 11: np.int64(626), 12: np.int64(658), 13: np.int64(534), 14: np.int64(496), 15: np.int64(657)}",64999.999998636245,35064.0,100063.99999863624,25.35146188735962,8.07350673140088e-05
12,12,15,7000,"{1: np.int64(612), 2: np.int64(503), 3: np.int64(653), 4: np.int64(518), 5: np.int64(665), 6: np.int64(612), 7: np.int64(506), 8: np.int64(525), 9: np.int64(606), 10: np.int64(595), 11: np.int64(626), 12: np.int64(658), 13: np.int64(534), 14: np.int64(496), 15: np.int64(657)}",64999.999998636245,35064.0,100063.99999863624,30.364707946777344,8.07350673140088e-05
