S,F,T,B,D,Z1,Z2,ObjVal,time,GAP
3,3,10,3000,"{1: np.int64(956), 2: np.int64(1144), 3: np.int64(1138), 4: np.int64(898), 5: np.int64(1076), 6: np.int64(1064), 7: np.int64(988), 8: np.int64(1009), 9: np.int64(997), 10: np.int64(1127)}",82637.0,41588.0,124225.0,0.007849931716918945,0.0
3,3,10,3000,"{1: np.int64(956), 2: np.int64(1144), 3: np.int64(1138), 4: np.int64(898), 5: np.int64(1076), 6: np.int64(1064), 7: np.int64(988), 8: np.int64(1009), 9: np.int64(997), 10: np.int64(1127)}",82637.0,41588.0,124225.0,0.007962942123413086,0.0
3,3,10,3000,"{1: np.int64(956), 2: np.int64(1144), 3: np.int64(1138), 4: np.int64(898), 5: np.int64(1076), 6: np.int64(1064), 7: np.int64(988), 8: np.int64(1009), 9: np.int64(997), 10: np.int64(1127)}",82637.0,41588.0,124225.0,0.007835865020751953,0.0
3,3,10,3000,"{1: np.int64(956), 2: np.int64(1144), 3: np.int64(1138), 4: np.int64(898), 5: np.int64(1076), 6: np.int64(1064), 7: np.int64(988), 8: np.int64(1009), 9: np.int64(997), 10: np.int64(1127)}",82637.0,41588.0,124225.0,0.007843017578125,0.0
3,3,10,3000,"{1: np.int64(956), 2: np.int64(1144), 3: np.int64(1138), 4: np.int64(898), 5: np.int64(1076), 6: np.int64(1064), 7: np.int64(988), 8: np.int64(1009), 9: np.int64(997), 10: np.int64(1127)}",82637.0,41588.0,124225.0,0.008435964584350586,0.0
