S,F,T,B,D,Z1,Z2,ObjVal,time,GAP
12,12,15,3000,"{1: np.int64(250), 2: np.int64(236), 3: np.int64(236), 4: np.int64(238), 5: np.int64(261), 6: np.int64(256), 7: np.int64(239), 8: np.int64(226), 9: np.int64(237), 10: np.int64(221), 11: np.int64(254), 12: np.int64(266), 13: np.int64(241), 14: np.int64(218), 15: np.int64(225)}",27893.99991009734,14415.999999997726,42309.999910095066,100.13085007667542,0.011327367814739062
12,12,15,3000,"{1: np.int64(250), 2: np.int64(236), 3: np.int64(236), 4: np.int64(238), 5: np.int64(261), 6: np.int64(256), 7: np.int64(239), 8: np.int64(226), 9: np.int64(237), 10: np.int64(221), 11: np.int64(254), 12: np.int64(266), 13: np.int64(241), 14: np.int64(218), 15: np.int64(225)}",27893.99991009734,14415.999999997726,42309.999910095066,100.09707999229431,0.012696252380513397
12,12,15,3000,"{1: np.int64(250), 2: np.int64(236), 3: np.int64(236), 4: np.int64(238), 5: np.int64(261), 6: np.int64(256), 7: np.int64(239), 8: np.int64(226), 9: np.int64(237), 10: np.int64(221), 11: np.int64(254), 12: np.int64(266), 13: np.int64(241), 14: np.int64(218), 15: np.int64(225)}",27893.99991009734,14415.999999997726,42309.999910095066,100.03092694282532,0.010522712933393526
12,12,15,3000,"{1: np.int64(250), 2: np.int64(236), 3: np.int64(236), 4: np.int64(238), 5: np.int64(261), 6: np.int64(256), 7: np.int64(239), 8: np.int64(226), 9: np.int64(237), 10: np.int64(221), 11: np.int64(254), 12: np.int64(266), 13: np.int64(241), 14: np.int64(218), 15: np.int64(225)}",27893.99991009734,14415.999999997726,42309.999910095066,100.1117889881134,0.019421844924114164
12,12,15,3000,"{1: np.int64(250), 2: np.int64(236), 3: np.int64(236), 4: np.int64(238), 5: np.int64(261), 6: np.int64(256), 7: np.int64(239), 8: np.int64(226), 9: np.int64(237), 10: np.int64(221), 11: np.int64(254), 12: np.int64(266), 13: np.int64(241), 14: np.int64(218), 15: np.int64(225)}",27893.99991009734,14415.999999997726,42309.999910095066,100.04578518867493,0.01054218492278994
