S,F,T,B,D,Z1,Z2,ObjVal,time,GAP
9,9,10,10000,"{1: np.int64(1002), 2: np.int64(1127), 3: np.int64(1178), 4: np.int64(1169), 5: np.int64(1069), 6: np.int64(1090), 7: np.int64(1113), 8: np.int64(1203), 9: np.int64(1118), 10: np.int64(1075)}",94463.0,44576.0,139039.0,0.7254040241241455,5.667787298829025e-06
