S,F,T,B,D,Z1,Z2,ObjVal,time,GAP
6,6,10,3000,"{1: np.int64(522), 2: np.int64(465), 3: np.int64(458), 4: np.int64(556), 5: np.int64(440), 6: np.int64(503), 7: np.int64(553), 8: np.int64(461), 9: np.int64(456), 10: np.int64(557)}",36094.999993314654,19884.000000000036,55978.99999331469,2.3927559852600098,0.0
