S,F,T,B,D,Z1,Z2,ObjVal,time,GAP
9,9,5,7000,"{1: np.int64(701), 2: np.int64(789), 3: np.int64(825), 4: np.int64(818), 5: np.int64(748)}",32693.0,15524.0,48217.0,0.2964820861816406,1.4080502830525655e-12
