S,F,T,B,D,Z1,Z2,ObjVal,time,GAP
9,9,10,3000,"{1: np.int64(353), 2: np.int64(325), 3: np.int64(349), 4: np.int64(288), 5: np.int64(327), 6: np.int64(309), 7: np.int64(299), 8: np.int64(336), 9: np.int64(332), 10: np.int64(339)}",27259.99957868217,13027.999999999996,40287.99957868217,15.857650995254517,0.0
