S,F,T,B,D,Z1,Z2,ObjVal,time,GAP
9,9,5,10000,"{1: np.int64(1187), 2: np.int64(1089), 3: np.int64(1114), 4: np.int64(1138), 5: np.int64(961)}",46445.0,21956.0,68401.0,15.954993963241577,5.5207116880764875e-12
9,9,5,10000,"{1: np.int64(1187), 2: np.int64(1089), 3: np.int64(1114), 4: np.int64(1138), 5: np.int64(961)}",46445.0,21956.0,68401.0,15.348975896835327,5.5207116880764875e-12
9,9,5,10000,"{1: np.int64(1187), 2: np.int64(1089), 3: np.int64(1114), 4: np.int64(1138), 5: np.int64(961)}",46445.0,21956.0,68401.0,16.01455283164978,5.5207116880764875e-12
9,9,5,10000,"{1: np.int64(1187), 2: np.int64(1089), 3: np.int64(1114), 4: np.int64(1138), 5: np.int64(961)}",46445.0,21956.0,68401.0,11.785432815551758,5.5207116880764875e-12
9,9,5,10000,"{1: np.int64(1187), 2: np.int64(1089), 3: np.int64(1114), 4: np.int64(1138), 5: np.int64(961)}",46445.0,21956.0,68401.0,11.425055027008057,5.5207116880764875e-12
