S,F,T,B,D,Z1,Z2,ObjVal,time,GAP
9,9,10,3000,"{1: np.int64(356), 2: np.int64(326), 3: np.int64(334), 4: np.int64(341), 5: np.int64(288), 6: np.int64(325), 7: np.int64(335), 8: np.int64(301), 9: np.int64(292), 10: np.int64(363)}",27241.999894102697,13044.000000008004,40285.999894110704,34.417805194854736,0.0
