S,F,T,B,D,Z1,Z2,ObjVal,time,GAP
12,12,5,10000,"{1: np.int64(833), 2: np.int64(787), 3: np.int64(786), 4: np.int64(796), 5: np.int64(870)}",33113.99997116139,16288.0,49401.99997116139,29.462756156921387,0.0
12,12,5,10000,"{1: np.int64(833), 2: np.int64(787), 3: np.int64(786), 4: np.int64(796), 5: np.int64(870)}",33113.99997116139,16288.0,49401.99997116139,31.390126943588257,0.0
12,12,5,10000,"{1: np.int64(833), 2: np.int64(787), 3: np.int64(786), 4: np.int64(796), 5: np.int64(870)}",33113.99997116139,16288.0,49401.99997116139,32.51320505142212,0.0
12,12,5,10000,"{1: np.int64(833), 2: np.int64(787), 3: np.int64(786), 4: np.int64(796), 5: np.int64(870)}",33113.99997116139,16288.0,49401.99997116139,28.378715991973877,0.0
12,12,5,10000,"{1: np.int64(833), 2: np.int64(787), 3: np.int64(786), 4: np.int64(796), 5: np.int64(870)}",33113.99997116139,16288.0,49401.99997116139,26.95127010345459,0.0
