S,F,T,B,D,Z1,Z2,ObjVal,time,GAP
6,6,15,7000,"{1: np.int64(1149), 2: np.int64(1222), 3: np.int64(1340), 4: np.int64(1312), 5: np.int64(1269), 6: np.int64(1020), 7: np.int64(1206), 8: np.int64(1161), 9: np.int64(1212), 10: np.int64(1287), 11: np.int64(1076), 12: np.int64(1247), 13: np.int64(1032), 14: np.int64(1068), 15: np.int64(1269)}",144449.9999807424,71480.00000000009,215929.9999807425,0.2242450714111328,0.0
