S,F,T,B,D,Z1,Z2,ObjVal,time,GAP
12,12,15,5000,"{1: np.int64(378), 2: np.int64(405), 3: np.int64(430), 4: np.int64(373), 5: np.int64(359), 6: np.int64(462), 7: np.int64(393), 8: np.int64(473), 9: np.int64(466), 10: np.int64(401), 11: np.int64(411), 12: np.int64(419), 13: np.int64(434), 14: np.int64(428), 15: np.int64(424)}",50323.0,25024.0,75347.0,6.933940887451172,0.0
12,12,15,5000,"{1: np.int64(378), 2: np.int64(405), 3: np.int64(430), 4: np.int64(373), 5: np.int64(359), 6: np.int64(462), 7: np.int64(393), 8: np.int64(473), 9: np.int64(466), 10: np.int64(401), 11: np.int64(411), 12: np.int64(419), 13: np.int64(434), 14: np.int64(428), 15: np.int64(424)}",50323.0,25024.0,75347.0,3.3984739780426025,0.0
12,12,15,5000,"{1: np.int64(378), 2: np.int64(405), 3: np.int64(430), 4: np.int64(373), 5: np.int64(359), 6: np.int64(462), 7: np.int64(393), 8: np.int64(473), 9: np.int64(466), 10: np.int64(401), 11: np.int64(411), 12: np.int64(419), 13: np.int64(434), 14: np.int64(428), 15: np.int64(424)}",50323.0,25024.0,75347.0,3.351529836654663,0.0
12,12,15,5000,"{1: np.int64(378), 2: np.int64(405), 3: np.int64(430), 4: np.int64(373), 5: np.int64(359), 6: np.int64(462), 7: np.int64(393), 8: np.int64(473), 9: np.int64(466), 10: np.int64(401), 11: np.int64(411), 12: np.int64(419), 13: np.int64(434), 14: np.int64(428), 15: np.int64(424)}",50323.0,25024.0,75347.0,5.795090198516846,0.0
12,12,15,5000,"{1: np.int64(378), 2: np.int64(405), 3: np.int64(430), 4: np.int64(373), 5: np.int64(359), 6: np.int64(462), 7: np.int64(393), 8: np.int64(473), 9: np.int64(466), 10: np.int64(401), 11: np.int64(411), 12: np.int64(419), 13: np.int64(434), 14: np.int64(428), 15: np.int64(424)}",50323.0,25024.0,75347.0,3.8327391147613525,0.0
