S,F,T,B,D,Z1,Z2,ObjVal,time,GAP
6,6,15,10000,"{1: np.int64(1593), 2: np.int64(1907), 3: np.int64(1897), 4: np.int64(1497), 5: np.int64(1793), 6: np.int64(1774), 7: np.int64(1647), 8: np.int64(1681), 9: np.int64(1661), 10: np.int64(1879), 11: np.int64(1667), 12: np.int64(1832), 13: np.int64(1593), 14: np.int64(1858), 15: np.int64(1866)}",229646.0,104580.0,334226.0,0.03875088691711426,0.0
6,6,15,10000,"{1: np.int64(1593), 2: np.int64(1907), 3: np.int64(1897), 4: np.int64(1497), 5: np.int64(1793), 6: np.int64(1774), 7: np.int64(1647), 8: np.int64(1681), 9: np.int64(1661), 10: np.int64(1879), 11: np.int64(1667), 12: np.int64(1832), 13: np.int64(1593), 14: np.int64(1858), 15: np.int64(1866)}",229646.0,104580.0,334226.0,0.0380709171295166,0.0
6,6,15,10000,"{1: np.int64(1593), 2: np.int64(1907), 3: np.int64(1897), 4: np.int64(1497), 5: np.int64(1793), 6: np.int64(1774), 7: np.int64(1647), 8: np.int64(1681), 9: np.int64(1661), 10: np.int64(1879), 11: np.int64(1667), 12: np.int64(1832), 13: np.int64(1593), 14: np.int64(1858), 15: np.int64(1866)}",229646.0,104580.0,334226.0,0.1009070873260498,0.0
