S,F,T,B,D,Z1,Z2,ObjVal,time,GAP
9,9,15,5000,"{1: np.int64(531), 2: np.int64(596), 3: np.int64(525), 4: np.int64(565), 5: np.int64(622), 6: np.int64(489), 7: np.int64(482), 8: np.int64(510), 9: np.int64(599), 10: np.int64(574), 11: np.int64(511), 12: np.int64(527), 13: np.int64(501), 14: np.int64(548), 15: np.int64(479)}",63498.0,33460.0,96958.0,6.678563117980957,1.2697168137954946e-13
