S,F,T,B,D,Z1,Z2,ObjVal,time,GAP
12,12,10,3000,"{1: np.int64(258), 2: np.int64(271), 3: np.int64(240), 4: np.int64(255), 5: np.int64(229), 6: np.int64(218), 7: np.int64(232), 8: np.int64(279), 9: np.int64(254), 10: np.int64(281)}",20128.0,10068.0,30196.0,34.43730902671814,4.58921156654984e-05
