S,F,T,B,D,Z1,Z2,ObjVal,time,GAP
9,9,10,3000,"{1: np.int64(357), 2: np.int64(367), 3: np.int64(349), 4: np.int64(335), 5: np.int64(312), 6: np.int64(317), 7: np.int64(306), 8: np.int64(290), 9: np.int64(342), 10: np.int64(312)}",25356.0,13148.0,38504.0,21.133661031723022,0.0
9,9,10,3000,"{1: np.int64(357), 2: np.int64(367), 3: np.int64(349), 4: np.int64(335), 5: np.int64(312), 6: np.int64(317), 7: np.int64(306), 8: np.int64(290), 9: np.int64(342), 10: np.int64(312)}",25356.0,13148.0,38504.0,21.954397916793823,0.0
9,9,10,3000,"{1: np.int64(357), 2: np.int64(367), 3: np.int64(349), 4: np.int64(335), 5: np.int64(312), 6: np.int64(317), 7: np.int64(306), 8: np.int64(290), 9: np.int64(342), 10: np.int64(312)}",25356.0,13148.0,38504.0,16.341092109680176,0.0
9,9,10,3000,"{1: np.int64(357), 2: np.int64(367), 3: np.int64(349), 4: np.int64(335), 5: np.int64(312), 6: np.int64(317), 7: np.int64(306), 8: np.int64(290), 9: np.int64(342), 10: np.int64(312)}",25356.0,13148.0,38504.0,20.595746994018555,0.0
9,9,10,3000,"{1: np.int64(357), 2: np.int64(367), 3: np.int64(349), 4: np.int64(335), 5: np.int64(312), 6: np.int64(317), 7: np.int64(306), 8: np.int64(290), 9: np.int64(342), 10: np.int64(312)}",25356.0,13148.0,38504.0,14.1715989112854,0.0
