S,F,T,B,D,Z1,Z2,ObjVal,time,GAP
3,3,10,5000,"{1: np.int64(1843), 2: np.int64(1911), 3: np.int64(1460), 4: np.int64(1816), 5: np.int64(1621), 6: np.int64(1492), 7: np.int64(1563), 8: np.int64(1801), 9: np.int64(1853), 10: np.int64(1438)}",126830.0,67192.0,194022.0,0.01054692268371582,0.0
3,3,10,5000,"{1: np.int64(1843), 2: np.int64(1911), 3: np.int64(1460), 4: np.int64(1816), 5: np.int64(1621), 6: np.int64(1492), 7: np.int64(1563), 8: np.int64(1801), 9: np.int64(1853), 10: np.int64(1438)}",126830.0,67192.0,194022.0,0.009773015975952148,0.0
3,3,10,5000,"{1: np.int64(1843), 2: np.int64(1911), 3: np.int64(1460), 4: np.int64(1816), 5: np.int64(1621), 6: np.int64(1492), 7: np.int64(1563), 8: np.int64(1801), 9: np.int64(1853), 10: np.int64(1438)}",126830.0,67192.0,194022.0,0.009801149368286133,0.0
3,3,10,5000,"{1: np.int64(1843), 2: np.int64(1911), 3: np.int64(1460), 4: np.int64(1816), 5: np.int64(1621), 6: np.int64(1492), 7: np.int64(1563), 8: np.int64(1801), 9: np.int64(1853), 10: np.int64(1438)}",126830.0,67192.0,194022.0,0.009637117385864258,0.0
3,3,10,5000,"{1: np.int64(1843), 2: np.int64(1911), 3: np.int64(1460), 4: np.int64(1816), 5: np.int64(1621), 6: np.int64(1492), 7: np.int64(1563), 8: np.int64(1801), 9: np.int64(1853), 10: np.int64(1438)}",126830.0,67192.0,194022.0,0.009711980819702148,0.0
