S,F,T,B,D,Z1,Z2,ObjVal,time,GAP
12,12,5,10000,"{1: np.int64(875), 2: np.int64(719), 3: np.int64(933), 4: np.int64(740), 5: np.int64(950)}",32288.0,16868.0,49156.0,0.6477169990539551,2.0242899408327067e-12
