S,F,T,B,D,Z1,Z2,ObjVal,time,GAP
9,9,10,10000,"{1: np.int64(1081), 2: np.int64(956), 3: np.int64(1084), 4: np.int64(1027), 5: np.int64(1240), 6: np.int64(1221), 7: np.int64(1110), 8: np.int64(954), 9: np.int64(1029), 10: np.int64(1025)}",79972.99998481624,42908.0,122880.99998481624,43.4538300037384,0.0
9,9,10,10000,"{1: np.int64(1081), 2: np.int64(956), 3: np.int64(1084), 4: np.int64(1027), 5: np.int64(1240), 6: np.int64(1221), 7: np.int64(1110), 8: np.int64(954), 9: np.int64(1029), 10: np.int64(1025)}",79972.99998481624,42908.0,122880.99998481624,48.93404006958008,0.0
9,9,10,10000,"{1: np.int64(1081), 2: np.int64(956), 3: np.int64(1084), 4: np.int64(1027), 5: np.int64(1240), 6: np.int64(1221), 7: np.int64(1110), 8: np.int64(954), 9: np.int64(1029), 10: np.int64(1025)}",79972.99998481624,42908.0,122880.99998481624,49.928954124450684,0.0
9,9,10,10000,"{1: np.int64(1081), 2: np.int64(956), 3: np.int64(1084), 4: np.int64(1027), 5: np.int64(1240), 6: np.int64(1221), 7: np.int64(1110), 8: np.int64(954), 9: np.int64(1029), 10: np.int64(1025)}",79972.99998481624,42908.0,122880.99998481624,59.335411071777344,0.0
9,9,10,10000,"{1: np.int64(1081), 2: np.int64(956), 3: np.int64(1084), 4: np.int64(1027), 5: np.int64(1240), 6: np.int64(1221), 7: np.int64(1110), 8: np.int64(954), 9: np.int64(1029), 10: np.int64(1025)}",79972.99998481624,42908.0,122880.99998481624,50.61002206802368,0.0
