S,F,T,B,D,Z1,Z2,ObjVal,time,GAP
3,3,15,3000,"{1: np.int64(1051), 2: np.int64(869), 3: np.int64(1077), 4: np.int64(1027), 5: np.int64(940), 6: np.int64(859), 7: np.int64(1109), 8: np.int64(991), 9: np.int64(1065), 10: np.int64(1113), 11: np.int64(1064), 12: np.int64(1126), 13: np.int64(968), 14: np.int64(1090), 15: np.int64(983)}",132194.0,61328.0,193522.0,0.010885000228881836,0.0
3,3,15,3000,"{1: np.int64(1051), 2: np.int64(869), 3: np.int64(1077), 4: np.int64(1027), 5: np.int64(940), 6: np.int64(859), 7: np.int64(1109), 8: np.int64(991), 9: np.int64(1065), 10: np.int64(1113), 11: np.int64(1064), 12: np.int64(1126), 13: np.int64(968), 14: np.int64(1090), 15: np.int64(983)}",132194.0,61328.0,193522.0,0.00967097282409668,0.0
3,3,15,3000,"{1: np.int64(1051), 2: np.int64(869), 3: np.int64(1077), 4: np.int64(1027), 5: np.int64(940), 6: np.int64(859), 7: np.int64(1109), 8: np.int64(991), 9: np.int64(1065), 10: np.int64(1113), 11: np.int64(1064), 12: np.int64(1126), 13: np.int64(968), 14: np.int64(1090), 15: np.int64(983)}",132194.0,61328.0,193522.0,0.008630037307739258,0.0
3,3,15,3000,"{1: np.int64(1051), 2: np.int64(869), 3: np.int64(1077), 4: np.int64(1027), 5: np.int64(940), 6: np.int64(859), 7: np.int64(1109), 8: np.int64(991), 9: np.int64(1065), 10: np.int64(1113), 11: np.int64(1064), 12: np.int64(1126), 13: np.int64(968), 14: np.int64(1090), 15: np.int64(983)}",132194.0,61328.0,193522.0,0.008071184158325195,0.0
3,3,15,3000,"{1: np.int64(1051), 2: np.int64(869), 3: np.int64(1077), 4: np.int64(1027), 5: np.int64(940), 6: np.int64(859), 7: np.int64(1109), 8: np.int64(991), 9: np.int64(1065), 10: np.int64(1113), 11: np.int64(1064), 12: np.int64(1126), 13: np.int64(968), 14: np.int64(1090), 15: np.int64(983)}",132194.0,61328.0,193522.0,0.007854938507080078,0.0
