S,F,T,B,D,Z1,Z2,ObjVal,time,GAP
12,12,5,3000,"{1: np.int64(246), 2: np.int64(262), 3: np.int64(287), 4: np.int64(281), 5: np.int64(271)}",10532.0,5388.0,15920.0,0.4407169818878174,2.145653392536912e-12
