S,F,T,B,D,Z1,Z2,ObjVal,time,GAP
12,12,5,5000,"{1: np.int64(416), 2: np.int64(393), 3: np.int64(393), 4: np.int64(398), 5: np.int64(435)}",16595.999996225946,8140.000000003333,24735.99999622928,12.424844026565552,0.0
