S,F,T,B,D,Z1,Z2,ObjVal,time,GAP
12,12,5,5000,"{1: np.int64(419), 2: np.int64(354), 3: np.int64(358), 4: np.int64(405), 5: np.int64(368)}",12805.999999999998,7616.0000000000055,20422.0,9.18438196182251,0.0
12,12,5,5000,"{1: np.int64(419), 2: np.int64(354), 3: np.int64(358), 4: np.int64(405), 5: np.int64(368)}",12805.999999999998,7616.0000000000055,20422.0,13.800096035003662,0.0
12,12,5,5000,"{1: np.int64(419), 2: np.int64(354), 3: np.int64(358), 4: np.int64(405), 5: np.int64(368)}",12805.999999999998,7616.0000000000055,20422.0,8.447561979293823,0.0
