S,F,T,B,D,Z1,Z2,ObjVal,time,GAP
6,6,15,5000,"{1: np.int64(796), 2: np.int64(953), 3: np.int64(948), 4: np.int64(748), 5: np.int64(896), 6: np.int64(887), 7: np.int64(823), 8: np.int64(840), 9: np.int64(830), 10: np.int64(939), 11: np.int64(833), 12: np.int64(916), 13: np.int64(796), 14: np.int64(929), 15: np.int64(933)}",114924.0,52268.0,167192.0,0.365447998046875,0.0
6,6,15,5000,"{1: np.int64(796), 2: np.int64(953), 3: np.int64(948), 4: np.int64(748), 5: np.int64(896), 6: np.int64(887), 7: np.int64(823), 8: np.int64(840), 9: np.int64(830), 10: np.int64(939), 11: np.int64(833), 12: np.int64(916), 13: np.int64(796), 14: np.int64(929), 15: np.int64(933)}",114924.0,52268.0,167192.0,0.18286895751953125,0.0
6,6,15,5000,"{1: np.int64(796), 2: np.int64(953), 3: np.int64(948), 4: np.int64(748), 5: np.int64(896), 6: np.int64(887), 7: np.int64(823), 8: np.int64(840), 9: np.int64(830), 10: np.int64(939), 11: np.int64(833), 12: np.int64(916), 13: np.int64(796), 14: np.int64(929), 15: np.int64(933)}",114924.0,52268.0,167192.0,0.254162073135376,0.0
6,6,15,5000,"{1: np.int64(796), 2: np.int64(953), 3: np.int64(948), 4: np.int64(748), 5: np.int64(896), 6: np.int64(887), 7: np.int64(823), 8: np.int64(840), 9: np.int64(830), 10: np.int64(939), 11: np.int64(833), 12: np.int64(916), 13: np.int64(796), 14: np.int64(929), 15: np.int64(933)}",114924.0,52268.0,167192.0,0.24120497703552246,0.0
6,6,15,5000,"{1: np.int64(796), 2: np.int64(953), 3: np.int64(948), 4: np.int64(748), 5: np.int64(896), 6: np.int64(887), 7: np.int64(823), 8: np.int64(840), 9: np.int64(830), 10: np.int64(939), 11: np.int64(833), 12: np.int64(916), 13: np.int64(796), 14: np.int64(929), 15: np.int64(933)}",114924.0,52268.0,167192.0,0.18127012252807617,0.0
