S,F,T,B,D,Z1,Z2,ObjVal,time,GAP
6,6,5,7000,"{1: np.int64(1210), 2: np.int64(1097), 3: np.int64(1169), 4: np.int64(1126), 5: np.int64(1114)}",42088.0,22864.0,64952.0,0.22970795631408691,0.0
6,6,5,7000,"{1: np.int64(1210), 2: np.int64(1097), 3: np.int64(1169), 4: np.int64(1126), 5: np.int64(1114)}",42088.0,22864.0,64952.0,0.2709381580352783,0.0
6,6,5,7000,"{1: np.int64(1210), 2: np.int64(1097), 3: np.int64(1169), 4: np.int64(1126), 5: np.int64(1114)}",42088.0,22864.0,64952.0,0.19237399101257324,0.0
6,6,5,7000,"{1: np.int64(1210), 2: np.int64(1097), 3: np.int64(1169), 4: np.int64(1126), 5: np.int64(1114)}",42088.0,22864.0,64952.0,0.2669248580932617,0.0
