S,F,T,B,D,Z1,Z2,ObjVal,time,GAP
9,9,15,5000,"{1: np.int64(584), 2: np.int64(632), 3: np.int64(514), 4: np.int64(548), 5: np.int64(571), 6: np.int64(525), 7: np.int64(532), 8: np.int64(524), 9: np.int64(533), 10: np.int64(571), 11: np.int64(522), 12: np.int64(535), 13: np.int64(600), 14: np.int64(476), 15: np.int64(567)}",62348.0,32936.0,95284.0,40.93672704696655,4.8993204038214015e-05
9,9,15,5000,"{1: np.int64(584), 2: np.int64(632), 3: np.int64(514), 4: np.int64(548), 5: np.int64(571), 6: np.int64(525), 7: np.int64(532), 8: np.int64(524), 9: np.int64(533), 10: np.int64(571), 11: np.int64(522), 12: np.int64(535), 13: np.int64(600), 14: np.int64(476), 15: np.int64(567)}",62348.0,32936.0,95284.0,55.07449913024902,4.8993204038214015e-05
9,9,15,5000,"{1: np.int64(584), 2: np.int64(632), 3: np.int64(514), 4: np.int64(548), 5: np.int64(571), 6: np.int64(525), 7: np.int64(532), 8: np.int64(524), 9: np.int64(533), 10: np.int64(571), 11: np.int64(522), 12: np.int64(535), 13: np.int64(600), 14: np.int64(476), 15: np.int64(567)}",62348.0,32936.0,95284.0,37.67537212371826,4.8993204038214015e-05
9,9,15,5000,"{1: np.int64(584), 2: np.int64(632), 3: np.int64(514), 4: np.int64(548), 5: np.int64(571), 6: np.int64(525), 7: np.int64(532), 8: np.int64(524), 9: np.int64(533), 10: np.int64(571), 11: np.int64(522), 12: np.int64(535), 13: np.int64(600), 14: np.int64(476), 15: np.int64(567)}",62348.0,32936.0,95284.0,39.34165287017822,4.8993204038214015e-05
9,9,15,5000,"{1: np.int64(584), 2: np.int64(632), 3: np.int64(514), 4: np.int64(548), 5: np.int64(571), 6: np.int64(525), 7: np.int64(532), 8: np.int64(524), 9: np.int64(533), 10: np.int64(571), 11: np.int64(522), 12: np.int64(535), 13: np.int64(600), 14: np.int64(476), 15: np.int64(567)}",62348.0,32936.0,95284.0,37.08212900161743,4.8993204038214015e-05
