S,F,T,B,D,Z1,Z2,ObjVal,time,GAP
3,3,15,5000,"{1: np.int64(1430), 2: np.int64(1649), 3: np.int64(1575), 4: np.int64(1606), 5: np.int64(1862), 6: np.int64(1679), 7: np.int64(1696), 8: np.int64(1534), 9: np.int64(1428), 10: np.int64(1579), 11: np.int64(1485), 12: np.int64(1671), 13: np.int64(1916), 14: np.int64(1753), 15: np.int64(1507)}",213694.0,97480.0,311174.0,0.010607004165649414,0.0
3,3,15,5000,"{1: np.int64(1430), 2: np.int64(1649), 3: np.int64(1575), 4: np.int64(1606), 5: np.int64(1862), 6: np.int64(1679), 7: np.int64(1696), 8: np.int64(1534), 9: np.int64(1428), 10: np.int64(1579), 11: np.int64(1485), 12: np.int64(1671), 13: np.int64(1916), 14: np.int64(1753), 15: np.int64(1507)}",213694.0,97480.0,311174.0,0.011379003524780273,0.0
3,3,15,5000,"{1: np.int64(1430), 2: np.int64(1649), 3: np.int64(1575), 4: np.int64(1606), 5: np.int64(1862), 6: np.int64(1679), 7: np.int64(1696), 8: np.int64(1534), 9: np.int64(1428), 10: np.int64(1579), 11: np.int64(1485), 12: np.int64(1671), 13: np.int64(1916), 14: np.int64(1753), 15: np.int64(1507)}",213694.0,97480.0,311174.0,0.010804176330566406,0.0
3,3,15,5000,"{1: np.int64(1430), 2: np.int64(1649), 3: np.int64(1575), 4: np.int64(1606), 5: np.int64(1862), 6: np.int64(1679), 7: np.int64(1696), 8: np.int64(1534), 9: np.int64(1428), 10: np.int64(1579), 11: np.int64(1485), 12: np.int64(1671), 13: np.int64(1916), 14: np.int64(1753), 15: np.int64(1507)}",213694.0,97480.0,311174.0,0.010616064071655273,0.0
3,3,15,5000,"{1: np.int64(1430), 2: np.int64(1649), 3: np.int64(1575), 4: np.int64(1606), 5: np.int64(1862), 6: np.int64(1679), 7: np.int64(1696), 8: np.int64(1534), 9: np.int64(1428), 10: np.int64(1579), 11: np.int64(1485), 12: np.int64(1671), 13: np.int64(1916), 14: np.int64(1753), 15: np.int64(1507)}",213694.0,97480.0,311174.0,0.010973930358886719,0.0
