S,F,T,B,D,Z1,Z2,ObjVal,time,GAP
9,9,15,7000,"{1: np.int64(818), 2: np.int64(885), 3: np.int64(719), 4: np.int64(767), 5: np.int64(799), 6: np.int64(735), 7: np.int64(746), 8: np.int64(734), 9: np.int64(747), 10: np.int64(800), 11: np.int64(731), 12: np.int64(749), 13: np.int64(841), 14: np.int64(667), 15: np.int64(793)}",87290.0,46124.0,133414.0,28.373394012451172,2.965050621133648e-12
9,9,15,7000,"{1: np.int64(818), 2: np.int64(885), 3: np.int64(719), 4: np.int64(767), 5: np.int64(799), 6: np.int64(735), 7: np.int64(746), 8: np.int64(734), 9: np.int64(747), 10: np.int64(800), 11: np.int64(731), 12: np.int64(749), 13: np.int64(841), 14: np.int64(667), 15: np.int64(793)}",87290.0,46124.0,133414.0,38.97270488739014,2.965050621133648e-12
9,9,15,7000,"{1: np.int64(818), 2: np.int64(885), 3: np.int64(719), 4: np.int64(767), 5: np.int64(799), 6: np.int64(735), 7: np.int64(746), 8: np.int64(734), 9: np.int64(747), 10: np.int64(800), 11: np.int64(731), 12: np.int64(749), 13: np.int64(841), 14: np.int64(667), 15: np.int64(793)}",87290.0,46124.0,133414.0,36.98962998390198,2.965050621133648e-12
9,9,15,7000,"{1: np.int64(818), 2: np.int64(885), 3: np.int64(719), 4: np.int64(767), 5: np.int64(799), 6: np.int64(735), 7: np.int64(746), 8: np.int64(734), 9: np.int64(747), 10: np.int64(800), 11: np.int64(731), 12: np.int64(749), 13: np.int64(841), 14: np.int64(667), 15: np.int64(793)}",87290.0,46124.0,133414.0,37.790212869644165,2.965050621133648e-12
9,9,15,7000,"{1: np.int64(818), 2: np.int64(885), 3: np.int64(719), 4: np.int64(767), 5: np.int64(799), 6: np.int64(735), 7: np.int64(746), 8: np.int64(734), 9: np.int64(747), 10: np.int64(800), 11: np.int64(731), 12: np.int64(749), 13: np.int64(841), 14: np.int64(667), 15: np.int64(793)}",87290.0,46124.0,133414.0,35.45930194854736,2.965050621133648e-12
