S,F,T,B,D,Z1,Z2,ObjVal,time,GAP
3,3,10,10000,"{1: np.int64(3459), 2: np.int64(3134), 3: np.int64(3340), 4: np.int64(3219), 5: np.int64(3184), 6: np.int64(3418), 7: np.int64(3417), 8: np.int64(3737), 9: np.int64(3515), 10: np.int64(3762)}",225127.0,137163.0,362290.0,0.005160808563232422,0.0
3,3,10,10000,"{1: np.int64(3459), 2: np.int64(3134), 3: np.int64(3340), 4: np.int64(3219), 5: np.int64(3184), 6: np.int64(3418), 7: np.int64(3417), 8: np.int64(3737), 9: np.int64(3515), 10: np.int64(3762)}",225127.0,137163.0,362290.0,0.005446910858154297,0.0
3,3,10,10000,"{1: np.int64(3459), 2: np.int64(3134), 3: np.int64(3340), 4: np.int64(3219), 5: np.int64(3184), 6: np.int64(3418), 7: np.int64(3417), 8: np.int64(3737), 9: np.int64(3515), 10: np.int64(3762)}",225127.0,137163.0,362290.0,0.005181074142456055,0.0
3,3,10,10000,"{1: np.int64(3459), 2: np.int64(3134), 3: np.int64(3340), 4: np.int64(3219), 5: np.int64(3184), 6: np.int64(3418), 7: np.int64(3417), 8: np.int64(3737), 9: np.int64(3515), 10: np.int64(3762)}",225127.0,137163.0,362290.0,0.006976127624511719,0.0
3,3,10,10000,"{1: np.int64(3459), 2: np.int64(3134), 3: np.int64(3340), 4: np.int64(3219), 5: np.int64(3184), 6: np.int64(3418), 7: np.int64(3417), 8: np.int64(3737), 9: np.int64(3515), 10: np.int64(3762)}",225127.0,137163.0,362290.0,0.005998134613037109,0.0
