S,F,T,B,D,Z1,Z2,ObjVal,time,GAP
6,6,5,7000,"{1: np.int64(1256), 2: np.int64(1293), 3: np.int64(1238), 4: np.int64(1157), 5: np.int64(1070)}",49167.0,24056.0,73223.0,0.3112969398498535,0.0
6,6,5,7000,"{1: np.int64(1256), 2: np.int64(1293), 3: np.int64(1238), 4: np.int64(1157), 5: np.int64(1070)}",49167.0,24056.0,73223.0,0.1801300048828125,0.0
6,6,5,7000,"{1: np.int64(1256), 2: np.int64(1293), 3: np.int64(1238), 4: np.int64(1157), 5: np.int64(1070)}",49167.0,24056.0,73223.0,0.19182109832763672,0.0
6,6,5,7000,"{1: np.int64(1256), 2: np.int64(1293), 3: np.int64(1238), 4: np.int64(1157), 5: np.int64(1070)}",49167.0,24056.0,73223.0,0.20234894752502441,0.0
6,6,5,7000,"{1: np.int64(1256), 2: np.int64(1293), 3: np.int64(1238), 4: np.int64(1157), 5: np.int64(1070)}",49167.0,24056.0,73223.0,0.2224130630493164,0.0
