S,F,T,B,D,Z1,Z2,ObjVal,time,GAP
3,3,15,5000,"{1: np.int64(1752), 2: np.int64(1448), 3: np.int64(1795), 4: np.int64(1712), 5: np.int64(1567), 6: np.int64(1432), 7: np.int64(1849), 8: np.int64(1653), 9: np.int64(1776), 10: np.int64(1856), 11: np.int64(1773), 12: np.int64(1877), 13: np.int64(1614), 14: np.int64(1817), 15: np.int64(1638)}",220306.0,102236.0,322542.0,0.015231847763061523,0.0
3,3,15,5000,"{1: np.int64(1752), 2: np.int64(1448), 3: np.int64(1795), 4: np.int64(1712), 5: np.int64(1567), 6: np.int64(1432), 7: np.int64(1849), 8: np.int64(1653), 9: np.int64(1776), 10: np.int64(1856), 11: np.int64(1773), 12: np.int64(1877), 13: np.int64(1614), 14: np.int64(1817), 15: np.int64(1638)}",220306.0,102236.0,322542.0,0.008116006851196289,0.0
3,3,15,5000,"{1: np.int64(1752), 2: np.int64(1448), 3: np.int64(1795), 4: np.int64(1712), 5: np.int64(1567), 6: np.int64(1432), 7: np.int64(1849), 8: np.int64(1653), 9: np.int64(1776), 10: np.int64(1856), 11: np.int64(1773), 12: np.int64(1877), 13: np.int64(1614), 14: np.int64(1817), 15: np.int64(1638)}",220306.0,102236.0,322542.0,0.007464170455932617,0.0
