S,F,T,B,D,Z1,Z2,ObjVal,time,GAP
12,12,10,10000,"{1: np.int64(769), 2: np.int64(920), 3: np.int64(797), 4: np.int64(900), 5: np.int64(954), 6: np.int64(865), 7: np.int64(877), 8: np.int64(860), 9: np.int64(786), 10: np.int64(936)}",64841.99998951423,34656.0,99497.99998951424,31.103508949279785,7.145234279976063e-05
12,12,10,10000,"{1: np.int64(769), 2: np.int64(920), 3: np.int64(797), 4: np.int64(900), 5: np.int64(954), 6: np.int64(865), 7: np.int64(877), 8: np.int64(860), 9: np.int64(786), 10: np.int64(936)}",64841.99998951423,34656.0,99497.99998951424,30.919646978378296,7.145234279976063e-05
12,12,10,10000,"{1: np.int64(769), 2: np.int64(920), 3: np.int64(797), 4: np.int64(900), 5: np.int64(954), 6: np.int64(865), 7: np.int64(877), 8: np.int64(860), 9: np.int64(786), 10: np.int64(936)}",64841.99998951423,34656.0,99497.99998951424,31.443686962127686,7.145234279976063e-05
12,12,10,10000,"{1: np.int64(769), 2: np.int64(920), 3: np.int64(797), 4: np.int64(900), 5: np.int64(954), 6: np.int64(865), 7: np.int64(877), 8: np.int64(860), 9: np.int64(786), 10: np.int64(936)}",64841.99998951423,34656.0,99497.99998951424,32.84120988845825,7.145234279976063e-05
12,12,10,10000,"{1: np.int64(769), 2: np.int64(920), 3: np.int64(797), 4: np.int64(900), 5: np.int64(954), 6: np.int64(865), 7: np.int64(877), 8: np.int64(860), 9: np.int64(786), 10: np.int64(936)}",64841.99998951423,34656.0,99497.99998951424,30.74489402770996,7.145234279976063e-05
