S,F,T,B,D,Z1,Z2,ObjVal,time,GAP
12,12,10,10000,"{1: np.int64(868), 2: np.int64(909), 3: np.int64(794), 4: np.int64(740), 5: np.int64(781), 6: np.int64(906), 7: np.int64(776), 8: np.int64(794), 9: np.int64(812), 10: np.int64(813)}",63971.99997589923,32771.99999998629,96743.99997588551,14.032835006713867,0.0
