S,F,T,B,D,Z1,Z2,ObjVal,time,GAP
12,12,10,10000,"{1: np.int64(839), 2: np.int64(709), 3: np.int64(717), 4: np.int64(810), 5: np.int64(736), 6: np.int64(889), 7: np.int64(768), 8: np.int64(733), 9: np.int64(753), 10: np.int64(766)}",53727.99998311577,30880.000000003078,84607.99998311885,39.71911120414734,0.0
12,12,10,10000,"{1: np.int64(839), 2: np.int64(709), 3: np.int64(717), 4: np.int64(810), 5: np.int64(736), 6: np.int64(889), 7: np.int64(768), 8: np.int64(733), 9: np.int64(753), 10: np.int64(766)}",53727.99998311577,30880.000000003078,84607.99998311885,35.745339155197144,0.0
12,12,10,10000,"{1: np.int64(839), 2: np.int64(709), 3: np.int64(717), 4: np.int64(810), 5: np.int64(736), 6: np.int64(889), 7: np.int64(768), 8: np.int64(733), 9: np.int64(753), 10: np.int64(766)}",53727.99998311577,30880.000000003078,84607.99998311885,33.947988986968994,0.0
