S,F,T,B,D,Z1,Z2,ObjVal,time,GAP
3,3,15,5000,"{1: np.int64(1499), 2: np.int64(1870), 3: np.int64(1550), 4: np.int64(1872), 5: np.int64(1571), 6: np.int64(1895), 7: np.int64(1769), 8: np.int64(1668), 9: np.int64(1675), 10: np.int64(1742), 11: np.int64(1710), 12: np.int64(1572), 13: np.int64(1520), 14: np.int64(1672), 15: np.int64(1883)}",242670.0,106523.0,349193.0,0.03570103645324707,0.0
3,3,15,5000,"{1: np.int64(1499), 2: np.int64(1870), 3: np.int64(1550), 4: np.int64(1872), 5: np.int64(1571), 6: np.int64(1895), 7: np.int64(1769), 8: np.int64(1668), 9: np.int64(1675), 10: np.int64(1742), 11: np.int64(1710), 12: np.int64(1572), 13: np.int64(1520), 14: np.int64(1672), 15: np.int64(1883)}",242670.0,106523.0,349193.0,0.03505110740661621,0.0
3,3,15,5000,"{1: np.int64(1499), 2: np.int64(1870), 3: np.int64(1550), 4: np.int64(1872), 5: np.int64(1571), 6: np.int64(1895), 7: np.int64(1769), 8: np.int64(1668), 9: np.int64(1675), 10: np.int64(1742), 11: np.int64(1710), 12: np.int64(1572), 13: np.int64(1520), 14: np.int64(1672), 15: np.int64(1883)}",242670.0,106523.0,349193.0,0.0352480411529541,0.0
3,3,15,5000,"{1: np.int64(1499), 2: np.int64(1870), 3: np.int64(1550), 4: np.int64(1872), 5: np.int64(1571), 6: np.int64(1895), 7: np.int64(1769), 8: np.int64(1668), 9: np.int64(1675), 10: np.int64(1742), 11: np.int64(1710), 12: np.int64(1572), 13: np.int64(1520), 14: np.int64(1672), 15: np.int64(1883)}",242670.0,106523.0,349193.0,0.03442811965942383,0.0
3,3,15,5000,"{1: np.int64(1499), 2: np.int64(1870), 3: np.int64(1550), 4: np.int64(1872), 5: np.int64(1571), 6: np.int64(1895), 7: np.int64(1769), 8: np.int64(1668), 9: np.int64(1675), 10: np.int64(1742), 11: np.int64(1710), 12: np.int64(1572), 13: np.int64(1520), 14: np.int64(1672), 15: np.int64(1883)}",242670.0,106523.0,349193.0,0.035878896713256836,0.0
