S,F,T,B,D,Z1,Z2,ObjVal,time,GAP
12,12,10,7000,"{1: np.int64(546), 2: np.int64(664), 3: np.int64(631), 4: np.int64(567), 5: np.int64(660), 6: np.int64(604), 7: np.int64(638), 8: np.int64(547), 9: np.int64(529), 10: np.int64(573)}",40788.0,23836.0,64624.0,3.3255929946899414,0.0
12,12,10,7000,"{1: np.int64(546), 2: np.int64(664), 3: np.int64(631), 4: np.int64(567), 5: np.int64(660), 6: np.int64(604), 7: np.int64(638), 8: np.int64(547), 9: np.int64(529), 10: np.int64(573)}",40788.0,23836.0,64624.0,4.30263090133667,0.0
12,12,10,7000,"{1: np.int64(546), 2: np.int64(664), 3: np.int64(631), 4: np.int64(567), 5: np.int64(660), 6: np.int64(604), 7: np.int64(638), 8: np.int64(547), 9: np.int64(529), 10: np.int64(573)}",40788.0,23836.0,64624.0,3.2746288776397705,0.0
12,12,10,7000,"{1: np.int64(546), 2: np.int64(664), 3: np.int64(631), 4: np.int64(567), 5: np.int64(660), 6: np.int64(604), 7: np.int64(638), 8: np.int64(547), 9: np.int64(529), 10: np.int64(573)}",40788.0,23836.0,64624.0,3.611035108566284,0.0
12,12,10,7000,"{1: np.int64(546), 2: np.int64(664), 3: np.int64(631), 4: np.int64(567), 5: np.int64(660), 6: np.int64(604), 7: np.int64(638), 8: np.int64(547), 9: np.int64(529), 10: np.int64(573)}",40788.0,23836.0,64624.0,4.404525995254517,0.0
