S,F,T,B,D,Z1,Z2,ObjVal,time,GAP
9,9,10,10000,"{1: np.int64(1063), 2: np.int64(1193), 3: np.int64(1051), 4: np.int64(1130), 5: np.int64(1245), 6: np.int64(978), 7: np.int64(964), 8: np.int64(1020), 9: np.int64(1199), 10: np.int64(1149)}",85523.0,43968.0,129491.0,1.182391881942749,0.0
9,9,10,10000,"{1: np.int64(1063), 2: np.int64(1193), 3: np.int64(1051), 4: np.int64(1130), 5: np.int64(1245), 6: np.int64(978), 7: np.int64(964), 8: np.int64(1020), 9: np.int64(1199), 10: np.int64(1149)}",85523.0,43968.0,129491.0,1.8847131729125977,0.0
9,9,10,10000,"{1: np.int64(1063), 2: np.int64(1193), 3: np.int64(1051), 4: np.int64(1130), 5: np.int64(1245), 6: np.int64(978), 7: np.int64(964), 8: np.int64(1020), 9: np.int64(1199), 10: np.int64(1149)}",85523.0,43968.0,129491.0,1.8895318508148193,0.0
9,9,10,10000,"{1: np.int64(1063), 2: np.int64(1193), 3: np.int64(1051), 4: np.int64(1130), 5: np.int64(1245), 6: np.int64(978), 7: np.int64(964), 8: np.int64(1020), 9: np.int64(1199), 10: np.int64(1149)}",85523.0,43968.0,129491.0,1.805483102798462,0.0
9,9,10,10000,"{1: np.int64(1063), 2: np.int64(1193), 3: np.int64(1051), 4: np.int64(1130), 5: np.int64(1245), 6: np.int64(978), 7: np.int64(964), 8: np.int64(1020), 9: np.int64(1199), 10: np.int64(1149)}",85523.0,43968.0,129491.0,2.4877610206604004,0.0
