S,F,T,B,D,Z1,Z2,ObjVal,time,GAP
6,6,10,3000,"{1: np.int64(486), 2: np.int64(430), 3: np.int64(488), 4: np.int64(462), 5: np.int64(558), 6: np.int64(549), 7: np.int64(499), 8: np.int64(429), 9: np.int64(463), 10: np.int64(461)}",34464.0,20217.0,54681.0,1.0060679912567139,0.0
6,6,10,3000,"{1: np.int64(486), 2: np.int64(430), 3: np.int64(488), 4: np.int64(462), 5: np.int64(558), 6: np.int64(549), 7: np.int64(499), 8: np.int64(429), 9: np.int64(463), 10: np.int64(461)}",34464.0,20217.0,54681.0,0.9989979267120361,0.0
6,6,10,3000,"{1: np.int64(486), 2: np.int64(430), 3: np.int64(488), 4: np.int64(462), 5: np.int64(558), 6: np.int64(549), 7: np.int64(499), 8: np.int64(429), 9: np.int64(463), 10: np.int64(461)}",34464.0,20217.0,54681.0,1.0053460597991943,0.0
6,6,10,3000,"{1: np.int64(486), 2: np.int64(430), 3: np.int64(488), 4: np.int64(462), 5: np.int64(558), 6: np.int64(549), 7: np.int64(499), 8: np.int64(429), 9: np.int64(463), 10: np.int64(461)}",34464.0,20217.0,54681.0,1.1010918617248535,0.0
6,6,10,3000,"{1: np.int64(486), 2: np.int64(430), 3: np.int64(488), 4: np.int64(462), 5: np.int64(558), 6: np.int64(549), 7: np.int64(499), 8: np.int64(429), 9: np.int64(463), 10: np.int64(461)}",34464.0,20217.0,54681.0,1.1441080570220947,0.0
