S,F,T,B,D,Z1,Z2,ObjVal,time,GAP
12,12,5,5000,"{1: np.int64(437), 2: np.int64(359), 3: np.int64(466), 4: np.int64(370), 5: np.int64(475)}",15600.99998749501,8427.99999725205,24028.99998474706,2.983168840408325,0.0
