S,F,T,B,D,Z1,Z2,ObjVal,time,GAP
3,3,10,3000,"{1: np.int64(956), 2: np.int64(1074), 3: np.int64(946), 4: np.int64(1017), 5: np.int64(1121), 6: np.int64(880), 7: np.int64(868), 8: np.int64(918), 9: np.int64(1079), 10: np.int64(1034)}",80379.0,39572.0,119951.0,0.00988912582397461,0.0
3,3,10,3000,"{1: np.int64(956), 2: np.int64(1074), 3: np.int64(946), 4: np.int64(1017), 5: np.int64(1121), 6: np.int64(880), 7: np.int64(868), 8: np.int64(918), 9: np.int64(1079), 10: np.int64(1034)}",80379.0,39572.0,119951.0,0.009833097457885742,0.0
3,3,10,3000,"{1: np.int64(956), 2: np.int64(1074), 3: np.int64(946), 4: np.int64(1017), 5: np.int64(1121), 6: np.int64(880), 7: np.int64(868), 8: np.int64(918), 9: np.int64(1079), 10: np.int64(1034)}",80379.0,39572.0,119951.0,0.010066032409667969,0.0
