S,F,T,B,D,Z1,Z2,ObjVal,time,GAP
6,6,15,10000,"{1: np.int64(1670), 2: np.int64(1623), 3: np.int64(1716), 4: np.int64(1632), 5: np.int64(1497), 6: np.int64(1569), 7: np.int64(1822), 8: np.int64(1438), 9: np.int64(1439), 10: np.int64(1729), 11: np.int64(1556), 12: np.int64(1683), 13: np.int64(1652), 14: np.int64(1588), 15: np.int64(1915)}",189727.0,98116.0,287843.0,0.4033470153808594,0.0
6,6,15,10000,"{1: np.int64(1670), 2: np.int64(1623), 3: np.int64(1716), 4: np.int64(1632), 5: np.int64(1497), 6: np.int64(1569), 7: np.int64(1822), 8: np.int64(1438), 9: np.int64(1439), 10: np.int64(1729), 11: np.int64(1556), 12: np.int64(1683), 13: np.int64(1652), 14: np.int64(1588), 15: np.int64(1915)}",189727.0,98116.0,287843.0,0.47521305084228516,0.0
6,6,15,10000,"{1: np.int64(1670), 2: np.int64(1623), 3: np.int64(1716), 4: np.int64(1632), 5: np.int64(1497), 6: np.int64(1569), 7: np.int64(1822), 8: np.int64(1438), 9: np.int64(1439), 10: np.int64(1729), 11: np.int64(1556), 12: np.int64(1683), 13: np.int64(1652), 14: np.int64(1588), 15: np.int64(1915)}",189727.0,98116.0,287843.0,0.4429659843444824,0.0
6,6,15,10000,"{1: np.int64(1670), 2: np.int64(1623), 3: np.int64(1716), 4: np.int64(1632), 5: np.int64(1497), 6: np.int64(1569), 7: np.int64(1822), 8: np.int64(1438), 9: np.int64(1439), 10: np.int64(1729), 11: np.int64(1556), 12: np.int64(1683), 13: np.int64(1652), 14: np.int64(1588), 15: np.int64(1915)}",189727.0,98116.0,287843.0,0.4503939151763916,0.0
6,6,15,10000,"{1: np.int64(1670), 2: np.int64(1623), 3: np.int64(1716), 4: np.int64(1632), 5: np.int64(1497), 6: np.int64(1569), 7: np.int64(1822), 8: np.int64(1438), 9: np.int64(1439), 10: np.int64(1729), 11: np.int64(1556), 12: np.int64(1683), 13: np.int64(1652), 14: np.int64(1588), 15: np.int64(1915)}",189727.0,98116.0,287843.0,0.37422800064086914,0.0
