S,F,T,B,D,Z1,Z2,ObjVal,time,GAP
9,9,5,5000,"{1: np.int64(593), 2: np.int64(544), 3: np.int64(557), 4: np.int64(569), 5: np.int64(480)}",23233.0,10972.0,34205.0,2.45491886138916,0.0
9,9,5,5000,"{1: np.int64(593), 2: np.int64(544), 3: np.int64(557), 4: np.int64(569), 5: np.int64(480)}",23233.0,10972.0,34205.0,2.3664638996124268,0.0
9,9,5,5000,"{1: np.int64(593), 2: np.int64(544), 3: np.int64(557), 4: np.int64(569), 5: np.int64(480)}",23233.0,10972.0,34205.0,2.6977438926696777,0.0
