S,F,T,B,D,Z1,Z2,ObjVal,time,GAP
9,9,10,5000,"{1: np.int64(540), 2: np.int64(478), 3: np.int64(542), 4: np.int64(513), 5: np.int64(620), 6: np.int64(610), 7: np.int64(555), 8: np.int64(477), 9: np.int64(514), 10: np.int64(512)}",40325.999992913385,21443.999996850394,61769.999989763775,6.232646942138672,0.0
9,9,10,5000,"{1: np.int64(540), 2: np.int64(478), 3: np.int64(542), 4: np.int64(513), 5: np.int64(620), 6: np.int64(610), 7: np.int64(555), 8: np.int64(477), 9: np.int64(514), 10: np.int64(512)}",40325.999992913385,21443.999996850394,61769.999989763775,6.275465965270996,0.0
9,9,10,5000,"{1: np.int64(540), 2: np.int64(478), 3: np.int64(542), 4: np.int64(513), 5: np.int64(620), 6: np.int64(610), 7: np.int64(555), 8: np.int64(477), 9: np.int64(514), 10: np.int64(512)}",40325.999992913385,21443.999996850394,61769.999989763775,5.994295835494995,0.0
