S,F,T,B,D,Z1,Z2,ObjVal,time,GAP
12,12,10,7000,"{1: np.int64(544), 2: np.int64(537), 3: np.int64(662), 4: np.int64(557), 5: np.int64(546), 6: np.int64(558), 7: np.int64(661), 8: np.int64(606), 9: np.int64(604), 10: np.int64(621)}",47517.99992760475,23584.0,71101.99992760475,13.98215103149414,3.9896780263737714e-05
