S,F,T,B,D,Z1,Z2,ObjVal,time,GAP
9,9,5,3000,"{1: np.int64(368), 2: np.int64(382), 3: np.int64(292), 4: np.int64(363), 5: np.int64(324)}",13448.999999998934,6916.0,20364.999999998934,0.3039391040802002,0.0
