S,F,T,B,D,Z1,Z2,ObjVal,time,GAP
9,9,5,10000,"{1: np.int64(1063), 2: np.int64(1193), 3: np.int64(1051), 4: np.int64(1130), 5: np.int64(1245)}",46428.0,22728.0,69156.0,0.09457898139953613,0.0
9,9,5,10000,"{1: np.int64(1063), 2: np.int64(1193), 3: np.int64(1051), 4: np.int64(1130), 5: np.int64(1245)}",46428.0,22728.0,69156.0,0.10533404350280762,0.0
9,9,5,10000,"{1: np.int64(1063), 2: np.int64(1193), 3: np.int64(1051), 4: np.int64(1130), 5: np.int64(1245)}",46428.0,22728.0,69156.0,0.1814420223236084,0.0
