S,F,T,B,D,Z1,Z2,ObjVal,time,GAP
12,12,15,3000,"{1: np.int64(251), 2: np.int64(212), 3: np.int64(215), 4: np.int64(243), 5: np.int64(220), 6: np.int64(266), 7: np.int64(230), 8: np.int64(219), 9: np.int64(226), 10: np.int64(229), 11: np.int64(228), 12: np.int64(251), 13: np.int64(247), 14: np.int64(235), 15: np.int64(260)}",25029.0,14128.0,39157.0,86.61031603813171,9.665295116300427e-05
12,12,15,3000,"{1: np.int64(251), 2: np.int64(212), 3: np.int64(215), 4: np.int64(243), 5: np.int64(220), 6: np.int64(266), 7: np.int64(230), 8: np.int64(219), 9: np.int64(226), 10: np.int64(229), 11: np.int64(228), 12: np.int64(251), 13: np.int64(247), 14: np.int64(235), 15: np.int64(260)}",25029.0,14128.0,39157.0,100.05199003219604,0.025506658784140136
12,12,15,3000,"{1: np.int64(251), 2: np.int64(212), 3: np.int64(215), 4: np.int64(243), 5: np.int64(220), 6: np.int64(266), 7: np.int64(230), 8: np.int64(219), 9: np.int64(226), 10: np.int64(229), 11: np.int64(228), 12: np.int64(251), 13: np.int64(247), 14: np.int64(235), 15: np.int64(260)}",25029.0,14128.0,39157.0,100.04820013046265,0.025506658784140136
12,12,15,3000,"{1: np.int64(251), 2: np.int64(212), 3: np.int64(215), 4: np.int64(243), 5: np.int64(220), 6: np.int64(266), 7: np.int64(230), 8: np.int64(219), 9: np.int64(226), 10: np.int64(229), 11: np.int64(228), 12: np.int64(251), 13: np.int64(247), 14: np.int64(235), 15: np.int64(260)}",25029.0,14128.0,39157.0,100.03176808357239,0.006166610404863289
12,12,15,3000,"{1: np.int64(251), 2: np.int64(212), 3: np.int64(215), 4: np.int64(243), 5: np.int64(220), 6: np.int64(266), 7: np.int64(230), 8: np.int64(219), 9: np.int64(226), 10: np.int64(229), 11: np.int64(228), 12: np.int64(251), 13: np.int64(247), 14: np.int64(235), 15: np.int64(260)}",25029.0,14128.0,39157.0,100.05408191680908,0.026148236829913334
