S,F,T,B,D,Z1,Z2,ObjVal,time,GAP
9,9,15,3000,"{1: np.int64(368), 2: np.int64(382), 3: np.int64(292), 4: np.int64(363), 5: np.int64(324), 6: np.int64(298), 7: np.int64(312), 8: np.int64(360), 9: np.int64(370), 10: np.int64(287), 11: np.int64(344), 12: np.int64(287), 13: np.int64(355), 14: np.int64(316), 15: np.int64(371)}",38401.0,20116.0,58517.0,0.4636399745941162,0.0
9,9,15,3000,"{1: np.int64(368), 2: np.int64(382), 3: np.int64(292), 4: np.int64(363), 5: np.int64(324), 6: np.int64(298), 7: np.int64(312), 8: np.int64(360), 9: np.int64(370), 10: np.int64(287), 11: np.int64(344), 12: np.int64(287), 13: np.int64(355), 14: np.int64(316), 15: np.int64(371)}",38401.0,20116.0,58517.0,0.8589539527893066,0.0
9,9,15,3000,"{1: np.int64(368), 2: np.int64(382), 3: np.int64(292), 4: np.int64(363), 5: np.int64(324), 6: np.int64(298), 7: np.int64(312), 8: np.int64(360), 9: np.int64(370), 10: np.int64(287), 11: np.int64(344), 12: np.int64(287), 13: np.int64(355), 14: np.int64(316), 15: np.int64(371)}",38401.0,20116.0,58517.0,0.8452730178833008,0.0
9,9,15,3000,"{1: np.int64(368), 2: np.int64(382), 3: np.int64(292), 4: np.int64(363), 5: np.int64(324), 6: np.int64(298), 7: np.int64(312), 8: np.int64(360), 9: np.int64(370), 10: np.int64(287), 11: np.int64(344), 12: np.int64(287), 13: np.int64(355), 14: np.int64(316), 15: np.int64(371)}",38401.0,20116.0,58517.0,0.47977495193481445,0.0
