S,F,T,B,D,Z1,Z2,ObjVal,time,GAP
6,6,10,10000,"{1: np.int64(1670), 2: np.int64(1623), 3: np.int64(1716), 4: np.int64(1632), 5: np.int64(1497), 6: np.int64(1569), 7: np.int64(1822), 8: np.int64(1438), 9: np.int64(1439), 10: np.int64(1729)}",128628.0,64540.0,193168.0,0.66544508934021,1.0561679548460576e-13
6,6,10,10000,"{1: np.int64(1670), 2: np.int64(1623), 3: np.int64(1716), 4: np.int64(1632), 5: np.int64(1497), 6: np.int64(1569), 7: np.int64(1822), 8: np.int64(1438), 9: np.int64(1439), 10: np.int64(1729)}",128628.0,64540.0,193168.0,0.5699429512023926,1.0561679548460576e-13
6,6,10,10000,"{1: np.int64(1670), 2: np.int64(1623), 3: np.int64(1716), 4: np.int64(1632), 5: np.int64(1497), 6: np.int64(1569), 7: np.int64(1822), 8: np.int64(1438), 9: np.int64(1439), 10: np.int64(1729)}",128628.0,64540.0,193168.0,1.0861320495605469,1.0561679548460576e-13
6,6,10,10000,"{1: np.int64(1670), 2: np.int64(1623), 3: np.int64(1716), 4: np.int64(1632), 5: np.int64(1497), 6: np.int64(1569), 7: np.int64(1822), 8: np.int64(1438), 9: np.int64(1439), 10: np.int64(1729)}",128628.0,64540.0,193168.0,1.10919189453125,1.0561679548460576e-13
6,6,10,10000,"{1: np.int64(1670), 2: np.int64(1623), 3: np.int64(1716), 4: np.int64(1632), 5: np.int64(1497), 6: np.int64(1569), 7: np.int64(1822), 8: np.int64(1438), 9: np.int64(1439), 10: np.int64(1729)}",128628.0,64540.0,193168.0,1.0535778999328613,1.0561679548460576e-13
