S,F,T,B,D,Z1,Z2,ObjVal,time,GAP
6,6,5,3000,"{1: np.int64(518), 2: np.int64(470), 3: np.int64(501), 4: np.int64(482), 5: np.int64(477)}",18037.999997007646,9792.000000000144,27829.99999700779,0.25786399841308594,0.0
6,6,5,3000,"{1: np.int64(518), 2: np.int64(470), 3: np.int64(501), 4: np.int64(482), 5: np.int64(477)}",18037.999997007646,9792.000000000144,27829.99999700779,0.2476809024810791,0.0
6,6,5,3000,"{1: np.int64(518), 2: np.int64(470), 3: np.int64(501), 4: np.int64(482), 5: np.int64(477)}",18037.999997007646,9792.000000000144,27829.99999700779,0.4048938751220703,0.0
6,6,5,3000,"{1: np.int64(518), 2: np.int64(470), 3: np.int64(501), 4: np.int64(482), 5: np.int64(477)}",18037.999997007646,9792.000000000144,27829.99999700779,0.35448479652404785,0.0
6,6,5,3000,"{1: np.int64(518), 2: np.int64(470), 3: np.int64(501), 4: np.int64(482), 5: np.int64(477)}",18037.999997007646,9792.000000000144,27829.99999700779,0.2514948844909668,0.0
