S,F,T,B,D,Z1,Z2,ObjVal,time,GAP
12,12,5,7000,"{1: np.int64(612), 2: np.int64(503), 3: np.int64(653), 4: np.int64(518), 5: np.int64(665)}",21835.999946845026,11804.000000002568,33639.999946847594,6.706490993499756,0.0
12,12,5,7000,"{1: np.int64(612), 2: np.int64(503), 3: np.int64(653), 4: np.int64(518), 5: np.int64(665)}",21835.999946845026,11804.000000002568,33639.999946847594,6.713698148727417,0.0
12,12,5,7000,"{1: np.int64(612), 2: np.int64(503), 3: np.int64(653), 4: np.int64(518), 5: np.int64(665)}",21835.999946845026,11804.000000002568,33639.999946847594,7.845908164978027,0.0
12,12,5,7000,"{1: np.int64(612), 2: np.int64(503), 3: np.int64(653), 4: np.int64(518), 5: np.int64(665)}",21835.999946845026,11804.000000002568,33639.999946847594,9.40093207359314,0.0
12,12,5,7000,"{1: np.int64(612), 2: np.int64(503), 3: np.int64(653), 4: np.int64(518), 5: np.int64(665)}",21835.999946845026,11804.000000002568,33639.999946847594,6.867377996444702,0.0
