S,F,T,B,D,Z1,Z2,ObjVal,time,GAP
6,6,10,10000,"{1: np.int64(1754), 2: np.int64(1898), 3: np.int64(1542), 4: np.int64(1644), 5: np.int64(1713), 6: np.int64(1576), 7: np.int64(1598), 8: np.int64(1573), 9: np.int64(1601), 10: np.int64(1714)}",111605.0,66452.0,178057.0,0.621690034866333,0.0
6,6,10,10000,"{1: np.int64(1754), 2: np.int64(1898), 3: np.int64(1542), 4: np.int64(1644), 5: np.int64(1713), 6: np.int64(1576), 7: np.int64(1598), 8: np.int64(1573), 9: np.int64(1601), 10: np.int64(1714)}",111605.0,66452.0,178057.0,0.5097570419311523,0.0
6,6,10,10000,"{1: np.int64(1754), 2: np.int64(1898), 3: np.int64(1542), 4: np.int64(1644), 5: np.int64(1713), 6: np.int64(1576), 7: np.int64(1598), 8: np.int64(1573), 9: np.int64(1601), 10: np.int64(1714)}",111605.0,66452.0,178057.0,0.57666015625,0.0
6,6,10,10000,"{1: np.int64(1754), 2: np.int64(1898), 3: np.int64(1542), 4: np.int64(1644), 5: np.int64(1713), 6: np.int64(1576), 7: np.int64(1598), 8: np.int64(1573), 9: np.int64(1601), 10: np.int64(1714)}",111605.0,66452.0,178057.0,0.7116022109985352,0.0
6,6,10,10000,"{1: np.int64(1754), 2: np.int64(1898), 3: np.int64(1542), 4: np.int64(1644), 5: np.int64(1713), 6: np.int64(1576), 7: np.int64(1598), 8: np.int64(1573), 9: np.int64(1601), 10: np.int64(1714)}",111605.0,66452.0,178057.0,0.7013580799102783,0.0
