S,F,T,B,D,Z1,Z2,ObjVal,time,GAP
12,12,10,5000,"{1: np.int64(384), 2: np.int64(460), 3: np.int64(398), 4: np.int64(450), 5: np.int64(477), 6: np.int64(432), 7: np.int64(438), 8: np.int64(430), 9: np.int64(393), 10: np.int64(468)}",32483.99999045524,17320.0,49803.99999045524,30.310800075531006,1.7647127702766427e-05
12,12,10,5000,"{1: np.int64(384), 2: np.int64(460), 3: np.int64(398), 4: np.int64(450), 5: np.int64(477), 6: np.int64(432), 7: np.int64(438), 8: np.int64(430), 9: np.int64(393), 10: np.int64(468)}",32483.99999045524,17320.0,49803.99999045524,29.586644172668457,1.7647127702766427e-05
12,12,10,5000,"{1: np.int64(384), 2: np.int64(460), 3: np.int64(398), 4: np.int64(450), 5: np.int64(477), 6: np.int64(432), 7: np.int64(438), 8: np.int64(430), 9: np.int64(393), 10: np.int64(468)}",32483.99999045524,17320.0,49803.99999045524,32.15778303146362,1.7647127702766427e-05
12,12,10,5000,"{1: np.int64(384), 2: np.int64(460), 3: np.int64(398), 4: np.int64(450), 5: np.int64(477), 6: np.int64(432), 7: np.int64(438), 8: np.int64(430), 9: np.int64(393), 10: np.int64(468)}",32483.99999045524,17320.0,49803.99999045524,33.559818983078,1.7647127702766427e-05
12,12,10,5000,"{1: np.int64(384), 2: np.int64(460), 3: np.int64(398), 4: np.int64(450), 5: np.int64(477), 6: np.int64(432), 7: np.int64(438), 8: np.int64(430), 9: np.int64(393), 10: np.int64(468)}",32483.99999045524,17320.0,49803.99999045524,25.02505111694336,1.7647127702766427e-05
