S,F,T,B,D,Z1,Z2,ObjVal,time,GAP
12,12,10,3000,"{1: np.int64(251), 2: np.int64(212), 3: np.int64(215), 4: np.int64(243), 5: np.int64(220), 6: np.int64(266), 7: np.int64(230), 8: np.int64(219), 9: np.int64(226), 10: np.int64(229)}",16122.0,9244.0,25366.0,41.02204608917236,9.089479304143152e-05
12,12,10,3000,"{1: np.int64(251), 2: np.int64(212), 3: np.int64(215), 4: np.int64(243), 5: np.int64(220), 6: np.int64(266), 7: np.int64(230), 8: np.int64(219), 9: np.int64(226), 10: np.int64(229)}",16122.0,9244.0,25366.0,39.27160286903381,9.089479304143152e-05
12,12,10,3000,"{1: np.int64(251), 2: np.int64(212), 3: np.int64(215), 4: np.int64(243), 5: np.int64(220), 6: np.int64(266), 7: np.int64(230), 8: np.int64(219), 9: np.int64(226), 10: np.int64(229)}",16122.0,9244.0,25366.0,38.60611295700073,9.089479304143152e-05
12,12,10,3000,"{1: np.int64(251), 2: np.int64(212), 3: np.int64(215), 4: np.int64(243), 5: np.int64(220), 6: np.int64(266), 7: np.int64(230), 8: np.int64(219), 9: np.int64(226), 10: np.int64(229)}",16122.0,9244.0,25366.0,39.015373945236206,9.089479304143152e-05
12,12,10,3000,"{1: np.int64(251), 2: np.int64(212), 3: np.int64(215), 4: np.int64(243), 5: np.int64(220), 6: np.int64(266), 7: np.int64(230), 8: np.int64(219), 9: np.int64(226), 10: np.int64(229)}",16122.0,9244.0,25366.0,55.02260780334473,9.089479304143152e-05
