S,F,T,B,D,Z1,Z2,ObjVal,time,GAP
12,12,10,10000,"{1: np.int64(862), 2: np.int64(903), 3: np.int64(802), 4: np.int64(851), 5: np.int64(764), 6: np.int64(728), 7: np.int64(775), 8: np.int64(931), 9: np.int64(849), 10: np.int64(939)}",66952.99998907329,33616.0,100568.99998907327,95.63765692710876,7.48786174696919e-05
