S,F,T,B,D,Z1,Z2,ObjVal,time,GAP
12,12,10,10000,"{1: np.int64(868), 2: np.int64(909), 3: np.int64(794), 4: np.int64(740), 5: np.int64(781), 6: np.int64(906), 7: np.int64(776), 8: np.int64(794), 9: np.int64(812), 10: np.int64(813)}",63445.999987822666,32772.0,96217.99998782267,68.91980314254761,0.0
12,12,10,10000,"{1: np.int64(868), 2: np.int64(909), 3: np.int64(794), 4: np.int64(740), 5: np.int64(781), 6: np.int64(906), 7: np.int64(776), 8: np.int64(794), 9: np.int64(812), 10: np.int64(813)}",63445.999987822666,32772.0,96217.99998782267,75.01648306846619,0.0
12,12,10,10000,"{1: np.int64(868), 2: np.int64(909), 3: np.int64(794), 4: np.int64(740), 5: np.int64(781), 6: np.int64(906), 7: np.int64(776), 8: np.int64(794), 9: np.int64(812), 10: np.int64(813)}",63445.999987822666,32772.0,96217.99998782267,67.33272504806519,0.0
12,12,10,10000,"{1: np.int64(868), 2: np.int64(909), 3: np.int64(794), 4: np.int64(740), 5: np.int64(781), 6: np.int64(906), 7: np.int64(776), 8: np.int64(794), 9: np.int64(812), 10: np.int64(813)}",63445.999987822666,32772.0,96217.99998782267,80.06685209274292,0.0
12,12,10,10000,"{1: np.int64(868), 2: np.int64(909), 3: np.int64(794), 4: np.int64(740), 5: np.int64(781), 6: np.int64(906), 7: np.int64(776), 8: np.int64(794), 9: np.int64(812), 10: np.int64(813)}",63445.999987822666,32772.0,96217.99998782267,78.17836499214172,0.0
