S,F,T,B,D,Z1,Z2,ObjVal,time,GAP
12,12,15,5000,"{1: np.int64(467), 2: np.int64(434), 3: np.int64(400), 4: np.int64(421), 5: np.int64(380), 6: np.int64(427), 7: np.int64(355), 8: np.int64(373), 9: np.int64(395), 10: np.int64(452), 11: np.int64(443), 12: np.int64(396), 13: np.int64(431), 14: np.int64(359), 15: np.int64(374)}",53922.0,24428.0,78350.0,1.5729730129241943,2.6857583252677426e-06
