S,F,T,B,D,Z1,Z2,ObjVal,time,GAP
12,12,5,5000,"{1: np.int64(419), 2: np.int64(354), 3: np.int64(358), 4: np.int64(405), 5: np.int64(368)}",12806.0,7616.0,20422.0,8.418843984603882,0.0
12,12,5,5000,"{1: np.int64(419), 2: np.int64(354), 3: np.int64(358), 4: np.int64(405), 5: np.int64(368)}",12806.0,7616.0,20422.0,5.5624840259552,0.0
12,12,5,5000,"{1: np.int64(419), 2: np.int64(354), 3: np.int64(358), 4: np.int64(405), 5: np.int64(368)}",12806.0,7616.0,20422.0,8.717725992202759,0.0
