S,F,T,B,D,Z1,Z2,ObjVal,time,GAP
12,12,5,10000,"{1: np.int64(830), 2: np.int64(773), 3: np.int64(815), 4: np.int64(878), 5: np.int64(937)}",33617.99999045473,16932.00000006485,50549.99999051959,8.45865511894226,3.554630108639006e-05
