S,F,T,B,D,Z1,Z2,ObjVal,time,GAP
12,12,10,7000,"{1: np.int64(583), 2: np.int64(551), 3: np.int64(550), 4: np.int64(557), 5: np.int64(609), 6: np.int64(598), 7: np.int64(558), 8: np.int64(529), 9: np.int64(553), 10: np.int64(517)}",44626.999992615856,22420.000000000473,67046.99999261633,75.27914690971375,6.799513311472709e-05
