S,F,T,B,D,Z1,Z2,ObjVal,time,GAP
9,9,10,5000,"{1: np.int64(608), 2: np.int64(632), 3: np.int64(567), 4: np.int64(500), 5: np.int64(616), 6: np.int64(634), 7: np.int64(589), 8: np.int64(557), 9: np.int64(535), 10: np.int64(530)}",48446.0,23072.0,71518.0,0.9819908142089844,8.391602353233483e-05
