S,F,T,B,D,Z1,Z2,ObjVal,time,GAP
12,12,10,7000,"{1: np.int64(612), 2: np.int64(503), 3: np.int64(653), 4: np.int64(518), 5: np.int64(665), 6: np.int64(612), 7: np.int64(506), 8: np.int64(525), 9: np.int64(606), 10: np.int64(595)}",45641.99997513557,23180.0,68821.99997513558,19.662546157836914,0.0
