S,F,T,B,D,Z1,Z2,ObjVal,time,GAP
6,6,5,10000,"{1: np.int64(1743), 2: np.int64(1553), 3: np.int64(1529), 4: np.int64(1854), 5: np.int64(1469)}",62423.0,34286.0,96709.0,0.14701294898986816,0.0
6,6,5,10000,"{1: np.int64(1743), 2: np.int64(1553), 3: np.int64(1529), 4: np.int64(1854), 5: np.int64(1469)}",62423.0,34286.0,96709.0,0.18596816062927246,0.0
6,6,5,10000,"{1: np.int64(1743), 2: np.int64(1553), 3: np.int64(1529), 4: np.int64(1854), 5: np.int64(1469)}",62423.0,34286.0,96709.0,0.14940810203552246,0.0
6,6,5,10000,"{1: np.int64(1743), 2: np.int64(1553), 3: np.int64(1529), 4: np.int64(1854), 5: np.int64(1469)}",62423.0,34286.0,96709.0,0.23298406600952148,0.0
6,6,5,10000,"{1: np.int64(1743), 2: np.int64(1553), 3: np.int64(1529), 4: np.int64(1854), 5: np.int64(1469)}",62423.0,34286.0,96709.0,0.26894092559814453,0.0
