S,F,T,B,D,Z1,Z2,ObjVal,time,GAP
9,9,10,3000,"{1: np.int64(300), 2: np.int64(338), 3: np.int64(353), 4: np.int64(350), 5: np.int64(320), 6: np.int64(327), 7: np.int64(334), 8: np.int64(361), 9: np.int64(335), 10: np.int64(322)}",28357.99999296496,13360.000000000004,41717.99999296497,0.8259170055389404,6.75813993095396e-12
