S,F,T,B,D,Z1,Z2,ObjVal,time,GAP
6,6,5,7000,"{1: np.int64(1210), 2: np.int64(1097), 3: np.int64(1169), 4: np.int64(1126), 5: np.int64(1114)}",42088.0,22864.0,64952.0,0.20043683052062988,7.841437261251999e-15
