S,F,T,B,D,Z1,Z2,ObjVal,time,GAP
12,12,5,5000,"{1: np.int64(416), 2: np.int64(393), 3: np.int64(393), 4: np.int64(398), 5: np.int64(435)}",16596.0,8140.0,24736.0,1.2958319187164307,0.0
12,12,5,5000,"{1: np.int64(416), 2: np.int64(393), 3: np.int64(393), 4: np.int64(398), 5: np.int64(435)}",16596.0,8140.0,24736.0,1.861577033996582,0.0
12,12,5,5000,"{1: np.int64(416), 2: np.int64(393), 3: np.int64(393), 4: np.int64(398), 5: np.int64(435)}",16596.0,8140.0,24736.0,1.5913870334625244,0.0
