S,F,T,B,D,Z1,Z2,ObjVal,time,GAP
3,3,15,5000,"{1: np.int64(1843), 2: np.int64(1911), 3: np.int64(1460), 4: np.int64(1816), 5: np.int64(1621), 6: np.int64(1492), 7: np.int64(1563), 8: np.int64(1801), 9: np.int64(1853), 10: np.int64(1438), 11: np.int64(1723), 12: np.int64(1439), 13: np.int64(1775), 14: np.int64(1582), 15: np.int64(1857)}",187288.0,104386.0,291674.0,0.013660192489624023,0.0
3,3,15,5000,"{1: np.int64(1843), 2: np.int64(1911), 3: np.int64(1460), 4: np.int64(1816), 5: np.int64(1621), 6: np.int64(1492), 7: np.int64(1563), 8: np.int64(1801), 9: np.int64(1853), 10: np.int64(1438), 11: np.int64(1723), 12: np.int64(1439), 13: np.int64(1775), 14: np.int64(1582), 15: np.int64(1857)}",187288.0,104386.0,291674.0,0.01399087905883789,0.0
3,3,15,5000,"{1: np.int64(1843), 2: np.int64(1911), 3: np.int64(1460), 4: np.int64(1816), 5: np.int64(1621), 6: np.int64(1492), 7: np.int64(1563), 8: np.int64(1801), 9: np.int64(1853), 10: np.int64(1438), 11: np.int64(1723), 12: np.int64(1439), 13: np.int64(1775), 14: np.int64(1582), 15: np.int64(1857)}",187288.0,104386.0,291674.0,0.013686180114746094,0.0
