S,F,T,B,D,Z1,Z2,ObjVal,time,GAP
12,12,15,5000,"{1: np.int64(419), 2: np.int64(354), 3: np.int64(358), 4: np.int64(405), 5: np.int64(368), 6: np.int64(444), 7: np.int64(384), 8: np.int64(366), 9: np.int64(376), 10: np.int64(383), 11: np.int64(381), 12: np.int64(419), 13: np.int64(412), 14: np.int64(392), 15: np.int64(434)}",41643.99998877503,23580.000000000182,65223.99998877521,91.00903105735779,0.0
