S,F,T,B,D,Z1,Z2,ObjVal,time,GAP
9,9,5,5000,"{1: np.int64(596), 2: np.int64(611), 3: np.int64(582), 4: np.int64(558), 5: np.int64(520)}",23651.0,11468.0,35119.0,4.786790132522583,0.0
9,9,5,5000,"{1: np.int64(596), 2: np.int64(611), 3: np.int64(582), 4: np.int64(558), 5: np.int64(520)}",23651.0,11468.0,35119.0,3.4521000385284424,0.0
9,9,5,5000,"{1: np.int64(596), 2: np.int64(611), 3: np.int64(582), 4: np.int64(558), 5: np.int64(520)}",23651.0,11468.0,35119.0,5.205152988433838,0.0
9,9,5,5000,"{1: np.int64(596), 2: np.int64(611), 3: np.int64(582), 4: np.int64(558), 5: np.int64(520)}",23651.0,11468.0,35119.0,3.5538389682769775,0.0
9,9,5,5000,"{1: np.int64(596), 2: np.int64(611), 3: np.int64(582), 4: np.int64(558), 5: np.int64(520)}",23651.0,11468.0,35119.0,4.058815002441406,0.0
