S,F,T,B,D,Z1,Z2,ObjVal,time,GAP
9,9,5,10000,"{1: np.int64(1237), 2: np.int64(1127), 3: np.int64(1237), 4: np.int64(1011), 5: np.int64(1168)}",44034.0,23120.0,67154.0,4.10083794593811,0.0
9,9,5,10000,"{1: np.int64(1237), 2: np.int64(1127), 3: np.int64(1237), 4: np.int64(1011), 5: np.int64(1168)}",44034.0,23120.0,67154.0,1.6360111236572266,0.0
9,9,5,10000,"{1: np.int64(1237), 2: np.int64(1127), 3: np.int64(1237), 4: np.int64(1011), 5: np.int64(1168)}",44034.0,23120.0,67154.0,1.9084510803222656,0.0
9,9,5,10000,"{1: np.int64(1237), 2: np.int64(1127), 3: np.int64(1237), 4: np.int64(1011), 5: np.int64(1168)}",44034.0,23120.0,67154.0,1.849848985671997,0.0
9,9,5,10000,"{1: np.int64(1237), 2: np.int64(1127), 3: np.int64(1237), 4: np.int64(1011), 5: np.int64(1168)}",44034.0,23120.0,67154.0,1.98201584815979,0.0
