S,F,T,B,D,Z1,Z2,ObjVal,time,GAP
12,12,5,7000,"{1: np.int64(538), 2: np.int64(644), 3: np.int64(558), 4: np.int64(630), 5: np.int64(668)}",21236.0,12152.0,33388.0,4.932544231414795,1.8244788420357713e-10
