S,F,T,B,D,Z1,Z2,ObjVal,time,GAP
9,9,10,7000,"{1: np.int64(831), 2: np.int64(762), 3: np.int64(780), 4: np.int64(796), 5: np.int64(673), 6: np.int64(758), 7: np.int64(783), 8: np.int64(703), 9: np.int64(682), 10: np.int64(848)}",63507.0,30464.0,93971.0,35.89060592651367,6.6180545180397585e-12
9,9,10,7000,"{1: np.int64(831), 2: np.int64(762), 3: np.int64(780), 4: np.int64(796), 5: np.int64(673), 6: np.int64(758), 7: np.int64(783), 8: np.int64(703), 9: np.int64(682), 10: np.int64(848)}",63507.0,30464.0,93971.0,36.70802593231201,6.6180545180397585e-12
9,9,10,7000,"{1: np.int64(831), 2: np.int64(762), 3: np.int64(780), 4: np.int64(796), 5: np.int64(673), 6: np.int64(758), 7: np.int64(783), 8: np.int64(703), 9: np.int64(682), 10: np.int64(848)}",63507.0,30464.0,93971.0,36.599287033081055,6.6180545180397585e-12
9,9,10,7000,"{1: np.int64(831), 2: np.int64(762), 3: np.int64(780), 4: np.int64(796), 5: np.int64(673), 6: np.int64(758), 7: np.int64(783), 8: np.int64(703), 9: np.int64(682), 10: np.int64(848)}",63507.0,30464.0,93971.0,42.14578294754028,6.6180545180397585e-12
9,9,10,7000,"{1: np.int64(831), 2: np.int64(762), 3: np.int64(780), 4: np.int64(796), 5: np.int64(673), 6: np.int64(758), 7: np.int64(783), 8: np.int64(703), 9: np.int64(682), 10: np.int64(848)}",63507.0,30464.0,93971.0,32.24251103401184,6.6180545180397585e-12
