S,F,T,B,D,Z1,Z2,ObjVal,time,GAP
6,6,5,5000,"{1: np.int64(864), 2: np.int64(783), 3: np.int64(835), 4: np.int64(804), 5: np.int64(796)}",30064.0,16328.0,46392.0,0.3219640254974365,0.0
6,6,5,5000,"{1: np.int64(864), 2: np.int64(783), 3: np.int64(835), 4: np.int64(804), 5: np.int64(796)}",30064.0,16328.0,46392.0,0.24990606307983398,0.0
6,6,5,5000,"{1: np.int64(864), 2: np.int64(783), 3: np.int64(835), 4: np.int64(804), 5: np.int64(796)}",30064.0,16328.0,46392.0,0.2015361785888672,0.0
6,6,5,5000,"{1: np.int64(864), 2: np.int64(783), 3: np.int64(835), 4: np.int64(804), 5: np.int64(796)}",30064.0,16328.0,46392.0,0.3162729740142822,0.0
6,6,5,5000,"{1: np.int64(864), 2: np.int64(783), 3: np.int64(835), 4: np.int64(804), 5: np.int64(796)}",30064.0,16328.0,46392.0,0.16129016876220703,0.0
