S,F,T,B,D,Z1,Z2,ObjVal,time,GAP
12,12,10,3000,"{1: np.int64(251), 2: np.int64(212), 3: np.int64(215), 4: np.int64(243), 5: np.int64(220), 6: np.int64(266), 7: np.int64(230), 8: np.int64(219), 9: np.int64(226), 10: np.int64(229)}",16121.999996053999,9244.0,25365.999996054,18.629106998443604,0.0
12,12,10,3000,"{1: np.int64(251), 2: np.int64(212), 3: np.int64(215), 4: np.int64(243), 5: np.int64(220), 6: np.int64(266), 7: np.int64(230), 8: np.int64(219), 9: np.int64(226), 10: np.int64(229)}",16121.999996053999,9244.0,25365.999996054,20.53917407989502,0.0
12,12,10,3000,"{1: np.int64(251), 2: np.int64(212), 3: np.int64(215), 4: np.int64(243), 5: np.int64(220), 6: np.int64(266), 7: np.int64(230), 8: np.int64(219), 9: np.int64(226), 10: np.int64(229)}",16121.999996053999,9244.0,25365.999996054,20.007148027420044,0.0
