S,F,T,B,D,Z1,Z2,ObjVal,time,GAP
6,6,5,5000,"{1: np.int64(820), 2: np.int64(873), 3: np.int64(957), 4: np.int64(937), 5: np.int64(906)}",37918.99998157921,17972.0,55890.99998157921,0.22181105613708496,0.0
