S,F,T,B,D,Z1,Z2,ObjVal,time,GAP
9,9,15,5000,"{1: np.int64(540), 2: np.int64(478), 3: np.int64(542), 4: np.int64(513), 5: np.int64(620), 6: np.int64(610), 7: np.int64(555), 8: np.int64(477), 9: np.int64(514), 10: np.int64(512), 11: np.int64(506), 12: np.int64(510), 13: np.int64(617), 14: np.int64(495), 15: np.int64(480)}",55949.0,31876.0,87825.0,69.06723809242249,0.0
9,9,15,5000,"{1: np.int64(540), 2: np.int64(478), 3: np.int64(542), 4: np.int64(513), 5: np.int64(620), 6: np.int64(610), 7: np.int64(555), 8: np.int64(477), 9: np.int64(514), 10: np.int64(512), 11: np.int64(506), 12: np.int64(510), 13: np.int64(617), 14: np.int64(495), 15: np.int64(480)}",55949.0,31876.0,87825.0,42.78143906593323,0.0
9,9,15,5000,"{1: np.int64(540), 2: np.int64(478), 3: np.int64(542), 4: np.int64(513), 5: np.int64(620), 6: np.int64(610), 7: np.int64(555), 8: np.int64(477), 9: np.int64(514), 10: np.int64(512), 11: np.int64(506), 12: np.int64(510), 13: np.int64(617), 14: np.int64(495), 15: np.int64(480)}",55949.0,31876.0,87825.0,57.60405397415161,0.0
9,9,15,5000,"{1: np.int64(540), 2: np.int64(478), 3: np.int64(542), 4: np.int64(513), 5: np.int64(620), 6: np.int64(610), 7: np.int64(555), 8: np.int64(477), 9: np.int64(514), 10: np.int64(512), 11: np.int64(506), 12: np.int64(510), 13: np.int64(617), 14: np.int64(495), 15: np.int64(480)}",55949.0,31876.0,87825.0,61.2550790309906,0.0
9,9,15,5000,"{1: np.int64(540), 2: np.int64(478), 3: np.int64(542), 4: np.int64(513), 5: np.int64(620), 6: np.int64(610), 7: np.int64(555), 8: np.int64(477), 9: np.int64(514), 10: np.int64(512), 11: np.int64(506), 12: np.int64(510), 13: np.int64(617), 14: np.int64(495), 15: np.int64(480)}",55949.0,31876.0,87825.0,50.65206503868103,0.0
