S,F,T,B,D,Z1,Z2,ObjVal,time,GAP
9,9,5,7000,"{1: np.int64(756), 2: np.int64(669), 3: np.int64(759), 4: np.int64(719), 5: np.int64(868)}",28841.0,15084.0,43925.0,0.8789219856262207,1.7193953337558102e-13
9,9,5,7000,"{1: np.int64(756), 2: np.int64(669), 3: np.int64(759), 4: np.int64(719), 5: np.int64(868)}",28841.0,15084.0,43925.0,0.9913339614868164,1.7193953337558102e-13
9,9,5,7000,"{1: np.int64(756), 2: np.int64(669), 3: np.int64(759), 4: np.int64(719), 5: np.int64(868)}",26135.0,15084.0,41219.0,2.12349796295166,0.0
9,9,5,7000,"{1: np.int64(756), 2: np.int64(669), 3: np.int64(759), 4: np.int64(719), 5: np.int64(868)}",28841.0,15084.0,43925.0,1.1127960681915283,1.7193953337558102e-13
