S,F,T,B,D,Z1,Z2,ObjVal,time,GAP
9,9,15,5000,"{1: np.int64(540), 2: np.int64(478), 3: np.int64(542), 4: np.int64(513), 5: np.int64(620), 6: np.int64(610), 7: np.int64(555), 8: np.int64(477), 9: np.int64(514), 10: np.int64(512), 11: np.int64(506), 12: np.int64(510), 13: np.int64(617), 14: np.int64(495), 15: np.int64(480)}",55949.0,31876.0,87825.0,42.830146074295044,6.608057971517515e-05
9,9,15,5000,"{1: np.int64(540), 2: np.int64(478), 3: np.int64(542), 4: np.int64(513), 5: np.int64(620), 6: np.int64(610), 7: np.int64(555), 8: np.int64(477), 9: np.int64(514), 10: np.int64(512), 11: np.int64(506), 12: np.int64(510), 13: np.int64(617), 14: np.int64(495), 15: np.int64(480)}",55948.99997735824,31876.000000000004,87824.99997735824,55.8880500793457,0.0
9,9,15,5000,"{1: np.int64(540), 2: np.int64(478), 3: np.int64(542), 4: np.int64(513), 5: np.int64(620), 6: np.int64(610), 7: np.int64(555), 8: np.int64(477), 9: np.int64(514), 10: np.int64(512), 11: np.int64(506), 12: np.int64(510), 13: np.int64(617), 14: np.int64(495), 15: np.int64(480)}",55948.99997735824,31876.000000000004,87824.99997735824,53.95152401924133,0.0
9,9,15,5000,"{1: np.int64(540), 2: np.int64(478), 3: np.int64(542), 4: np.int64(513), 5: np.int64(620), 6: np.int64(610), 7: np.int64(555), 8: np.int64(477), 9: np.int64(514), 10: np.int64(512), 11: np.int64(506), 12: np.int64(510), 13: np.int64(617), 14: np.int64(495), 15: np.int64(480)}",55948.99997735824,31876.000000000004,87824.99997735824,51.41642093658447,0.0
