S,F,T,B,D,Z1,Z2,ObjVal,time,GAP
9,9,10,10000,"{1: np.int64(1169), 2: np.int64(1265), 3: np.int64(1028), 4: np.int64(1096), 5: np.int64(1142), 6: np.int64(1051), 7: np.int64(1065), 8: np.int64(1048), 9: np.int64(1067), 10: np.int64(1142)}",86000.99996296658,44292.0,130292.9999629666,20.22306180000305,0.0
9,9,10,10000,"{1: np.int64(1169), 2: np.int64(1265), 3: np.int64(1028), 4: np.int64(1096), 5: np.int64(1142), 6: np.int64(1051), 7: np.int64(1065), 8: np.int64(1048), 9: np.int64(1067), 10: np.int64(1142)}",86000.99996296658,44292.0,130292.9999629666,17.901331901550293,0.0
9,9,10,10000,"{1: np.int64(1169), 2: np.int64(1265), 3: np.int64(1028), 4: np.int64(1096), 5: np.int64(1142), 6: np.int64(1051), 7: np.int64(1065), 8: np.int64(1048), 9: np.int64(1067), 10: np.int64(1142)}",86000.99996296658,44292.0,130292.9999629666,20.993984937667847,0.0
9,9,10,10000,"{1: np.int64(1169), 2: np.int64(1265), 3: np.int64(1028), 4: np.int64(1096), 5: np.int64(1142), 6: np.int64(1051), 7: np.int64(1065), 8: np.int64(1048), 9: np.int64(1067), 10: np.int64(1142)}",86000.99996296658,44292.0,130292.9999629666,18.655200004577637,0.0
9,9,10,10000,"{1: np.int64(1169), 2: np.int64(1265), 3: np.int64(1028), 4: np.int64(1096), 5: np.int64(1142), 6: np.int64(1051), 7: np.int64(1065), 8: np.int64(1048), 9: np.int64(1067), 10: np.int64(1142)}",86000.99996296658,44292.0,130292.9999629666,22.705523014068604,0.0
