S,F,T,B,D,Z1,Z2,ObjVal,time,GAP
9,9,10,5000,"{1: np.int64(584), 2: np.int64(632), 3: np.int64(514), 4: np.int64(548), 5: np.int64(571), 6: np.int64(525), 7: np.int64(532), 8: np.int64(524), 9: np.int64(533), 10: np.int64(571)}",45512.0,22136.0,67648.0,1.1643929481506348,3.454303881375116e-05
