S,F,T,B,D,Z1,Z2,ObjVal,time,GAP
12,12,15,7000,"{1: np.int64(608), 2: np.int64(636), 3: np.int64(556), 4: np.int64(518), 5: np.int64(546), 6: np.int64(634), 7: np.int64(543), 8: np.int64(556), 9: np.int64(568), 10: np.int64(569), 11: np.int64(567), 12: np.int64(656), 13: np.int64(523), 14: np.int64(496), 15: np.int64(660)}",69366.99998607347,34544.0,103910.99998607347,29.43001890182495,4.7592435438698846e-05
12,12,15,7000,"{1: np.int64(608), 2: np.int64(636), 3: np.int64(556), 4: np.int64(518), 5: np.int64(546), 6: np.int64(634), 7: np.int64(543), 8: np.int64(556), 9: np.int64(568), 10: np.int64(569), 11: np.int64(567), 12: np.int64(656), 13: np.int64(523), 14: np.int64(496), 15: np.int64(660)}",69366.99998607347,34544.0,103910.99998607347,28.151206970214844,4.7592435438698846e-05
12,12,15,7000,"{1: np.int64(608), 2: np.int64(636), 3: np.int64(556), 4: np.int64(518), 5: np.int64(546), 6: np.int64(634), 7: np.int64(543), 8: np.int64(556), 9: np.int64(568), 10: np.int64(569), 11: np.int64(567), 12: np.int64(656), 13: np.int64(523), 14: np.int64(496), 15: np.int64(660)}",69366.99998607347,34544.0,103910.99998607347,32.48317503929138,4.7592435438698846e-05
