S,F,T,B,D,Z1,Z2,ObjVal,time,GAP
9,9,10,10000,"{1: np.int64(1192), 2: np.int64(1223), 3: np.int64(1165), 4: np.int64(1117), 5: np.int64(1040), 6: np.int64(1058), 7: np.int64(1020), 8: np.int64(967), 9: np.int64(1140), 10: np.int64(1040)}",84267.0,43848.0,128115.0,18.62841796875,0.0
9,9,10,10000,"{1: np.int64(1192), 2: np.int64(1223), 3: np.int64(1165), 4: np.int64(1117), 5: np.int64(1040), 6: np.int64(1058), 7: np.int64(1020), 8: np.int64(967), 9: np.int64(1140), 10: np.int64(1040)}",84267.0,43848.0,128115.0,18.56884789466858,0.0
9,9,10,10000,"{1: np.int64(1192), 2: np.int64(1223), 3: np.int64(1165), 4: np.int64(1117), 5: np.int64(1040), 6: np.int64(1058), 7: np.int64(1020), 8: np.int64(967), 9: np.int64(1140), 10: np.int64(1040)}",84267.0,43848.0,128115.0,12.752707958221436,0.0
