S,F,T,B,D,Z1,Z2,ObjVal,time,GAP
9,9,15,10000,"{1: np.int64(1063), 2: np.int64(1193), 3: np.int64(1051), 4: np.int64(1130), 5: np.int64(1245), 6: np.int64(978), 7: np.int64(964), 8: np.int64(1020), 9: np.int64(1199), 10: np.int64(1149), 11: np.int64(1023), 12: np.int64(1054), 13: np.int64(1003), 14: np.int64(1097), 15: np.int64(958)}",126904.99999183087,66966.0,193870.99999183087,2.6571528911590576,0.0
9,9,15,10000,"{1: np.int64(1063), 2: np.int64(1193), 3: np.int64(1051), 4: np.int64(1130), 5: np.int64(1245), 6: np.int64(978), 7: np.int64(964), 8: np.int64(1020), 9: np.int64(1199), 10: np.int64(1149), 11: np.int64(1023), 12: np.int64(1054), 13: np.int64(1003), 14: np.int64(1097), 15: np.int64(958)}",126904.99999183087,66966.0,193870.99999183087,2.974735975265503,0.0
9,9,15,10000,"{1: np.int64(1063), 2: np.int64(1193), 3: np.int64(1051), 4: np.int64(1130), 5: np.int64(1245), 6: np.int64(978), 7: np.int64(964), 8: np.int64(1020), 9: np.int64(1199), 10: np.int64(1149), 11: np.int64(1023), 12: np.int64(1054), 13: np.int64(1003), 14: np.int64(1097), 15: np.int64(958)}",126904.99999183087,66966.0,193870.99999183087,3.4589040279388428,0.0
