S,F,T,B,D,Z1,Z2,ObjVal,time,GAP
12,12,10,10000,"{1: np.int64(839), 2: np.int64(709), 3: np.int64(717), 4: np.int64(810), 5: np.int64(736), 6: np.int64(889), 7: np.int64(768), 8: np.int64(733), 9: np.int64(753), 10: np.int64(766)}",53727.999937391534,30879.999968695767,84607.9999060873,27.27192997932434,0.0
