S,F,T,B,D,Z1,Z2,ObjVal,time,GAP
12,12,5,3000,"{1: np.int64(230), 2: np.int64(276), 3: np.int64(239), 4: np.int64(270), 5: np.int64(286)}",9135.0,5204.0,14339.0,3.025238037109375,6.466488935473187e-12
12,12,5,3000,"{1: np.int64(230), 2: np.int64(276), 3: np.int64(239), 4: np.int64(270), 5: np.int64(286)}",9135.0,5204.0,14339.0,4.048206090927124,6.466488935473187e-12
12,12,5,3000,"{1: np.int64(230), 2: np.int64(276), 3: np.int64(239), 4: np.int64(270), 5: np.int64(286)}",9135.0,5204.0,14339.0,3.87109112739563,6.466488935473187e-12
12,12,5,3000,"{1: np.int64(230), 2: np.int64(276), 3: np.int64(239), 4: np.int64(270), 5: np.int64(286)}",9135.0,5204.0,14339.0,4.918796062469482,6.466488935473187e-12
12,12,5,3000,"{1: np.int64(230), 2: np.int64(276), 3: np.int64(239), 4: np.int64(270), 5: np.int64(286)}",9135.0,5204.0,14339.0,4.897643804550171,6.466488935473187e-12
