S,F,T,B,D,Z1,Z2,ObjVal,time,GAP
12,12,15,5000,"{1: np.int64(384), 2: np.int64(460), 3: np.int64(398), 4: np.int64(450), 5: np.int64(477), 6: np.int64(432), 7: np.int64(438), 8: np.int64(430), 9: np.int64(393), 10: np.int64(468), 11: np.int64(412), 12: np.int64(468), 13: np.int64(392), 14: np.int64(462), 15: np.int64(452)}",51086.0,26064.0,77150.0,51.30300498008728,6.480883873526214e-05
12,12,15,5000,"{1: np.int64(384), 2: np.int64(460), 3: np.int64(398), 4: np.int64(450), 5: np.int64(477), 6: np.int64(432), 7: np.int64(438), 8: np.int64(430), 9: np.int64(393), 10: np.int64(468), 11: np.int64(412), 12: np.int64(468), 13: np.int64(392), 14: np.int64(462), 15: np.int64(452)}",51086.0,26064.0,77150.0,63.3502631187439,6.480883873526214e-05
12,12,15,5000,"{1: np.int64(384), 2: np.int64(460), 3: np.int64(398), 4: np.int64(450), 5: np.int64(477), 6: np.int64(432), 7: np.int64(438), 8: np.int64(430), 9: np.int64(393), 10: np.int64(468), 11: np.int64(412), 12: np.int64(468), 13: np.int64(392), 14: np.int64(462), 15: np.int64(452)}",51086.0,26064.0,77150.0,67.96742510795593,6.480883873526214e-05
12,12,15,5000,"{1: np.int64(384), 2: np.int64(460), 3: np.int64(398), 4: np.int64(450), 5: np.int64(477), 6: np.int64(432), 7: np.int64(438), 8: np.int64(430), 9: np.int64(393), 10: np.int64(468), 11: np.int64(412), 12: np.int64(468), 13: np.int64(392), 14: np.int64(462), 15: np.int64(452)}",51086.0,26064.0,77150.0,52.90921711921692,6.480883873526214e-05
12,12,15,5000,"{1: np.int64(384), 2: np.int64(460), 3: np.int64(398), 4: np.int64(450), 5: np.int64(477), 6: np.int64(432), 7: np.int64(438), 8: np.int64(430), 9: np.int64(393), 10: np.int64(468), 11: np.int64(412), 12: np.int64(468), 13: np.int64(392), 14: np.int64(462), 15: np.int64(452)}",51086.0,26064.0,77150.0,51.755422830581665,6.480883873526214e-05
