S,F,T,B,D,Z1,Z2,ObjVal,time,GAP
12,12,10,5000,"{1: np.int64(390), 2: np.int64(474), 3: np.int64(451), 4: np.int64(405), 5: np.int64(472), 6: np.int64(431), 7: np.int64(456), 8: np.int64(390), 9: np.int64(378), 10: np.int64(409)}",29158.0,17024.0,46182.0,2.631983995437622,0.0
12,12,10,5000,"{1: np.int64(390), 2: np.int64(474), 3: np.int64(451), 4: np.int64(405), 5: np.int64(472), 6: np.int64(431), 7: np.int64(456), 8: np.int64(390), 9: np.int64(378), 10: np.int64(409)}",29158.0,17024.0,46182.0,3.0246012210845947,0.0
12,12,10,5000,"{1: np.int64(390), 2: np.int64(474), 3: np.int64(451), 4: np.int64(405), 5: np.int64(472), 6: np.int64(431), 7: np.int64(456), 8: np.int64(390), 9: np.int64(378), 10: np.int64(409)}",29158.0,17024.0,46182.0,2.633997917175293,0.0
