S,F,T,B,D,Z1,Z2,ObjVal,time,GAP
6,6,15,3000,"{1: np.int64(468), 2: np.int64(569), 3: np.int64(541), 4: np.int64(486), 5: np.int64(566), 6: np.int64(518), 7: np.int64(547), 8: np.int64(469), 9: np.int64(453), 10: np.int64(491), 11: np.int64(445), 12: np.int64(482), 13: np.int64(569), 14: np.int64(474), 15: np.int64(426)}",61065.0,30932.0,91997.0,0.3849170207977295,0.0
6,6,15,3000,"{1: np.int64(468), 2: np.int64(569), 3: np.int64(541), 4: np.int64(486), 5: np.int64(566), 6: np.int64(518), 7: np.int64(547), 8: np.int64(469), 9: np.int64(453), 10: np.int64(491), 11: np.int64(445), 12: np.int64(482), 13: np.int64(569), 14: np.int64(474), 15: np.int64(426)}",61065.0,30932.0,91997.0,0.48265814781188965,0.0
