S,F,T,B,D,Z1,Z2,ObjVal,time,GAP
12,12,10,7000,"{1: np.int64(603), 2: np.int64(632), 3: np.int64(561), 4: np.int64(595), 5: np.int64(534), 6: np.int64(510), 7: np.int64(542), 8: np.int64(651), 9: np.int64(594), 10: np.int64(657)}",46887.99999109111,23516.0,70403.99999109111,21.648561000823975,2.4573228184245953e-05
