S,F,T,B,D,Z1,Z2,ObjVal,time,GAP
12,12,15,5000,"{1: np.int64(434), 2: np.int64(454), 3: np.int64(397), 4: np.int64(370), 5: np.int64(390), 6: np.int64(453), 7: np.int64(388), 8: np.int64(397), 9: np.int64(406), 10: np.int64(406), 11: np.int64(405), 12: np.int64(469), 13: np.int64(373), 14: np.int64(354), 15: np.int64(472)}",49665.0,24672.0,74337.0,29.642798900604248,9.688630742750182e-05
12,12,15,5000,"{1: np.int64(434), 2: np.int64(454), 3: np.int64(397), 4: np.int64(370), 5: np.int64(390), 6: np.int64(453), 7: np.int64(388), 8: np.int64(397), 9: np.int64(406), 10: np.int64(406), 11: np.int64(405), 12: np.int64(469), 13: np.int64(373), 14: np.int64(354), 15: np.int64(472)}",49664.99998886892,24672.000000000004,74336.99998886892,27.928174018859863,0.0
12,12,15,5000,"{1: np.int64(434), 2: np.int64(454), 3: np.int64(397), 4: np.int64(370), 5: np.int64(390), 6: np.int64(453), 7: np.int64(388), 8: np.int64(397), 9: np.int64(406), 10: np.int64(406), 11: np.int64(405), 12: np.int64(469), 13: np.int64(373), 14: np.int64(354), 15: np.int64(472)}",49664.99998886892,24672.000000000004,74336.99998886892,26.96691393852234,0.0
12,12,15,5000,"{1: np.int64(434), 2: np.int64(454), 3: np.int64(397), 4: np.int64(370), 5: np.int64(390), 6: np.int64(453), 7: np.int64(388), 8: np.int64(397), 9: np.int64(406), 10: np.int64(406), 11: np.int64(405), 12: np.int64(469), 13: np.int64(373), 14: np.int64(354), 15: np.int64(472)}",49664.99998886892,24672.000000000004,74336.99998886892,27.66727614402771,0.0
