S,F,T,B,D,Z1,Z2,ObjVal,time,GAP
9,9,15,10000,"{1: np.int64(1192), 2: np.int64(1223), 3: np.int64(1165), 4: np.int64(1117), 5: np.int64(1040), 6: np.int64(1058), 7: np.int64(1020), 8: np.int64(967), 9: np.int64(1140), 10: np.int64(1040), 11: np.int64(1214), 12: np.int64(959), 13: np.int64(1245), 14: np.int64(1175), 15: np.int64(1252)}",130624.0,67228.0,197852.0,49.76405191421509,4.548856154810955e-05
9,9,15,10000,"{1: np.int64(1192), 2: np.int64(1223), 3: np.int64(1165), 4: np.int64(1117), 5: np.int64(1040), 6: np.int64(1058), 7: np.int64(1020), 8: np.int64(967), 9: np.int64(1140), 10: np.int64(1040), 11: np.int64(1214), 12: np.int64(959), 13: np.int64(1245), 14: np.int64(1175), 15: np.int64(1252)}",130624.0,67228.0,197852.0,50.03294515609741,4.548856154810955e-05
9,9,15,10000,"{1: np.int64(1192), 2: np.int64(1223), 3: np.int64(1165), 4: np.int64(1117), 5: np.int64(1040), 6: np.int64(1058), 7: np.int64(1020), 8: np.int64(967), 9: np.int64(1140), 10: np.int64(1040), 11: np.int64(1214), 12: np.int64(959), 13: np.int64(1245), 14: np.int64(1175), 15: np.int64(1252)}",130624.0,67228.0,197852.0,44.13418412208557,4.548856154810955e-05
