S,F,T,B,D,Z1,Z2,ObjVal,time,GAP
9,9,5,3000,"{1: np.int64(324), 2: np.int64(287), 3: np.int64(325), 4: np.int64(308), 5: np.int64(372)}",11162.999418672825,6464.0,17626.999418672825,7.11538290977478,0.0
9,9,5,3000,"{1: np.int64(324), 2: np.int64(287), 3: np.int64(325), 4: np.int64(308), 5: np.int64(372)}",11162.999418672825,6464.0,17626.999418672825,7.153092861175537,0.0
9,9,5,3000,"{1: np.int64(324), 2: np.int64(287), 3: np.int64(325), 4: np.int64(308), 5: np.int64(372)}",11162.999418672825,6464.0,17626.999418672825,6.894073963165283,0.0
