S,F,T,B,D,Z1,Z2,ObjVal,time,GAP
3,3,15,3000,"{1: np.int64(956), 2: np.int64(1144), 3: np.int64(1138), 4: np.int64(898), 5: np.int64(1076), 6: np.int64(1064), 7: np.int64(988), 8: np.int64(1009), 9: np.int64(997), 10: np.int64(1127), 11: np.int64(1000), 12: np.int64(1099), 13: np.int64(956), 14: np.int64(1114), 15: np.int64(1119)}",126909.0,69342.0,196251.0,0.00887608528137207,0.0
3,3,15,3000,"{1: np.int64(956), 2: np.int64(1144), 3: np.int64(1138), 4: np.int64(898), 5: np.int64(1076), 6: np.int64(1064), 7: np.int64(988), 8: np.int64(1009), 9: np.int64(997), 10: np.int64(1127), 11: np.int64(1000), 12: np.int64(1099), 13: np.int64(956), 14: np.int64(1114), 15: np.int64(1119)}",126909.0,69342.0,196251.0,0.008998870849609375,0.0
3,3,15,3000,"{1: np.int64(956), 2: np.int64(1144), 3: np.int64(1138), 4: np.int64(898), 5: np.int64(1076), 6: np.int64(1064), 7: np.int64(988), 8: np.int64(1009), 9: np.int64(997), 10: np.int64(1127), 11: np.int64(1000), 12: np.int64(1099), 13: np.int64(956), 14: np.int64(1114), 15: np.int64(1119)}",126909.0,69342.0,196251.0,0.014569997787475586,0.0
3,3,15,3000,"{1: np.int64(956), 2: np.int64(1144), 3: np.int64(1138), 4: np.int64(898), 5: np.int64(1076), 6: np.int64(1064), 7: np.int64(988), 8: np.int64(1009), 9: np.int64(997), 10: np.int64(1127), 11: np.int64(1000), 12: np.int64(1099), 13: np.int64(956), 14: np.int64(1114), 15: np.int64(1119)}",126909.0,69342.0,196251.0,0.009068965911865234,0.0
3,3,15,3000,"{1: np.int64(956), 2: np.int64(1144), 3: np.int64(1138), 4: np.int64(898), 5: np.int64(1076), 6: np.int64(1064), 7: np.int64(988), 8: np.int64(1009), 9: np.int64(997), 10: np.int64(1127), 11: np.int64(1000), 12: np.int64(1099), 13: np.int64(956), 14: np.int64(1114), 15: np.int64(1119)}",126909.0,69342.0,196251.0,0.008892059326171875,0.0
