S,F,T,B,D,Z1,Z2,ObjVal,time,GAP
12,12,5,5000,"{1: np.int64(437), 2: np.int64(359), 3: np.int64(466), 4: np.int64(370), 5: np.int64(475)}",15600.99955380899,8428.0,24028.99955380899,9.16110610961914,2.5370096163374683e-05
12,12,5,5000,"{1: np.int64(437), 2: np.int64(359), 3: np.int64(466), 4: np.int64(370), 5: np.int64(475)}",15600.99955380899,8428.0,24028.99955380899,6.135879993438721,2.5370096163374683e-05
12,12,5,5000,"{1: np.int64(437), 2: np.int64(359), 3: np.int64(466), 4: np.int64(370), 5: np.int64(475)}",15600.99955380899,8428.0,24028.99955380899,8.823834896087646,2.5370096163374683e-05
12,12,5,5000,"{1: np.int64(437), 2: np.int64(359), 3: np.int64(466), 4: np.int64(370), 5: np.int64(475)}",15600.99955380899,8428.0,24028.99955380899,5.569645166397095,2.5370096163374683e-05
12,12,5,5000,"{1: np.int64(437), 2: np.int64(359), 3: np.int64(466), 4: np.int64(370), 5: np.int64(475)}",15600.99955380899,8428.0,24028.99955380899,10.63546109199524,2.5370096163374683e-05
