S,F,T,B,D,Z1,Z2,ObjVal,time,GAP
9,9,15,5000,"{1: np.int64(584), 2: np.int64(632), 3: np.int64(514), 4: np.int64(548), 5: np.int64(571), 6: np.int64(525), 7: np.int64(532), 8: np.int64(524), 9: np.int64(533), 10: np.int64(571), 11: np.int64(522), 12: np.int64(535), 13: np.int64(600), 14: np.int64(476), 15: np.int64(567)}",62347.99991355821,32935.999968566626,95283.99988212483,21.197689056396484,4.197853253781164e-05
9,9,15,5000,"{1: np.int64(584), 2: np.int64(632), 3: np.int64(514), 4: np.int64(548), 5: np.int64(571), 6: np.int64(525), 7: np.int64(532), 8: np.int64(524), 9: np.int64(533), 10: np.int64(571), 11: np.int64(522), 12: np.int64(535), 13: np.int64(600), 14: np.int64(476), 15: np.int64(567)}",62347.99991355821,32935.999968566626,95283.99988212483,16.079991102218628,4.197853253781164e-05
9,9,15,5000,"{1: np.int64(584), 2: np.int64(632), 3: np.int64(514), 4: np.int64(548), 5: np.int64(571), 6: np.int64(525), 7: np.int64(532), 8: np.int64(524), 9: np.int64(533), 10: np.int64(571), 11: np.int64(522), 12: np.int64(535), 13: np.int64(600), 14: np.int64(476), 15: np.int64(567)}",62347.99991355821,32935.999968566626,95283.99988212483,29.07927703857422,4.197853253781164e-05
