S,F,T,B,D,Z1,Z2,ObjVal,time,GAP
12,12,10,5000,"{1: np.int64(389), 2: np.int64(384), 3: np.int64(473), 4: np.int64(398), 5: np.int64(390), 6: np.int64(399), 7: np.int64(472), 8: np.int64(433), 9: np.int64(431), 10: np.int64(443)}",33980.99998797794,16848.000000003332,50828.99998798128,7.412487983703613,8.730288006733445e-05
