S,F,T,B,D,Z1,Z2,ObjVal,time,GAP
6,6,5,7000,"{1: np.int64(1092), 2: np.int64(1329), 3: np.int64(1263), 4: np.int64(1135), 5: np.int64(1321)}",49925.0,25891.0,75816.0,0.14336895942687988,0.0
6,6,5,7000,"{1: np.int64(1092), 2: np.int64(1329), 3: np.int64(1263), 4: np.int64(1135), 5: np.int64(1321)}",49925.0,25891.0,75816.0,0.21183085441589355,0.0
6,6,5,7000,"{1: np.int64(1092), 2: np.int64(1329), 3: np.int64(1263), 4: np.int64(1135), 5: np.int64(1321)}",49925.0,25891.0,75816.0,0.30034899711608887,0.0
6,6,5,7000,"{1: np.int64(1092), 2: np.int64(1329), 3: np.int64(1263), 4: np.int64(1135), 5: np.int64(1321)}",49925.0,25891.0,75816.0,0.18419599533081055,0.0
6,6,5,7000,"{1: np.int64(1092), 2: np.int64(1329), 3: np.int64(1263), 4: np.int64(1135), 5: np.int64(1321)}",49925.0,25891.0,75816.0,0.1399369239807129,0.0
