S,F,T,B,D,Z1,Z2,ObjVal,time,GAP
12,12,10,7000,"{1: np.int64(583), 2: np.int64(551), 3: np.int64(550), 4: np.int64(557), 5: np.int64(609), 6: np.int64(598), 7: np.int64(558), 8: np.int64(529), 9: np.int64(553), 10: np.int64(517)}",44626.99985486596,22420.000000000004,67046.99985486594,45.60899305343628,5.2635146856138226e-05
