S,F,T,B,D,Z1,Z2,ObjVal,time,GAP
12,12,5,5000,"{1: np.int64(389), 2: np.int64(384), 3: np.int64(473), 4: np.int64(398), 5: np.int64(390)}",15638.0,8136.0,23774.0,2.808260917663574,1.7747656349225913e-12
