S,F,T,B,D,Z1,Z2,ObjVal,time,GAP
6,6,15,7000,"{1: np.int64(1210), 2: np.int64(1097), 3: np.int64(1169), 4: np.int64(1126), 5: np.int64(1114), 6: np.int64(1196), 7: np.int64(1196), 8: np.int64(1308), 9: np.int64(1230), 10: np.int64(1316), 11: np.int64(1291), 12: np.int64(1338), 13: np.int64(1226), 14: np.int64(1048), 15: np.int64(1292)}",133856.0,72628.0,206484.0,0.9645459651947021,0.0
6,6,15,7000,"{1: np.int64(1210), 2: np.int64(1097), 3: np.int64(1169), 4: np.int64(1126), 5: np.int64(1114), 6: np.int64(1196), 7: np.int64(1196), 8: np.int64(1308), 9: np.int64(1230), 10: np.int64(1316), 11: np.int64(1291), 12: np.int64(1338), 13: np.int64(1226), 14: np.int64(1048), 15: np.int64(1292)}",133856.0,72628.0,206484.0,0.4295811653137207,0.0
6,6,15,7000,"{1: np.int64(1210), 2: np.int64(1097), 3: np.int64(1169), 4: np.int64(1126), 5: np.int64(1114), 6: np.int64(1196), 7: np.int64(1196), 8: np.int64(1308), 9: np.int64(1230), 10: np.int64(1316), 11: np.int64(1291), 12: np.int64(1338), 13: np.int64(1226), 14: np.int64(1048), 15: np.int64(1292)}",133856.0,72628.0,206484.0,0.5580430030822754,0.0
6,6,15,7000,"{1: np.int64(1210), 2: np.int64(1097), 3: np.int64(1169), 4: np.int64(1126), 5: np.int64(1114), 6: np.int64(1196), 7: np.int64(1196), 8: np.int64(1308), 9: np.int64(1230), 10: np.int64(1316), 11: np.int64(1291), 12: np.int64(1338), 13: np.int64(1226), 14: np.int64(1048), 15: np.int64(1292)}",133856.0,72628.0,206484.0,0.4169759750366211,0.0
