S,F,T,B,D,Z1,Z2,ObjVal,time,GAP
9,9,5,3000,"{1: np.int64(358), 2: np.int64(369), 3: np.int64(353), 4: np.int64(330), 5: np.int64(305)}",12975.0,6860.0,19835.0,1.3579089641571045,0.0
9,9,5,3000,"{1: np.int64(358), 2: np.int64(369), 3: np.int64(353), 4: np.int64(330), 5: np.int64(305)}",12975.0,6860.0,19835.0,1.5213360786437988,0.0
9,9,5,3000,"{1: np.int64(358), 2: np.int64(369), 3: np.int64(353), 4: np.int64(330), 5: np.int64(305)}",12975.0,6860.0,19835.0,1.8964688777923584,0.0
9,9,5,3000,"{1: np.int64(358), 2: np.int64(369), 3: np.int64(353), 4: np.int64(330), 5: np.int64(305)}",12975.0,6860.0,19835.0,2.4267399311065674,0.0
9,9,5,3000,"{1: np.int64(358), 2: np.int64(369), 3: np.int64(353), 4: np.int64(330), 5: np.int64(305)}",12975.0,6860.0,19835.0,1.352470874786377,0.0
