S,F,T,B,D,Z1,Z2,ObjVal,time,GAP
12,12,5,10000,"{1: np.int64(769), 2: np.int64(920), 3: np.int64(797), 4: np.int64(900), 5: np.int64(954)}",30296.0,17360.0,47656.0,5.175305128097534,3.5451514143306015e-13
12,12,5,10000,"{1: np.int64(769), 2: np.int64(920), 3: np.int64(797), 4: np.int64(900), 5: np.int64(954)}",30296.0,17360.0,47656.0,4.2871339321136475,3.5451514143306015e-13
12,12,5,10000,"{1: np.int64(769), 2: np.int64(920), 3: np.int64(797), 4: np.int64(900), 5: np.int64(954)}",30296.0,17360.0,47656.0,4.654913902282715,3.5451514143306015e-13
12,12,5,10000,"{1: np.int64(769), 2: np.int64(920), 3: np.int64(797), 4: np.int64(900), 5: np.int64(954)}",30296.0,17360.0,47656.0,3.9552860260009766,3.5451514143306015e-13
12,12,5,10000,"{1: np.int64(769), 2: np.int64(920), 3: np.int64(797), 4: np.int64(900), 5: np.int64(954)}",30296.0,17360.0,47656.0,4.792567014694214,3.5451514143306015e-13
