S,F,T,B,D,Z1,Z2,ObjVal,time,GAP
6,6,10,7000,"{1: np.int64(1060), 2: np.int64(1134), 3: np.int64(1205), 4: np.int64(1046), 5: np.int64(1006), 6: np.int64(1295), 7: np.int64(1101), 8: np.int64(1327), 9: np.int64(1305), 10: np.int64(1123)}",80042.0,46408.0,126450.0,1.5056860446929932,0.0
6,6,10,7000,"{1: np.int64(1060), 2: np.int64(1134), 3: np.int64(1205), 4: np.int64(1046), 5: np.int64(1006), 6: np.int64(1295), 7: np.int64(1101), 8: np.int64(1327), 9: np.int64(1305), 10: np.int64(1123)}",80042.0,46408.0,126450.0,1.9716620445251465,0.0
6,6,10,7000,"{1: np.int64(1060), 2: np.int64(1134), 3: np.int64(1205), 4: np.int64(1046), 5: np.int64(1006), 6: np.int64(1295), 7: np.int64(1101), 8: np.int64(1327), 9: np.int64(1305), 10: np.int64(1123)}",80042.0,46408.0,126450.0,2.1541478633880615,0.0
6,6,10,7000,"{1: np.int64(1060), 2: np.int64(1134), 3: np.int64(1205), 4: np.int64(1046), 5: np.int64(1006), 6: np.int64(1295), 7: np.int64(1101), 8: np.int64(1327), 9: np.int64(1305), 10: np.int64(1123)}",80042.0,46408.0,126450.0,2.8353970050811768,0.0
6,6,10,7000,"{1: np.int64(1060), 2: np.int64(1134), 3: np.int64(1205), 4: np.int64(1046), 5: np.int64(1006), 6: np.int64(1295), 7: np.int64(1101), 8: np.int64(1327), 9: np.int64(1305), 10: np.int64(1123)}",80042.0,46408.0,126450.0,1.7289330959320068,0.0
