S,F,T,B,D,Z1,Z2,ObjVal,time,GAP
3,3,10,7000,"{1: np.int64(2232), 2: np.int64(2506), 3: np.int64(2207), 4: np.int64(2374), 5: np.int64(2616), 6: np.int64(2054), 7: np.int64(2026), 8: np.int64(2143), 9: np.int64(2518), 10: np.int64(2414)}",187584.0,92360.0,279944.0,0.010308980941772461,0.0
3,3,10,7000,"{1: np.int64(2232), 2: np.int64(2506), 3: np.int64(2207), 4: np.int64(2374), 5: np.int64(2616), 6: np.int64(2054), 7: np.int64(2026), 8: np.int64(2143), 9: np.int64(2518), 10: np.int64(2414)}",187584.0,92360.0,279944.0,0.00957489013671875,0.0
3,3,10,7000,"{1: np.int64(2232), 2: np.int64(2506), 3: np.int64(2207), 4: np.int64(2374), 5: np.int64(2616), 6: np.int64(2054), 7: np.int64(2026), 8: np.int64(2143), 9: np.int64(2518), 10: np.int64(2414)}",187584.0,92360.0,279944.0,0.010215997695922852,0.0
