S,F,T,B,D,Z1,Z2,ObjVal,time,GAP
6,6,5,10000,"{1: np.int64(1794), 2: np.int64(1847), 3: np.int64(1769), 4: np.int64(1653), 5: np.int64(1529)}",70161.0,34368.0,104529.0,0.18677210807800293,0.0
6,6,5,10000,"{1: np.int64(1794), 2: np.int64(1847), 3: np.int64(1769), 4: np.int64(1653), 5: np.int64(1529)}",70161.0,34368.0,104529.0,0.26015210151672363,0.0
6,6,5,10000,"{1: np.int64(1794), 2: np.int64(1847), 3: np.int64(1769), 4: np.int64(1653), 5: np.int64(1529)}",70161.0,34368.0,104529.0,0.18719100952148438,0.0
6,6,5,10000,"{1: np.int64(1794), 2: np.int64(1847), 3: np.int64(1769), 4: np.int64(1653), 5: np.int64(1529)}",70161.0,34368.0,104529.0,0.20259308815002441,0.0
6,6,5,10000,"{1: np.int64(1794), 2: np.int64(1847), 3: np.int64(1769), 4: np.int64(1653), 5: np.int64(1529)}",70161.0,34368.0,104529.0,0.15016484260559082,0.0
