S,F,T,B,D,Z1,Z2,ObjVal,time,GAP
12,12,5,3000,"{1: np.int64(250), 2: np.int64(236), 3: np.int64(236), 4: np.int64(238), 5: np.int64(261)}",9979.0,4884.0,14863.0,5.530462026596069,0.0
12,12,5,3000,"{1: np.int64(250), 2: np.int64(236), 3: np.int64(236), 4: np.int64(238), 5: np.int64(261)}",9979.0,4884.0,14863.0,3.4320640563964844,0.0
12,12,5,3000,"{1: np.int64(250), 2: np.int64(236), 3: np.int64(236), 4: np.int64(238), 5: np.int64(261)}",9979.0,4884.0,14863.0,5.4514429569244385,0.0
