S,F,T,B,D,Z1,Z2,ObjVal,time,GAP
6,6,5,7000,"{1: np.int64(1060), 2: np.int64(1134), 3: np.int64(1205), 4: np.int64(1046), 5: np.int64(1006)}",36147.0,21804.0,57951.0,0.4401390552520752,0.0
6,6,5,7000,"{1: np.int64(1060), 2: np.int64(1134), 3: np.int64(1205), 4: np.int64(1046), 5: np.int64(1006)}",36147.0,21804.0,57951.0,0.32188916206359863,0.0
6,6,5,7000,"{1: np.int64(1060), 2: np.int64(1134), 3: np.int64(1205), 4: np.int64(1046), 5: np.int64(1006)}",36147.0,21804.0,57951.0,0.2569549083709717,0.0
6,6,5,7000,"{1: np.int64(1060), 2: np.int64(1134), 3: np.int64(1205), 4: np.int64(1046), 5: np.int64(1006)}",36147.0,21804.0,57951.0,0.3444099426269531,0.0
