S,F,T,B,D,Z1,Z2,ObjVal,time,GAP
9,9,5,3000,"{1: np.int64(371), 2: np.int64(338), 3: np.int64(371), 4: np.int64(303), 5: np.int64(350)}",13809.0,6932.0,20741.0,0.33861207962036133,0.0
9,9,5,3000,"{1: np.int64(371), 2: np.int64(338), 3: np.int64(371), 4: np.int64(303), 5: np.int64(350)}",13809.0,6932.0,20741.0,0.24882006645202637,0.0
9,9,5,3000,"{1: np.int64(371), 2: np.int64(338), 3: np.int64(371), 4: np.int64(303), 5: np.int64(350)}",13809.0,6932.0,20741.0,0.2427051067352295,0.0
9,9,5,3000,"{1: np.int64(371), 2: np.int64(338), 3: np.int64(371), 4: np.int64(303), 5: np.int64(350)}",14070.0,6932.0,21002.0,0.14849591255187988,0.0
