S,F,T,B,D,Z1,Z2,ObjVal,time,GAP
12,12,10,3000,"{1: np.int64(250), 2: np.int64(236), 3: np.int64(236), 4: np.int64(238), 5: np.int64(261), 6: np.int64(256), 7: np.int64(239), 8: np.int64(226), 9: np.int64(237), 10: np.int64(221)}",19251.999969678298,9600.0,28851.999969678298,22.878633975982666,0.0
