S,F,T,B,D,Z1,Z2,ObjVal,time,GAP
9,9,15,7000,"{1: np.int64(699), 2: np.int64(872), 3: np.int64(723), 4: np.int64(873), 5: np.int64(733), 6: np.int64(884), 7: np.int64(825), 8: np.int64(778), 9: np.int64(781), 10: np.int64(813), 11: np.int64(798), 12: np.int64(733), 13: np.int64(709), 14: np.int64(780), 15: np.int64(879)}",98768.0,47520.0,146288.0,0.8900349140167236,5.932654928769271e-13
9,9,15,7000,"{1: np.int64(699), 2: np.int64(872), 3: np.int64(723), 4: np.int64(873), 5: np.int64(733), 6: np.int64(884), 7: np.int64(825), 8: np.int64(778), 9: np.int64(781), 10: np.int64(813), 11: np.int64(798), 12: np.int64(733), 13: np.int64(709), 14: np.int64(780), 15: np.int64(879)}",98768.0,47520.0,146288.0,1.2918009757995605,5.932654928769271e-13
9,9,15,7000,"{1: np.int64(699), 2: np.int64(872), 3: np.int64(723), 4: np.int64(873), 5: np.int64(733), 6: np.int64(884), 7: np.int64(825), 8: np.int64(778), 9: np.int64(781), 10: np.int64(813), 11: np.int64(798), 12: np.int64(733), 13: np.int64(709), 14: np.int64(780), 15: np.int64(879)}",98768.0,47520.0,146288.0,0.524055004119873,5.932654928769271e-13
9,9,15,7000,"{1: np.int64(699), 2: np.int64(872), 3: np.int64(723), 4: np.int64(873), 5: np.int64(733), 6: np.int64(884), 7: np.int64(825), 8: np.int64(778), 9: np.int64(781), 10: np.int64(813), 11: np.int64(798), 12: np.int64(733), 13: np.int64(709), 14: np.int64(780), 15: np.int64(879)}",98767.99999943882,47519.99999999999,146287.99999943882,0.6586010456085205,0.0
