S,F,T,B,D,Z1,Z2,ObjVal,time,GAP
9,9,10,10000,"{1: np.int64(1041), 2: np.int64(1007), 3: np.int64(1006), 4: np.int64(1148), 5: np.int64(1163), 6: np.int64(1103), 7: np.int64(974), 8: np.int64(1196), 9: np.int64(1236), 10: np.int64(1252)}",89349.99997505569,44504.0,133853.9999750557,0.7509109973907471,0.0
