S,F,T,B,D,Z1,Z2,ObjVal,time,GAP
12,12,15,3000,"{1: np.int64(233), 2: np.int64(230), 3: np.int64(283), 4: np.int64(238), 5: np.int64(234), 6: np.int64(239), 7: np.int64(283), 8: np.int64(260), 9: np.int64(259), 10: np.int64(266), 11: np.int64(241), 12: np.int64(243), 13: np.int64(261), 14: np.int64(212), 15: np.int64(226)}",29995.99995032051,14831.999999671765,44827.99994999227,11.267660140991211,0.0
