S,F,T,B,D,Z1,Z2,ObjVal,time,GAP
12,12,5,10000,"{1: np.int64(875), 2: np.int64(719), 3: np.int64(933), 4: np.int64(740), 5: np.int64(950)}",31172.0,16868.0,48040.0,4.964824914932251,2.6544220055407727e-12
12,12,5,10000,"{1: np.int64(875), 2: np.int64(719), 3: np.int64(933), 4: np.int64(740), 5: np.int64(950)}",31172.0,16868.0,48040.0,8.684353113174438,2.6544220055407727e-12
12,12,5,10000,"{1: np.int64(875), 2: np.int64(719), 3: np.int64(933), 4: np.int64(740), 5: np.int64(950)}",31172.0,16868.0,48040.0,10.548949956893921,2.6544220055407727e-12
12,12,5,10000,"{1: np.int64(875), 2: np.int64(719), 3: np.int64(933), 4: np.int64(740), 5: np.int64(950)}",31172.0,16868.0,48040.0,8.865715026855469,2.6544220055407727e-12
12,12,5,10000,"{1: np.int64(875), 2: np.int64(719), 3: np.int64(933), 4: np.int64(740), 5: np.int64(950)}",31172.0,16868.0,48040.0,6.190550088882446,2.6544220055407727e-12
