S,F,T,B,D,Z1,Z2,ObjVal,time,GAP
12,12,5,3000,"{1: np.int64(261), 2: np.int64(232), 3: np.int64(229), 4: np.int64(278), 5: np.int64(220)}",10137.0,4880.0,15017.0,1.2259950637817383,0.0
12,12,5,3000,"{1: np.int64(261), 2: np.int64(232), 3: np.int64(229), 4: np.int64(278), 5: np.int64(220)}",10137.0,4880.0,15017.0,0.5792949199676514,0.0
12,12,5,3000,"{1: np.int64(261), 2: np.int64(232), 3: np.int64(229), 4: np.int64(278), 5: np.int64(220)}",10137.0,4880.0,15017.0,0.6228678226470947,0.0
