S,F,T,B,D,Z1,Z2,ObjVal,time,GAP
3,3,15,3000,"{1: np.int64(956), 2: np.int64(1074), 3: np.int64(946), 4: np.int64(1017), 5: np.int64(1121), 6: np.int64(880), 7: np.int64(868), 8: np.int64(918), 9: np.int64(1079), 10: np.int64(1034), 11: np.int64(921), 12: np.int64(949), 13: np.int64(903), 14: np.int64(987), 15: np.int64(862)}",108018.0,64349.0,172367.0,0.027842044830322266,0.0
3,3,15,3000,"{1: np.int64(956), 2: np.int64(1074), 3: np.int64(946), 4: np.int64(1017), 5: np.int64(1121), 6: np.int64(880), 7: np.int64(868), 8: np.int64(918), 9: np.int64(1079), 10: np.int64(1034), 11: np.int64(921), 12: np.int64(949), 13: np.int64(903), 14: np.int64(987), 15: np.int64(862)}",108018.0,64349.0,172367.0,0.027020931243896484,0.0
3,3,15,3000,"{1: np.int64(956), 2: np.int64(1074), 3: np.int64(946), 4: np.int64(1017), 5: np.int64(1121), 6: np.int64(880), 7: np.int64(868), 8: np.int64(918), 9: np.int64(1079), 10: np.int64(1034), 11: np.int64(921), 12: np.int64(949), 13: np.int64(903), 14: np.int64(987), 15: np.int64(862)}",108018.0,64349.0,172367.0,0.026527881622314453,0.0
3,3,15,3000,"{1: np.int64(956), 2: np.int64(1074), 3: np.int64(946), 4: np.int64(1017), 5: np.int64(1121), 6: np.int64(880), 7: np.int64(868), 8: np.int64(918), 9: np.int64(1079), 10: np.int64(1034), 11: np.int64(921), 12: np.int64(949), 13: np.int64(903), 14: np.int64(987), 15: np.int64(862)}",108018.0,64349.0,172367.0,0.026424884796142578,0.0
3,3,15,3000,"{1: np.int64(956), 2: np.int64(1074), 3: np.int64(946), 4: np.int64(1017), 5: np.int64(1121), 6: np.int64(880), 7: np.int64(868), 8: np.int64(918), 9: np.int64(1079), 10: np.int64(1034), 11: np.int64(921), 12: np.int64(949), 13: np.int64(903), 14: np.int64(987), 15: np.int64(862)}",108018.0,64349.0,172367.0,0.02948784828186035,0.0
