S,F,T,B,D,Z1,Z2,ObjVal,time,GAP
12,12,10,5000,"{1: np.int64(434), 2: np.int64(454), 3: np.int64(397), 4: np.int64(370), 5: np.int64(390), 6: np.int64(453), 7: np.int64(388), 8: np.int64(397), 9: np.int64(406), 10: np.int64(406)}",31777.999981772424,16380.0,48157.99998177243,27.43946599960327,0.0
12,12,10,5000,"{1: np.int64(434), 2: np.int64(454), 3: np.int64(397), 4: np.int64(370), 5: np.int64(390), 6: np.int64(453), 7: np.int64(388), 8: np.int64(397), 9: np.int64(406), 10: np.int64(406)}",31777.999981772424,16380.0,48157.99998177243,27.753843069076538,0.0
12,12,10,5000,"{1: np.int64(434), 2: np.int64(454), 3: np.int64(397), 4: np.int64(370), 5: np.int64(390), 6: np.int64(453), 7: np.int64(388), 8: np.int64(397), 9: np.int64(406), 10: np.int64(406)}",31777.999981772424,16380.0,48157.99998177243,38.51156306266785,0.0
