S,F,T,B,D,Z1,Z2,ObjVal,time,GAP
3,3,5,5000,"{1: np.int64(1843), 2: np.int64(1911), 3: np.int64(1460), 4: np.int64(1816), 5: np.int64(1621)}",68455.0,34838.0,103293.0,0.004961967468261719,0.0
3,3,5,5000,"{1: np.int64(1843), 2: np.int64(1911), 3: np.int64(1460), 4: np.int64(1816), 5: np.int64(1621)}",68455.0,34838.0,103293.0,0.005079030990600586,0.0
3,3,5,5000,"{1: np.int64(1843), 2: np.int64(1911), 3: np.int64(1460), 4: np.int64(1816), 5: np.int64(1621)}",68455.0,34838.0,103293.0,0.005388975143432617,0.0
3,3,5,5000,"{1: np.int64(1843), 2: np.int64(1911), 3: np.int64(1460), 4: np.int64(1816), 5: np.int64(1621)}",68455.0,34838.0,103293.0,0.005312204360961914,0.0
3,3,5,5000,"{1: np.int64(1843), 2: np.int64(1911), 3: np.int64(1460), 4: np.int64(1816), 5: np.int64(1621)}",68455.0,34838.0,103293.0,0.00508880615234375,0.0
