S,F,T,B,D,Z1,Z2,ObjVal,time,GAP
12,12,5,7000,"{1: np.int64(538), 2: np.int64(644), 3: np.int64(558), 4: np.int64(630), 5: np.int64(668)}",21236.0,12152.0,33388.0,3.6194610595703125,3.1206335520278743e-13
12,12,5,7000,"{1: np.int64(538), 2: np.int64(644), 3: np.int64(558), 4: np.int64(630), 5: np.int64(668)}",21236.0,12152.0,33388.0,3.5821728706359863,3.1206335520278743e-13
12,12,5,7000,"{1: np.int64(538), 2: np.int64(644), 3: np.int64(558), 4: np.int64(630), 5: np.int64(668)}",21236.0,12152.0,33388.0,3.281161069869995,3.1206335520278743e-13
12,12,5,7000,"{1: np.int64(538), 2: np.int64(644), 3: np.int64(558), 4: np.int64(630), 5: np.int64(668)}",21236.0,12152.0,33388.0,2.6969048976898193,3.1206335520278743e-13
12,12,5,7000,"{1: np.int64(538), 2: np.int64(644), 3: np.int64(558), 4: np.int64(630), 5: np.int64(668)}",21236.0,12152.0,33388.0,3.226531982421875,3.1206335520278743e-13
