S,F,T,B,D,Z1,Z2,ObjVal,time,GAP
9,9,5,10000,"{1: np.int64(1178), 2: np.int64(1083), 3: np.int64(1165), 4: np.int64(960), 5: np.int64(1092)}",45908.99986264706,21912.000000000004,67820.99986264706,2.7747550010681152,0.0
