S,F,T,B,D,Z1,Z2,ObjVal,time,GAP
6,6,5,7000,"{1: np.int64(1092), 2: np.int64(1329), 3: np.int64(1263), 4: np.int64(1135), 5: np.int64(1321)}",49925.0,25891.0,75816.0,0.2764601707458496,0.0
6,6,5,7000,"{1: np.int64(1092), 2: np.int64(1329), 3: np.int64(1263), 4: np.int64(1135), 5: np.int64(1321)}",49925.0,25891.0,75816.0,0.2206411361694336,0.0
6,6,5,7000,"{1: np.int64(1092), 2: np.int64(1329), 3: np.int64(1263), 4: np.int64(1135), 5: np.int64(1321)}",49925.0,25891.0,75816.0,0.23909997940063477,0.0
