iteration,bestlobjval,lobjval,fobjval,lz1,lz2,tot_runtime,gapf
1.0,10000.0,10000.0,44526.0,0.0,10000.0,1.0585119724273682,0.0
2.0,10000.0,10000.0,44526.0,0.0,10000.0,0.9324548244476318,0.0
4.0,9999.999999999765,9999.999999999765,45164.99999963977,0.0,9999.999999999765,0.63167405128479,0.0
5.0,9999.999999999765,10000.0,45165.0,0.0,10000.0,0.5128440856933594,0.0
