attr,value
lobjval,4999.999999999998
fobjval,64081.0
lz1,0.0
lz2,4999.999999999998
tot_runtime,163.24917435646057
gapf,0.0
best_it,30.0
improvementHeuristic,3.637978807091713e-14
