attr,value
lobjval,4980.227744280063
fobjval,54993.0
lz1,0.0
lz2,4980.227744280063
tot_runtime,3.6951186656951904
gapf,0.0
best_it,2.0
improvementHeuristic,0.3954451143987353
