iteration,bestlobjval,lobjval,fobjval,lz1,lz2,tot_runtime,gapf
1.0,5000.0,5000.0,26475.0,0.0,5000.0,0.3607969284057617,0.0
2.0,4999.999999999797,4999.999999999797,26475.0,0.0,4999.999999999797,0.33771419525146484,2.9054972839698273e-06
5.0,4999.999999999797,4999.999999999999,26475.0,0.0,4999.999999999999,0.289337158203125,5.033250624920542e-05
6.0,4999.99999987083,4999.99999987083,26474.999997286825,0.0,4999.99999987083,0.4143331050872803,0.0
7.0,4999.99999987083,4999.999999999821,26475.0,0.0,4999.999999999821,0.41965389251708984,1.8197451687371315e-12
8.0,4999.99999987083,4999.999999999816,26475.0,0.0,4999.999999999816,0.2955489158630371,0.0
9.0,4999.99999987083,4999.999999999841,26475.0,0.0,4999.999999999841,0.31552600860595703,0.0
10.0,4999.99999987083,5000.0,26648.0,0.0,5000.0,0.1637880802154541,0.0
