attr,value
lobjval,9879.904761904761
fobjval,49401.99997116139
lz1,0.0
lz2,9879.904761904761
tot_runtime,121.37106966972351
gapf,0.0
best_it,1.0
improvementHeuristic,0.0
