attr,value
lobjval,4879.619047619048
fobjval,25786.0
lz1,0.0
lz2,4879.619047619048
tot_runtime,12.00807523727417
gapf,0.0
best_it,1.0
improvementHeuristic,0.0
