attr,value
lobjval,4997.932069711176
fobjval,35360.0
lz1,0.0
lz2,4997.932069711176
tot_runtime,33.74270462989807
gapf,0.0
best_it,10.0
improvementHeuristic,0.0413586057764769
