attr,value
lobjval,4999.999999999999
fobjval,26658.0
lz1,0.0
lz2,4999.999999999999
tot_runtime,18.737317085266113
gapf,0.0
best_it,6.0
improvementHeuristic,1.8189894035458565e-14
