iteration,bestlobjval,lobjval,fobjval,lz1,lz2,tot_runtime,gapf
1.0,5000.0,5000.0,22280.0,0.0,5000.0,1.046314001083374,7.99593267336774e-05
2.0,4999.999999999999,4999.999999999999,22280.0,0.0,4999.999999999999,0.6628551483154297,3.5147775313594895e-05
5.0,4999.999999999999,4999.999999999999,22280.0,0.0,4999.999999999999,1.5276918411254883,4.379992427729998e-05
6.0,4999.999999999999,5000.0,22280.0,0.0,5000.0,1.1801819801330566,0.0
7.0,4999.999999999999,4999.999999999999,22280.0,0.0,4999.999999999999,0.9939029216766357,0.0
8.0,4999.999999999999,4999.999999999999,22280.0,0.0,4999.999999999999,1.0862689018249512,0.0
9.0,4999.999999999999,4999.999999999999,23359.0,0.0,4999.999999999999,0.755159854888916,0.0
10.0,4999.999999999999,5000.000000000001,24607.0,0.0,5000.000000000001,0.3628251552581787,0.0
