attr,value
lobjval,2999.999999999999
fobjval,55979.0
lz1,0.0
lz2,2999.999999999999
tot_runtime,32.468470096588135
gapf,0.0
best_it,2.0
improvementHeuristic,3.031649005909761e-14
