attr,value
lobjval,4999.999999999884
fobjval,34190.99991972132
lz1,0.0
lz2,4999.999999999884
tot_runtime,28.971219778060913
gapf,0.0
best_it,1.0
improvementHeuristic,0.0
