attr,value
lobjval,6999.999999999953
fobjval,61097.0
lz1,0.0
lz2,6999.999999999953
tot_runtime,13.064714670181274
gapf,0.0
best_it,14.0
improvementHeuristic,6.886174170566455e-13
