attr,value
lobjval,2993.6000000000004
fobjval,37937.0
lz1,0.0
lz2,2993.6000000000004
tot_runtime,90.95355820655823
gapf,0.0
best_it,30.0
improvementHeuristic,0.21333333333332122
