attr,value
lobjval,4964.0
fobjval,46182.0
lz1,0.0
lz2,4964.0
tot_runtime,24.402039527893066
gapf,3.3356410421266186e-12
best_it,1.0
improvementHeuristic,0.0
