attr,value
lobjval,6787.456021708718
fobjval,93696.0
lz1,0.0
lz2,6787.456021708718
tot_runtime,13.753736019134521
gapf,0.0
best_it,2.0
improvementHeuristic,0.5364468011615788
