iteration,bestlobjval,lobjval,fobjval,lz1,lz2,tot_runtime,gapf
1.0,5000.0,5000.0,80844.0,0.0,5000.0,7.346293926239014,0.0
2.0,4999.999999999999,4999.999999999999,80844.0,0.0,4999.999999999999,4.6908650398254395,0.0
4.0,4999.999999999999,4999.999999999999,81582.0,0.0,4999.999999999999,0.6503088474273682,0.0
6.0,4999.999999999999,4999.999999999999,81582.0,0.0,4999.999999999999,0.5345559120178223,2.061976171703572e-13
28.0,4999.999999999999,4999.999999999999,80844.0,0.0,4999.999999999999,4.51512598991394,0.0
