iteration,bestlobjval,lobjval,fobjval,lz1,lz2,tot_runtime,gapf
1.0,9999.999999945256,9999.999999945256,102266.99989954906,0.0,9999.999999945256,32.81726002693176,0.0
2.0,9999.999999945256,10000.0,102267.0,0.0,10000.0,22.067769050598145,8.523097668385758e-05
3.0,9999.999999945256,9999.999999997171,102267.0,0.0,9999.999999997171,19.565070152282715,9.2010468409194e-05
4.0,9999.999999945256,9999.999999999998,102267.0,0.0,9999.999999999998,22.320758819580078,3.4649856525170505e-12
5.0,9999.999999660768,9999.999999660768,102266.99997278048,0.0,9999.999999660768,23.407171964645386,0.0
6.0,9999.999999660768,10000.0,102267.0,0.0,10000.0,22.105663061141968,8.884357951463282e-05
7.0,9999.999999660768,9999.999999762302,102266.9999994282,0.0,9999.999999762302,20.15186595916748,5.930885392836612e-05
8.0,9999.999999660768,10000.0,102267.0,0.0,10000.0,21.196992874145508,7.832447623314555e-05
9.0,9967.644181150024,9967.644181150024,102266.99997947896,0.0,9967.644181150024,29.087668895721436,9.533924078720792e-05
