iteration,bestlobjval,lobjval,fobjval,lz1,lz2,tot_runtime,gapf
1.0,4999.999999812135,4999.999999812135,75562.99990774445,0.0,4999.999999812135,89.88897395133972,0.0
2.0,4999.999999812135,5000.0,75563.0,0.0,5000.0,47.18720602989197,3.967916326314077e-12
3.0,4999.999999812135,5000.0,75563.0,0.0,5000.0,50.824668884277344,9.791251288461055e-05
5.0,4999.999999812135,4999.999999999999,79130.99997566038,0.0,4999.999999999999,6.026710033416748,0.0
9.0,4999.999999812135,4999.999999999999,79131.0,0.0,4999.999999999999,6.144089937210083,0.0
12.0,4999.999999812135,5000.0,75563.0,0.0,5000.0,8.11753511428833,0.0
