iteration,bestlobjval,lobjval,fobjval,lz1,lz2,tot_runtime,gapf
1.0,7000.0,7000.0,141078.0,0.0,7000.0,2.6046531200408936,0.0
2.0,6951.199999985493,6951.199999985493,141077.99999510578,0.0,6951.199999985493,2.290592908859253,0.0
4.0,6951.199999985493,7000.0,147818.0,0.0,7000.0,0.2296450138092041,0.0
5.0,6951.199999985493,7000.0,147818.0,0.0,7000.0,0.2522459030151367,1.9767470201206928e-05
6.0,6951.199999985493,7000.0,147818.0,0.0,7000.0,0.2908661365509033,9.056922709072984e-15
7.0,6951.199999985493,6999.999999999999,147818.0,0.0,6999.999999999999,0.30646300315856934,0.0
8.0,6951.199999985493,7000.0,151196.0,0.0,7000.0,0.24706315994262695,0.0
