attr,value
lobjval,2911.2
fobjval,144309.0
lz1,0.0
lz2,2911.2
tot_runtime,5.209127426147461
gapf,0.0
best_it,25.0
improvementHeuristic,2.960000000000006
