iteration,bestlobjval,lobjval,fobjval,lz1,lz2,tot_runtime,gapf
1.0,5000.0,5000.0,35119.0,0.0,5000.0,4.058815002441406,0.0
2.0,5000.0,5000.0,35119.0,0.0,5000.0,4.278511047363281,0.0
4.0,5000.0,5000.0,35119.0,0.0,5000.0,2.544506072998047,0.0
5.0,5000.0,5000.0,35219.0,0.0,5000.0,1.1000900268554688,0.0
6.0,5000.0,5000.0,35219.0,0.0,5000.0,1.0926170349121094,0.0
7.0,4999.999999999999,4999.999999999999,35219.0,0.0,4999.999999999999,0.5128378868103027,0.0
