iteration,bestlobjval,lobjval,fobjval,lz1,lz2,tot_runtime,gapf
1.0,7000.0,7000.0,46317.0,0.0,7000.0,1.3682951927185059,0.0
2.0,6999.999999998593,6999.999999998593,46316.99963640314,0.0,6999.999999998593,6.119564056396484,0.0
5.0,6999.999999998593,7000.0,46472.0,0.0,7000.0,0.45069098472595215,0.0
6.0,6999.999999998593,7000.0,46472.0,0.0,7000.0,0.48084115982055664,0.0
8.0,6999.999999998593,6999.999999999999,46472.0,0.0,6999.999999999999,0.2175590991973877,0.0
