attr,value
lobjval,9863.2
fobjval,209022.0
lz1,0.0
lz2,9863.2
tot_runtime,52.80621671676636
gapf,2.549171513055471e-12
best_it,3.0
improvementHeuristic,1.3679999999999928
