iteration,bestlobjval,lobjval,fobjval,lz1,lz2,tot_runtime,gapf
1.0,2954.7999999999997,2954.7999999999997,30373.999999996242,0.0,2954.7999999999997,1.8344838619232178,0.0
2.0,2916.185741038792,2916.185741038792,30374.0,0.0,2916.185741038792,1.2092480659484863,0.0
5.0,2916.185741038792,2999.9999997394552,30373.99999508792,0.0,2999.9999997394552,2.816790819168091,0.0
6.0,2916.185741038792,3000.0,31532.0,0.0,3000.0,0.5764579772949219,4.375104476205913e-12
