iteration,bestlobjval,lobjval,fobjval,lz1,lz2,tot_runtime,gapf
1.0,5000.0,5000.0,34382.0,0.0,5000.0,0.6308248043060303,0.0
4.0,5000.0,5000.0,34382.0,0.0,5000.0,0.5179309844970703,0.0
5.0,5000.0,5000.0,34382.0,0.0,5000.0,0.4407198429107666,0.0
