iteration,bestlobjval,lobjval,fobjval,lz1,lz2,tot_runtime,gapf
1.0,6999.999999894848,6999.999999894848,73938.0,0.0,6999.999999894848,0.9469070434570312,5.9748150563982795e-05
2.0,6944.799999975183,6944.799999975183,73938.0,0.0,6944.799999975183,0.8538720607757568,9.467391598366199e-05
5.0,6876.8,6876.8,73938.0,0.0,6876.8,1.0321969985961914,9.426498743294004e-05
6.0,6876.8,6999.999999963501,73938.0,0.0,6999.999999963501,1.2026128768920898,0.0
7.0,6876.8,6999.999999999999,73938.0,0.0,6999.999999999999,1.2642261981964111,9.777601165669835e-05
