iteration,bestlobjval,lobjval,fobjval,lz1,lz2,tot_runtime,gapf
1.0,3000.0,3000.0,20900.0,0.0,3000.0,0.14028596878051758,0.0
2.0,3000.0,3000.0,20900.0,0.0,3000.0,0.4493229389190674,0.0
5.0,3000.0,3000.0,20900.0,0.0,3000.0,0.16930794715881348,0.0
6.0,3000.0,3000.0,20900.0,0.0,3000.0,0.3645641803741455,1.76502895234019e-13
