attr,value
lobjval,6883.599999999999
fobjval,101179.0
lz1,0.0
lz2,6883.599999999999
tot_runtime,36.57589077949524
gapf,0.0
best_it,1.0
improvementHeuristic,0.0
