iteration,bestlobjval,lobjval,fobjval,lz1,lz2,tot_runtime,gapf
1.0,5000.0,5000.0,51147.0,0.0,5000.0,0.20600605010986328,0.0
2.0,5000.0,5000.0,51147.0,0.0,5000.0,0.19514203071594238,0.0
4.0,5000.0,5000.0,51147.0,0.0,5000.0,0.13666296005249023,0.0
5.0,5000.0,5000.0,51147.0,0.0,5000.0,0.13253498077392578,0.0
27.0,5000.0,5000.0,51147.0,0.0,5000.0,0.14012789726257324,3.810033142726608e-05
28.0,5000.0,5000.0,51147.0,0.0,5000.0,0.10133218765258789,4.966891617563948e-05
