iteration,bestlobjval,lobjval,fobjval,lz1,lz2,tot_runtime,gapf
1.0,10000.0,10000.0,95744.0,0.0,10000.0,100.06271505355835,0.05016506778662735
2.0,9999.99999995842,9999.99999995842,95743.99996696587,0.0,9999.99999995842,91.48198080062866,0.0
3.0,9999.99999995842,10000.0000001816,95743.9997927681,0.0,10000.0000001816,66.39246892929077,1.7734632911342842e-05
4.0,9999.99999995842,9999.999999990003,95743.99972901627,0.0,9999.999999990003,54.53239989280701,0.0
5.0,9999.99999995842,9999.999999999998,95744.0,0.0,9999.999999999998,58.106019020080566,3.343730521224001e-15
6.0,9999.99999995842,10000.000000005322,95743.99863324832,0.0,10000.000000005322,63.26272916793823,0.0
7.0,9999.999999208747,9999.999999208747,95887.99034126491,0.0,9999.999999208747,65.43813586235046,0.0
8.0,9999.999999208747,9999.999999999998,95888.0,0.0,9999.999999999998,4.230262041091919,6.257377305253241e-05
