iteration,bestlobjval,lobjval,fobjval,lz1,lz2,tot_runtime,gapf
1.0,3000.0,3000.0,31104.0,0.0,3000.0,3.6099109649658203,0.0
2.0,3000.0,3000.0,31104.0,0.0,3000.0,2.6366660594940186,0.0
3.0,3000.0,3000.0,32004.0,0.0,3000.0,0.36167120933532715,0.0
4.0,2999.9999999999995,2999.9999999999995,31104.0,0.0,2999.9999999999995,3.172165870666504,0.0
5.0,2999.9999999999995,3000.0,31104.0,0.0,3000.0,5.922843933105469,0.0
6.0,2999.9999999999995,3000.0,32004.0,0.0,3000.0,0.426088809967041,5.4562861748657115e-15
8.0,2999.9999999999995,3000.0000000000005,31757.0,0.0,3000.0000000000005,0.46410202980041504,0.0
