attr,value
lobjval,7000.0
fobjval,73165.0
lz1,0.0
lz2,7000.0
tot_runtime,3.3387060165405273
gapf,0.0
best_it,4.0
improvementHeuristic,1.2992781453898973e-14
