attr,value
lobjval,7000.0
fobjval,76635.0
lz1,0.0
lz2,7000.0
tot_runtime,2.827796220779419
gapf,0.0
best_it,2.0
improvementHeuristic,1.2992781453898973e-14
