iteration,bestlobjval,lobjval,fobjval,lz1,lz2,tot_runtime,gapf
1.0,9999.999999755368,9999.999999755368,101203.0,0.0,9999.999999755368,7.486077070236206,0.0
2.0,9999.999999755368,9999.999999999998,101203.0,0.0,9999.999999999998,2.79426908493042,0.0
5.0,9999.999999755368,9999.999999999998,101203.0,0.0,9999.999999999998,2.1201820373535156,0.0
6.0,9999.999999755368,10000.0,101203.0,0.0,10000.0,2.132344961166382,0.0
7.0,9999.99999970812,9999.99999970812,101203.0,0.0,9999.99999970812,2.722364902496338,8.966403210908219e-05
8.0,9999.99999970812,10000.0,101203.0,0.0,10000.0,3.875020980834961,0.0
9.0,9999.99999970812,10000.000000000002,105044.0,0.0,10000.000000000002,1.855139970779419,4.759910132896691e-05
11.0,9999.99999970812,9999.999999989985,103357.0,0.0,9999.999999989985,1.4735589027404785,0.0
12.0,9999.99999970812,10000.0,103357.0,0.0,10000.0,0.458636999130249,6.772644805656755e-05
