attr,value
lobjval,6913.5999999999985
fobjval,70872.0
lz1,0.0
lz2,6913.5999999999985
tot_runtime,36.279077768325806
gapf,0.0
best_it,2.0
improvementHeuristic,0.5981136411507338
