iteration,bestlobjval,lobjval,fobjval,lz1,lz2,tot_runtime,gapf
1.0,2999.9999998570643,2999.9999998570643,42984.999991905606,0.0,2999.9999998570643,34.025930881500244,0.0
2.0,2999.9999998570643,2999.9999999999995,42985.0,0.0,2999.9999999999995,8.402092933654785,0.0
3.0,2999.9999983185935,2999.9999983185935,42984.99998180503,0.0,2999.9999983185935,24.04137110710144,0.0
5.0,2987.1999996001023,2987.1999996001023,42984.999994563506,0.0,2987.1999996001023,47.825968980789185,0.0
6.0,2987.1999996001023,2999.9999995936773,42984.999923598094,0.0,2999.9999995936773,36.707984924316406,0.0
7.0,2987.1999996001023,2999.9999999999995,43629.0,0.0,2999.9999999999995,1.3005039691925049,0.0
8.0,2987.1999996001023,3000.0,42985.0,0.0,3000.0,46.98995113372803,6.897645057065828e-12
13.0,2987.1999996001023,3000.0,42984.99999465306,0.0,3000.0,4.504211902618408,0.0
14.0,2987.1999996001023,2999.9999999999995,44072.0,0.0,2999.9999999999995,1.2378430366516113,8.740798281836048e-05
