attr,value
lobjval,4997.126590500861
fobjval,95277.0
lz1,0.0
lz2,4997.126590500861
tot_runtime,139.5233793258667
gapf,0.0
best_it,10.0
improvementHeuristic,0.05746818998277377
