iteration,bestlobjval,lobjval,fobjval,lz1,lz2,tot_runtime,gapf
1.0,9999.999999628122,9999.999999628122,99497.99998951424,0.0,9999.999999628122,30.74489402770996,7.145234279976063e-05
2.0,9999.999999628122,10000.0,99498.0,0.0,10000.0,26.742225170135498,2.4625639765237588e-05
4.0,9999.999999628122,10000.0,99498.0,0.0,10000.0,22.260447025299072,4.664604155797427e-12
5.0,9999.999999628122,9999.999999999998,99498.0,0.0,9999.999999999998,17.131253957748413,4.097141180802317e-12
6.0,9999.999999628122,10000.000000000002,103894.0,0.0,10000.000000000002,2.136669874191284,0.0
7.0,9967.2,9967.2,103894.0,0.0,9967.2,2.890131950378418,0.0
