iteration,bestlobjval,lobjval,fobjval,lz1,lz2,tot_runtime,gapf
1.0,10000.0,10000.0,82665.0,0.0,10000.0,0.554603099822998,3.629105425512611e-05
2.0,10000.0,10000.0,82665.0,0.0,10000.0,0.8505539894104004,3.629105425512611e-05
3.0,10000.0,10000.0,82665.0,0.0,10000.0,0.6160011291503906,0.0
5.0,10000.0,10000.0,91470.0,0.0,10000.0,0.1544358730316162,0.0
6.0,10000.0,10000.0,91470.0,0.0,10000.0,0.1042330265045166,0.0
