iteration,bestlobjval,lobjval,fobjval,lz1,lz2,tot_runtime,gapf
1.0,10000.0,10000.0,108221.0,0.0,10000.0,0.16098809242248535,0.0
2.0,10000.0,10000.0,108221.0,0.0,10000.0,0.17264604568481445,0.0
4.0,10000.0,10000.0,108221.0,0.0,10000.0,0.20930790901184082,0.0
5.0,10000.0,10000.0,108221.0,0.0,10000.0,0.1468818187713623,0.0
6.0,10000.0,10000.0,108221.0,0.0,10000.0,0.24086618423461914,0.0
