attr,value
lobjval,2961.6000000000004
fobjval,86351.0
lz1,0.0
lz2,2961.6000000000004
tot_runtime,10.388238430023193
gapf,0.0
best_it,24.0
improvementHeuristic,1.2799999999999878
