attr,value
lobjval,6792.799999999999
fobjval,336760.0
lz1,0.0
lz2,6792.799999999999
tot_runtime,4.311751127243042
gapf,0.0
best_it,4.0
improvementHeuristic,2.96000000000001
