iteration,bestlobjval,lobjval,fobjval,lz1,lz2,tot_runtime,gapf
1.0,3000.0,3000.0,41073.0,0.0,3000.0,0.3407778739929199,7.99205406351014e-05
2.0,2999.9999999999995,2999.9999999999995,41073.0,0.0,2999.9999999999995,0.4087831974029541,0.0
