iteration,bestlobjval,lobjval,fobjval,lz1,lz2,tot_runtime,gapf
1.0,7000.000000000001,7000.000000000001,148261.0,0.0,7000.000000000001,0.36103296279907227,0.0
2.0,7000.0,7000.0,148261.0,0.0,7000.0,0.2641911506652832,0.0
3.0,7000.0,7000.0,148260.99998471583,0.0,7000.0,0.4732949733734131,0.0
4.0,7000.0,7000.0,148261.0,0.0,7000.0,0.38451099395751953,0.0
5.0,7000.0,7000.0,148261.0,0.0,7000.0,0.37979888916015625,8.315190999787607e-05
6.0,6999.999999999999,6999.999999999999,148261.0,0.0,6999.999999999999,0.40239405632019043,0.0
7.0,6999.999999999999,7000.0,148261.0,0.0,7000.0,0.342710018157959,0.0
28.0,6999.999999999998,6999.999999999998,148261.0,0.0,6999.999999999998,0.3338949680328369,0.0
29.0,6999.999999999998,7000.0,148261.0,0.0,7000.0,0.3989748954772949,0.0
