attr,value
lobjval,9999.999999969836
fobjval,141304.0
lz1,0.0
lz2,9999.999999969836
tot_runtime,400.6367049217224
gapf,0.0
best_it,8.0
improvementHeuristic,3.016430127900094e-10
