iteration,bestlobjval,lobjval,fobjval,lz1,lz2,tot_runtime,gapf
1.0,5000.0,5000.0,69532.0,0.0,5000.0,0.5185420513153076,0.0
2.0,5000.0,5000.0,69532.0,0.0,5000.0,0.7635488510131836,0.0
3.0,4949.999999999605,4949.999999999605,69532.0,0.0,4949.999999999605,0.9063129425048828,0.0
5.0,4949.999999999605,4993.2,69532.0,0.0,4993.2,0.7381210327148438,4.6460984592668716e-14
6.0,4949.999999999605,4950.0,69532.0,0.0,4950.0,0.7963011264801025,3.997318944684561e-14
7.0,4949.999999999605,4999.999999999498,69532.0,0.0,4999.999999999498,0.3876631259918213,0.0
8.0,4949.999999999605,5000.0,69532.0,0.0,5000.0,0.7218468189239502,0.0
9.0,4949.999999999605,4999.999999999999,69532.0,0.0,4999.999999999999,0.7673478126525879,0.0
13.0,4949.999999999605,5000.000000000001,71899.0,0.0,5000.000000000001,0.24504613876342773,7.659564085028828e-05
