iteration,bestlobjval,lobjval,fobjval,lz1,lz2,tot_runtime,gapf
1.0,6999.999999999999,6999.999999999999,67047.0,0.0,6999.999999999999,100.02784895896912,0.02798754806994751
2.0,6999.999999999999,7000.0,67047.0,0.0,7000.0,78.55099391937256,1.5793570534859868e-05
3.0,6999.999999367025,6999.999999367025,67731.99994603224,0.0,6999.999999367025,50.158276081085205,5.317303497528089e-05
5.0,6999.999999367025,7000.0,67047.0,0.0,7000.0,54.69598197937012,9.320143495614725e-05
6.0,6999.999999367025,7000.0,67150.99998779343,0.0,7000.0,13.256417989730835,0.0
7.0,6999.999999367025,7000.0,67151.0,0.0,7000.0,24.25021004676819,0.0
8.0,6999.999999367025,7000.000000000001,67151.0,0.0,7000.000000000001,1.080111026763916,0.0
9.0,6999.653400514521,6999.653400514521,67151.0,0.0,6999.653400514521,1.2315270900726318,0.0
12.0,6999.653400514521,7000.000000000001,67047.0,0.0,7000.000000000001,5.665454149246216,0.0
