iteration,bestlobjval,lobjval,fobjval,lz1,lz2,tot_runtime,gapf
1.0,5000.0,5000.0,43625.0,0.0,5000.0,0.38309597969055176,0.0
2.0,4999.999999999999,4999.999999999999,43625.0,0.0,4999.999999999999,0.42952489852905273,0.0
5.0,4999.999999999999,4999.999999999999,43625.0,0.0,4999.999999999999,0.5453648567199707,0.0
6.0,4999.999999999999,5000.0,43625.0,0.0,5000.0,0.49616289138793945,0.0
7.0,4999.999999999999,5000.0,43625.0,0.0,5000.0,0.4324939250946045,0.0
26.0,4999.999999999999,5000.0,43625.0,0.0,5000.0,0.22097301483154297,0.0
27.0,4999.999999999999,5000.0,43625.0,0.0,5000.0,0.27022695541381836,0.0
