attr,value
lobjval,5000.0
fobjval,67082.0
lz1,0.0
lz2,5000.0
tot_runtime,50.808648109436035
gapf,2.6042118946445255e-12
best_it,1.0
improvementHeuristic,0.0
