iteration,bestlobjval,lobjval,fobjval,lz1,lz2,tot_runtime,gapf
1.0,7000.0,7000.0,47010.0,0.0,7000.0,3.0642850399017334,0.0
2.0,6999.999999999998,6999.999999999998,47010.0,0.0,6999.999999999998,2.237246036529541,0.0
4.0,6999.999999999998,7000.0,49557.0,0.0,7000.0,0.24375081062316895,0.0
5.0,6999.999999999998,6999.999999999999,49557.0,0.0,6999.999999999999,0.03771686553955078,0.0
