iteration,bestlobjval,lobjval,fobjval,lz1,lz2,tot_runtime,gapf
1.0,7000.0,7000.0,93896.99998698184,0.0,7000.0,15.591351985931396,0.0
2.0,7000.0,7000.0,93897.0,0.0,7000.0,18.55486297607422,2.9733968664754616e-12
3.0,7000.0,7000.0,99547.0,0.0,7000.0,0.30237293243408203,0.0
4.0,7000.0,7000.0,93897.0,0.0,7000.0,16.76204800605774,2.3868073147393194e-12
5.0,7000.0,7000.0,99547.0,0.0,7000.0,0.35033297538757324,0.0
7.0,6999.999999999999,6999.999999999999,93897.0,0.0,6999.999999999999,0.9401638507843018,0.0
30.0,6999.999999999999,7000.000000000002,93897.0,0.0,7000.000000000002,7.6130218505859375,0.0
