iteration,bestlobjval,lobjval,fobjval,lz1,lz2,tot_runtime,gapf
1.0,5000.0,5000.0,71531.0,0.0,5000.0,46.63336110115051,7.420091373522704e-12
2.0,4999.999999999999,4999.999999999999,71531.0,0.0,4999.999999999999,25.577059984207153,1.0504981037066552e-11
3.0,4999.999999999999,5000.0,71625.0,0.0,5000.0,1.0766408443450928,0.0
5.0,4969.6,4969.6,71625.0,0.0,4969.6,3.124305009841919,0.0
6.0,4969.6,5000.0,71625.0,0.0,5000.0,4.721282958984375,0.0
7.0,4969.6,5000.0,73305.99994791127,0.0,5000.0,2.05114483833313,6.820653036349974e-05
8.0,4969.6,5000.0,71531.0,0.0,5000.0,10.014216899871826,0.0
13.0,4969.6,4999.999999999999,73306.0,0.0,4999.999999999999,1.8937029838562012,0.0
24.0,4969.6,5000.000000000004,71530.99998415154,0.0,5000.000000000004,3.226112127304077,0.0
