iteration,bestlobjval,lobjval,fobjval,lz1,lz2,tot_runtime,gapf
1.0,5000.0,5000.0,27719.0,0.0,5000.0,0.9126489162445068,0.0
2.0,5000.0,5000.0,27797.0,0.0,5000.0,0.175537109375,0.0
5.0,5000.0,5000.0,27719.0,0.0,5000.0,1.0209119319915771,0.0
6.0,5000.0,5000.0,27719.0,0.0,5000.0,1.0378589630126953,0.0
7.0,5000.0,5000.000000000001,27797.0,0.0,5000.000000000001,0.17885613441467285,0.0
8.0,4999.999999999997,4999.999999999997,28931.0,0.0,4999.999999999997,0.2045879364013672,0.0
