iteration,bestlobjval,lobjval,fobjval,lz1,lz2,tot_runtime,gapf
1.0,3000.0,3000.0,62802.0,0.0,3000.0,0.0048999786376953125,0.0
2.0,3000.0,3000.0,62802.0,0.0,3000.0,0.00518488883972168,0.0
3.0,3000.0,3000.0,62802.0,0.0,3000.0,0.0047760009765625,0.0
4.0,3000.0,3000.0,62802.0,0.0,3000.0,0.004641056060791016,0.0
5.0,3000.0,3000.0,62802.0,0.0,3000.0,0.0045778751373291016,0.0
17.0,3000.0,3000.0,62802.0,0.0,3000.0,0.0050470829010009766,0.0
18.0,3000.0,3000.0,62802.0,0.0,3000.0,0.00466609001159668,0.0
