iteration,bestlobjval,lobjval,fobjval,lz1,lz2,tot_runtime,gapf
1.0,2940.4,2940.4,27724.0,0.0,2940.4,2.7211499214172363,0.0
2.0,2940.4,3000.0,27723.99999435344,0.0,3000.0,3.9484879970550537,0.0
5.0,2938.098171697392,2938.098171697392,27724.0,0.0,2938.098171697392,1.9454641342163086,0.0
6.0,2938.098171697392,2956.7999999999993,27724.0,0.0,2956.7999999999993,2.414628028869629,4.4347544280937645e-12
7.0,2938.098171697392,2954.3999999999996,27724.0,0.0,2954.3999999999996,2.9073100090026855,7.889174671941554e-05
8.0,2938.098171697392,2953.1999999999994,27724.0,0.0,2953.1999999999994,3.497431993484497,0.0
9.0,2938.098171697392,2999.999999999798,27724.0,0.0,2999.999999999798,2.6887099742889404,0.0
10.0,2938.098171697392,3000.0,28874.0,0.0,3000.0,0.5708131790161133,4.617764540156697e-05
13.0,2938.098171697392,3000.0,27724.0,0.0,3000.0,0.59539794921875,0.0
