iteration,bestlobjval,lobjval,fobjval,lz1,lz2,tot_runtime,gapf
1.0,6999.999999999999,6999.999999999999,67385.0,0.0,6999.999999999999,66.84679317474365,0.0
2.0,6999.999999999999,7000.0,67385.0,0.0,7000.0,33.91454720497131,5.794850833450858e-05
3.0,6999.999999999999,7000.000000000001,67767.0,0.0,7000.000000000001,5.442148923873901,8.206955275069254e-05
6.0,6999.999999999999,6999.999999999999,67822.0,0.0,6999.999999999999,5.281352996826172,1.7049838239103657e-06
9.0,6999.999999999998,6999.999999999998,67385.0,0.0,6999.999999999998,25.080183029174805,0.0
15.0,6999.999999999998,7000.0,67767.0,0.0,7000.0,5.624356985092163,0.0
