iteration,bestlobjval,lobjval,fobjval,lz1,lz2,tot_runtime,gapf
1.0,9842.799999904071,9842.799999904071,165562.0,0.0,9842.799999904071,2.294005870819092,0.0
2.0,9842.799999904071,9999.999999976359,165562.0,0.0,9999.999999976359,2.3195910453796387,0.0
4.0,9842.799999904071,9999.999999999998,169877.0,0.0,9999.999999999998,0.3275609016418457,0.0
17.0,9842.799999904071,10000.000000000004,165938.0,0.0,10000.000000000004,0.8375809192657471,2.4105388782107115e-05
30.0,9842.799999904071,9999.99999978367,165561.99993910518,0.0,9999.99999978367,3.768563985824585,0.0
