iteration,bestlobjval,lobjval,fobjval,lz1,lz2,tot_runtime,gapf
1.0,6999.999999999999,6999.999999999999,38787.0,0.0,6999.999999999999,1.0391199588775635,0.0
2.0,6999.999999999999,7000.0,38786.999999978005,0.0,7000.0,0.17157292366027832,0.0
5.0,6999.999999999885,6999.999999999885,38786.999999968044,0.0,6999.999999999885,0.15995287895202637,0.0
