attr,value
lobjval,4957.6
fobjval,68422.0
lz1,0.0
lz2,4957.6
tot_runtime,19.078033447265625
gapf,0.0
best_it,5.0
improvementHeuristic,0.16110842597067826
