iteration,bestlobjval,lobjval,fobjval,lz1,lz2,tot_runtime,gapf
1.0,2999.99999980265,2999.99999980265,45355.99987035945,0.0,2999.99999980265,61.00709295272827,0.0
2.0,2999.99999980265,3000.0000000000005,45356.0,0.0,3000.0000000000005,20.62168288230896,6.913107044354531e-05
5.0,2999.99999980265,3000.0,45355.99996620855,0.0,3000.0,27.797999143600464,7.588821583210314e-05
6.0,2946.0,2946.0,45355.999970491204,0.0,2946.0,27.672765970230103,9.16019596555296e-05
7.0,2946.0,2999.2000000000003,45499.999973919854,0.0,2999.2000000000003,7.245525121688843,0.0
