iteration,bestlobjval,lobjval,fobjval,lz1,lz2,tot_runtime,gapf
1.0,10000.0,10000.0,129491.0,0.0,10000.0,2.4877610206604004,0.0
2.0,9999.999999972199,9999.999999972199,129491.0,0.0,9999.999999972199,3.6070258617401123,0.0
3.0,9999.999999972199,10000.0,129491.0,0.0,10000.0,0.8831779956817627,0.0
4.0,9999.999999972199,9999.999999999998,131801.0,0.0,9999.999999999998,0.4445791244506836,0.0
17.0,9999.999999972199,9999.999999998854,129490.99998061734,0.0,9999.999999998854,2.4509739875793457,0.0
24.0,9999.999999972199,10000.000000000002,129491.0,0.0,10000.000000000002,2.7588720321655273,0.0
25.0,9999.999999972199,10000.0,136574.0,0.0,10000.0,1.4250280857086182,0.0
