iteration,bestlobjval,lobjval,fobjval,lz1,lz2,tot_runtime,gapf
1.0,7000.0,7000.0,46451.0,0.0,7000.0,0.5703511238098145,0.0
2.0,7000.0,7000.0,46451.0,0.0,7000.0,0.7304141521453857,0.0
