attr,value
lobjval,6814.920634920634
fobjval,135721.0
lz1,0.0
lz2,6814.920634920634
tot_runtime,87.57211399078369
gapf,0.0
best_it,1.0
improvementHeuristic,0.0
