attr,value
lobjval,6999.653400514521
fobjval,67151.0
lz1,0.0
lz2,6999.653400514521
tot_runtime,377.7182493209839
gapf,0.0
best_it,9.0
improvementHeuristic,0.00495142122111117
