attr,value
lobjval,6999.999999999998
fobjval,204796.0
lz1,0.0
lz2,6999.999999999998
tot_runtime,12.499451160430908
gapf,0.0
best_it,24.0
improvementHeuristic,3.897834436169692e-14
