attr,value
lobjval,6843.85604720634
fobjval,106120.0
lz1,0.0
lz2,6843.85604720634
tot_runtime,79.97692489624023
gapf,0.0
best_it,7.0
improvementHeuristic,2.230627897052273
