iteration,bestlobjval,lobjval,fobjval,lz1,lz2,tot_runtime,gapf
1.0,10000.0,10000.0,59226.0,0.0,10000.0,4.161646842956543,0.0
2.0,10000.0,10000.0,59225.999955004285,0.0,10000.0,3.609294891357422,0.0
5.0,10000.0,10000.0,59225.99994433323,0.0,10000.0,2.938891887664795,0.0
6.0,10000.0,10000.0,59226.0,0.0,10000.0,3.9405019283294678,0.0
7.0,10000.0,10000.000000000002,59283.0,0.0,10000.000000000002,0.4130439758300781,0.0
