iteration,bestlobjval,lobjval,fobjval,lz1,lz2,tot_runtime,gapf
1.0,3000.0,3000.0,38859.0,0.0,3000.0,1.7179341316223145,0.0
2.0,2961.2,2961.2,38859.0,0.0,2961.2,1.980346918106079,0.0
3.0,2961.2,3000.0,40992.0,0.0,3000.0,0.2752811908721924,0.0
4.0,2961.2,3000.0,39509.0,0.0,3000.0,0.313413143157959,0.0
5.0,2961.2,3000.0,40992.0,0.0,3000.0,0.21902203559875488,0.0
