iteration,bestlobjval,lobjval,fobjval,lz1,lz2,tot_runtime,gapf
1.0,7000.0,7000.0,133414.0,0.0,7000.0,35.45930194854736,2.965050621133648e-12
2.0,6999.999999999998,6999.999999999998,133414.0,0.0,6999.999999999998,14.819073915481567,0.0
3.0,6999.999999999998,6999.999999999999,137615.0,0.0,6999.999999999999,0.7592270374298096,1.2689240470908129e-15
4.0,6999.999999999998,7000.0,133414.0,0.0,7000.0,27.629395008087158,3.406579642408994e-12
5.0,6999.999999999998,7000.0,137615.0,0.0,7000.0,6.40037989616394,0.0
6.0,6999.999999999998,7000.0,133414.0,0.0,7000.0,0.9968020915985107,0.0
23.0,6999.999999999998,7000.000000000003,133414.0,0.0,7000.000000000003,20.559234142303467,4.4972795358575823e-05
24.0,6999.999999999998,7000.0,133414.0,0.0,7000.0,25.666676998138428,4.497279656078256e-05
25.0,6999.999999999998,7000.000000000001,133414.0,0.0,7000.000000000001,0.6506259441375732,0.0
