iteration,bestlobjval,lobjval,fobjval,lz1,lz2,tot_runtime,gapf
1.0,5000.0,5000.0,74337.0,0.0,5000.0,32.409663915634155,9.897537072358655e-05
2.0,4999.999999923665,4999.999999923665,74337.0,0.0,4999.999999923665,22.791213989257812,1.0885600737439283e-11
4.0,4999.999999880809,4999.999999880809,74337.0,0.0,4999.999999880809,15.651793003082275,7.336935614286151e-13
6.0,4999.999999880809,5000.0,74337.0,0.0,5000.0,26.89807891845703,4.638382477023603e-05
26.0,4999.999999880809,4999.999999975563,74337.0,0.0,4999.999999975563,17.671963214874268,9.223272538360413e-05
