iteration,bestlobjval,lobjval,fobjval,lz1,lz2,tot_runtime,gapf
1.0,10000.0,10000.0,52923.0,0.0,10000.0,0.3568258285522461,0.0
2.0,10000.0,10000.0,52923.0,0.0,10000.0,0.4303090572357178,0.0
5.0,10000.0,10000.0,52928.0,0.0,10000.0,0.3617739677429199,9.819410595624733e-05
6.0,10000.0,10000.0,53766.0,0.0,10000.0,0.12299299240112305,0.0
7.0,10000.0,10000.000000000002,53766.0,0.0,10000.000000000002,0.1391468048095703,0.0
8.0,9999.999999999964,9999.999999999964,53766.0,0.0,9999.999999999964,0.14661002159118652,0.0
