iteration,bestlobjval,lobjval,fobjval,lz1,lz2,tot_runtime,gapf
1.0,5000.0,5000.0,146303.0,0.0,5000.0,0.44504308700561523,0.0
2.0,5000.0,5000.0,146303.0,0.0,5000.0,0.2309129238128662,0.0
4.0,5000.0,5000.0,146303.0,0.0,5000.0,0.3284800052642822,0.0
6.0,5000.0,5000.0,146303.0,0.0,5000.0,0.15740108489990234,0.0
7.0,5000.0,5000.0,146302.99995245878,0.0,5000.0,0.22707796096801758,3.304926976205045e-06
17.0,4999.999999999998,4999.999999999998,146303.0,0.0,4999.999999999998,0.09046602249145508,0.0
24.0,4999.999999999998,5000.000000000001,146303.0,0.0,5000.000000000001,0.22121405601501465,0.0
25.0,4999.999999999998,5000.0,146303.0,0.0,5000.0,0.11894488334655762,0.0
26.0,4999.999999999998,5000.0,146303.0,0.0,5000.0,0.10250496864318848,0.0
