attr,value
lobjval,2972.3952463544456
fobjval,92986.0
lz1,0.0
lz2,2972.3952463544456
tot_runtime,18.542420148849487
gapf,0.0
best_it,29.0
improvementHeuristic,0.9201584548518137
