iteration,bestlobjval,lobjval,fobjval,lz1,lz2,tot_runtime,gapf
1.0,3000.0,3000.0,58671.0,0.0,3000.0,0.23264122009277344,0.0
2.0,3000.0,3000.0,58671.0,0.0,3000.0,0.21680307388305664,0.0
3.0,3000.0,3000.0,58671.0,0.0,3000.0,0.1641387939453125,0.0
4.0,2999.999999999999,2999.999999999999,58671.0,0.0,2999.999999999999,0.0947120189666748,0.0
5.0,2999.999999999999,3000.0000000000005,58671.0,0.0,3000.0000000000005,0.12609291076660156,0.0
21.0,2987.2000000000003,2987.2000000000003,58671.0,0.0,2987.2000000000003,0.11645102500915527,0.0
