iteration,bestlobjval,lobjval,fobjval,lz1,lz2,tot_runtime,gapf
1.0,10000.0,10000.0,68761.0,0.0,10000.0,0.7278299331665039,0.0
2.0,10000.0,10000.0,68761.0,0.0,10000.0,0.5836279392242432,0.0
