iteration,bestlobjval,lobjval,fobjval,lz1,lz2,tot_runtime,gapf
1.0,3000.0,3000.0,14862.999929276153,0.0,3000.0,22.089845895767212,0.0
2.0,3000.0,3000.0000000000005,14862.99997750803,0.0,3000.0000000000005,20.553348779678345,7.955289578353653e-05
3.0,3000.0,3000.0,14868.0,0.0,3000.0,3.956408977508545,0.0
5.0,3000.0,3000.0,14862.999971546782,0.0,3000.0,20.23767900466919,0.0
6.0,3000.0,3000.0000000000005,14863.0,0.0,3000.0000000000005,1.3600378036499023,0.0
10.0,2994.762573040217,2994.762573040217,14978.999976642335,0.0,2994.762573040217,2.209852933883667,0.0
