iteration,bestlobjval,lobjval,fobjval,lz1,lz2,tot_runtime,gapf
1.0,10000.0,10000.0,61733.0,0.0,10000.0,0.35681700706481934,0.0
2.0,10000.0,10000.0,61733.0,0.0,10000.0,0.3542909622192383,0.0
5.0,10000.0,10000.000000000002,62269.0,0.0,10000.000000000002,0.1182260513305664,0.0
6.0,10000.0,10000.0,62269.0,0.0,10000.0,0.11962294578552246,0.0
