iteration,bestlobjval,lobjval,fobjval,lz1,lz2,tot_runtime,gapf
1.0,10000.0,10000.0,201339.0,0.0,10000.0,0.29565000534057617,4.4044805726494914e-13
2.0,10000.0,10000.0,201339.0,0.0,10000.0,0.290647029876709,0.0
4.0,10000.0,10000.000000000002,201339.0,0.0,10000.000000000002,0.3330271244049072,0.0
5.0,10000.0,10000.0,201339.0,0.0,10000.0,0.22411894798278809,0.0
6.0,10000.0,10000.0,201339.0,0.0,10000.0,0.17242002487182617,0.0
7.0,10000.0,10000.0,201339.0,0.0,10000.0,0.19691205024719238,0.0
9.0,10000.0,10000.000000000002,201339.0,0.0,10000.000000000002,0.25956106185913086,0.0
20.0,10000.0,10000.000000000004,201339.0,0.0,10000.000000000004,0.0831298828125,0.0
28.0,10000.0,10000.0,201339.0,0.0,10000.0,0.022738933563232422,0.0
