iteration,bestlobjval,lobjval,fobjval,lz1,lz2,tot_runtime,gapf
1.0,10000.0,10000.0,68881.0,0.0,10000.0,0.33925604820251465,1.0797584055426458e-12
2.0,10000.0,10000.0,68881.0,0.0,10000.0,0.22745704650878906,0.0
5.0,10000.0,10000.0,68881.0,0.0,10000.0,0.2957580089569092,0.0
6.0,10000.0,10000.0,68881.0,0.0,10000.0,0.26252293586730957,4.6115337884677785e-05
7.0,10000.0,10000.0,68881.0,0.0,10000.0,0.23973393440246582,0.0
8.0,10000.0,10000.0,68881.0,0.0,10000.0,0.3422691822052002,6.0522243791793615e-12
9.0,9999.999999999478,9999.999999999478,68880.99999999418,0.0,9999.999999999478,0.38317203521728516,0.0
10.0,9999.999999999478,10000.0,70458.0,0.0,10000.0,0.12165284156799316,0.0
