iteration,bestlobjval,lobjval,fobjval,lz1,lz2,tot_runtime,gapf
1.0,6806.59047609989,6806.59047609989,105448.0,0.0,6806.59047609989,4.643934965133667,0.0
2.0,6806.59047609989,6971.199999999999,105448.0,0.0,6971.199999999999,7.532281875610352,0.0
5.0,6806.59047609989,6971.199999999565,105448.0,0.0,6971.199999999565,4.99426007270813,7.689502480595291e-05
6.0,6806.59047609989,7000.0,105448.0,0.0,7000.0,4.068708896636963,0.0
7.0,6804.400000000001,6804.400000000001,105448.0,0.0,6804.400000000001,4.265910863876343,0.0
8.0,6804.400000000001,7000.0,105448.0,0.0,7000.0,5.1256890296936035,0.0
9.0,6804.400000000001,7000.0,110303.0,0.0,7000.0,2.7614688873291016,3.453842059405856e-13
11.0,6804.400000000001,6918.399999987524,105448.0,0.0,6918.399999987524,3.1555941104888916,9.336186487157273e-05
12.0,6804.400000000001,6999.999999850681,110302.99999666208,0.0,6999.999999850681,1.495211124420166,0.0
