iteration,bestlobjval,lobjval,fobjval,lz1,lz2,tot_runtime,gapf
1.0,5000.0,5000.0,54725.0,0.0,5000.0,0.05257296562194824,0.0
2.0,5000.0,5000.0,54725.0,0.0,5000.0,0.03370213508605957,0.0
4.0,5000.0,5000.0,54725.0,0.0,5000.0,0.05226302146911621,0.0
5.0,5000.0,5000.0,54725.0,0.0,5000.0,0.051954030990600586,0.0
