attr,value
lobjval,4999.999999812135
fobjval,75562.99990774445
lz1,0.0
lz2,4999.999999812135
tot_runtime,262.42780327796936
gapf,0.0
best_it,1.0
improvementHeuristic,0.0
