iteration,bestlobjval,lobjval,fobjval,lz1,lz2,tot_runtime,gapf
1.0,6955.19999996913,6955.19999996913,70872.0,0.0,6955.19999996913,4.295403003692627,0.0
2.0,6913.5999999999985,6913.5999999999985,70872.0,0.0,6913.5999999999985,2.848935842514038,0.0
4.0,6913.5999999999985,7000.0,71738.0,0.0,7000.0,1.0915849208831787,2.8098515395374507e-12
30.0,6913.5999999999985,6987.887337054974,70872.0,0.0,6987.887337054974,2.1763389110565186,0.0
