iteration,bestlobjval,lobjval,fobjval,lz1,lz2,tot_runtime,gapf
1.0,3000.0,3000.0,21100.0,0.0,3000.0,3.915153980255127,0.0
2.0,3000.0,3000.0,21100.0,0.0,3000.0,2.5342559814453125,0.0
5.0,3000.0,3000.0,21100.0,0.0,3000.0,2.7334389686584473,0.0
6.0,3000.0,3000.0,21100.0,0.0,3000.0,3.275801181793213,0.0
7.0,3000.0,3000.0,21165.0,0.0,3000.0,0.38439416885375977,0.0
