attr,value
lobjval,2961.0477780144647
fobjval,15485.0
lz1,0.0
lz2,2961.0477780144647
tot_runtime,15.506520509719849
gapf,0.0
best_it,5.0
improvementHeuristic,1.298407399517843
