iteration,bestlobjval,lobjval,fobjval,lz1,lz2,tot_runtime,gapf
1.0,7000.0,7000.0,47885.0,0.0,7000.0,8.991995096206665,1.4100634156755182e-12
2.0,7000.0,7000.000000000001,47885.0,0.0,7000.000000000001,7.851758003234863,0.0
5.0,6999.999999999999,6999.999999999999,47885.0,0.0,6999.999999999999,3.8425819873809814,0.0
6.0,6999.999999999999,7000.0,47885.0,0.0,7000.0,6.646430969238281,0.0
7.0,6999.999999999999,7000.000000000001,47885.0,0.0,7000.000000000001,9.047679901123047,0.0
8.0,6999.999999999999,7000.0,47885.0,0.0,7000.0,6.906569004058838,0.0
9.0,6999.999999999999,6999.999999999999,49977.0,0.0,6999.999999999999,0.5104231834411621,0.0
