iteration,bestlobjval,lobjval,fobjval,lz1,lz2,tot_runtime,gapf
1.0,7000.0,7000.0,146546.0,0.0,7000.0,0.005129814147949219,0.0
2.0,7000.0,7000.0,146546.0,0.0,7000.0,0.005006074905395508,0.0
4.0,7000.0,7000.0,146546.0,0.0,7000.0,0.00478816032409668,0.0
5.0,7000.0,7000.0,146546.0,0.0,7000.0,0.004736900329589844,0.0
6.0,7000.0,7000.0,146546.0,0.0,7000.0,0.004630088806152344,0.0
7.0,7000.0,7000.0,146546.0,0.0,7000.0,0.004957914352416992,0.0
8.0,7000.0,7000.0,146546.0,0.0,7000.0,0.005157947540283203,0.0
28.0,7000.0,7000.0,146546.0,0.0,7000.0,0.0052530765533447266,0.0
29.0,7000.0,7000.0,146546.0,0.0,7000.0,0.004884004592895508,0.0
