iteration,bestlobjval,lobjval,fobjval,lz1,lz2,tot_runtime,gapf
1.0,10000.0,10000.0,139039.0,0.0,10000.0,0.7254040241241455,5.667787298829025e-06
2.0,10000.0,10000.000000004431,139039.0,0.0,10000.000000004431,1.04830002784729,0.0
4.0,10000.0,10000.0,139039.0,0.0,10000.0,0.8899619579315186,0.0
5.0,9902.399999999998,9902.399999999998,139039.0,0.0,9902.399999999998,0.9249200820922852,0.0
6.0,9902.399999999998,9999.999999999998,145179.0,0.0,9999.999999999998,0.15842103958129883,0.0
