iteration,bestlobjval,lobjval,fobjval,lz1,lz2,tot_runtime,gapf
1.0,10000.0,10000.0,120120.0,0.0,10000.0,8.196128129959106,0.0
2.0,9999.999999971307,9999.999999971307,120120.0,0.0,9999.999999971307,7.88986611366272,0.0
3.0,9999.999999971307,10000.0,120120.0,0.0,10000.0,0.4072740077972412,0.0
6.0,9999.999999971307,10000.000000000002,120120.0,0.0,10000.000000000002,5.829201936721802,0.0
11.0,9997.776554379792,9997.776554379792,120120.0,0.0,9997.776554379792,1.3035790920257568,6.858221143932545e-05
16.0,9997.776554379792,10000.0,120120.0,0.0,10000.0,0.24965500831604004,0.0
17.0,9997.776554379792,10000.000000000002,120120.0,0.0,10000.000000000002,0.3702070713043213,0.0
20.0,9997.776554379792,9999.999999999996,120120.0,0.0,9999.999999999996,2.883579969406128,0.0
21.0,9997.776554379792,10000.0,120120.0,0.0,10000.0,0.18627691268920898,0.0
