iteration,bestlobjval,lobjval,fobjval,lz1,lz2,tot_runtime,gapf
1.0,5000.0,5000.0,65167.0,0.0,5000.0,14.390336990356445,0.0
2.0,5000.0,5000.0,65167.0,0.0,5000.0,16.73281502723694,0.0
3.0,5000.0,5000.0,65453.0,0.0,5000.0,0.6518309116363525,0.0
4.0,5000.0,5000.000000000001,65167.0,0.0,5000.000000000001,20.94895100593567,0.0
5.0,5000.0,5000.0,65167.0,0.0,5000.0,28.249117136001587,0.0
6.0,5000.0,5000.0,65167.0,0.0,5000.0,12.008518934249878,0.0
7.0,5000.0,5000.000000000001,65166.99995785075,0.0,5000.000000000001,29.7547550201416,0.0
8.0,5000.0,5000.000000000002,65453.0,0.0,5000.000000000002,0.23849201202392578,0.0
