iteration,bestlobjval,lobjval,fobjval,lz1,lz2,tot_runtime,gapf
1.0,3000.0,3000.0,52761.99993737698,0.0,3000.0,27.17150092124939,0.0
2.0,3000.0,3000.0000000000005,52762.0,0.0,3000.0000000000005,26.602869033813477,9.902704906457522e-13
3.0,3000.0,3000.0,52762.0,0.0,3000.0,31.967729091644287,1.403561210665989e-12
5.0,2999.9999999953193,2999.9999999953193,52761.99996768657,0.0,2999.9999999953193,38.56981611251831,0.0
7.0,2999.9999999953193,3000.0,52762.0,0.0,3000.0,29.513144969940186,0.0
10.0,2999.9999999953193,2999.9999999999995,52862.0,0.0,2999.9999999999995,8.085071086883545,0.0
11.0,2999.9999999953193,3000.0,52861.999968144926,0.0,3000.0,3.8226969242095947,0.0
24.0,2999.9999999953193,3000.0,52762.0,0.0,3000.0,28.93205213546753,0.0
25.0,2994.521530544381,2994.521530544381,52862.0,0.0,2994.521530544381,5.451016902923584,7.247507046266942e-05
