iteration,bestlobjval,lobjval,fobjval,lz1,lz2,tot_runtime,gapf
1.0,3000.0,3000.0,61108.0,0.0,3000.0,2.094542980194092,0.0
2.0,3000.0,3000.0000000000005,61108.0,0.0,3000.0000000000005,1.6570250988006592,0.0
5.0,3000.0,3000.0,61108.0,0.0,3000.0,1.9265029430389404,0.0
8.0,2999.9999999999995,2999.9999999999995,61108.0,0.0,2999.9999999999995,2.32519793510437,0.0
10.0,2999.9999999999995,2999.9999999999995,61108.0,0.0,2999.9999999999995,1.6621918678283691,0.0
28.0,2999.999999999998,2999.999999999998,61108.0,0.0,2999.999999999998,4.227899074554443,6.41305036403827e-05
29.0,2999.999999999998,3000.0000000000005,61108.0,0.0,3000.0000000000005,1.8593499660491943,0.0
