iteration,bestlobjval,lobjval,fobjval,lz1,lz2,tot_runtime,gapf
1.0,10000.0,10000.0,111735.0,0.0,10000.0,0.11525893211364746,0.0
2.0,10000.0,10000.0,111735.0,0.0,10000.0,0.15731215476989746,0.0
4.0,10000.0,10000.0,111735.0,0.0,10000.0,0.21119904518127441,0.0
5.0,9999.999999999998,9999.999999999998,111735.0,0.0,9999.999999999998,0.1554419994354248,0.0
6.0,9999.999999999998,9999.999999999998,111734.99997466353,0.0,9999.999999999998,0.21132707595825195,0.0
25.0,9999.999999999998,10000.000000000002,111734.9999844635,0.0,10000.000000000002,0.15926694869995117,0.0
