iteration,bestlobjval,lobjval,fobjval,lz1,lz2,tot_runtime,gapf
1.0,10000.0,10000.0,92736.0,0.0,10000.0,0.22028899192810059,0.0
2.0,10000.0,10000.0,92736.0,0.0,10000.0,0.4805319309234619,0.0
3.0,10000.0,10000.0,92736.0,0.0,10000.0,0.39133405685424805,0.0
4.0,9999.999999999998,9999.999999999998,92736.0,0.0,9999.999999999998,0.24274802207946777,0.0
5.0,9999.999999999998,10000.0,96468.0,0.0,10000.0,0.18164896965026855,0.0
28.0,9999.999999999998,10000.0,92735.99999999994,0.0,10000.0,0.25858306884765625,0.0
29.0,9999.999999999998,10000.0,96468.0,0.0,10000.0,0.10665106773376465,0.0
30.0,9999.999999999998,10000.0,96468.0,0.0,10000.0,0.015397071838378906,0.0
