iteration,bestlobjval,lobjval,fobjval,lz1,lz2,tot_runtime,gapf
1.0,3000.0,3000.0,57429.0,0.0,3000.0,8.242303848266602,0.0
2.0,3000.0,3000.0000000000005,57429.0,0.0,3000.0000000000005,7.4197540283203125,0.0
4.0,3000.0,3000.0,57429.0,0.0,3000.0,4.5289390087127686,0.0
5.0,3000.0,3000.0,57429.0,0.0,3000.0,7.807138919830322,0.0
11.0,3000.0,3000.0000000000014,57429.0,0.0,3000.0000000000014,3.278273105621338,0.0
16.0,3000.0,3000.0000000000005,57429.0,0.0,3000.0000000000005,4.244205951690674,4.306230442913456e-05
23.0,2999.999999999998,2999.999999999998,57429.0,0.0,2999.999999999998,3.423137903213501,0.0
24.0,2999.999999999998,3000.0,57429.0,0.0,3000.0,5.005366086959839,4.657528349739094e-05
