iteration,bestlobjval,lobjval,fobjval,lz1,lz2,tot_runtime,gapf
1.0,10000.0,10000.0,285841.0,0.0,10000.0,1.1169190406799316,0.0
2.0,10000.0,10000.000000000002,285841.0,0.0,10000.000000000002,1.1603758335113525,0.0
3.0,10000.0,10000.0,285841.0,0.0,10000.0,1.2082040309906006,0.0
4.0,10000.0,10000.0,285841.0,0.0,10000.0,1.448077917098999,0.0
15.0,9999.999999999996,9999.999999999996,285841.0,0.0,9999.999999999996,1.0584430694580078,0.0
20.0,9999.999999999996,10000.0,285841.0,0.0,10000.0,1.0073051452636719,0.0
30.0,9999.999999999996,10000.000000000004,285841.0,0.0,10000.000000000004,0.8877220153808594,9.311472734702463e-05
