iteration,bestlobjval,lobjval,fobjval,lz1,lz2,tot_runtime,gapf
1.0,4999.999999753983,4999.999999753983,72194.99997987243,0.0,4999.999999753983,60.47068119049072,8.795665848227342e-05
2.0,4999.999999585766,4999.999999585766,72194.99997432691,0.0,4999.999999585766,34.09489417076111,3.680003912764218e-05
5.0,4999.999999585766,5000.0,75228.0,0.0,5000.0,4.157644033432007,0.0
10.0,4999.999999262171,4999.999999262171,72194.99999182043,0.0,4999.999999262171,31.488772869110107,0.0
