attr,value
lobjval,6999.999999999996
fobjval,113140.0
lz1,0.0
lz2,6999.999999999996
tot_runtime,61.442806005477905
gapf,0.0
best_it,28.0
improvementHeuristic,3.897834436169693e-14
