attr,value
lobjval,6923.59145336772
fobjval,86424.99998636363
lz1,0.0
lz2,6923.59145336772
tot_runtime,152.85971403121948
gapf,0.0
best_it,13.0
improvementHeuristic,1.091550666175434
