iteration,bestlobjval,lobjval,fobjval,lz1,lz2,tot_runtime,gapf
1.0,7000.0,7000.0,48217.0,0.0,7000.0,0.2964820861816406,1.4080502830525655e-12
2.0,6999.9999999917245,6999.9999999917245,48216.99999992979,0.0,6999.9999999917245,0.31233716011047363,9.058542331129416e-13
5.0,6999.9999999917245,7000.0,48217.0,0.0,7000.0,0.3310880661010742,0.0
6.0,6999.9999999917245,7000.0,48217.0,0.0,7000.0,0.21608304977416992,5.1055346245826e-05
7.0,6999.9999999917245,7000.0,50626.0,0.0,7000.0,0.10720300674438477,0.0
8.0,6999.9999999917245,7000.0,50626.0,0.0,7000.0,0.10316681861877441,0.0
9.0,6999.9999999917245,6999.999999999999,50626.0,0.0,6999.999999999999,0.10359692573547363,0.0
