iteration,bestlobjval,lobjval,fobjval,lz1,lz2,tot_runtime,gapf
1.0,3000.0,3000.0,30682.0,0.0,3000.0,0.20596599578857422,0.0
2.0,2999.9999999999995,2999.9999999999995,30682.0,0.0,2999.9999999999995,0.0894620418548584,0.0
4.0,2999.9999999999995,3000.0,30682.0,0.0,3000.0,0.09579205513000488,0.0
