attr,value
lobjval,6909.6
fobjval,95786.0
lz1,0.0
lz2,6909.6
tot_runtime,14.429529666900635
gapf,4.1428886087482935e-13
best_it,5.0
improvementHeuristic,1.2914285714285663
