iteration,bestlobjval,lobjval,fobjval,lz1,lz2,tot_runtime,gapf
1.0,9992.0,9992.0,102240.0,0.0,9992.0,0.13568902015686035,1.423309392445897e-14
2.0,9992.0,9999.999999998214,102239.99999997666,0.0,9999.999999998214,0.16290616989135742,0.0
4.0,9854.762064637316,9854.762064637316,102240.0,0.0,9854.762064637316,0.19826912879943848,0.0
5.0,9854.762064637316,10000.0,102240.0,0.0,10000.0,0.12369298934936523,0.0
6.0,9854.762064637316,9999.999999999998,102240.0,0.0,9999.999999999998,0.09298896789550781,9.18784492277324e-05
