iteration,bestlobjval,lobjval,fobjval,lz1,lz2,tot_runtime,gapf
1.0,2982.0,2982.0,45471.0,0.0,2982.0,4.338029861450195,0.0
2.0,2982.0,2999.9999999991383,45471.0,0.0,2999.9999999991383,5.183861970901489,1.0276876096027212e-10
3.0,2982.0,3000.0,47259.0,0.0,3000.0,1.0526440143585205,2.8457817672944085e-12
5.0,2982.0,2999.9999997249543,45471.0,0.0,2999.9999997249543,4.453869819641113,0.0
7.0,2982.0,2999.999999999537,45471.0,0.0,2999.999999999537,4.227204084396362,0.0
10.0,2982.0,2999.9999989041935,46471.99998527099,0.0,2999.9999989041935,3.4662280082702637,9.460417993955839e-05
15.0,2982.0,2999.9999999861607,45471.0,0.0,2999.9999999861607,3.7625861167907715,8.864207251410601e-07
20.0,2981.9999999507318,2981.9999999507318,45471.0,0.0,2981.9999999507318,7.750875949859619,0.0
30.0,2827.572500668206,2827.572500668206,45470.99996527904,0.0,2827.572500668206,4.812078952789307,0.0
