iteration,bestlobjval,lobjval,fobjval,lz1,lz2,tot_runtime,gapf
1.0,10000.0,10000.0,50550.0,0.0,10000.0,14.037220001220703,0.0
2.0,10000.0,10000.0,50550.0,0.0,10000.0,11.110100030899048,7.838874092885997e-05
5.0,9999.999999992096,9999.999999992096,50549.99999096111,0.0,9999.999999992096,9.778964042663574,8.975406943404573e-05
6.0,9999.99999997245,9999.99999997245,50549.99999051959,0.0,9999.99999997245,8.45865511894226,3.554630108639006e-05
7.0,9999.99999997245,9999.999999999998,52363.0,0.0,9999.999999999998,1.319572925567627,0.0
