iteration,bestlobjval,lobjval,fobjval,lz1,lz2,tot_runtime,gapf
1.0,4970.0,4970.0,49361.0,0.0,4970.0,1.2851791381835938,0.0
2.0,4966.799999999999,4966.799999999999,49361.0,0.0,4966.799999999999,1.186279058456421,0.0
3.0,4966.799999999999,5000.000000000001,49361.0,0.0,5000.000000000001,0.19450879096984863,0.0
13.0,4966.799999999999,4999.999999999999,49361.0,0.0,4999.999999999999,0.2013559341430664,0.0
14.0,4966.799999999999,5000.000000000001,49361.0,0.0,5000.000000000001,0.17928695678710938,0.0
