iteration,bestlobjval,lobjval,fobjval,lz1,lz2,tot_runtime,gapf
1.0,10000.0,10000.0,201481.0,0.0,10000.0,2.5972368717193604,0.0
2.0,10000.0,10000.0,201481.0,0.0,10000.0,2.476141929626465,0.0
4.0,10000.0,10000.000000000002,215937.0,0.0,10000.000000000002,0.30373191833496094,0.0
6.0,10000.0,10000.0,215937.0,0.0,10000.0,0.2513580322265625,0.0
7.0,9999.999999998769,9999.999999998769,215937.0,0.0,9999.999999998769,0.36092710494995117,1.4017043709509278e-14
21.0,9999.999999998769,9999.999999999995,201481.0,0.0,9999.999999999995,2.0974597930908203,0.0
28.0,9999.999999998769,10000.0,201481.0,0.0,10000.0,1.867030143737793,0.0
