attr,value
lobjval,9999.999999999996
fobjval,191335.0
lz1,0.0
lz2,9999.999999999996
tot_runtime,84.79259586334229
gapf,0.0
best_it,19.0
improvementHeuristic,3.637978807091713e-14
