iteration,bestlobjval,lobjval,fobjval,lz1,lz2,tot_runtime,gapf
1.0,3000.0,3000.0,27833.0,0.0,3000.0,0.7375550270080566,0.0
2.0,2999.9999999999995,2999.9999999999995,27833.0,0.0,2999.9999999999995,2.02993106842041,0.0
3.0,2999.9999999999995,3000.0,27833.0,0.0,3000.0,0.06774306297302246,0.0
5.0,2999.9999999999995,3000.0,27833.0,0.0,3000.0,0.05742502212524414,0.0
6.0,2999.9999999999995,3000.0,27833.0,0.0,3000.0,0.16127777099609375,0.0
7.0,2999.9999999999995,3000.0,27833.0,0.0,3000.0,0.27487802505493164,0.0
8.0,2999.9999999999995,3000.0000000000005,27833.0,0.0,3000.0000000000005,0.3162999153137207,0.0
10.0,2999.9999999999995,3000.0000000000005,28011.0,0.0,3000.0000000000005,0.06323599815368652,0.0
11.0,2999.9999999999995,3000.000000000001,28011.0,0.0,3000.000000000001,0.06360101699829102,0.0
