iteration,bestlobjval,lobjval,fobjval,lz1,lz2,tot_runtime,gapf
1.0,3000.0,3000.0,46338.0,0.0,3000.0,49.65090084075928,2.1580594833045785e-05
2.0,3000.0,3000.0,46338.0,0.0,3000.0,38.237645864486694,0.0
4.0,2999.9999999999995,2999.9999999999995,46338.0,0.0,2999.9999999999995,10.203794956207275,0.0
5.0,2999.9999999999995,3000.0,46338.0,0.0,3000.0,13.126235008239746,0.0
6.0,2999.9999999999995,2999.9999999999995,46338.0,0.0,2999.9999999999995,19.20461082458496,0.0
7.0,2999.9999999999995,3000.0,46338.0,0.0,3000.0,21.388370037078857,0.0
8.0,2999.9999999999995,3000.0,48476.0,0.0,3000.0,3.06278395652771,0.0
29.0,2999.999999999999,2999.999999999999,46338.0,0.0,2999.999999999999,11.258875846862793,0.0
30.0,2999.999999999999,3000.0,46338.0,0.0,3000.0,4.802861213684082,6.901420209315897e-07
