iteration,bestlobjval,lobjval,fobjval,lz1,lz2,tot_runtime,gapf
1.0,5000.0,5000.0,90287.0,0.0,5000.0,1.8706891536712646,0.0
2.0,5000.0,5000.0,90287.0,0.0,5000.0,2.548858880996704,0.0
3.0,5000.0,5000.0,90287.0,0.0,5000.0,1.4714241027832031,0.0
7.0,5000.0,5000.0,90287.0,0.0,5000.0,1.8298518657684326,0.0
8.0,5000.0,5000.0,90287.0,0.0,5000.0,2.4104678630828857,0.0
9.0,5000.0,5000.0,90287.0,0.0,5000.0,1.2427189350128174,0.0
10.0,5000.0,5000.0,90287.0,0.0,5000.0,1.2087531089782715,0.0
