iteration,bestlobjval,lobjval,fobjval,lz1,lz2,tot_runtime,gapf
1.0,5000.0,5000.0,107947.0,0.0,5000.0,0.004060983657836914,0.0
2.0,5000.0,5000.0,107947.0,0.0,5000.0,0.0041179656982421875,0.0
3.0,5000.0,5000.0,107947.0,0.0,5000.0,0.0039501190185546875,0.0
4.0,5000.0,5000.0,107947.0,0.0,5000.0,0.003484964370727539,0.0
5.0,5000.0,5000.0,107947.0,0.0,5000.0,0.0034880638122558594,0.0
6.0,5000.0,5000.0,107947.0,0.0,5000.0,0.0033011436462402344,0.0
17.0,5000.0,5000.0,107947.0,0.0,5000.0,0.004335880279541016,0.0
18.0,5000.0,5000.0,107947.0,0.0,5000.0,0.004084110260009766,0.0
22.0,5000.0,5000.0,107947.0,0.0,5000.0,0.0034461021423339844,0.0
