iteration,bestlobjval,lobjval,fobjval,lz1,lz2,tot_runtime,gapf
1.0,10000.0,10000.0,58656.0,0.0,10000.0,3.2170791625976562,0.0
2.0,10000.0,10000.0,58656.0,0.0,10000.0,7.834367036819458,0.0
5.0,9999.999999998903,9999.999999998903,58655.99998414201,0.0,9999.999999998903,9.956151962280273,0.0
6.0,9999.999999998903,10000.0,58656.0,0.0,10000.0,8.031037092208862,0.0
7.0,9999.999999998903,10000.0,62740.0,0.0,10000.0,1.026494026184082,1.246677468161808e-13
8.0,9999.999999998903,10000.0,62739.99998930285,0.0,10000.0,1.0088610649108887,6.375500961958452e-05
