iteration,bestlobjval,lobjval,fobjval,lz1,lz2,tot_runtime,gapf
1.0,7000.0,7000.0,89682.0,0.0,7000.0,16.161844968795776,0.0
2.0,6999.999999999999,6999.999999999999,89682.0,0.0,6999.999999999999,18.872447967529297,0.0
3.0,6999.999999999999,7000.0,89682.0,0.0,7000.0,10.87311601638794,0.0
5.0,6999.999999999999,7000.0,89682.0,0.0,7000.0,19.968256950378418,0.0
6.0,6999.999999999999,6999.999999999999,89682.0,0.0,6999.999999999999,13.554005146026611,0.0
7.0,6999.999999999999,7000.0,89682.0,0.0,7000.0,15.397325992584229,0.0
8.0,6999.999999999999,7000.0,89682.0,0.0,7000.0,10.099231004714966,0.0
9.0,6999.999999999998,6999.999999999998,89898.0,0.0,6999.999999999998,1.1797969341278076,0.0
