iteration,bestlobjval,lobjval,fobjval,lz1,lz2,tot_runtime,gapf
1.0,5000.0,5000.0,23863.0,0.0,5000.0,3.247560977935791,4.273249212705054e-12
2.0,5000.0,5000.0,23863.0,0.0,5000.0,1.6215851306915283,0.0
5.0,5000.0,5000.0,23863.0,0.0,5000.0,1.3511240482330322,0.0
6.0,5000.0,5000.0,23862.999963669536,0.0,5000.0,2.2086238861083984,0.0
7.0,5000.0,5000.0,24839.0,0.0,5000.0,0.280289888381958,0.0
9.0,5000.0,5000.0,23883.0,0.0,5000.0,0.3751070499420166,0.0
