iteration,bestlobjval,lobjval,fobjval,lz1,lz2,tot_runtime,gapf
1.0,10000.0,10000.0,109914.0,0.0,10000.0,0.20276498794555664,0.0
2.0,10000.0,10000.0,109914.0,0.0,10000.0,0.08166885375976562,0.0
5.0,10000.0,10000.0,109914.0,0.0,10000.0,0.08673596382141113,0.0
28.0,9999.999999999998,9999.999999999998,109914.0,0.0,9999.999999999998,0.262876033782959,0.0
