attr,value
lobjval,6999.999999999998
fobjval,47010.0
lz1,0.0
lz2,6999.999999999998
tot_runtime,16.153386116027832
gapf,0.0
best_it,2.0
improvementHeuristic,2.598556290779795e-14
