iteration,bestlobjval,lobjval,fobjval,lz1,lz2,tot_runtime,gapf
1.0,10000.0,10000.0,84608.0,0.0,10000.0,43.6558940410614,8.0736500726317e-05
2.0,10000.0,10000.0,84608.0,0.0,10000.0,21.850178003311157,0.0
5.0,9999.999999999998,9999.999999999998,84608.0,0.0,9999.999999999998,36.29570198059082,7.502533401362273e-05
6.0,9999.999999999998,10000.0,84608.0,0.0,10000.0,27.45060420036316,0.0
7.0,9999.999999985508,9999.999999985508,84607.99997483255,0.0,9999.999999985508,41.59484505653381,8.838018106559344e-05
8.0,9999.99999989078,9999.99999989078,84607.99998311885,0.0,9999.99999989078,33.947988986968994,0.0
9.0,9938.901722998009,9938.901722998009,84607.99986394832,0.0,9938.901722998009,22.540532112121582,9.369327534656641e-05
10.0,9938.901722998009,9999.999999999998,86768.0,0.0,9999.999999999998,5.996267080307007,0.0
