attr,value
lobjval,2977.6
fobjval,28851.999969678298
lz1,0.0
lz2,2977.6
tot_runtime,580.9037375450134
gapf,0.0
best_it,9.0
improvementHeuristic,0.7466666666666697
