iteration,bestlobjval,lobjval,fobjval,lz1,lz2,tot_runtime,gapf
1.0,6999.999999999999,6999.999999999999,105705.0,0.0,6999.999999999999,79.99206686019897,9.87396005826527e-05
2.0,6999.999999999999,7000.000000000001,105705.0,0.0,7000.000000000001,45.727545976638794,9.78738511782844e-05
3.0,6999.999999999999,6999.999999999999,105705.0,0.0,6999.999999999999,54.095077991485596,8.82537729608562e-05
4.0,6988.399999168143,6988.399999168143,105704.99997148277,0.0,6988.399999168143,68.11238980293274,0.0
5.0,6988.399999168143,7000.0,105705.0,0.0,7000.0,59.203011989593506,4.702097502862667e-12
6.0,6988.399999168143,6999.999999999999,105705.0,0.0,6999.999999999999,53.57440209388733,8.307724701242465e-05
7.0,6988.399999168143,7000.0,110698.0,0.0,7000.0,4.298120975494385,0.0
9.0,6988.399999168143,7000.0,110698.0,0.0,7000.0,3.900444984436035,0.0
30.0,6988.399999168143,6999.999999999998,105705.0,0.0,6999.999999999998,30.458998918533325,0.0
