iteration,bestlobjval,lobjval,fobjval,lz1,lz2,tot_runtime,gapf
1.0,10000.0,10000.0,202616.0,0.0,10000.0,25.23498010635376,2.4223506377697574e-12
2.0,10000.0,10000.0,202616.0,0.0,10000.0,44.6098530292511,1.9713199805948858e-12
4.0,10000.0,10000.0,202616.0,0.0,10000.0,31.51913094520569,2.5320918549931976e-12
5.0,10000.0,10000.0,202616.0,0.0,10000.0,20.62321186065674,6.452674527530309e-05
6.0,10000.0,10000.0,202616.0,0.0,10000.0,16.846943140029907,2.9694766801834793e-12
21.0,10000.0,10000.000000000004,202616.0,0.0,10000.000000000004,11.059875011444092,3.1924064827106773e-12
28.0,9999.999999999998,9999.999999999998,202616.0,0.0,9999.999999999998,13.038268089294434,5.536185856316532e-12
29.0,9999.999999999998,10000.0,202616.0,0.0,10000.0,1.8759570121765137,0.0
