iteration,bestlobjval,lobjval,fobjval,lz1,lz2,tot_runtime,gapf
1.0,10000.0,10000.0,51517.0,0.0,10000.0,2.100490093231201,1.2235110897698045e-12
2.0,10000.0,10000.0,51517.0,0.0,10000.0,1.8351869583129883,0.0
5.0,10000.0,10000.0,54125.0,0.0,10000.0,0.3030679225921631,0.0
