attr,value
lobjval,9999.999999920181
fobjval,96217.99998782267
lz1,0.0
lz2,9999.999999920181
tot_runtime,285.2739622592926
gapf,0.0
best_it,1.0
improvementHeuristic,0.0
