attr,value
lobjval,4877.6
fobjval,311174.0
lz1,0.0
lz2,4877.6
tot_runtime,3.2768545150756836
gapf,0.0
best_it,2.0
improvementHeuristic,2.447999999999993
