iteration,bestlobjval,lobjval,fobjval,lz1,lz2,tot_runtime,gapf
1.0,6999.999999452349,6999.999999452349,103910.99997979114,0.0,6999.999999452349,56.08033204078674,0.0
2.0,6999.999999452349,6999.999999999999,103911.0,0.0,6999.999999999999,34.88665199279785,4.4056908393946144e-05
3.0,6999.999998716107,6999.999998716107,103910.99999216016,0.0,6999.999998716107,21.80986189842224,0.0
5.0,6999.999997856845,6999.999997856845,103911.0,0.0,6999.999997856845,60.61457586288452,0.0
6.0,6999.999997856845,6999.999999713749,103911.0,0.0,6999.999999713749,41.07776188850403,1.2326506129291898e-12
7.0,6999.999997856845,6999.999999777219,103911.0,0.0,6999.999999777219,31.18321919441223,7.462822596549107e-05
9.0,6999.999997856845,6999.99999845954,103910.99998150372,0.0,6999.99999845954,29.435547828674316,7.075649782143899e-05
13.0,6922.400000000001,6922.400000000001,103911.0,0.0,6922.400000000001,37.84172606468201,4.566492977322769e-12
16.0,6922.400000000001,6999.999999099822,103910.99998785471,0.0,6999.999999099822,27.451711893081665,8.404664527037985e-05
