attr,value
lobjval,2986.0000000000005
fobjval,56265.0
lz1,0.0
lz2,2986.0000000000005
tot_runtime,64.09286713600159
gapf,0.0
best_it,11.0
improvementHeuristic,0.4666666666666515
