iteration,bestlobjval,lobjval,fobjval,lz1,lz2,tot_runtime,gapf
1.0,9999.999999847894,9999.999999847894,119924.99986868397,0.0,9999.999999847894,14.440079927444458,4.134658088895153e-05
2.0,9999.999999847894,9999.999999971385,119924.99938639578,0.0,9999.999999971385,19.517182111740112,0.0
5.0,9999.999999847894,10000.0,119925.0,0.0,10000.0,12.155686140060425,8.709914322219493e-13
6.0,9999.999999847894,10000.0,119925.0,0.0,10000.0,11.531719207763672,5.966376249979555e-13
7.0,9999.999999847894,10000.0,120748.0,0.0,10000.0,0.8536410331726074,0.0
