attr,value
lobjval,9842.799999904071
fobjval,165562.0
lz1,0.0
lz2,9842.799999904071
tot_runtime,24.40254020690918
gapf,0.0
best_it,1.0
improvementHeuristic,0.0
