attr,value
lobjval,2999.999999999931
fobjval,19464.0
lz1,0.0
lz2,2999.999999999931
tot_runtime,5.98119330406189
gapf,0.0
best_it,3.0
improvementHeuristic,2.304053244491418e-12
