iteration,bestlobjval,lobjval,fobjval,lz1,lz2,tot_runtime,gapf
1.0,7000.000000000001,7000.000000000001,73223.0,0.0,7000.000000000001,0.2224130630493164,0.0
2.0,7000.0,7000.0,73223.0,0.0,7000.0,0.17785191535949707,0.0
3.0,7000.0,7000.0,73223.0,0.0,7000.0,0.16356110572814941,0.0
