iteration,bestlobjval,lobjval,fobjval,lz1,lz2,tot_runtime,gapf
1.0,5000.0,5000.0,76286.0,0.0,5000.0,13.697865009307861,0.0
2.0,5000.0,5000.0,76286.0,0.0,5000.0,28.470719814300537,2.5331274188592614e-11
5.0,5000.0,5000.000000000001,78350.0,0.0,5000.000000000001,1.4819109439849854,0.0
7.0,5000.0,5000.000000000001,76286.0,0.0,5000.000000000001,1.2413699626922607,7.327728739159788e-05
10.0,4999.999999999999,4999.999999999999,78350.0,0.0,4999.999999999999,1.5729730129241943,2.6857583252677426e-06
