iteration,bestlobjval,lobjval,fobjval,lz1,lz2,tot_runtime,gapf
1.0,10000.0,10000.0,67821.0,0.0,10000.0,2.529797077178955,0.0
2.0,9999.999999999998,9999.999999999998,67821.0,0.0,9999.999999999998,2.64178204536438,0.0
5.0,9999.999999122696,9999.999999122696,67820.99986264706,0.0,9999.999999122696,2.7747550010681152,0.0
6.0,9999.999999122696,10000.0,67821.0,0.0,10000.0,1.6876168251037598,0.0
7.0,9999.999999122696,10000.000000000002,72413.0,0.0,10000.000000000002,0.16177701950073242,0.0
