iteration,bestlobjval,lobjval,fobjval,lz1,lz2,tot_runtime,gapf
1.0,3000.0,3000.0,54681.0,0.0,3000.0,1.1441080570220947,0.0
2.0,3000.0,3000.0,54681.0,0.0,3000.0,1.3467199802398682,0.0
3.0,3000.0,3000.0,54681.0,0.0,3000.0,1.9953429698944092,0.0
4.0,3000.0,3000.0,54681.0,0.0,3000.0,1.4752378463745117,0.0
5.0,3000.0,3000.0,54681.0,0.0,3000.0,1.5953960418701172,0.0
6.0,2999.9999999980882,2999.9999999980882,54681.0,0.0,2999.9999999980882,0.8989341259002686,0.0
7.0,2999.9999999980882,3000.0,54681.0,0.0,3000.0,0.9726269245147705,0.0
17.0,2999.9999999980882,2999.999999999999,54681.0,0.0,2999.999999999999,0.7182052135467529,3.4609271077569924e-05
