iteration,bestlobjval,lobjval,fobjval,lz1,lz2,tot_runtime,gapf
1.0,5000.0,5000.0,23774.0,0.0,5000.0,2.808260917663574,1.7747656349225913e-12
2.0,5000.0,5000.0,23774.0,0.0,5000.0,0.995642900466919,6.923753127105452e-05
4.0,5000.0,5000.0,24713.0,0.0,5000.0,0.8491928577423096,0.0
5.0,5000.0,5000.0,24713.0,0.0,5000.0,0.33193302154541016,0.0
