attr,value
lobjval,6999.999999999999
fobjval,457865.0
lz1,0.0
lz2,6999.999999999999
tot_runtime,4.662338733673096
gapf,0.0
best_it,8.0
improvementHeuristic,1.2992781453898974e-14
