iteration,bestlobjval,lobjval,fobjval,lz1,lz2,tot_runtime,gapf
1.0,2999.999999586773,2999.999999586773,45291.999994616155,0.0,2999.999999586773,4.997289180755615,0.0
2.0,2959.2,2959.2,45292.0,0.0,2959.2,3.462533950805664,0.0
5.0,2952.0,2952.0,45292.0,0.0,2952.0,3.98529314994812,0.0
6.0,2952.0,2975.999999999646,45292.0,0.0,2975.999999999646,3.5182201862335205,0.0
7.0,2952.0,3000.0,45292.0,0.0,3000.0,4.395359039306641,5.501117780298562e-05
8.0,2952.0,3000.0,45291.99999531576,0.0,3000.0,5.058988809585571,0.0
9.0,2952.0,2992.799999999678,45292.0,0.0,2992.799999999678,3.430614948272705,6.851822695354902e-05
10.0,2952.0,2999.999999982021,45292.0,0.0,2999.999999982021,2.8207008838653564,0.0
11.0,2952.0,3000.000000000001,47372.0,0.0,3000.000000000001,1.2923579216003418,5.9361595718774924e-05
