iteration,bestlobjval,lobjval,fobjval,lz1,lz2,tot_runtime,gapf
1.0,2999.9999986481635,2999.9999986481635,30728.99994803375,0.0,2999.9999986481635,19.48083519935608,9.848742514782159e-05
2.0,2999.9999986481635,2999.999998887021,30728.999973582242,0.0,2999.999998887021,10.18404483795166,4.54442657969661e-05
5.0,2984.7999989510836,2984.7999989510836,30728.999981472785,0.0,2984.7999989510836,13.831067085266113,2.3409292909481282e-05
7.0,2984.7999989510836,2999.9999994250193,30728.99996735845,0.0,2999.9999994250193,16.865915060043335,6.40872865462128e-05
