iteration,bestlobjval,lobjval,fobjval,lz1,lz2,tot_runtime,gapf
1.0,3000.0,3000.0,32830.0,0.0,3000.0,0.04099917411804199,0.0
5.0,3000.0,3000.0,32830.0,0.0,3000.0,0.03291797637939453,0.0
6.0,3000.0,3000.0,32830.0,0.0,3000.0,0.07701492309570312,0.0
7.0,2999.9999999999995,2999.9999999999995,32830.0,0.0,2999.9999999999995,0.053524017333984375,0.0
8.0,2999.9999999999995,2999.9999999999995,32830.0,0.0,2999.9999999999995,0.06139397621154785,0.0
9.0,2999.9999999999995,2999.9999999999995,32830.0,0.0,2999.9999999999995,0.05263495445251465,9.086636070104187e-15
10.0,2999.9999999999995,2999.9999999999995,32830.0,0.0,2999.9999999999995,0.06008100509643555,0.0
