attr,value
lobjval,6994.8
fobjval,72749.0
lz1,0.0
lz2,6994.8
tot_runtime,223.58396697044373
gapf,8.912307275173624e-05
best_it,9.0
improvementHeuristic,0.07428571405505341
