iteration,bestlobjval,lobjval,fobjval,lz1,lz2,tot_runtime,gapf
1.0,5000.0,5000.0,55891.0,0.0,5000.0,0.1957991123199463,0.0
2.0,5000.0,5000.0,55891.0,0.0,5000.0,0.2246558666229248,0.0
5.0,4999.999999999999,4999.999999999999,55891.0,0.0,4999.999999999999,0.16397619247436523,0.0
6.0,4999.999999999999,4999.999999999999,55890.99999020828,0.0,4999.999999999999,0.20331788063049316,4.982067323867822e-06
7.0,4999.999999540778,4999.999999540778,55890.99998157921,0.0,4999.999999540778,0.22181105613708496,0.0
8.0,4999.999999540778,5000.000000000001,55891.0,0.0,5000.000000000001,0.1456911563873291,0.0
9.0,4999.999999540778,5000.0,55891.0,0.0,5000.0,0.2132561206817627,0.0
