iteration,bestlobjval,lobjval,fobjval,lz1,lz2,tot_runtime,gapf
1.0,3000.0,3000.0,14420.999976584602,0.0,3000.0,9.736329078674316,0.0
2.0,2999.9999999999995,2999.9999999999995,14421.0,0.0,2999.9999999999995,4.870038032531738,0.0
5.0,2999.9999999999995,2999.9999999999995,14421.0,0.0,2999.9999999999995,3.7328732013702393,0.0
6.0,2999.9999999999995,3000.0,14420.999966056477,0.0,3000.0,2.3622288703918457,0.0
7.0,2999.9999999999995,2999.9999999999995,14421.0,0.0,2999.9999999999995,2.0750930309295654,0.0
8.0,2999.9999999999995,2999.9999999999995,14770.0,0.0,2999.9999999999995,0.6475679874420166,3.3693792208267493e-12
