iteration,bestlobjval,lobjval,fobjval,lz1,lz2,tot_runtime,gapf
1.0,6947.999999999999,6947.999999999999,65919.0,0.0,6947.999999999999,2.606048107147217,8.794280022626902e-07
2.0,6947.999999999999,6999.99999985066,65918.99999918774,0.0,6999.99999985066,2.9659621715545654,0.0
5.0,6936.0,6936.0,65918.99997635063,0.0,6936.0,2.1729140281677246,0.0
6.0,6936.0,7000.0,65919.0,0.0,7000.0,2.735675811767578,0.0
7.0,6936.0,7000.0,68508.0,0.0,7000.0,1.100498914718628,4.799989125847594e-05
9.0,6936.0,6975.19999998719,65918.99998489153,0.0,6975.19999998719,3.42763090133667,0.0
