attr,value
lobjval,9999.999999999996
fobjval,69212.0
lz1,0.0
lz2,9999.999999999996
tot_runtime,10.698708534240723
gapf,0.0
best_it,10.0
improvementHeuristic,3.637978807091713e-14
