attr,value
lobjval,2938.2622301325896
fobjval,21691.0
lz1,0.0
lz2,2938.2622301325896
tot_runtime,4.793637990951538
gapf,0.0
best_it,6.0
improvementHeuristic,2.0579256622470137
