iteration,bestlobjval,lobjval,fobjval,lz1,lz2,tot_runtime,gapf
1.0,4999.999999939059,4999.999999939059,49181.99996271734,0.0,4999.999999939059,31.503679990768433,0.0
2.0,4999.99999980805,4999.99999980805,49181.99968173751,0.0,4999.99999980805,18.523196935653687,0.0
3.0,4999.99999980805,5000.0,49619.99998775965,0.0,5000.0,0.7446677684783936,0.0
4.0,4999.99999980805,5000.000000000001,49182.0,0.0,5000.000000000001,30.527100086212158,1.9152240102724296e-12
5.0,4999.99999980805,5000.000000000001,49620.0,0.0,5000.000000000001,2.2683420181274414,4.598428673534709e-13
