attr,value
lobjval,10000.0
fobjval,51517.0
lz1,0.0
lz2,10000.0
tot_runtime,15.583762168884277
gapf,1.2235110897698045e-12
best_it,1.0
improvementHeuristic,0.0
