iteration,bestlobjval,lobjval,fobjval,lz1,lz2,tot_runtime,gapf
1.0,4999.9999999678885,4999.9999999678885,97502.0,0.0,4999.9999999678885,1.8168220520019531,0.0
2.0,4999.9999999678885,5000.0,97502.0,0.0,5000.0,1.7044270038604736,0.0
6.0,4999.9999999678885,5000.0,97502.0,0.0,5000.0,1.2930607795715332,0.0
17.0,4999.9999999678885,5000.000000000002,97502.0,0.0,5000.000000000002,1.0000970363616943,0.0
21.0,4999.9999999678885,4999.999999999999,97502.0,0.0,4999.999999999999,1.3949768543243408,0.0
27.0,4999.9999999678885,4999.999999999999,97502.0,0.0,4999.999999999999,1.5794310569763184,0.0
28.0,4999.9999999678885,4999.999999999999,97502.0,0.0,4999.999999999999,1.7189571857452393,0.0
