iteration,bestlobjval,lobjval,fobjval,lz1,lz2,tot_runtime,gapf
1.0,4964.0,4964.0,46182.0,0.0,4964.0,3.285569190979004,3.3356410421266186e-12
2.0,4964.0,4969.999999960365,46181.99997925926,0.0,4969.999999960365,4.282886028289795,2.814931732038553e-05
5.0,4964.0,5000.0,48051.0,0.0,5000.0,1.0226330757141113,5.99363176624291e-05
6.0,4964.0,5000.0,48051.0,0.0,5000.0,0.5352909564971924,0.0
7.0,4964.0,5000.0,48051.0,0.0,5000.0,0.5130219459533691,0.0
9.0,4964.0,5000.0,48051.0,0.0,5000.0,0.3616490364074707,0.0
