iteration,bestlobjval,lobjval,fobjval,lz1,lz2,tot_runtime,gapf
1.0,7000.0,7000.0,48753.0,0.0,7000.0,0.17323708534240723,0.0
2.0,7000.0,7000.0,48753.0,0.0,7000.0,0.2643280029296875,4.986149444954532e-13
5.0,7000.0,7000.0,48753.0,0.0,7000.0,0.6115331649780273,4.298147381463349e-14
6.0,7000.0,7000.0,48753.0,0.0,7000.0,0.7910690307617188,0.0
