attr,value
lobjval,6936.0
fobjval,65918.99997635063
lz1,0.0
lz2,6936.0
tot_runtime,34.304948568344116
gapf,0.0
best_it,5.0
improvementHeuristic,0.17271157167528917
