iteration,bestlobjval,lobjval,fobjval,lz1,lz2,tot_runtime,gapf
1.0,3000.0,3000.0,29554.0,0.0,3000.0,30.90562391281128,7.681681988148855e-12
2.0,3000.0,3000.0,29553.999890164894,0.0,3000.0,20.690529108047485,0.0
5.0,2999.9999999999995,2999.9999999999995,29553.99994913431,0.0,2999.9999999999995,28.243923902511597,2.0457084134151947e-05
6.0,2999.9999999999995,2999.9999999999995,29553.999932458653,0.0,2999.9999999999995,22.11009383201599,0.0
7.0,2999.9999999999995,3000.0,29553.999946518394,0.0,3000.0,25.320952892303467,0.0
8.0,2999.9999999999995,2999.9999999999995,29840.0,0.0,2999.9999999999995,1.5594680309295654,1.9149791444031862e-05
10.0,2999.9999999999995,3000.0000000000005,29659.0,0.0,3000.0000000000005,5.845881938934326,0.0
