iteration,bestlobjval,lobjval,fobjval,lz1,lz2,tot_runtime,gapf
1.0,9965.6,9965.6,150604.0,0.0,9965.6,4.538311004638672,1.1133155307739337e-05
2.0,9894.800000000001,9894.800000000001,150604.0,0.0,9894.800000000001,6.0660400390625,0.0
5.0,9894.800000000001,9990.8,150604.0,0.0,9990.8,11.10354495048523,0.0
6.0,9894.800000000001,9972.8,157534.0,0.0,9972.8,4.687701940536499,5.542390301154107e-15
8.0,9894.800000000001,10000.000000000002,157534.0,0.0,10000.000000000002,3.734433889389038,3.6505877450268387e-13
