iteration,bestlobjval,lobjval,fobjval,lz1,lz2,tot_runtime,gapf
1.0,7000.0,7000.0,89177.0,0.0,7000.0,0.6725368499755859,0.0
2.0,7000.0,7000.0,89177.0,0.0,7000.0,0.38132405281066895,0.0
3.0,7000.0,7000.000000000001,89177.0,0.0,7000.000000000001,0.2617959976196289,0.0
4.0,7000.0,7000.0,89177.0,0.0,7000.0,0.36422204971313477,0.0
5.0,6999.999999999999,6999.999999999999,89177.0,0.0,6999.999999999999,0.5925018787384033,0.0
6.0,6999.999999999999,7000.0,89177.0,0.0,7000.0,0.4743940830230713,0.0
8.0,6999.999999999999,7000.0,89177.0,0.0,7000.0,0.30455994606018066,0.0
