attr,value
lobjval,2929.199999984574
fobjval,40151.0
lz1,0.0
lz2,2929.199999984574
tot_runtime,12.06589961051941
gapf,9.390679611278228e-05
best_it,1.0
improvementHeuristic,0.0
