iteration,bestlobjval,lobjval,fobjval,lz1,lz2,tot_runtime,gapf
1.0,5000.0,5000.0,33198.0,0.0,5000.0,0.5891711711883545,0.0
2.0,5000.0,5000.0,33198.0,0.0,5000.0,0.4633901119232178,0.0
5.0,5000.0,5000.0,33198.0,0.0,5000.0,0.6695201396942139,0.0
6.0,5000.0,5000.0,33198.0,0.0,5000.0,0.6235780715942383,0.0
