iteration,bestlobjval,lobjval,fobjval,lz1,lz2,tot_runtime,gapf
1.0,6999.999999999999,6999.999999999999,33392.0,0.0,6999.999999999999,3.4258100986480713,1.0946620706197501e-11
2.0,6999.999999999999,7000.000000000001,33392.0,0.0,7000.000000000001,1.7048308849334717,0.0
5.0,6999.999999999999,6999.999999999999,33392.0,0.0,6999.999999999999,2.725775957107544,4.113644100328489e-12
6.0,6999.999999999999,7000.000000000001,34764.0,0.0,7000.000000000001,0.3254411220550537,0.0
7.0,6999.999999999999,7000.0,34764.0,0.0,7000.0,0.3288278579711914,0.0
9.0,6999.999999999998,6999.999999999998,33422.0,0.0,6999.999999999998,0.21801400184631348,0.0
