iteration,bestlobjval,lobjval,fobjval,lz1,lz2,tot_runtime,gapf
1.0,3000.0,3000.0,40586.0,0.0,3000.0,18.065627098083496,0.0
2.0,2999.9999999999995,2999.9999999999995,40586.0,0.0,2999.9999999999995,13.084793090820312,0.0
5.0,2999.9999999999995,3000.0000000000005,40764.0,0.0,3000.0000000000005,0.6479220390319824,0.0
6.0,2999.9999999999995,2999.9999999999995,40764.0,0.0,2999.9999999999995,0.7433958053588867,0.0
8.0,2999.9999999999995,3000.0000000000005,40586.0,0.0,3000.0000000000005,0.6340229511260986,0.0
