iteration,bestlobjval,lobjval,fobjval,lz1,lz2,tot_runtime,gapf
1.0,6999.999999999999,6999.999999999999,35048.0,0.0,6999.999999999999,1.1168391704559326,0.0
2.0,6999.999999999999,7000.0,35048.0,0.0,7000.0,0.7336511611938477,8.559689568591645e-05
5.0,6999.999999848107,6999.999999848107,35203.99999518828,0.0,6999.999999848107,1.2614247798919678,0.0
