iteration,bestlobjval,lobjval,fobjval,lz1,lz2,tot_runtime,gapf
1.0,5000.0,5000.0,23847.0,0.0,5000.0,3.244884967803955,8.61935684156002e-14
2.0,5000.0,5000.000000000001,23846.999998119543,0.0,5000.000000000001,5.027906894683838,4.095338662476544e-11
5.0,4999.999999661533,4999.999999661533,23846.99999738196,0.0,4999.999999661533,3.757139205932617,0.0
6.0,4999.999999661533,4999.999999999998,23847.0,0.0,4999.999999999998,2.201122999191284,0.0
7.0,4999.999999537273,4999.999999537273,23846.999994304475,0.0,4999.999999537273,2.928133010864258,0.0
8.0,4999.999999537273,4999.999999999999,23847.0,0.0,4999.999999999999,3.522413969039917,1.555755771154497e-12
