iteration,bestlobjval,lobjval,fobjval,lz1,lz2,tot_runtime,gapf
1.0,3000.0,3000.0,40285.99994467932,0.0,3000.0,39.56610298156738,0.0
2.0,3000.0,3000.0000000000005,40286.0,0.0,3000.0000000000005,34.93368887901306,3.8039571878551184e-12
3.0,3000.0,3000.0,40286.0,0.0,3000.0,0.7006468772888184,0.0
4.0,2999.9999999999995,2999.9999999999995,41243.0,0.0,2999.9999999999995,7.4036948680877686,0.0
5.0,2999.9999999999995,2999.9999999999995,42758.0,0.0,2999.9999999999995,0.9485518932342529,0.0
27.0,2999.9999999999995,3000.000000000001,40286.0,0.0,3000.000000000001,8.185225009918213,0.0
28.0,2999.9999999999995,3000.0,42758.0,0.0,3000.0,0.5326099395751953,7.01623088077085e-05
