iteration,bestlobjval,lobjval,fobjval,lz1,lz2,tot_runtime,gapf
1.0,6999.999999999999,6999.999999999999,35399.0,0.0,6999.999999999999,24.370092153549194,0.0
2.0,6999.999999999999,6999.999999999999,35399.0,0.0,6999.999999999999,15.22014594078064,6.308283317980938e-05
5.0,6999.999999999999,7000.0,35399.0,0.0,7000.0,14.170734167098999,6.431202424802028e-05
6.0,6999.999999903642,6999.999999903642,35427.999951084275,0.0,6999.999999903642,6.132983922958374,0.0
7.0,6999.99999978982,6999.99999978982,35427.99993450659,0.0,6999.99999978982,10.877028942108154,4.205867840623859e-09
8.0,6999.99999963951,6999.99999963951,35427.9997729196,0.0,6999.99999963951,9.375910997390747,6.499516645494733e-05
