iteration,bestlobjval,lobjval,fobjval,lz1,lz2,tot_runtime,gapf
1.0,7000.0,7000.0,133260.0,0.0,7000.0,0.0038661956787109375,0.0
2.0,7000.0,7000.0,133260.0,0.0,7000.0,0.004051923751831055,0.0
4.0,7000.0,7000.0,133260.0,0.0,7000.0,0.003963947296142578,0.0
5.0,7000.0,7000.0,133260.0,0.0,7000.0,0.00405120849609375,0.0
10.0,7000.0,7000.000000000001,133260.0,0.0,7000.000000000001,0.00392603874206543,0.0
22.0,7000.0,7000.0,133260.0,0.0,7000.0,0.0041959285736083984,0.0
23.0,7000.0,7000.0,133260.0,0.0,7000.0,0.0038650035858154297,0.0
28.0,7000.0,7000.000000000001,133260.0,0.0,7000.000000000001,0.0036537647247314453,0.0
