iteration,bestlobjval,lobjval,fobjval,lz1,lz2,tot_runtime,gapf
1.0,10000.0,10000.0,69666.0,0.0,10000.0,0.4670560359954834,7.741135968238101e-13
2.0,10000.0,10000.0,69666.0,0.0,10000.0,0.5941810607910156,0.0
5.0,9999.999999999998,9999.999999999998,69666.0,0.0,9999.999999999998,0.892052173614502,1.3159513383675131e-14
6.0,9999.999999999998,10000.0,69666.0,0.0,10000.0,0.7187488079071045,7.467501642323587e-13
7.0,9999.999999999998,10000.0,69666.0,0.0,10000.0,0.8579831123352051,1.8360654387699112e-13
8.0,9999.999999999998,10000.0,69666.0,0.0,10000.0,0.6791751384735107,0.0
9.0,9999.999999999998,10000.0,69666.0,0.0,10000.0,0.7780790328979492,0.0
