attr,value
lobjval,9871.161630237128
fobjval,133854.0
lz1,0.0
lz2,9871.161630237128
tot_runtime,17.629078149795532
gapf,0.0
best_it,5.0
improvementHeuristic,1.2883836976339849
