iteration,bestlobjval,lobjval,fobjval,lz1,lz2,tot_runtime,gapf
1.0,3000.0,3000.0,15987.999989975528,0.0,3000.0,1.6097331047058105,0.0
2.0,3000.0,3000.0000000000005,15988.0,0.0,3000.0000000000005,1.527501106262207,0.0
5.0,3000.0,3000.0,16287.0,0.0,3000.0,0.1035311222076416,0.0
