iteration,bestlobjval,lobjval,fobjval,lz1,lz2,tot_runtime,gapf
1.0,10000.0,10000.0,66369.0,0.0,10000.0,0.5990288257598877,0.0
2.0,10000.0,10000.0,66369.0,0.0,10000.0,0.7326738834381104,0.0
5.0,10000.0,10000.0,66369.0,0.0,10000.0,0.5867719650268555,0.0
6.0,10000.0,10000.0,66369.0,0.0,10000.0,0.35229992866516113,0.0
