iteration,bestlobjval,lobjval,fobjval,lz1,lz2,tot_runtime,gapf
1.0,4879.619047619048,4879.619047619048,25786.0,0.0,4879.619047619048,0.9885940551757812,0.0
2.0,4879.619047619048,5000.0,25786.0,0.0,5000.0,0.7170989513397217,9.767308715415271e-05
3.0,4879.619047619048,5000.0,26357.0,0.0,5000.0,0.2178349494934082,0.0
11.0,4879.619047619048,5000.0,26766.0,0.0,5000.0,0.26241087913513184,0.0
