iteration,bestlobjval,lobjval,fobjval,lz1,lz2,tot_runtime,gapf
1.0,7000.0,7000.0,137612.0,0.0,7000.0,97.15393805503845,1.8920069998687594e-12
2.0,7000.0,7000.0,137612.0,0.0,7000.0,48.989131927490234,6.786051677954151e-05
3.0,7000.0,7000.0,142689.0,0.0,7000.0,8.664983987808228,0.0
5.0,7000.0,7000.0,137612.0,0.0,7000.0,88.67283511161804,3.852114408183499e-12
6.0,7000.0,7000.0,137612.0,0.0,7000.0,88.50149703025818,6.609624454159155e-05
7.0,7000.0,7000.0,137612.0,0.0,7000.0,100.05556106567383,0.20060406820054116
8.0,7000.0,7000.0,142655.0,0.0,7000.0,3.2667150497436523,0.0
9.0,7000.0,7000.000000000001,137612.0,0.0,7000.000000000001,92.58988809585571,2.0087505572047256e-12
10.0,7000.0,7000.0,137612.0,0.0,7000.0,60.922873973846436,6.71063962730111e-13
