iteration,bestlobjval,lobjval,fobjval,lz1,lz2,tot_runtime,gapf
1.0,7000.0,7000.0,133954.99959314932,0.0,7000.0,5.880205869674683,0.0
2.0,7000.0,7000.000000000001,133955.0,0.0,7000.000000000001,20.69220805168152,0.0
3.0,7000.0,7000.000000000001,133955.0,0.0,7000.000000000001,9.31112003326416,0.0
5.0,6999.999999999999,6999.999999999999,133955.0,0.0,6999.999999999999,10.320960998535156,0.0
9.0,6999.999999999999,7000.000000000001,133955.0,0.0,7000.000000000001,9.74587607383728,1.590435809974573e-06
24.0,6999.999999999999,7000.000000000001,133955.0,0.0,7000.000000000001,5.19683313369751,0.0
