iteration,bestlobjval,lobjval,fobjval,lz1,lz2,tot_runtime,gapf
1.0,10000.0,10000.0,212633.0,0.0,10000.0,0.16826295852661133,0.0
2.0,10000.0,10000.0,212633.0,0.0,10000.0,0.12214398384094238,0.0
4.0,10000.0,10000.0,212633.0,0.0,10000.0,0.14107608795166016,0.0
5.0,10000.0,10000.0,212633.0,0.0,10000.0,0.15512609481811523,0.0
6.0,10000.0,10000.0,212633.0,0.0,10000.0,0.13376903533935547,0.0
24.0,10000.0,10000.0,212633.0,0.0,10000.0,0.0715949535369873,0.0
