iteration,bestlobjval,lobjval,fobjval,lz1,lz2,tot_runtime,gapf
1.0,5000.0,5000.0,52841.0,0.0,5000.0,1.0873689651489258,4.788019633546416e-10
2.0,4999.999999936624,4999.999999936624,52841.0,0.0,4999.999999936624,1.2500090599060059,0.0
3.0,4999.999999936624,4999.999999999999,52841.0,0.0,4999.999999999999,0.20812416076660156,0.0
4.0,4999.999999936624,4999.999999980656,52841.0,0.0,4999.999999980656,1.088320016860962,0.0
5.0,4999.999999936624,5000.0,52841.0,0.0,5000.0,0.9984300136566162,0.0
6.0,4999.999999936624,4999.99999999998,54565.0,0.0,4999.99999999998,0.21092510223388672,2.0645365686970474e-05
7.0,4999.999999936624,5000.0,54565.0,0.0,5000.0,0.3047299385070801,0.0
