iteration,bestlobjval,lobjval,fobjval,lz1,lz2,tot_runtime,gapf
1.0,10000.0,10000.0,150987.0,0.0,10000.0,66.28507113456726,1.430258379787426e-12
2.0,9847.599999999999,9847.599999999999,150986.9999106186,0.0,9847.599999999999,44.302597999572754,0.0
4.0,9847.599999999999,10000.0,150987.0,0.0,10000.0,11.019790887832642,0.0
6.0,9847.599999999999,10000.0,151389.0,0.0,10000.0,1.6351649761199951,7.926599686899312e-05
30.0,9847.599999999999,9999.99999999999,150987.0,0.0,9999.99999999999,30.618592977523804,1.7851822011759148e-11
