iteration,bestlobjval,lobjval,fobjval,lz1,lz2,tot_runtime,gapf
1.0,6824.0634920208995,6824.0634920208995,93696.0,0.0,6824.0634920208995,0.8590390682220459,0.0
2.0,6787.456021708718,6787.456021708718,93696.0,0.0,6787.456021708718,0.7742340564727783,0.0
4.0,6787.456021708718,6804.892445667171,93696.0,0.0,6804.892445667171,1.0421688556671143,0.0
5.0,6787.456021708718,6999.999999999999,93696.0,0.0,6999.999999999999,1.0065979957580566,0.0
6.0,6787.456021708718,6999.999999999999,93696.0,0.0,6999.999999999999,0.22734403610229492,0.0
24.0,6787.456021708718,7000.000000000002,93696.0,0.0,7000.000000000002,1.2250568866729736,0.0
25.0,6787.456021708718,7000.0,93696.0,0.0,7000.0,0.14950799942016602,0.0
26.0,6787.456021708718,7000.0,93696.0,0.0,7000.0,0.16002202033996582,0.0
