iteration,bestlobjval,lobjval,fobjval,lz1,lz2,tot_runtime,gapf
1.0,3000.0,3000.0,41718.0,0.0,3000.0,0.7105391025543213,0.0
2.0,3000.0,3000.0000000000005,41718.0,0.0,3000.0000000000005,0.7197539806365967,9.034648901186025e-10
4.0,2999.999999898884,2999.999999898884,41717.99999296497,0.0,2999.999999898884,0.8259170055389404,6.75813993095396e-12
5.0,2999.999999898884,3000.0,43550.0,0.0,3000.0,0.17663788795471191,0.0
7.0,2999.999999898884,3000.0,43137.0,0.0,3000.0,0.13706302642822266,0.0
26.0,2999.999999898884,3000.0000000000005,41718.0,0.0,3000.0000000000005,0.6211049556732178,1.9673235027563411e-13
