attr,value
lobjval,9854.762064637316
fobjval,102240.0
lz1,0.0
lz2,9854.762064637316
tot_runtime,3.3524742126464844
gapf,0.0
best_it,4.0
improvementHeuristic,1.373478136135747
