attr,value
lobjval,4881.8101954544145
fobjval,66930.0
lz1,0.0
lz2,4881.8101954544145
tot_runtime,11.74208402633667
gapf,0.0
best_it,2.0
improvementHeuristic,2.36379609091171
