iteration,bestlobjval,lobjval,fobjval,lz1,lz2,tot_runtime,gapf
1.0,2986.4,2986.4,42753.0,0.0,2986.4,0.7222888469696045,7.820180396572381e-05
2.0,2986.4,3000.0000001070266,42753.0,0.0,3000.0000001070266,0.7353341579437256,9.356068579982691e-05
5.0,2986.4,2999.9999999999486,42753.0,0.0,2999.9999999999486,0.677109956741333,9.356068579982691e-05
6.0,2986.4,2999.1999999988684,42753.0,0.0,2999.1999999988684,0.5873541831970215,0.0
10.0,2985.9999999999995,2985.9999999999995,42757.0,0.0,2985.9999999999995,0.5990560054779053,9.355193301681596e-05
14.0,2985.9999999999995,2999.9999999999995,42753.0,0.0,2999.9999999999995,0.6400938034057617,0.0
