attr,value
lobjval,9999.999999999996
fobjval,135234.0
lz1,0.0
lz2,9999.999999999996
tot_runtime,58.70734643936157
gapf,0.0
best_it,24.0
improvementHeuristic,3.637978807091713e-14
