iteration,bestlobjval,lobjval,fobjval,lz1,lz2,tot_runtime,gapf
1.0,5000.0,5000.0,64081.0,0.0,5000.0,18.966909170150757,0.0
2.0,5000.0,5000.0,64081.0,0.0,5000.0,33.512145042419434,0.0
5.0,5000.0,5000.0,64081.0,0.0,5000.0,26.041257858276367,0.0
6.0,5000.0,5000.0,64238.0,0.0,5000.0,1.701706886291504,0.0
7.0,4999.999999999999,4999.999999999999,64238.0,0.0,4999.999999999999,2.367579936981201,6.855854364373382e-05
9.0,4999.999999999999,5000.0,64081.0,0.0,5000.0,20.007572174072266,0.0
30.0,4999.999999999998,4999.999999999998,64081.0,0.0,4999.999999999998,13.679088115692139,0.0
