iteration,bestlobjval,lobjval,fobjval,lz1,lz2,tot_runtime,gapf
1.0,6999.999999999999,6999.999999999999,59224.0,0.0,6999.999999999999,42.90676498413086,0.0
2.0,6999.999998322342,6999.999998322342,59223.99987513425,0.0,6999.999998322342,69.31177592277527,0.0
5.0,6999.999998322342,7000.0,59224.0,0.0,7000.0,29.9724018573761,9.723698384386333e-05
6.0,6999.999998322342,7000.0,59224.0,0.0,7000.0,27.199666023254395,7.763031554804432e-06
7.0,6999.999998322342,7000.0,59224.0,0.0,7000.0,33.947531938552856,0.0
8.0,6999.999998322342,7000.0,59224.0,0.0,7000.0,26.362842798233032,9.549275949552164e-05
9.0,6999.999998322342,6999.999999998527,59223.99999010139,0.0,6999.999999998527,22.022563219070435,4.711227191644287e-05
10.0,6999.999998322342,7000.000000000001,60748.0,0.0,7000.000000000001,5.573634147644043,0.0
