iteration,bestlobjval,lobjval,fobjval,lz1,lz2,tot_runtime,gapf
1.0,10000.0,10000.0,48040.0,0.0,10000.0,6.190550088882446,2.6544220055407727e-12
2.0,10000.0,10000.0,48039.99997957104,0.0,10000.0,6.208747148513794,0.0
5.0,10000.0,10000.0,48040.0,0.0,10000.0,2.4435081481933594,0.0
6.0,9999.999999999996,9999.999999999996,49156.0,0.0,9999.999999999996,0.6477169990539551,2.0242899408327067e-12
