iteration,bestlobjval,lobjval,fobjval,lz1,lz2,tot_runtime,gapf
1.0,10000.0,10000.0,109366.0,0.0,10000.0,0.06310009956359863,0.0
2.0,10000.0,10000.0,109366.0,0.0,10000.0,0.0457308292388916,0.0
4.0,9999.999999999873,9999.999999999873,109366.0,0.0,9999.999999999873,0.0619359016418457,0.0
5.0,9999.999999999873,10000.0,109366.0,0.0,10000.0,0.03328418731689453,0.0
6.0,9999.999999999873,9999.999999999998,109366.0,0.0,9999.999999999998,0.02683091163635254,0.0
7.0,9999.999999999873,10000.0,109366.0,0.0,10000.0,0.028100013732910156,0.0
