attr,value
lobjval,2961.2
fobjval,38859.0
lz1,0.0
lz2,2961.2
tot_runtime,14.652020454406738
gapf,0.0
best_it,2.0
improvementHeuristic,1.2933333333333394
