iteration,bestlobjval,lobjval,fobjval,lz1,lz2,tot_runtime,gapf
1.0,10000.0,10000.0,212230.0,0.0,10000.0,0.2125871181488037,0.0
2.0,10000.0,10000.0,212230.0,0.0,10000.0,0.11374711990356445,0.0
3.0,10000.0,10000.0,212230.0,0.0,10000.0,0.16577887535095215,0.0
4.0,10000.0,10000.0,212230.0,0.0,10000.0,0.19505691528320312,0.0
24.0,10000.0,10000.0,212230.0,0.0,10000.0,0.08897113800048828,0.0
25.0,10000.0,10000.000000000002,212230.0,0.0,10000.000000000002,0.09028792381286621,0.0
26.0,10000.0,10000.0,212230.0,0.0,10000.0,0.08269309997558594,0.0
27.0,10000.0,10000.0,212230.0,0.0,10000.0,0.07852292060852051,0.0
