iteration,bestlobjval,lobjval,fobjval,lz1,lz2,tot_runtime,gapf
1.0,5000.0,5000.0,30858.0,0.0,5000.0,0.2645900249481201,7.41424882214457e-05
2.0,5000.0,5000.0,30858.0,0.0,5000.0,0.20912694931030273,1.6020421076099602e-05
4.0,5000.0,5000.000000000001,30858.0,0.0,5000.000000000001,0.21277093887329102,0.0
5.0,5000.0,5000.0,30858.0,0.0,5000.0,0.20560312271118164,0.0
6.0,5000.0,5000.0,30858.0,0.0,5000.0,0.21501708030700684,0.0
7.0,5000.0,5000.0,30858.0,0.0,5000.0,0.23161602020263672,0.0
8.0,5000.0,5000.0,30858.0,0.0,5000.0,0.14525508880615234,0.0
