attr,value
lobjval,5000.0
fobjval,23774.0
lz1,0.0
lz2,5000.0
tot_runtime,11.512571334838867
gapf,1.7747656349225913e-12
best_it,1.0
improvementHeuristic,0.0
