iteration,bestlobjval,lobjval,fobjval,lz1,lz2,tot_runtime,gapf
1.0,10000.0,10000.0,134204.0,0.0,10000.0,14.483838081359863,3.0905091341458677e-12
2.0,10000.0,10000.0,134204.0,0.0,10000.0,24.657304048538208,2.005762331184838e-12
4.0,10000.0,10000.0,134204.0,0.0,10000.0,16.011531829833984,4.687051709795427e-12
5.0,9999.999999999998,9999.999999999998,134204.0,0.0,9999.999999999998,13.780846118927002,3.254457271498634e-12
6.0,9999.999999999998,10000.0,142409.0,0.0,10000.0,0.6800920963287354,0.0
9.0,9999.999999999998,10000.000000000002,134204.0,0.0,10000.000000000002,0.28925013542175293,0.0
