iteration,bestlobjval,lobjval,fobjval,lz1,lz2,tot_runtime,gapf
1.0,10000.0,10000.0,182307.0,0.0,10000.0,1.913849115371704,0.0
2.0,10000.0,10000.0,182307.0,0.0,10000.0,1.5550498962402344,0.0
4.0,10000.0,10000.0,182307.0,0.0,10000.0,1.224120855331421,0.0
5.0,10000.0,10000.0,182307.0,0.0,10000.0,1.0333120822906494,0.0
6.0,9999.999999999998,9999.999999999998,182307.0,0.0,9999.999999999998,1.2335319519042969,0.0
7.0,9999.999999999998,10000.0,182307.0,0.0,10000.0,1.5316460132598877,0.0
21.0,9999.999999999998,10000.0,182307.0,0.0,10000.0,1.1157569885253906,0.0
22.0,9999.999999999998,10000.0,182307.0,0.0,10000.0,1.1712210178375244,0.0
