iteration,bestlobjval,lobjval,fobjval,lz1,lz2,tot_runtime,gapf
1.0,5000.0,5000.0,98679.0,0.0,5000.0,2.10921311378479,0.0
2.0,5000.0,5000.0,98679.0,0.0,5000.0,1.3035519123077393,0.0
3.0,5000.0,5000.0,98679.0,0.0,5000.0,1.8092041015625,0.0
4.0,5000.0,5000.0,98679.0,0.0,5000.0,1.107612133026123,0.0
5.0,5000.0,5000.0,98679.0,0.0,5000.0,0.8983950614929199,0.0
6.0,5000.0,5000.0,98679.0,0.0,5000.0,1.4006240367889404,0.0
16.0,4999.999999999998,4999.999999999998,98678.99998982574,0.0,4999.999999999998,1.4873650074005127,0.0
23.0,4999.999999999998,4999.999999999999,98679.0,0.0,4999.999999999999,1.4559218883514404,0.0
24.0,4999.999999999998,5000.0,98679.0,0.0,5000.0,1.326004981994629,0.0
