attr,value
lobjval,4969.6
fobjval,71625.0
lz1,0.0
lz2,4969.6
tot_runtime,149.76135897636414
gapf,0.0
best_it,5.0
improvementHeuristic,0.6079999999999928
