iteration,bestlobjval,lobjval,fobjval,lz1,lz2,tot_runtime,gapf
1.0,6999.999999999999,6999.999999999999,33231.0,0.0,6999.999999999999,3.6991209983825684,1.6211125207009745e-12
2.0,6999.999999999999,7000.000000000002,33231.0,0.0,7000.000000000002,2.5209360122680664,2.441740522806222e-12
5.0,6999.999999911246,6999.999999911246,33230.99999510543,0.0,6999.999999911246,2.4374420642852783,9.414889033010417e-15
6.0,6999.999999911246,6999.999999999999,33231.0,0.0,6999.999999999999,0.35146307945251465,0.0
