iteration,bestlobjval,lobjval,fobjval,lz1,lz2,tot_runtime,gapf
1.0,5000.0,5000.0,61470.0,0.0,5000.0,26.050801038742065,2.3128139693959474e-05
2.0,5000.0,5000.0,61469.999646607306,0.0,5000.0,34.01831817626953,9.546654019659637e-05
4.0,5000.0,5000.000000000001,61469.99997848709,0.0,5000.000000000001,24.9184889793396,0.0
5.0,5000.0,5000.0,61469.99996777413,0.0,5000.0,22.550094842910767,0.0
6.0,5000.0,5000.0,61470.0,0.0,5000.0,14.038650035858154,3.015965511784508e-13
7.0,5000.0,5000.0,65009.0,0.0,5000.0,1.9803969860076904,0.0
9.0,4999.407131736493,4999.407131736493,61769.999989763775,0.0,4999.407131736493,5.994295835494995,0.0
