iteration,bestlobjval,lobjval,fobjval,lz1,lz2,tot_runtime,gapf
1.0,5000.0,5000.0,51841.0,0.0,5000.0,4.683748960494995,0.0
2.0,5000.0,5000.0,51841.0,0.0,5000.0,7.042709827423096,0.0
3.0,4997.586751971378,4997.586751971378,52851.0,0.0,4997.586751971378,0.7211658954620361,0.0
4.0,4997.586751971378,4999.999999999999,51841.0,0.0,4999.999999999999,4.471482992172241,0.0
5.0,4988.650569626592,4988.650569626592,51841.0,0.0,4988.650569626592,0.9331209659576416,0.0
6.0,4988.650569626592,5000.0,51841.0,0.0,5000.0,0.7892410755157471,6.105286476282846e-14
7.0,4988.650569626592,5000.0,51841.0,0.0,5000.0,0.36367297172546387,0.0
8.0,4988.650569626592,5000.0,51841.0,0.0,5000.0,0.21854805946350098,0.0
