attr,value
lobjval,6999.999999999998
fobjval,198082.0
lz1,0.0
lz2,6999.999999999998
tot_runtime,53.80123686790466
gapf,0.0
best_it,28.0
improvementHeuristic,3.897834436169692e-14
