iteration,bestlobjval,lobjval,fobjval,lz1,lz2,tot_runtime,gapf
1.0,7000.000000000001,7000.000000000001,136908.0,0.0,7000.000000000001,0.1894989013671875,4.701312083152537e-05
2.0,7000.000000000001,7000.000000000002,136908.0,0.0,7000.000000000002,0.13038110733032227,1.7644096239145246e-14
4.0,6999.999999994832,6999.999999994832,136907.99999997186,0.0,6999.999999994832,0.18047094345092773,0.0
5.0,6999.999999994832,7000.0,136908.0,0.0,7000.0,0.1877579689025879,0.0
6.0,6999.999999994832,7000.0,136908.0,0.0,7000.0,0.166456937789917,0.0
7.0,6999.999999994832,7000.0,136908.0,0.0,7000.0,0.13510799407958984,0.0
8.0,6999.999999994832,7000.0,136908.0,0.0,7000.0,0.13324403762817383,0.0
9.0,6999.999999994832,7000.0,136908.0,0.0,7000.0,0.2164478302001953,0.0
