attr,value
lobjval,9838.800000000003
fobjval,193168.0
lz1,0.0
lz2,9838.800000000003
tot_runtime,14.516051292419434
gapf,0.0
best_it,17.0
improvementHeuristic,1.6119999999999708
