iteration,bestlobjval,lobjval,fobjval,lz1,lz2,tot_runtime,gapf
1.0,3000.0,3000.0,54943.0,0.0,3000.0,0.0038449764251708984,0.0
2.0,3000.0,3000.0,54943.0,0.0,3000.0,0.004790782928466797,0.0
3.0,3000.0,3000.0,54943.0,0.0,3000.0,0.0039520263671875,0.0
4.0,3000.0,3000.0,54943.0,0.0,3000.0,0.003983974456787109,0.0
5.0,3000.0,3000.0,54943.0,0.0,3000.0,0.003843069076538086,0.0
6.0,3000.0,3000.0,54943.0,0.0,3000.0,0.003877878189086914,0.0
18.0,3000.0,3000.0,54943.0,0.0,3000.0,0.004200935363769531,0.0
23.0,3000.0,3000.0,54943.0,0.0,3000.0,0.003823995590209961,0.0
