iteration,bestlobjval,lobjval,fobjval,lz1,lz2,tot_runtime,gapf
1.0,10000.0,10000.0,178057.0,0.0,10000.0,0.7013580799102783,0.0
2.0,10000.0,10000.0,178057.0,0.0,10000.0,0.8092279434204102,0.0
4.0,10000.0,10000.000000000002,178057.0,0.0,10000.000000000002,0.43497800827026367,0.0
5.0,10000.0,10000.0,178057.0,0.0,10000.0,0.7494540214538574,0.0
9.0,10000.0,10000.0,178057.0,0.0,10000.0,0.42007017135620117,0.0
