attr,value
lobjval,2827.572500668206
fobjval,45470.99996527904
lz1,0.0
lz2,2827.572500668206
tot_runtime,70.27344846725464
gapf,0.0
best_it,30.0
improvementHeuristic,5.17865524251489
