iteration,bestlobjval,lobjval,fobjval,lz1,lz2,tot_runtime,gapf
1.0,3000.0,3000.0,20657.0,0.0,3000.0,0.2330331802368164,0.0
2.0,3000.0,3000.0,20657.0,0.0,3000.0,0.20948290824890137,0.0
5.0,3000.0,3000.0,21691.0,0.0,3000.0,0.09897112846374512,0.0
6.0,2938.2622301325896,2938.2622301325896,21691.0,0.0,2938.2622301325896,0.11350703239440918,0.0
