iteration,bestlobjval,lobjval,fobjval,lz1,lz2,tot_runtime,gapf
1.0,5000.0,5000.0,34820.0,0.0,5000.0,0.18149995803833008,0.0
2.0,5000.0,5000.0,34820.0,0.0,5000.0,0.5586948394775391,0.0
