iteration,bestlobjval,lobjval,fobjval,lz1,lz2,tot_runtime,gapf
1.0,6999.999999999999,6999.999999999999,101011.0,0.0,6999.999999999999,45.11934185028076,4.9374496973227286e-05
2.0,6999.999999999999,7000.000000000001,101011.0,0.0,7000.000000000001,33.63645386695862,9.655126067129324e-05
3.0,6999.999999999999,7000.0,105253.0,0.0,7000.0,4.222103118896484,0.0
4.0,6999.999999999999,6999.999999999999,105325.0,0.0,6999.999999999999,5.482294082641602,0.0
5.0,6999.999999999999,7000.000000000001,105325.0,0.0,7000.000000000001,3.9269039630889893,0.0
6.0,6999.999999999999,6999.999999999999,105325.0,0.0,6999.999999999999,4.003040075302124,0.0
29.0,6999.999999999999,7000.000000000003,101011.0,0.0,7000.000000000003,36.492037773132324,1.947079132658742e-11
30.0,6999.999999999999,7000.0,101011.0,0.0,7000.0,38.04835295677185,9.690168256149784e-05
