iteration,bestlobjval,lobjval,fobjval,lz1,lz2,tot_runtime,gapf
1.0,3000.0,3000.0,18521.0,0.0,3000.0,0.3298001289367676,0.0
2.0,3000.0,3000.0,18520.999987900715,0.0,3000.0,0.27253293991088867,6.500781941972631e-10
5.0,2999.9999999999995,2999.9999999999995,18521.0,0.0,2999.9999999999995,0.39618587493896484,0.0
6.0,2999.9999999999995,2999.9999999999995,18521.0,0.0,2999.9999999999995,0.269395112991333,8.484577352343459e-05
7.0,2999.9999999999995,3000.0,18521.0,0.0,3000.0,0.23215293884277344,0.0
8.0,2999.9999999999995,3000.0,18521.0,0.0,3000.0,0.21359896659851074,0.0
9.0,2999.9999999999995,2999.9999999999995,18521.0,0.0,2999.9999999999995,0.23612499237060547,8.284115269204431e-05
10.0,2999.9999999999995,3000.0,18521.0,0.0,3000.0,0.1405041217803955,0.0
11.0,2999.9999999999995,3000.0,18688.0,0.0,3000.0,0.10349202156066895,0.0
