iteration,bestlobjval,lobjval,fobjval,lz1,lz2,tot_runtime,gapf
1.0,10000.0,10000.0,134137.0,0.0,10000.0,14.847645044326782,3.760540264625782e-12
2.0,10000.0,10000.0,134137.0,0.0,10000.0,10.842829942703247,5.353106935659318e-12
3.0,10000.0,10000.0,134137.0,0.0,10000.0,9.699097871780396,3.1992364529140987e-12
4.0,10000.0,10000.0,137387.0,0.0,10000.0,0.8387041091918945,8.008410465095157e-05
5.0,10000.0,10000.0,134137.0,0.0,10000.0,8.26826810836792,9.114659816879143e-05
6.0,9999.999999999998,9999.999999999998,134137.0,0.0,9999.999999999998,0.8734879493713379,0.0
7.0,9999.999999999998,10000.0,134137.0,0.0,10000.0,0.5539920330047607,0.0
19.0,9999.999999999998,10000.000000000002,134137.0,0.0,10000.000000000002,10.387484073638916,4.50974090700709e-12
20.0,9999.999999999998,10000.0,134137.0,0.0,10000.0,0.7577290534973145,0.0
