iteration,bestlobjval,lobjval,fobjval,lz1,lz2,tot_runtime,gapf
1.0,10000.0,10000.0,193168.0,0.0,10000.0,1.0535778999328613,1.0561679548460576e-13
2.0,10000.0,10000.0,193168.0,0.0,10000.0,1.7744088172912598,0.0
3.0,10000.0,10000.0,200063.0,0.0,10000.0,0.058912038803100586,0.0
4.0,10000.0,10000.000000000002,193168.0,0.0,10000.000000000002,0.9935379028320312,4.836375370978381e-14
17.0,9838.800000000003,9838.800000000003,193168.0,0.0,9838.800000000003,0.37700605392456055,0.0
