attr,value
lobjval,9692.399999999887
fobjval,98728.0
lz1,0.0
lz2,9692.399999999887
tot_runtime,19.790226459503174
gapf,0.0
best_it,2.0
improvementHeuristic,2.4595443201042007
