iteration,bestlobjval,lobjval,fobjval,lz1,lz2,tot_runtime,gapf
1.0,10000.0,10000.0,53273.0,0.0,10000.0,1.8395400047302246,0.0
2.0,9999.999999999998,9999.999999999998,53273.0,0.0,9999.999999999998,1.5601890087127686,0.0
5.0,9999.999999999998,10000.0,53500.0,0.0,10000.0,0.3968088626861572,0.0
6.0,9999.999999999998,10000.0,53500.0,0.0,10000.0,0.9515049457550049,0.0
7.0,9999.999999999998,9999.999999999998,53500.0,0.0,9999.999999999998,0.32813000679016113,0.0
8.0,9999.999999999998,10000.0,54249.0,0.0,10000.0,0.09728384017944336,0.0
