iteration,bestlobjval,lobjval,fobjval,lz1,lz2,tot_runtime,gapf
1.0,3000.0,3000.0,54648.0,0.0,3000.0,0.0036280155181884766,0.0
2.0,3000.0,3000.0,54648.0,0.0,3000.0,0.0039038658142089844,0.0
3.0,3000.0,3000.0,54648.0,0.0,3000.0,0.0037729740142822266,0.0
4.0,3000.0,3000.0,54648.0,0.0,3000.0,0.003740072250366211,0.0
5.0,3000.0,3000.0,54648.0,0.0,3000.0,0.003713846206665039,0.0
17.0,3000.0,3000.0,54648.0,0.0,3000.0,0.0038480758666992188,0.0
18.0,3000.0,3000.0,54648.0,0.0,3000.0,0.003793954849243164,0.0
22.0,3000.0,3000.0,54648.0,0.0,3000.0,0.0035021305084228516,0.0
