iteration,bestlobjval,lobjval,fobjval,lz1,lz2,tot_runtime,gapf
1.0,5000.0,5000.0,28137.0,0.0,5000.0,0.23653697967529297,0.0
2.0,5000.0,5000.0,28137.0,0.0,5000.0,0.25206899642944336,6.45485510114193e-05
5.0,4999.999999999999,4999.999999999999,28254.0,0.0,4999.999999999999,0.17001700401306152,0.0
