iteration,bestlobjval,lobjval,fobjval,lz1,lz2,tot_runtime,gapf
1.0,3000.0,3000.0,12259.999973434205,0.0,3000.0,22.04789900779724,0.0
2.0,2999.9999999999995,2999.9999999999995,12260.0,0.0,2999.9999999999995,6.427114963531494,0.0
5.0,2999.9999999999995,3000.0,12410.0,0.0,3000.0,4.16625714302063,0.0
6.0,2999.999999999999,2999.999999999999,12410.0,0.0,2999.999999999999,0.19823217391967773,0.0
7.0,2999.999999999999,3000.0,12410.0,0.0,3000.0,0.41263699531555176,0.0
9.0,2998.1053319720145,2998.1053319720145,12697.0,0.0,2998.1053319720145,1.2332940101623535,0.0
10.0,2998.1053319720145,2999.9999999999995,12696.999945574875,0.0,2999.9999999999995,1.111689805984497,0.0
