attr,value
lobjval,9999.999999972199
fobjval,129491.0
lz1,0.0
lz2,9999.999999972199
tot_runtime,29.610408067703247
gapf,0.0
best_it,2.0
improvementHeuristic,2.780143404379487e-10
