iteration,bestlobjval,lobjval,fobjval,lz1,lz2,tot_runtime,gapf
1.0,10000.0,10000.0,130385.0,0.0,10000.0,100.0569097995758,0.018586311957222903
2.0,10000.0,10000.0,130385.0,0.0,10000.0,58.17310094833374,8.67790009074644e-05
3.0,10000.0,10000.0,130665.99984049745,0.0,10000.0,13.380463123321533,0.0
6.0,10000.0,10000.0,130666.0,0.0,10000.0,7.760596990585327,0.0
8.0,10000.0,10000.000000000002,130385.0,0.0,10000.000000000002,79.0743761062622,0.0
9.0,10000.0,10000.0,130385.0,0.0,10000.0,66.0839478969574,0.0
10.0,10000.0,10000.0,130385.0,0.0,10000.0,7.974308967590332,7.626155825702093e-06
13.0,9999.999999999998,9999.999999999998,136013.0,0.0,9999.999999999998,1.6975369453430176,0.0
