attr,value
lobjval,4888.226531487309
fobjval,75801.0
lz1,0.0
lz2,4888.226531487309
tot_runtime,63.690988540649414
gapf,0.0
best_it,4.0
improvementHeuristic,2.2354693702538135
