iteration,bestlobjval,lobjval,fobjval,lz1,lz2,tot_runtime,gapf
1.0,4999.99999998416,4999.99999998416,65223.999958807515,0.0,4999.99999998416,100.11071014404297,0.012075328977763922
2.0,4999.99999998416,5000.0,65224.0,0.0,5000.0,68.31067299842834,8.362133608495664e-05
3.0,4999.99999998416,5000.0,68038.0,0.0,5000.0,4.908794164657593,0.0
4.0,4999.99999998416,5000.0,68031.0,0.0,5000.0,10.19310212135315,0.0
5.0,4999.99999998416,5000.0,68031.0,0.0,5000.0,11.266073226928711,0.0
28.0,4999.99999998416,5000.000000000001,65224.0,0.0,5000.000000000001,66.34432888031006,0.0
29.0,4980.457289593067,4980.457289593067,65224.0,0.0,4980.457289593067,11.561136960983276,0.0
