iteration,bestlobjval,lobjval,fobjval,lz1,lz2,tot_runtime,gapf
1.0,3000.0,3000.0,55979.0,0.0,3000.0,3.221795082092285,0.0
2.0,2999.999999999999,2999.999999999999,55979.0,0.0,2999.999999999999,2.4533379077911377,0.0
4.0,2999.999999999999,2999.9999999999995,55979.0,0.0,2999.9999999999995,3.245932102203369,0.0
5.0,2999.999999999999,2999.9999999999995,55979.0,0.0,2999.9999999999995,2.674859046936035,0.0
6.0,2999.999999999999,2999.9999999999995,55979.0,0.0,2999.9999999999995,1.6230340003967285,0.0
7.0,2999.999999999999,2999.9999999999995,55979.0,0.0,2999.9999999999995,2.0663158893585205,0.0
15.0,2999.999999999999,3000.000000000001,55979.0,0.0,3000.000000000001,1.3017401695251465,0.0
24.0,2999.999999999999,3000.0000000000005,55979.0,0.0,3000.0000000000005,4.1621949672698975,0.0
