iteration,bestlobjval,lobjval,fobjval,lz1,lz2,tot_runtime,gapf
1.0,3000.0,3000.0,71254.0,0.0,3000.0,0.034147024154663086,0.0
2.0,3000.0,3000.0,71254.0,0.0,3000.0,0.008134126663208008,0.0
4.0,3000.0,3000.0,71254.0,0.0,3000.0,0.006261110305786133,0.0
16.0,3000.0,3000.0,71254.0,0.0,3000.0,0.03146815299987793,0.0
17.0,3000.0,3000.0,71254.0,0.0,3000.0,0.016922950744628906,0.0
18.0,3000.0,3000.0,71254.0,0.0,3000.0,0.015870094299316406,0.0
19.0,3000.0,3000.0,71254.0,0.0,3000.0,0.01328897476196289,0.0
20.0,3000.0,3000.0,71254.0,0.0,3000.0,0.008794069290161133,0.0
21.0,3000.0,3000.0,71254.0,0.0,3000.0,0.007639884948730469,0.0
