iteration,bestlobjval,lobjval,fobjval,lz1,lz2,tot_runtime,gapf
1.0,3000.0,3000.0,25366.0,0.0,3000.0,55.02260780334473,9.089479304143152e-05
2.0,2983.1428571428573,2983.1428571428573,25365.999973510836,0.0,2983.1428571428573,60.7099449634552,0.0
3.0,2983.1428571428573,2999.9999999999995,25498.0,0.0,2999.9999999999995,7.621619939804077,0.0
4.0,2983.1428571428573,3000.0000000000005,25366.0,0.0,3000.0000000000005,51.2829909324646,5.0027586828421165e-12
5.0,2983.1428571428573,3000.0,25366.0,0.0,3000.0,54.9281370639801,2.6641604636338272e-12
22.0,2983.1428571428573,2997.200000000001,25365.999988506825,0.0,2997.200000000001,10.857238054275513,0.0
