iteration,bestlobjval,lobjval,fobjval,lz1,lz2,tot_runtime,gapf
1.0,5000.0,5000.0,52280.0,0.0,5000.0,0.1842641830444336,0.0
2.0,5000.0,5000.0,52280.0,0.0,5000.0,0.15114593505859375,0.0
