iteration,bestlobjval,lobjval,fobjval,lz1,lz2,tot_runtime,gapf
1.0,7000.000000000001,7000.000000000001,71607.0,0.0,7000.000000000001,0.10036087036132812,0.0
2.0,7000.0,7000.0,71607.0,0.0,7000.0,0.11737203598022461,0.0
5.0,7000.0,7000.0,71607.0,0.0,7000.0,0.18643498420715332,0.0
6.0,7000.0,7000.0,71607.0,0.0,7000.0,0.10696792602539062,7.66384527165703e-05
7.0,7000.0,7000.0,71607.0,0.0,7000.0,0.11317110061645508,0.0
8.0,7000.0,7000.000000000001,71607.0,0.0,7000.000000000001,0.1470019817352295,0.0
