iteration,bestlobjval,lobjval,fobjval,lz1,lz2,tot_runtime,gapf
1.0,2999.9999986265,2999.9999986265,44627.99999506526,0.0,2999.9999986265,26.757393836975098,2.8064609067706044e-05
2.0,2999.9999986265,2999.999999112881,44627.99998733584,0.0,2999.999999112881,21.47312092781067,3.937284799700604e-05
5.0,2999.9999973584568,2999.9999973584568,44627.99997480694,0.0,2999.9999973584568,31.9306640625,0.0
6.0,2999.999997326226,2999.999997326226,44627.99998977601,0.0,2999.999997326226,32.35492420196533,0.0
7.0,2999.999996927461,2999.999996927461,44627.99999104015,0.0,2999.999996927461,23.658409118652344,1.5078064070967684e-10
8.0,2999.999996927461,2999.9999999851016,44628.0,0.0,2999.9999999851016,24.331532955169678,1.0743254337688856e-10
