attr,value
lobjval,6887.200000000001
fobjval,135287.0
lz1,0.0
lz2,6887.200000000001
tot_runtime,9.62870717048645
gapf,0.0
best_it,3.0
improvementHeuristic,1.6114285714285739
