iteration,bestlobjval,lobjval,fobjval,lz1,lz2,tot_runtime,gapf
1.0,5000.0,5000.0,71168.0,0.0,5000.0,0.7903969287872314,2.078528811834691e-05
2.0,5000.0,5000.0,71168.0,0.0,5000.0,0.949052095413208,7.367152451636377e-13
3.0,4997.200000000001,4997.200000000001,71171.0,0.0,4997.200000000001,1.1066768169403076,4.215200011240534e-05
4.0,4997.200000000001,4999.999999999998,71174.0,0.0,4999.999999999998,1.0433151721954346,8.4300446792368e-05
5.0,4997.200000000001,5000.0,71168.0,0.0,5000.0,1.023705005645752,0.0
6.0,4997.200000000001,4999.999999999999,71168.0,0.0,4999.999999999999,0.9883360862731934,4.955917032441203e-05
23.0,4997.200000000001,5000.000000000001,71168.0,0.0,5000.000000000001,1.1711459159851074,7.388753307526608e-05
29.0,4997.200000000001,4997.600000000002,71168.0,0.0,4997.600000000002,1.2377870082855225,0.0
30.0,4978.247524130934,4978.247524130934,71168.0,0.0,4978.247524130934,1.3278639316558838,6.1480860370747315e-12
