iteration,bestlobjval,lobjval,fobjval,lz1,lz2,tot_runtime,gapf
1.0,7000.000000000001,7000.000000000001,154484.0,0.0,7000.000000000001,0.042305946350097656,0.0
2.0,7000.000000000001,7000.000000000001,154484.0,0.0,7000.000000000001,0.07815194129943848,0.0
5.0,7000.0,7000.0,154484.0,0.0,7000.0,0.06063199043273926,0.0
6.0,7000.0,7000.0,154484.0,0.0,7000.0,0.0637209415435791,0.0
8.0,6999.999999999999,6999.999999999999,154484.0,0.0,6999.999999999999,0.13020706176757812,0.0
29.0,6999.999999999999,6999.999999999999,154484.0,0.0,6999.999999999999,0.07529401779174805,0.0
