iteration,bestlobjval,lobjval,fobjval,lz1,lz2,tot_runtime,gapf
1.0,3000.0,3000.0,28267.0,0.0,3000.0,1.3032081127166748,0.0
2.0,3000.0,3000.0,28267.0,0.0,3000.0,1.363637924194336,0.0
3.0,3000.0,3000.0,28395.0,0.0,3000.0,0.10139298439025879,0.0
4.0,3000.0,3000.0,29383.0,0.0,3000.0,0.12874603271484375,0.0
5.0,3000.0,3000.0,29383.0,0.0,3000.0,0.14377999305725098,0.0
7.0,3000.0,3000.0,29468.0,0.0,3000.0,0.09708595275878906,0.0
28.0,3000.0,3000.0000000000005,28267.0,0.0,3000.0000000000005,0.8852670192718506,0.0
29.0,2999.9999999999995,2999.9999999999995,29468.0,0.0,2999.9999999999995,0.10257387161254883,0.0
