iteration,bestlobjval,lobjval,fobjval,lz1,lz2,tot_runtime,gapf
1.0,3000.0,3000.0,91646.0,0.0,3000.0,2.2706050872802734,0.0
2.0,3000.0,3000.0,91646.0,0.0,3000.0,2.560098886489868,0.0
4.0,3000.0,3000.0,91646.0,0.0,3000.0,1.9868850708007812,0.0
7.0,3000.0,3000.0000000000005,91646.0,0.0,3000.0000000000005,1.9163801670074463,0.0
14.0,3000.0,3000.0,91646.0,0.0,3000.0,2.6664350032806396,0.0
15.0,3000.0,3000.0,91646.0,0.0,3000.0,3.011831045150757,0.0
16.0,3000.0,3000.0,91646.0,0.0,3000.0,3.092625856399536,0.0
17.0,3000.0,3000.0,91646.0,0.0,3000.0,2.6694021224975586,0.0
26.0,2999.999999999999,2999.999999999999,91646.0,0.0,2999.999999999999,2.3166558742523193,0.0
