iteration,bestlobjval,lobjval,fobjval,lz1,lz2,tot_runtime,gapf
1.0,7000.0,7000.0,95786.0,0.0,7000.0,0.6724560260772705,7.806980718303729e-05
2.0,6999.999999999999,6999.999999999999,95786.0,0.0,6999.999999999999,0.8895559310913086,0.0
5.0,6909.6,6909.6,95786.0,0.0,6909.6,0.6511919498443604,4.1428886087482935e-13
26.0,6909.6,7000.0,95786.0,0.0,7000.0,0.4446101188659668,0.0
