attr,value
lobjval,2998.1053319720145
fobjval,12697.0
lz1,0.0
lz2,2998.1053319720145
tot_runtime,56.876904249191284
gapf,0.0
best_it,9.0
improvementHeuristic,0.06315560093285058
