iteration,bestlobjval,lobjval,fobjval,lz1,lz2,tot_runtime,gapf
1.0,3000.0,3000.0,15018.0,0.0,3000.0,0.7251060009002686,6.658676255160474e-05
2.0,3000.0,3000.0,15017.0,0.0,3000.0,0.4447019100189209,0.0
5.0,3000.0,3000.0,15017.0,0.0,3000.0,0.5124039649963379,0.0
6.0,2999.9999999999995,2999.9999999999995,15474.0,0.0,2999.9999999999995,0.19273996353149414,1.6356093163330133e-12
