attr,value
lobjval,7000.0
fobjval,65983.0
lz1,0.0
lz2,7000.0
tot_runtime,8.266263723373413
gapf,0.0
best_it,2.0
improvementHeuristic,1.2992781453898973e-14
