iteration,bestlobjval,lobjval,fobjval,lz1,lz2,tot_runtime,gapf
1.0,10000.0,10000.0,47481.0,0.0,10000.0,2.976109027862549,8.876956564687529e-05
2.0,10000.0,10000.0,47481.0,0.0,10000.0,2.4079818725585938,7.530940744906111e-05
5.0,10000.0,10000.000000000002,47481.0,0.0,10000.000000000002,0.30797505378723145,0.0
6.0,9999.999999999998,9999.999999999998,47481.0,0.0,9999.999999999998,0.31116509437561035,0.0
