attr,value
lobjval,4999.999999999998
fobjval,93303.0
lz1,0.0
lz2,4999.999999999998
tot_runtime,42.80066418647766
gapf,0.0
best_it,28.0
improvementHeuristic,3.637978807091713e-14
