iteration,bestlobjval,lobjval,fobjval,lz1,lz2,tot_runtime,gapf
1.0,6999.999999999999,6999.999999999999,91300.0,0.0,6999.999999999999,100.15529584884644,0.015072291900260127
2.0,6999.999999999999,7000.0,91300.0,0.0,7000.0,84.8341019153595,2.286949353476834e-05
5.0,6999.999999999999,7000.0,91300.0,0.0,7000.0,100.14392614364624,0.010305348372348658
6.0,6999.999998896984,6999.999998896984,91299.99999039232,0.0,6999.999998896984,100.02836513519287,0.023817261614405644
7.0,6999.999998896984,7000.0,91300.0,0.0,7000.0,74.75714302062988,0.0
8.0,6999.999998896984,6999.999999999999,91300.0,0.0,6999.999999999999,54.42502999305725,1.7646866925019948e-11
9.0,6999.999998896984,7000.0,91300.0,0.0,7000.0,51.156795024871826,0.0
10.0,6999.999998896984,7000.0,95236.0,0.0,7000.0,1.7728259563446045,0.0
12.0,6999.999998896984,7000.0,91300.0,0.0,7000.0,1.3961689472198486,6.936838262150092e-05
