iteration,bestlobjval,lobjval,fobjval,lz1,lz2,tot_runtime,gapf
1.0,5000.0,5000.0,50623.0,0.0,5000.0,3.153002977371216,0.0
2.0,5000.0,5000.000000000001,50623.0,0.0,5000.000000000001,2.962883949279785,8.207245111807242e-05
5.0,5000.0,5000.0,50623.0,0.0,5000.0,1.7508978843688965,8.996873317433909e-05
6.0,4999.99999948357,4999.99999948357,50622.99998530178,0.0,4999.99999948357,1.8040320873260498,0.0
7.0,4863.999999909556,4863.999999909556,50623.0,0.0,4863.999999909556,2.7220489978790283,8.922133209115112e-05
8.0,4863.999999909556,4962.799999999579,50623.00000000289,0.0,4962.799999999579,1.5298881530761719,4.5304883824014895e-05
9.0,4863.999999909556,4969.199999999617,50623.0,0.0,4969.199999999617,2.513730764389038,9.114363860925489e-05
10.0,4863.999999909556,4999.999999999999,52535.0,0.0,4999.999999999999,0.8825409412384033,2.5774354468440763e-12
12.0,4863.999999909556,5000.0,51700.0,0.0,5000.0,0.6719739437103271,1.934242080121366e-05
