attr,value
lobjval,6999.999999999869
fobjval,77022.0
lz1,0.0
lz2,6999.999999999869
tot_runtime,5.316182851791382
gapf,0.0
best_it,7.0
improvementHeuristic,1.883953310815351e-12
