attr,value
lobjval,9999.999999999696
fobjval,213007.0
lz1,0.0
lz2,9999.999999999696
tot_runtime,15.390412330627441
gapf,0.0
best_it,4.0
improvementHeuristic,3.03771230392158e-12
