attr,value
lobjval,9999.999999999998
fobjval,92768.0
lz1,0.0
lz2,9999.999999999998
tot_runtime,9.49320912361145
gapf,0.0
best_it,4.0
improvementHeuristic,1.8189894035458565e-14
