iteration,bestlobjval,lobjval,fobjval,lz1,lz2,tot_runtime,gapf
1.0,3000.0,3000.0,32799.0,0.0,3000.0,8.759599924087524,9.32437959684661e-12
2.0,3000.0,3000.0000000000005,32799.0,0.0,3000.0000000000005,10.755056858062744,0.0
5.0,3000.0,3000.0,32799.0,0.0,3000.0,11.929473161697388,4.2806562303073843e-11
6.0,3000.0,3000.0,32799.0,0.0,3000.0,11.10018014907837,2.753301866777572e-11
7.0,3000.0,3000.0,32799.0,0.0,3000.0,11.237576007843018,3.338879028098344e-11
8.0,3000.0,3000.0,32799.0,0.0,3000.0,10.537024974822998,5.1270001276711026e-11
9.0,3000.0,3000.0,32799.0,0.0,3000.0,9.83187198638916,5.04279166063418e-11
10.0,2999.9999999999995,2999.9999999999995,33565.0,0.0,2999.9999999999995,0.4719550609588623,8.205268470301024e-05
12.0,2999.9999999999995,3000.0000000000005,33051.0,0.0,3000.0000000000005,0.7636780738830566,0.0
