iteration,bestlobjval,lobjval,fobjval,lz1,lz2,tot_runtime,gapf
1.0,4999.9999996053175,4999.9999996053175,49803.99999045524,0.0,4999.9999996053175,25.02505111694336,1.7647127702766427e-05
2.0,4999.9999996053175,4999.999999999999,49804.0,0.0,4999.999999999999,10.554335117340088,0.0
3.0,4999.9999996053175,5000.0,51995.0,0.0,5000.0,1.1086640357971191,0.0
4.0,4999.9999996053175,5000.0,49804.0,0.0,5000.0,5.6706109046936035,0.0
