iteration,bestlobjval,lobjval,fobjval,lz1,lz2,tot_runtime,gapf
1.0,10000.0,10000.0,136875.0,0.0,10000.0,1.4826009273529053,0.0
2.0,10000.0,10000.0,136875.0,0.0,10000.0,0.9904160499572754,2.7766153014788074e-05
5.0,10000.0,10000.0,136875.0,0.0,10000.0,1.429413080215454,0.0
6.0,10000.0,10000.0,136875.0,0.0,10000.0,1.1489450931549072,5.997881277477088e-05
9.0,9999.999999999996,9999.999999999996,136875.0,0.0,9999.999999999996,0.8241689205169678,1.7468481844282586e-05
