iteration,bestlobjval,lobjval,fobjval,lz1,lz2,tot_runtime,gapf
1.0,10000.0,10000.0,92768.0,0.0,10000.0,1.495995044708252,0.0
2.0,10000.0,10000.0,92768.0,0.0,10000.0,1.7887377738952637,0.0
4.0,9999.999999999998,9999.999999999998,92768.0,0.0,9999.999999999998,1.1664810180664062,0.0
5.0,9999.999999999998,10000.0,93338.0,0.0,10000.0,0.25934696197509766,0.0
6.0,9999.999999999998,10000.0,93338.0,0.0,10000.0,0.029707908630371094,0.0
7.0,9999.999999999998,10000.0,93338.0,0.0,10000.0,0.06782388687133789,0.0
8.0,9999.999999999998,10000.0,93338.0,0.0,10000.0,0.06354904174804688,0.0
