attr,value
lobjval,2938.098171697392
fobjval,27724.0
lz1,0.0
lz2,2938.098171697392
tot_runtime,38.95600461959839
gapf,0.0
best_it,5.0
improvementHeuristic,0.07828282895551968
