attr,value
lobjval,2961.6
fobjval,60544.0
lz1,0.0
lz2,2961.6
tot_runtime,18.62968945503235
gapf,9.543105473343373e-05
best_it,6.0
improvementHeuristic,1.1745862253070032
