iteration,bestlobjval,lobjval,fobjval,lz1,lz2,tot_runtime,gapf
1.0,3000.0,3000.0,60486.0,0.0,3000.0,1.6900050640106201,9.772444488941048e-05
2.0,2999.199999999798,2999.199999999798,60486.0,0.0,2999.199999999798,1.4613149166107178,0.0
5.0,2979.599999999966,2979.599999999966,60486.0,0.0,2979.599999999966,1.369117021560669,0.0
6.0,2900.36752905069,2900.36752905069,60486.0,0.0,2900.36752905069,1.4531571865081787,4.9598263243197716e-05
9.0,2900.36752905069,2972.799999999655,60486.0,0.0,2972.799999999655,1.425657033920288,0.0
28.0,2900.36752905069,2999.0845518084197,60486.0,0.0,2999.0845518084197,1.6496238708496094,6.6131005814849e-05
