attr,value
lobjval,6999.999999999999
fobjval,31197.0
lz1,0.0
lz2,6999.999999999999
tot_runtime,10.364177703857422
gapf,0.0
best_it,1.0
improvementHeuristic,0.0
