attr,value
lobjval,4999.9999999678885
fobjval,97502.0
lz1,0.0
lz2,4999.9999999678885
tot_runtime,50.09119009971619
gapf,0.0
best_it,1.0
improvementHeuristic,0.0
