iteration,bestlobjval,lobjval,fobjval,lz1,lz2,tot_runtime,gapf
1.0,3000.0,3000.0,45808.0,0.0,3000.0,14.453017950057983,0.0
2.0,2999.9999999999995,2999.9999999999995,45807.999994391874,0.0,2999.9999999999995,18.8035671710968,0.0
4.0,2999.9999999999995,3000.0,45808.0,0.0,3000.0,27.58224105834961,4.378313212429404e-11
5.0,2999.9999999999995,2999.9999999999995,45808.0,0.0,2999.9999999999995,28.73954200744629,4.607545268594037e-11
6.0,2999.9999999999995,2999.9999999999995,45808.0,0.0,2999.9999999999995,29.79409885406494,4.943451554886281e-11
7.0,2999.9999999999995,3000.0,45807.99999520715,0.0,3000.0,20.420840978622437,0.0
8.0,2999.9999999999995,3000.0,47060.0,0.0,3000.0,1.6178150177001953,3.4771857976207587e-05
10.0,2999.9999999999995,3000.0,45808.0,0.0,3000.0,2.0664520263671875,0.0
14.0,2999.9999999999995,3000.0,46130.0,0.0,3000.0,3.6509130001068115,0.0
