iteration,bestlobjval,lobjval,fobjval,lz1,lz2,tot_runtime,gapf
1.0,10000.0,10000.0,95924.0,0.0,10000.0,0.2093219757080078,0.0
2.0,10000.0,10000.0,95924.0,0.0,10000.0,0.2586081027984619,9.796404679925807e-05
