iteration,bestlobjval,lobjval,fobjval,lz1,lz2,tot_runtime,gapf
1.0,3000.0,3000.0,48513.0,0.0,3000.0,6.4261839389801025,0.0
2.0,3000.0,3000.0,48513.0,0.0,3000.0,4.9198150634765625,0.0
5.0,3000.0,3000.0,48513.0,0.0,3000.0,4.974225997924805,0.0
6.0,3000.0,3000.0,48513.0,0.0,3000.0,4.8209521770477295,0.0
7.0,2999.9999999999995,2999.9999999999995,50120.0,0.0,2999.9999999999995,0.4996318817138672,0.0
9.0,2999.999999999999,2999.999999999999,48513.0,0.0,2999.999999999999,3.911378860473633,0.0
13.0,2999.999999999999,3000.0,50120.0,0.0,3000.0,0.4003441333770752,0.0
