attr,value
lobjval,9999.999999999995
fobjval,144334.0
lz1,0.0
lz2,9999.999999999995
tot_runtime,317.288213968277
gapf,0.0
best_it,17.0
improvementHeuristic,5.456968210637569e-14
