iteration,bestlobjval,lobjval,fobjval,lz1,lz2,tot_runtime,gapf
1.0,5000.0,5000.0,104495.0,0.0,5000.0,0.6893079280853271,0.0
2.0,5000.0,5000.0,104495.0,0.0,5000.0,0.7914350032806396,1.8073596184540014e-05
3.0,4938.244104132351,4938.244104132351,104495.0,0.0,4938.244104132351,0.8431291580200195,7.068809196534776e-13
5.0,4938.244104132351,5000.0,104495.0,0.0,5000.0,1.0744259357452393,8.490700884829347e-05
6.0,4922.371088259353,4922.371088259353,104495.0,0.0,4922.371088259353,0.9901208877563477,8.752898669645481e-05
7.0,4922.371088259353,4965.999999999629,104495.0,0.0,4965.999999999629,0.7468860149383545,7.382142937515928e-13
11.0,4922.371088259353,5000.000000000001,104495.0,0.0,5000.000000000001,0.9946920871734619,8.752898668280739e-05
12.0,4922.371088259353,5000.0,104495.0,0.0,5000.0,1.2331221103668213,0.0
26.0,4922.371088259353,5000.000000000002,104495.0,0.0,5000.000000000002,1.8365440368652344,0.0
