iteration,bestlobjval,lobjval,fobjval,lz1,lz2,tot_runtime,gapf
1.0,10000.0,10000.0,47656.0,0.0,10000.0,4.792567014694214,3.5451514143306015e-13
2.0,9999.999999999998,9999.999999999998,47656.0,0.0,9999.999999999998,2.6480770111083984,5.406693627565989e-09
5.0,9999.999999999998,10000.0,47656.0,0.0,10000.0,4.141633033752441,7.172748210389822e-13
