iteration,bestlobjval,lobjval,fobjval,lz1,lz2,tot_runtime,gapf
1.0,2999.9999999431934,2999.9999999431934,43336.99982011745,0.0,2999.9999999431934,68.97540092468262,2.4151230722481762e-06
2.0,2999.9999998537005,2999.9999998537005,43336.99998610442,0.0,2999.9999998537005,41.32116198539734,0.0
5.0,2999.9999998537005,3000.0000000000005,43337.0,0.0,3000.0000000000005,46.90827798843384,1.682035324219631e-05
6.0,2999.999999284416,2999.999999284416,43336.999957925946,0.0,2999.999999284416,34.695587158203125,8.534585939095604e-05
7.0,2999.999999284416,3000.0,45164.0,0.0,3000.0,2.761808156967163,0.0
9.0,2999.999999284416,2999.9999999999995,45164.0,0.0,2999.9999999999995,2.4945390224456787,0.0
