iteration,bestlobjval,lobjval,fobjval,lz1,lz2,tot_runtime,gapf
1.0,5000.0,5000.0,24028.99955380899,0.0,5000.0,10.63546109199524,2.5370096163374683e-05
2.0,5000.0,5000.0,24028.999929105397,0.0,5000.0,8.630656003952026,0.0
4.0,5000.0,5000.0,24028.99997493817,0.0,5000.0,4.980178117752075,0.0
5.0,4999.999999948364,4999.999999948364,24602.999991217926,0.0,4999.999999948364,0.4275228977203369,0.0
