iteration,bestlobjval,lobjval,fobjval,lz1,lz2,tot_runtime,gapf
1.0,3000.0,3000.0,14332.0,0.0,3000.0,3.909605026245117,1.1377694953270434e-11
2.0,2999.9999999999995,2999.9999999999995,14332.0,0.0,2999.9999999999995,2.3220629692077637,0.0
5.0,2999.9999999999995,2999.9999999999995,14332.0,0.0,2999.9999999999995,1.9391419887542725,0.0
6.0,2999.9999999999995,2999.9999999999995,14332.0,0.0,2999.9999999999995,2.3970260620117188,6.79455747410183e-12
7.0,2999.9999999999995,3000.0000000000005,14940.0,0.0,3000.0000000000005,0.2895691394805908,0.0
8.0,2999.9999999999995,3000.0,14940.0,0.0,3000.0,0.3138008117675781,0.0
