iteration,bestlobjval,lobjval,fobjval,lz1,lz2,tot_runtime,gapf
1.0,7000.0,7000.0,84101.0,0.0,7000.0,6.922075986862183,0.0
2.0,7000.0,7000.0,84101.0,0.0,7000.0,3.0225019454956055,0.0
4.0,6999.999999954125,6999.999999954125,84101.0,0.0,6999.999999954125,3.684102773666382,0.0
20.0,6999.999999954125,6999.999999995632,84101.0,0.0,6999.999999995632,3.0527729988098145,0.0
29.0,6999.999999954125,7000.0,84101.0,0.0,7000.0,8.194849967956543,0.0
30.0,6999.999999954125,6999.999999969927,84101.0,0.0,6999.999999969927,9.558690786361694,0.0
