attr,value
lobjval,4968.0
fobjval,97421.99998947984
lz1,0.0
lz2,4968.0
tot_runtime,170.68445897102356
gapf,0.0
best_it,3.0
improvementHeuristic,0.6399999983164736
