attr,value
lobjval,4988.650569626592
fobjval,51841.0
lz1,0.0
lz2,4988.650569626592
tot_runtime,37.96403503417969
gapf,0.0
best_it,5.0
improvementHeuristic,0.22698860746815627
