attr,value
lobjval,6908.8
fobjval,141213.0
lz1,0.0
lz2,6908.8
tot_runtime,26.518207550048828
gapf,7.08150099495089e-05
best_it,4.0
improvementHeuristic,1.3028571428571403
