attr,value
lobjval,4879.04126984127
fobjval,64742.0
lz1,0.0
lz2,4879.04126984127
tot_runtime,18.44507670402527
gapf,0.0
best_it,1.0
improvementHeuristic,0.0
