attr,value
lobjval,4999.999999999999
fobjval,194022.0
lz1,0.0
lz2,4999.999999999999
tot_runtime,4.0708677768707275
gapf,0.0
best_it,19.0
improvementHeuristic,1.8189894035458565e-14
