iteration,bestlobjval,lobjval,fobjval,lz1,lz2,tot_runtime,gapf
1.0,3000.0,3000.0,17761.0,0.0,3000.0,3.5269570350646973,0.0
2.0,3000.0,3000.0,17761.0,0.0,3000.0,2.7776410579681396,0.0
5.0,3000.0,3000.0,17760.999959758105,0.0,3000.0,3.9539899826049805,0.0
6.0,3000.0,3000.0000000000005,17779.999927275556,0.0,3000.0000000000005,0.47996997833251953,0.0
