iteration,bestlobjval,lobjval,fobjval,lz1,lz2,tot_runtime,gapf
1.0,9879.904761904761,9879.904761904761,49401.99997116139,0.0,9879.904761904761,26.95127010345459,0.0
2.0,9879.904761904761,9939.270730593287,49401.999994238635,0.0,9939.270730593287,27.95373797416687,0.0
5.0,9879.904761904761,9937.106228415552,49401.99999391885,0.0,9937.106228415552,26.982136011123657,0.0
6.0,9879.904761904761,9934.941726267212,49401.99957299719,0.0,9934.941726267212,24.342747926712036,0.0
7.0,9879.904761904761,10000.0,49402.0,0.0,10000.0,1.6725318431854248,0.0
