iteration,bestlobjval,lobjval,fobjval,lz1,lz2,tot_runtime,gapf
1.0,3000.0,3000.0,32519.0,0.0,3000.0,0.10637211799621582,0.0
2.0,3000.0,3000.0000000000005,32519.0,0.0,3000.0000000000005,0.18975210189819336,0.0
3.0,3000.0,3000.0,32519.0,0.0,3000.0,0.16809320449829102,0.0
4.0,3000.0,3000.0,32519.0,0.0,3000.0,0.12864899635314941,0.0
5.0,3000.0,3000.0,32519.0,0.0,3000.0,0.18840479850769043,0.0
6.0,3000.0,3000.0,32519.0,0.0,3000.0,0.12302684783935547,0.0
24.0,3000.0,3000.0000000000005,32519.0,0.0,3000.0000000000005,0.18253183364868164,0.0
