attr,value
lobjval,4999.999999999787
fobjval,95989.99942374967
lz1,0.0
lz2,4999.999999999787
tot_runtime,56.477468967437744
gapf,0.0
best_it,1.0
improvementHeuristic,0.0
