iteration,bestlobjval,lobjval,fobjval,lz1,lz2,tot_runtime,gapf
1.0,6977.199999999999,6977.199999999999,64624.0,0.0,6977.199999999999,4.404525995254517,0.0
2.0,6977.199999999999,6999.99999999878,64624.0,0.0,6999.99999999878,1.754390001296997,4.486009008312307e-05
3.0,6977.199999999999,7000.000000000002,64624.0,0.0,7000.000000000002,2.6428351402282715,3.3833022763402445e-13
5.0,6977.199999999999,7000.0,67221.0,0.0,7000.0,0.8579690456390381,0.0
7.0,6977.199999999999,6999.999999999999,67962.0,0.0,6999.999999999999,0.6257259845733643,5.885641976398576e-05
9.0,6962.7999999975345,6962.7999999975345,64624.0,0.0,6962.7999999975345,3.6546921730041504,9.268444730863314e-05
10.0,6962.7999999975345,7000.0,64623.99998000922,0.0,7000.0,1.0370519161224365,0.0
