iteration,bestlobjval,lobjval,fobjval,lz1,lz2,tot_runtime,gapf
1.0,3000.0,3000.0,15485.0,0.0,3000.0,0.5311999320983887,0.0
2.0,2999.999999936367,2999.999999936367,15484.999997971892,0.0,2999.999999936367,0.7785608768463135,0.0
5.0,2961.0477780144647,2961.0477780144647,15485.0,0.0,2961.0477780144647,0.5883240699768066,0.0
6.0,2961.0477780144647,3000.0,15485.0,0.0,3000.0,0.9049050807952881,4.207932735797202e-12
7.0,2961.0477780144647,3000.0,15485.0,0.0,3000.0,1.1298630237579346,0.0
8.0,2961.0477780144647,2999.999999853002,15484.99999778824,0.0,2999.999999853002,1.1285979747772217,0.0
9.0,2961.0477780144647,3000.0,15485.0,0.0,3000.0,0.7600140571594238,1.379949851370542e-10
10.0,2961.0477780144647,3000.0,16278.0,0.0,3000.0,0.10760092735290527,0.0
11.0,2961.0477780144647,2999.999999999999,16278.0,0.0,2999.999999999999,0.21158695220947266,0.0
