iteration,bestlobjval,lobjval,fobjval,lz1,lz2,tot_runtime,gapf
1.0,6971.199999997448,6971.199999997448,34613.99998074632,0.0,6971.199999997448,47.15324902534485,0.0
2.0,6971.199999997448,6999.999999999999,34614.0,0.0,6999.999999999999,15.771689891815186,7.65090417999446e-05
5.0,6971.199999997448,7000.0,34614.0,0.0,7000.0,11.009009838104248,0.0
6.0,6971.199999997448,6999.999999796843,34613.99999119877,0.0,6999.999999796843,21.623423099517822,0.0
7.0,6971.199999997448,7000.0,34613.999929853744,0.0,7000.0,20.4008309841156,2.8731221453572246e-05
8.0,6971.199999997448,6999.999999591848,34876.999934353444,0.0,6999.999999591848,8.3473219871521,2.093615761900241e-10
