attr,value
lobjval,2999.999999999999
fobjval,84858.0
lz1,0.0
lz2,2999.999999999999
tot_runtime,40.66837239265442
gapf,0.0
best_it,20.0
improvementHeuristic,3.031649005909761e-14
