iteration,bestlobjval,lobjval,fobjval,lz1,lz2,tot_runtime,gapf
1.0,7000.0,7000.0,97332.0,0.0,7000.0,0.7016689777374268,4.655679942992477e-13
2.0,6924.400577526625,6924.400577526625,97332.0,0.0,6924.400577526625,0.8487510681152344,1.246896940416097e-13
4.0,6924.400577526625,7000.0,97332.0,0.0,7000.0,1.0402629375457764,4.731929036471159e-13
5.0,6924.400577526625,6999.999999999515,97332.0,0.0,6999.999999999515,0.8966760635375977,0.0
