iteration,bestlobjval,lobjval,fobjval,lz1,lz2,tot_runtime,gapf
1.0,5000.0,5000.0,54993.0,0.0,5000.0,0.16573190689086914,0.0
2.0,4980.227744280063,4980.227744280063,54993.0,0.0,4980.227744280063,0.09415292739868164,0.0
4.0,4980.227744280063,5000.0,54993.0,0.0,5000.0,0.13863897323608398,0.0
5.0,4980.227744280063,5000.0,54993.0,0.0,5000.0,0.10782194137573242,0.0
6.0,4980.227744280063,5000.0,54993.0,0.0,5000.0,0.09918904304504395,0.0
7.0,4980.227744280063,5000.0,54993.0,0.0,5000.0,0.13938498497009277,0.0
