iteration,bestlobjval,lobjval,fobjval,lz1,lz2,tot_runtime,gapf
1.0,5000.0,5000.0,24736.0,0.0,5000.0,33.59048080444336,0.0
2.0,4999.999999999999,4999.999999999999,24735.99999622928,0.0,4999.999999999999,12.424844026565552,0.0
3.0,4999.999999999999,5000.0,25747.0,0.0,5000.0,3.1916279792785645,0.0
5.0,4999.999999999999,4999.999999999999,25747.0,0.0,4999.999999999999,2.9975287914276123,0.0
7.0,4999.999999999999,5000.000000000001,24735.99997295338,0.0,5000.000000000001,4.669898986816406,0.0
8.0,4999.999999999999,5000.000000000001,24736.0,0.0,5000.000000000001,2.739940881729126,0.0
