attr,value
lobjval,6487.741375050302
fobjval,206484.0
lz1,0.0
lz2,6487.741375050302
tot_runtime,14.780006408691406
gapf,0.0
best_it,7.0
improvementHeuristic,7.317980356424271
