iteration,bestlobjval,lobjval,fobjval,lz1,lz2,tot_runtime,gapf
1.0,5000.0,5000.0,31274.0,0.0,5000.0,3.261960029602051,0.0
2.0,5000.0,5000.0,31274.0,0.0,5000.0,2.8287839889526367,0.0
4.0,5000.0,5000.0,32046.0,0.0,5000.0,0.2794041633605957,0.0
