iteration,bestlobjval,lobjval,fobjval,lz1,lz2,tot_runtime,gapf
1.0,10000.0,10000.0,143002.0,0.0,10000.0,1.312770128250122,0.0
2.0,10000.0,10000.0,143002.0,0.0,10000.0,1.0058979988098145,4.8950364330568804e-05
5.0,10000.0,10000.0,143002.0,0.0,10000.0,0.8743231296539307,0.0
13.0,9999.999999999998,9999.999999999998,143002.0,0.0,9999.999999999998,0.9077279567718506,0.0
