iteration,bestlobjval,lobjval,fobjval,lz1,lz2,tot_runtime,gapf
1.0,6999.999999999999,6999.999999999999,33639.999946847594,0.0,6999.999999999999,6.867377996444702,0.0
2.0,6999.999999999999,6999.999999999999,33640.0,0.0,6999.999999999999,6.196130990982056,0.0
5.0,6999.999999999999,7000.0,33640.0,0.0,7000.0,6.4409708976745605,0.0
6.0,6999.999999999999,7000.0,33640.0,0.0,7000.0,6.128499984741211,0.0
7.0,6999.999999999999,6999.999999999999,34430.0,0.0,6999.999999999999,0.3822200298309326,6.973761291549609e-13
