attr,value
lobjval,9830.6177556112
fobjval,87223.0
lz1,0.0
lz2,9830.6177556112
tot_runtime,5.760382890701294
gapf,0.0
best_it,2.0
improvementHeuristic,1.481021450220475
