iteration,bestlobjval,lobjval,fobjval,lz1,lz2,tot_runtime,gapf
1.0,10000.0,10000.0,55411.0,0.0,10000.0,0.9530379772186279,0.0
2.0,10000.0,10000.0,55411.0,0.0,10000.0,0.8418128490447998,0.0
5.0,10000.0,10000.0,55411.0,0.0,10000.0,0.7738280296325684,0.0
6.0,10000.0,10000.0,55411.0,0.0,10000.0,0.7534980773925781,0.0
7.0,10000.0,10000.0,57828.0,0.0,10000.0,0.21845221519470215,0.0
9.0,10000.0,10000.0,56515.0,0.0,10000.0,0.2604529857635498,0.0
