iteration,bestlobjval,lobjval,fobjval,lz1,lz2,tot_runtime,gapf
1.0,3000.0,3000.0,18747.999976168154,0.0,3000.0,2.3971071243286133,0.0
2.0,3000.0,3000.0,18748.0,0.0,3000.0,2.033581018447876,0.0
5.0,3000.0,3000.0,18748.0,0.0,3000.0,2.336724042892456,0.0
6.0,3000.0,3000.0,18748.0,0.0,3000.0,2.0203380584716797,0.0
7.0,2999.9999999999995,2999.9999999999995,19214.0,0.0,2999.9999999999995,0.22718405723571777,0.0
