iteration,bestlobjval,lobjval,fobjval,lz1,lz2,tot_runtime,gapf
1.0,10000.0,10000.0,152471.0,0.0,10000.0,15.05805492401123,0.0
2.0,9999.999999999998,9999.999999999998,152471.0,0.0,9999.999999999998,14.9684419631958,0.0
3.0,9999.999999999998,10000.0,156515.0,0.0,10000.0,1.3709650039672852,8.04093621627881e-05
5.0,9999.999999999998,10000.000000000002,152471.0,0.0,10000.000000000002,20.426301956176758,9.954448769396558e-12
8.0,9999.999999999998,10000.0,152471.0,0.0,10000.0,4.747637987136841,0.0
9.0,9999.999999999998,10000.0,153469.0,0.0,10000.0,4.010451078414917,0.0
