iteration,bestlobjval,lobjval,fobjval,lz1,lz2,tot_runtime,gapf
1.0,2953.1999992767755,2953.1999992767755,49711.0,0.0,2953.1999992767755,2.0613110065460205,1.2605774912499298e-08
2.0,2953.1999992767755,2999.9999997352834,49711.0,0.0,2999.9999997352834,1.9239659309387207,9.56399846791268e-05
5.0,2953.1999992767755,2999.9999995239787,49710.99999554873,0.0,2999.9999995239787,2.2755420207977295,2.1771018567906704e-06
6.0,2916.997052801929,2916.997052801929,49711.0,0.0,2916.997052801929,1.7625620365142822,9.733900184886118e-05
7.0,2912.451598571957,2912.451598571957,49711.0,0.0,2912.451598571957,2.137504816055298,0.0
8.0,2912.451598571957,2999.99999964453,49710.999956817825,0.0,2999.99999964453,2.108229160308838,2.2518720460301095e-05
9.0,2903.360689442855,2903.360689442855,49711.0,0.0,2903.360689442855,1.9268081188201904,7.531780516384509e-05
