attr,value
lobjval,4955.2
fobjval,112686.0
lz1,0.0
lz2,4955.2
tot_runtime,2.71565318107605
gapf,0.0
best_it,30.0
improvementHeuristic,0.8960000000000037
