iteration,bestlobjval,lobjval,fobjval,lz1,lz2,tot_runtime,gapf
1.0,2980.3999999999996,2980.3999999999996,20359.999935964337,0.0,2980.3999999999996,2.7220778465270996,4.911276854037446e-05
2.0,2980.3999999999996,2999.9999999999995,20360.0,0.0,2999.9999999999995,3.2087349891662598,9.638142281656532e-13
3.0,2980.3999999999996,2999.9999999999995,20471.0,0.0,2999.9999999999995,0.13191604614257812,0.0
4.0,2980.3999999999996,3000.0,20360.0,0.0,3000.0,3.269774913787842,0.0
5.0,2980.3999999999996,3000.0,20360.0,0.0,3000.0,2.200040102005005,0.0
6.0,2980.3999999999996,3000.0,20359.999911044073,0.0,3000.0,2.8662619590759277,7.143696064439499e-05
7.0,2980.3999999999996,3000.0000000000005,20360.0,0.0,3000.0000000000005,3.44453501701355,0.0
8.0,2980.3999999999996,3000.0,21756.0,0.0,3000.0,0.14312314987182617,0.0
