iteration,bestlobjval,lobjval,fobjval,lz1,lz2,tot_runtime,gapf
1.0,7000.000000000001,7000.000000000001,206484.0,0.0,7000.000000000001,0.5043408870697021,0.0
2.0,7000.0,7000.0,206484.0,0.0,7000.0,0.4169759750366211,0.0
3.0,6910.8,6910.8,206484.0,0.0,6910.8,0.6034832000732422,0.0
4.0,6910.8,6999.999999999999,206484.0,0.0,6999.999999999999,0.6006779670715332,0.0
7.0,6487.741375050302,6487.741375050302,206484.0,0.0,6487.741375050302,0.6502699851989746,0.0
14.0,6487.741375050302,7000.0,206483.99991341704,0.0,7000.0,0.2421860694885254,0.0
15.0,6487.741375050302,6999.999999999999,206483.99993867124,0.0,6999.999999999999,0.5496602058410645,1.5414754923190266e-09
21.0,6487.741375050302,7000.000000000002,206484.0,0.0,7000.000000000002,0.497420072555542,5.637982692457276e-15
23.0,6487.741375050302,7000.0,206484.0,0.0,7000.0,0.4890611171722412,0.0
