iteration,bestlobjval,lobjval,fobjval,lz1,lz2,tot_runtime,gapf
1.0,10000.0,10000.0,94252.0,0.0,10000.0,0.6578609943389893,0.0
2.0,10000.0,10000.0,94252.0,0.0,10000.0,1.116081953048706,0.0
3.0,10000.0,10000.0,94252.0,0.0,10000.0,0.21774816513061523,8.484112829421348e-05
4.0,10000.0,10000.0,94252.0,0.0,10000.0,0.9939308166503906,0.0
5.0,10000.0,10000.0,94252.0,0.0,10000.0,0.8453969955444336,0.0
6.0,10000.0,10000.0,94252.0,0.0,10000.0,0.8661649227142334,0.0
7.0,10000.0,10000.0,98218.0,0.0,10000.0,0.11134600639343262,0.0
8.0,10000.0,10000.0,98218.0,0.0,10000.0,0.09690713882446289,0.0
