iteration,bestlobjval,lobjval,fobjval,lz1,lz2,tot_runtime,gapf
1.0,4935.238095238095,4935.238095238095,25029.0,0.0,4935.238095238095,1.2418510913848877,9.088124360457698e-05
2.0,4935.238095238095,5000.0,25029.0,0.0,5000.0,0.2940399646759033,6.604727896189269e-05
5.0,4925.447619047518,4925.447619047518,25029.0,0.0,4925.447619047518,0.3376162052154541,0.0
6.0,4925.447619047518,5000.0,25029.0,0.0,5000.0,0.5664470195770264,3.689349559941093e-05
7.0,4925.447619047518,4999.999999999999,25029.0,0.0,4999.999999999999,0.6392030715942383,8.127123766994068e-08
8.0,4924.000000000001,4924.000000000001,25792.0,0.0,4924.000000000001,0.5240631103515625,0.0
