iteration,bestlobjval,lobjval,fobjval,lz1,lz2,tot_runtime,gapf
1.0,7000.000000000001,7000.000000000001,217012.0,0.0,7000.000000000001,0.39517807960510254,0.0
2.0,7000.0,7000.0,217012.0,0.0,7000.0,0.44687795639038086,0.0
4.0,7000.0,7000.0,217012.0,0.0,7000.0,0.3664979934692383,0.0
8.0,6999.999999999999,6999.999999999999,217012.0,0.0,6999.999999999999,0.273374080657959,0.0
18.0,6999.999999999999,7000.0,217012.0,0.0,7000.0,0.3429551124572754,0.0
19.0,6999.999999999999,7000.0,217012.0,0.0,7000.0,0.2338099479675293,0.0
20.0,6999.999999999999,7000.0,217012.0,0.0,7000.0,0.2899467945098877,0.0
21.0,6999.999999999999,6999.999999999999,217011.99996860663,0.0,6999.999999999999,0.198883056640625,0.0
