iteration,bestlobjval,lobjval,fobjval,lz1,lz2,tot_runtime,gapf
1.0,7000.000000000001,7000.000000000001,75816.0,0.0,7000.000000000001,0.1399369239807129,0.0
2.0,7000.0,7000.0,75816.0,0.0,7000.0,0.10634589195251465,0.0
5.0,7000.0,7000.0,75816.0,0.0,7000.0,0.13255620002746582,0.0
28.0,6999.999999999999,6999.999999999999,75816.0,0.0,6999.999999999999,0.23909997940063477,0.0
