iteration,bestlobjval,lobjval,fobjval,lz1,lz2,tot_runtime,gapf
1.0,6999.999999999999,6999.999999999999,106781.0,0.0,6999.999999999999,14.14666485786438,0.0
2.0,6999.999999999999,7000.0,106781.0,0.0,7000.0,25.560980081558228,1.3523151608818979e-11
3.0,6999.999999999999,7000.0,109614.0,0.0,7000.0,1.730377197265625,7.84571313893087e-05
4.0,6999.999999999999,7000.000000000001,106781.0,0.0,7000.000000000001,32.56922507286072,2.1694933524644734e-11
5.0,6999.999999999999,7000.0,106781.0,0.0,7000.0,24.63922905921936,1.2951601122611035e-11
6.0,6999.999999999999,6999.999999999999,106781.0,0.0,6999.999999999999,14.440999031066895,0.0
7.0,6999.999999999999,7000.0,109614.0,0.0,7000.0,1.5289828777313232,5.4737533526473775e-05
9.0,6999.999999999999,7000.0,109614.0,0.0,7000.0,1.5152740478515625,7.298337804069711e-05
