iteration,bestlobjval,lobjval,fobjval,lz1,lz2,tot_runtime,gapf
1.0,3000.0,3000.0,66212.0,0.0,3000.0,0.04419589042663574,0.0
2.0,3000.0,3000.0000000000005,66212.0,0.0,3000.0000000000005,0.05317997932434082,0.0
4.0,3000.0,3000.0,66212.0,0.0,3000.0,0.043485164642333984,0.0
5.0,3000.0,3000.0,66212.0,0.0,3000.0,0.04688906669616699,0.0
6.0,3000.0,3000.0,66212.0,0.0,3000.0,0.07185482978820801,0.0
7.0,3000.0,3000.0000000000005,66212.0,0.0,3000.0000000000005,0.056574106216430664,0.0
