iteration,bestlobjval,lobjval,fobjval,lz1,lz2,tot_runtime,gapf
1.0,9999.999998598933,9999.999998598933,105639.99998699,0.0,9999.999998598933,1.1807029247283936,1.3433922053336817e-10
2.0,9999.999998598933,9999.999999999194,105640.0,0.0,9999.999999999194,1.2269511222839355,0.0
3.0,9999.999998598933,10000.0,106248.0,0.0,10000.0,0.2425849437713623,9.243369778627657e-05
9.0,9999.999998598933,9999.999999999649,106248.0,0.0,9999.999999999649,0.2768077850341797,0.0
16.0,9999.999998598933,10000.0,106248.0,0.0,10000.0,0.37914490699768066,0.0
