iteration,bestlobjval,lobjval,fobjval,lz1,lz2,tot_runtime,gapf
1.0,2972.4,2972.4,28292.0,0.0,2972.4,2.0438740253448486,0.0
2.0,2972.4,3000.0000000000005,28292.0,0.0,3000.0000000000005,2.7278990745544434,6.18550917974585e-05
5.0,2972.4,2999.999999999255,28292.0,0.0,2999.999999999255,2.9285709857940674,2.2732867005010037e-12
6.0,2972.4,2999.9999999999995,29411.0,0.0,2999.9999999999995,1.0070040225982666,1.355320587171599e-12
