attr,value
lobjval,6999.999999999998
fobjval,127624.0
lz1,0.0
lz2,6999.999999999998
tot_runtime,487.6611604690552
gapf,0.0
best_it,11.0
improvementHeuristic,2.598556290779795e-14
