iteration,bestlobjval,lobjval,fobjval,lz1,lz2,tot_runtime,gapf
1.0,3000.0,3000.0,29013.0,0.0,3000.0,0.22159910202026367,0.0
2.0,3000.0,3000.0,29013.0,0.0,3000.0,0.19849300384521484,0.0
3.0,3000.0,3000.0000000000005,29013.0,0.0,3000.0000000000005,0.22489500045776367,0.0
6.0,3000.0,3000.0,29013.0,0.0,3000.0,0.18034100532531738,0.0
9.0,3000.0,3000.0,29013.0,0.0,3000.0,0.1375110149383545,0.0
