iteration,bestlobjval,lobjval,fobjval,lz1,lz2,tot_runtime,gapf
1.0,7000.000000000001,7000.000000000001,76635.0,0.0,7000.000000000001,0.042407989501953125,0.0
2.0,7000.0,7000.0,76635.0,0.0,7000.0,0.03226208686828613,0.0
5.0,7000.0,7000.0,76635.0,0.0,7000.0,0.031248807907104492,0.0
6.0,7000.0,7000.0,76635.0,0.0,7000.0,0.0321660041809082,0.0
7.0,7000.0,7000.0,76635.0,0.0,7000.0,0.02965092658996582,0.0
8.0,7000.0,7000.000000000001,76635.0,0.0,7000.000000000001,0.04255390167236328,0.0
