iteration,bestlobjval,lobjval,fobjval,lz1,lz2,tot_runtime,gapf
1.0,10000.0,10000.0,309916.0,0.0,10000.0,0.4834270477294922,0.0
2.0,10000.0,10000.0,309916.0,0.0,10000.0,0.4765310287475586,0.0
3.0,10000.0,10000.0,309916.0,0.0,10000.0,0.4004960060119629,3.9138427448726626e-05
4.0,10000.0,10000.0,309916.0,0.0,10000.0,0.46256494522094727,0.0
5.0,10000.0,10000.0,309916.0,0.0,10000.0,0.276508092880249,3.2731364863930765e-05
21.0,10000.0,10000.0,309916.0,0.0,10000.0,0.35184693336486816,2.581344624799098e-05
22.0,10000.0,10000.0,309916.0,0.0,10000.0,0.40679407119750977,0.0
