attr,value
lobjval,6999.999999999999
fobjval,39396.0
lz1,0.0
lz2,6999.999999999999
tot_runtime,5.328231573104858
gapf,6.909894969606722e-05
best_it,1.0
improvementHeuristic,0.0
