iteration,bestlobjval,lobjval,fobjval,lz1,lz2,tot_runtime,gapf
1.0,4999.999999999884,4999.999999999884,34190.99991972132,0.0,4999.999999999884,12.147395133972168,0.0
2.0,4999.999999999884,5000.0,34191.0,0.0,5000.0,4.167571067810059,0.0
4.0,4999.999999999884,5000.000000000001,36442.0,0.0,5000.000000000001,0.3271150588989258,0.0
5.0,4999.999999999884,4999.999999999999,36442.0,0.0,4999.999999999999,0.2941570281982422,0.0
6.0,4999.999999999884,5000.0,36442.0,0.0,5000.0,0.3356058597564697,0.0
7.0,4999.999999999884,5000.000000000001,36442.0,0.0,5000.000000000001,0.4523649215698242,0.0
8.0,4999.999999999884,5000.0,36442.0,0.0,5000.0,0.2458510398864746,0.0
