iteration,bestlobjval,lobjval,fobjval,lz1,lz2,tot_runtime,gapf
1.0,7000.000000000001,7000.000000000001,78256.0,0.0,7000.000000000001,0.11302399635314941,0.0
2.0,6999.999999999999,6999.999999999999,78256.0,0.0,6999.999999999999,0.1884758472442627,0.0
5.0,6999.999999999999,7000.000000000001,78256.0,0.0,7000.000000000001,0.151231050491333,0.0
6.0,6999.999999999999,7000.0,78256.0,0.0,7000.0,0.1496601104736328,0.0
7.0,6999.999999999999,7000.0,78256.0,0.0,7000.0,0.15379095077514648,0.0
