iteration,bestlobjval,lobjval,fobjval,lz1,lz2,tot_runtime,gapf
1.0,5000.0,5000.0,59940.0,0.0,5000.0,16.873959064483643,2.7200886107215436e-05
2.0,4999.999999999999,4999.999999999999,59939.999988217874,0.0,4999.999999999999,8.870697021484375,0.0
3.0,4999.999999999999,5000.0,59981.0,0.0,5000.0,0.7737691402435303,0.0
5.0,4999.999999999999,5000.0,59981.0,0.0,5000.0,0.933629035949707,0.0
8.0,4999.999999999999,5000.0,60365.0,0.0,5000.0,0.5565309524536133,0.0
10.0,4999.999999999999,5000.000000000001,59940.0,0.0,5000.000000000001,7.540055990219116,1.2425609476942647e-10
11.0,4999.999999999999,5000.0,59940.0,0.0,5000.0,1.3642640113830566,0.0
