iteration,bestlobjval,lobjval,fobjval,lz1,lz2,tot_runtime,gapf
1.0,6999.999999990015,6999.999999990015,70403.99996138086,0.0,6999.999999990015,50.2623770236969,0.0
2.0,6999.999999990015,7000.0000000760165,70403.99996454461,0.0,7000.0000000760165,23.48474407196045,8.491215468243214e-05
5.0,6999.999999741463,6999.999999741463,70403.99999109111,0.0,6999.999999741463,21.648561000823975,2.4573228184245953e-05
6.0,6999.999999741463,6999.999999999999,70404.0,0.0,6999.999999999999,24.225812196731567,2.660740934247578e-12
7.0,6999.999999741463,6999.999999999999,73268.0,0.0,6999.999999999999,2.8765242099761963,0.0
9.0,6999.999999741463,7000.000000000001,70404.0,0.0,7000.000000000001,2.8875999450683594,0.0
10.0,6999.999999741463,7000.0,70404.0,0.0,7000.0,2.639558792114258,0.0
11.0,6999.746501054015,6999.746501054015,70404.0,0.0,6999.746501054015,2.5835490226745605,0.0
