iteration,bestlobjval,lobjval,fobjval,lz1,lz2,tot_runtime,gapf
1.0,10000.0,10000.0,103668.0,0.0,10000.0,5.039224147796631,0.0
2.0,10000.0,10000.0,103668.0,0.0,10000.0,3.904599905014038,0.0
5.0,10000.0,10000.0,106653.0,0.0,10000.0,0.45522594451904297,0.0
7.0,10000.0,10000.000000000002,105805.0,0.0,10000.000000000002,0.4433767795562744,0.0
