attr,value
lobjval,6999.999999999999
fobjval,409860.0
lz1,0.0
lz2,6999.999999999999
tot_runtime,4.583483457565308
gapf,0.0
best_it,6.0
improvementHeuristic,1.2992781453898974e-14
