attr,value
lobjval,2999.9999999999995
fobjval,21002.0
lz1,0.0
lz2,2999.9999999999995
tot_runtime,36.701488971710205
gapf,0.0
best_it,4.0
improvementHeuristic,1.5158245029548804e-14
