attr,value
lobjval,10000.0
fobjval,201339.0
lz1,0.0
lz2,10000.0
tot_runtime,7.831412076950073
gapf,4.4044805726494914e-13
best_it,1.0
improvementHeuristic,0.0
