iteration,bestlobjval,lobjval,fobjval,lz1,lz2,tot_runtime,gapf
1.0,5000.0,5000.0,100773.0,0.0,5000.0,0.08239984512329102,0.0
2.0,5000.0,5000.000000000001,100773.0,0.0,5000.000000000001,0.10498690605163574,0.0
3.0,5000.0,5000.000000000001,100773.0,0.0,5000.000000000001,0.06560397148132324,0.0
4.0,5000.0,5000.0,100773.0,0.0,5000.0,0.06382393836975098,0.0
5.0,5000.0,5000.0,100773.0,0.0,5000.0,0.06321001052856445,0.0
16.0,4999.999999999999,4999.999999999999,100773.0,0.0,4999.999999999999,0.028012990951538086,0.0
17.0,4999.999999999999,5000.0,100773.0,0.0,5000.0,0.020273923873901367,0.0
