attr,value
lobjval,9999.999999996893
fobjval,191182.99992301932
lz1,0.0
lz2,9999.999999996893
tot_runtime,404.5605788230896
gapf,0.0
best_it,1.0
improvementHeuristic,0.0
