attr,value
lobjval,4980.457289593067
fobjval,65224.0
lz1,0.0
lz2,4980.457289593067
tot_runtime,324.36598014831543
gapf,0.0
best_it,29.0
improvementHeuristic,0.3908542078231052
