iteration,bestlobjval,lobjval,fobjval,lz1,lz2,tot_runtime,gapf
1.0,5000.0,5000.0,71518.0,0.0,5000.0,0.9819908142089844,8.391602353233483e-05
2.0,5000.0,5000.0,71518.0,0.0,5000.0,0.9820730686187744,0.0
4.0,4999.999999999999,4999.999999999999,71518.0,0.0,4999.999999999999,0.9766099452972412,0.0
