iteration,bestlobjval,lobjval,fobjval,lz1,lz2,tot_runtime,gapf
1.0,7000.000000000001,7000.000000000001,200137.0,0.0,7000.000000000001,1.2665131092071533,0.0
2.0,7000.0,7000.0,200137.0,0.0,7000.0,1.284686803817749,0.0
3.0,7000.0,7000.000000000001,200137.0,0.0,7000.000000000001,1.6069190502166748,0.0
4.0,7000.0,7000.0,200137.0,0.0,7000.0,1.0583648681640625,0.0
10.0,7000.0,7000.000000000002,200137.0,0.0,7000.000000000002,0.9845168590545654,0.0
11.0,6999.999999999999,6999.999999999999,200137.0,0.0,6999.999999999999,0.9474680423736572,0.0
18.0,6999.999999999998,6999.999999999998,200137.0,0.0,6999.999999999998,1.113306999206543,0.0
19.0,6999.999999999998,7000.0,200137.0,0.0,7000.0,1.0902941226959229,2.9979465465468322e-05
