iteration,bestlobjval,lobjval,fobjval,lz1,lz2,tot_runtime,gapf
1.0,3000.0,3000.0,31235.0,0.0,3000.0,0.10590791702270508,0.0
2.0,3000.0,3000.0,31235.0,0.0,3000.0,0.09786200523376465,0.0
4.0,2999.9999999999995,2999.9999999999995,31235.0,0.0,2999.9999999999995,0.09720301628112793,0.0
5.0,2999.9999999999995,2999.9999999999995,31235.0,0.0,2999.9999999999995,0.09196996688842773,0.0
6.0,2999.9999999999995,2999.9999999999995,31235.0,0.0,2999.9999999999995,0.08321094512939453,0.0
7.0,2999.9999999999995,2999.9999999999995,31235.0,0.0,2999.9999999999995,0.11482715606689453,0.0
8.0,2999.9999999999995,2999.9999999999995,31235.0,0.0,2999.9999999999995,0.10728311538696289,0.0
