attr,value
lobjval,2999.9999999999995
fobjval,27500.0
lz1,0.0
lz2,2999.9999999999995
tot_runtime,7.53000020980835
gapf,0.0
best_it,7.0
improvementHeuristic,1.5158245029548804e-14
