attr,value
lobjval,2999.999999999999
fobjval,39099.0
lz1,0.0
lz2,2999.999999999999
tot_runtime,237.58111572265625
gapf,0.0
best_it,9.0
improvementHeuristic,3.031649005909761e-14
