attr,value
lobjval,2999.999999999999
fobjval,59235.0
lz1,0.0
lz2,2999.999999999999
tot_runtime,32.54483675956726
gapf,0.0
best_it,26.0
improvementHeuristic,3.031649005909761e-14
