attr,value
lobjval,6999.199999999999
fobjval,69131.0
lz1,0.0
lz2,6999.199999999999
tot_runtime,14.716934442520142
gapf,0.0
best_it,1.0
improvementHeuristic,0.0
