iteration,bestlobjval,lobjval,fobjval,lz1,lz2,tot_runtime,gapf
1.0,3000.0,3000.0,40288.0,0.0,3000.0,15.46625804901123,3.301162361736965e-12
2.0,2999.99999794154,2999.99999794154,40287.99957868217,0.0,2999.99999794154,15.857650995254517,0.0
5.0,2999.99999794154,3000.0,40288.0,0.0,3000.0,13.954296827316284,5.750621583370449e-12
6.0,2999.99999794154,3000.0,40288.0,0.0,3000.0,12.850687980651855,3.2200735767695216e-12
7.0,2999.99999794154,3000.0,42698.0,0.0,3000.0,0.35807204246520996,0.0
8.0,2999.99999794154,3000.0,40288.0,0.0,3000.0,1.3774759769439697,0.0
29.0,2999.99999794154,3000.0000000000005,40288.0,0.0,3000.0000000000005,8.196208953857422,0.0
