iteration,bestlobjval,lobjval,fobjval,lz1,lz2,tot_runtime,gapf
1.0,7000.0,7000.0,166325.0,0.0,7000.0,0.02602100372314453,0.0
2.0,7000.0,7000.0,166325.0,0.0,7000.0,0.016077041625976562,0.0
3.0,7000.0,7000.0,166325.0,0.0,7000.0,0.010468006134033203,0.0
4.0,7000.0,7000.0,166325.0,0.0,7000.0,0.008253097534179688,0.0
20.0,7000.0,7000.0,166325.0,0.0,7000.0,0.028187036514282227,0.0
21.0,7000.0,7000.0,166325.0,0.0,7000.0,0.017225980758666992,0.0
