iteration,bestlobjval,lobjval,fobjval,lz1,lz2,tot_runtime,gapf
1.0,3000.0,3000.0,16647.0,0.0,3000.0,0.9564709663391113,0.0
2.0,3000.0,3000.0,16647.0,0.0,3000.0,0.9002809524536133,0.0
5.0,2999.999999999932,2999.999999999932,16647.0,0.0,2999.999999999932,0.19892311096191406,0.0
6.0,2999.999999999932,3000.0,16647.0,0.0,3000.0,0.33523988723754883,0.0
