attr,value
lobjval,6999.999999954125
fobjval,84101.0
lz1,0.0
lz2,6999.999999954125
tot_runtime,65.12169194221497
gapf,0.0
best_it,4.0
improvementHeuristic,6.553558965346643e-10
