iteration,bestlobjval,lobjval,fobjval,lz1,lz2,tot_runtime,gapf
1.0,7000.000000000001,7000.000000000001,141089.0,0.0,7000.000000000001,0.08257508277893066,0.0
2.0,6999.999999999999,6999.999999999999,141089.0,0.0,6999.999999999999,0.08450007438659668,0.0
5.0,6999.999999999999,6999.999999999999,141089.0,0.0,6999.999999999999,0.1704850196838379,0.0
6.0,6999.999999999999,7000.0,141089.0,0.0,7000.0,0.19374418258666992,0.0
7.0,6999.999999999999,7000.000000000001,141089.0,0.0,7000.000000000001,0.15951108932495117,0.0
22.0,6999.999999999999,7000.000000000001,141089.0,0.0,7000.000000000001,0.054264068603515625,0.0
28.0,6999.999999999999,7000.000000000002,141089.0,0.0,7000.000000000002,0.023340940475463867,0.0
