attr,value
lobjval,9955.599999905504
fobjval,94149.99999970848
lz1,0.0
lz2,9955.599999905504
tot_runtime,42.20728135108948
gapf,0.0
best_it,1.0
improvementHeuristic,0.0
