attr,value
lobjval,2999.9999999999995
fobjval,49441.0
lz1,0.0
lz2,2999.9999999999995
tot_runtime,1.7553839683532715
gapf,0.0
best_it,4.0
improvementHeuristic,1.5158245029548804e-14
