iteration,bestlobjval,lobjval,fobjval,lz1,lz2,tot_runtime,gapf
1.0,5000.0,5000.0,52070.0,0.0,5000.0,0.10214996337890625,0.0
2.0,5000.0,5000.0,52070.0,0.0,5000.0,0.09779214859008789,0.0
5.0,4999.999999999999,4999.999999999999,52070.0,0.0,4999.999999999999,0.09608197212219238,0.0
6.0,4999.999999999999,4999.999999999999,52070.0,0.0,4999.999999999999,0.0895228385925293,0.0
