iteration,bestlobjval,lobjval,fobjval,lz1,lz2,tot_runtime,gapf
1.0,6999.999999999999,6999.999999999999,76489.0,0.0,6999.999999999999,8.365380048751831,0.0
2.0,6999.999999999999,7000.0,76489.0,0.0,7000.0,5.158879995346069,0.0
5.0,6999.999999999999,6999.999999999999,76489.0,0.0,6999.999999999999,5.309798002243042,0.0
6.0,6999.999999999999,7000.0,78269.0,0.0,7000.0,0.21132397651672363,0.0
