iteration,bestlobjval,lobjval,fobjval,lz1,lz2,tot_runtime,gapf
1.0,3000.0,3000.0,15187.0,0.0,3000.0,25.116596937179565,0.0
2.0,3000.0,3000.0000000000005,15186.99998922454,0.0,3000.0000000000005,11.06502103805542,0.0
5.0,2999.9999999999995,2999.9999999999995,15727.0,0.0,2999.9999999999995,1.8283910751342773,0.0
