iteration,bestlobjval,lobjval,fobjval,lz1,lz2,tot_runtime,gapf
1.0,3000.0,3000.0,24852.0,0.0,3000.0,0.7703151702880859,0.0
2.0,3000.0,3000.0,24852.0,0.0,3000.0,0.5027759075164795,0.0
5.0,3000.0,3000.0,24852.0,0.0,3000.0,0.6295840740203857,0.0
6.0,3000.0,3000.0,24852.0,0.0,3000.0,1.4030852317810059,0.0
7.0,2999.9999999999995,2999.9999999999995,27500.0,0.0,2999.9999999999995,0.15638303756713867,0.0
8.0,2999.9999999999995,2999.9999999999995,27500.0,0.0,2999.9999999999995,0.08578205108642578,0.0
