iteration,bestlobjval,lobjval,fobjval,lz1,lz2,tot_runtime,gapf
1.0,6999.999999999999,6999.999999999999,33388.0,0.0,6999.999999999999,3.226531982421875,3.1206335520278743e-13
2.0,6999.999999999999,6999.999999999999,33388.0,0.0,6999.999999999999,5.51451301574707,4.656978980924278e-13
5.0,6999.999999661863,6999.999999661863,33387.99999481127,0.0,6999.999999661863,5.101812124252319,0.0
6.0,6999.999999508711,6999.999999508711,33387.99998743519,0.0,6999.999999508711,3.511352062225342,0.0
