iteration,bestlobjval,lobjval,fobjval,lz1,lz2,tot_runtime,gapf
1.0,3000.0,3000.0,33030.0,0.0,3000.0,0.14880585670471191,0.0
2.0,3000.0,3000.0,33030.0,0.0,3000.0,0.25476789474487305,0.0
3.0,3000.0,3000.0,33030.0,0.0,3000.0,0.08590102195739746,0.0
5.0,3000.0,3000.0,33030.0,0.0,3000.0,0.07714390754699707,0.0
6.0,3000.0,3000.0,33030.0,0.0,3000.0,0.09402990341186523,0.0
