attr,value
lobjval,7000.0
fobjval,67213.0
lz1,0.0
lz2,7000.0
tot_runtime,6.083397626876831
gapf,0.0
best_it,2.0
improvementHeuristic,1.2992781453898973e-14
