iteration,bestlobjval,lobjval,fobjval,lz1,lz2,tot_runtime,gapf
1.0,6999.999999975726,6999.999999975726,83936.99999126498,0.0,6999.999999975726,10.385690927505493,0.0
2.0,6999.999999975726,7000.0,83936.99995170003,0.0,7000.0,16.969069957733154,0.0
3.0,6999.999999975726,7000.0,85636.0,0.0,7000.0,0.7415170669555664,0.0
9.0,6999.999999975726,7000.0,83937.0,0.0,7000.0,4.843430995941162,6.511697123780254e-05
15.0,6999.999999975726,7000.0,84516.0,0.0,7000.0,1.1402738094329834,0.0
20.0,6996.542324978851,6996.542324978851,84516.0,0.0,6996.542324978851,1.6146180629730225,0.0
27.0,6996.542324978851,6999.999999999997,83937.0,0.0,6999.999999999997,6.1399829387664795,1.558570331355874e-13
28.0,6996.542324978851,7000.0,84520.0,0.0,7000.0,0.9144010543823242,0.0
