iteration,bestlobjval,lobjval,fobjval,lz1,lz2,tot_runtime,gapf
1.0,5000.0,5000.0,98939.0,0.0,5000.0,100.04573202133179,0.1991679742019083
2.0,5000.0,5000.0,98939.0,0.0,5000.0,75.42662501335144,5.349581668362922e-12
3.0,4999.999999975879,4999.999999975879,98939.0,0.0,4999.999999975879,41.67671084403992,9.096514703209389e-05
4.0,4999.999999975879,4999.999999982161,98939.0,0.0,4999.999999982161,52.08581590652466,1.3208636624573864e-11
5.0,4999.999999975879,5000.0,98939.0,0.0,5000.0,48.33374905586243,1.0664011296179854e-11
6.0,4999.999999975879,5000.0,98939.0,0.0,5000.0,3.9005799293518066,0.0
16.0,4999.999999975879,5000.000000000002,98939.0,0.0,5000.000000000002,2.965165138244629,0.0
