iteration,bestlobjval,lobjval,fobjval,lz1,lz2,tot_runtime,gapf
1.0,10000.0,10000.0,67154.0,0.0,10000.0,1.98201584815979,0.0
2.0,10000.0,10000.0,67154.0,0.0,10000.0,4.210762977600098,0.0
3.0,10000.0,10000.0,67154.0,0.0,10000.0,2.759514093399048,0.0
5.0,10000.0,10000.0,69048.0,0.0,10000.0,0.49012303352355957,0.0
7.0,10000.0,10000.0,69048.0,0.0,10000.0,0.7156548500061035,0.0
8.0,10000.0,10000.0,69048.0,0.0,10000.0,0.6311140060424805,0.0
