attr,value
lobjval,3000.0
fobjval,38238.0
lz1,0.0
lz2,3000.0
tot_runtime,10.552345514297485
gapf,7.845598619174644e-05
best_it,1.0
improvementHeuristic,0.0
