iteration,bestlobjval,lobjval,fobjval,lz1,lz2,tot_runtime,gapf
1.0,7000.0,7000.0,47494.0,0.0,7000.0,0.19247913360595703,0.0
2.0,7000.0,7000.0,47494.0,0.0,7000.0,0.1724259853363037,0.0
5.0,7000.0,7000.0,47494.0,0.0,7000.0,0.26911091804504395,0.0
6.0,7000.0,7000.0,47494.0,0.0,7000.0,0.31361913681030273,0.0
