iteration,bestlobjval,lobjval,fobjval,lz1,lz2,tot_runtime,gapf
1.0,6999.999999999999,6999.999999999999,37272.0,0.0,6999.999999999999,1.5607819557189941,0.0
2.0,6999.999999999999,7000.000000000002,37272.0,0.0,7000.000000000002,3.827754020690918,8.824382592604302e-12
5.0,6999.999999999999,7000.000000000001,37272.0,0.0,7000.000000000001,1.6305758953094482,0.0
6.0,6999.999999999999,7000.0,37272.0,0.0,7000.0,1.673105001449585,0.0
7.0,6999.999999999999,7000.000000000002,37958.0,0.0,7000.000000000002,0.32062697410583496,8.322230545324742e-05
