iteration,bestlobjval,lobjval,fobjval,lz1,lz2,tot_runtime,gapf
1.0,5000.0,5000.0,54643.0,0.0,5000.0,12.017069101333618,1.512487874819247e-11
2.0,5000.0,5000.0,54643.0,0.0,5000.0,7.2508039474487305,0.0
3.0,5000.0,5000.0,55911.0,0.0,5000.0,0.19150996208190918,0.0
5.0,4999.9999997736195,4999.9999997736195,55051.0,0.0,4999.9999997736195,0.7493550777435303,0.0
