iteration,bestlobjval,lobjval,fobjval,lz1,lz2,tot_runtime,gapf
1.0,3000.0,3000.0,59016.0,0.0,3000.0,71.40211606025696,9.56214029767303e-05
2.0,3000.0,3000.0,59016.0,0.0,3000.0,59.448057889938354,7.079915110896894e-05
5.0,3000.0,3000.0,59016.0,0.0,3000.0,100.07628107070923,0.19668633821754725
6.0,3000.0,3000.0,59016.0,0.0,3000.0,69.6942548751831,6.777823284429131e-05
7.0,3000.0,3000.0,59016.0,0.0,3000.0,49.69619798660278,5.083367903539722e-05
8.0,2999.9999999999995,2999.9999999999995,59016.0,0.0,2999.9999999999995,59.6051869392395,5.083368845163246e-05
9.0,2999.9999999999995,2999.9999999999995,59016.0,0.0,2999.9999999999995,64.15091609954834,4.5647338122736436e-12
10.0,2999.9999999999995,3000.0,59016.0,0.0,3000.0,71.65820407867432,2.6075386935742757e-12
11.0,2999.9999999999995,3000.0,59016.0,0.0,3000.0,70.55261588096619,1.3823037272980984e-12
