iteration,bestlobjval,lobjval,fobjval,lz1,lz2,tot_runtime,gapf
1.0,7000.000000000001,7000.000000000001,124775.0,0.0,7000.000000000001,0.7355730533599854,0.0
2.0,7000.0,7000.0,124775.0,0.0,7000.0,0.8717279434204102,0.0
4.0,7000.0,7000.0,124775.0,0.0,7000.0,0.47652316093444824,0.0
5.0,7000.0,7000.0,124775.0,0.0,7000.0,0.8815350532531738,5.615322442316273e-05
19.0,6999.999999999999,6999.999999999999,124775.0,0.0,6999.999999999999,0.53798508644104,0.0
