iteration,bestlobjval,lobjval,fobjval,lz1,lz2,tot_runtime,gapf
1.0,3000.0,3000.0,20658.0,0.0,3000.0,1.0005409717559814,0.0
2.0,3000.0,3000.0,20658.0,0.0,3000.0,0.5939810276031494,0.0
5.0,3000.0,3000.0,20658.0,0.0,3000.0,0.5472500324249268,0.0
6.0,2999.9999999999995,2999.9999999999995,20658.0,0.0,2999.9999999999995,0.4377400875091553,0.0
7.0,2999.9999999999995,3000.0,20658.0,0.0,3000.0,0.6452910900115967,0.0
8.0,2999.9999999999995,3000.0,20658.0,0.0,3000.0,0.6006810665130615,0.0
