attr,value
lobjval,9861.999999991816
fobjval,40842.99999424119
lz1,0.0
lz2,9861.999999991816
tot_runtime,45.8212354183197
gapf,0.0
best_it,1.0
improvementHeuristic,0.0
