iteration,bestlobjval,lobjval,fobjval,lz1,lz2,tot_runtime,gapf
1.0,5000.0,5000.0,32410.0,0.0,5000.0,0.2213740348815918,0.0
2.0,5000.0,5000.0,32410.0,0.0,5000.0,0.3579988479614258,7.227025863601855e-05
4.0,4900.8,4900.8,33765.0,0.0,4900.8,0.25186896324157715,0.0
