attr,value
lobjval,6776.4
fobjval,130669.99934975061
lz1,0.0
lz2,6776.4
tot_runtime,38.76716232299805
gapf,0.0
best_it,6.0
improvementHeuristic,3.194285714285732
