iteration,bestlobjval,lobjval,fobjval,lz1,lz2,tot_runtime,gapf
1.0,3000.0,3000.0,59403.0,0.0,3000.0,78.91821599006653,0.0
2.0,3000.0,3000.0,59403.0,0.0,3000.0,63.73992896080017,1.9352579887227604e-14
3.0,3000.0,3000.0,59403.0,0.0,3000.0,75.20374512672424,1.143223035667263e-11
5.0,2999.9999999999895,2999.9999999999895,59403.0,0.0,2999.9999999999895,43.982954025268555,9.365935553433741e-05
6.0,2999.9999999999895,3000.0,59403.0,0.0,3000.0,85.03591895103455,0.0
7.0,2999.9999999894576,2999.9999999894576,59403.0,0.0,2999.9999999894576,38.01125502586365,2.65314071479264e-12
8.0,2999.9999999894576,3000.0,59403.0,0.0,3000.0,79.0906810760498,5.218214942630111e-12
9.0,2999.9999999799006,2999.9999999799006,59403.0,0.0,2999.9999999799006,65.11772799491882,1.6029080503303337e-11
10.0,2999.9999999799006,3000.0,59403.0,0.0,3000.0,40.23364615440369,8.134697725508443e-12
