attr,value
lobjval,2988.999063648037
fobjval,84568.0
lz1,0.0
lz2,2988.999063648037
tot_runtime,35.983529806137085
gapf,0.0
best_it,8.0
improvementHeuristic,0.3666978783987664
