iteration,bestlobjval,lobjval,fobjval,lz1,lz2,tot_runtime,gapf
1.0,6999.199999999999,6999.199999999999,69131.0,0.0,6999.199999999999,1.3344650268554688,0.0
2.0,6999.199999999999,6999.999999997303,69131.0,0.0,6999.999999997303,1.6139500141143799,0.0
3.0,6999.199999999999,6999.999999999999,69131.0,0.0,6999.999999999999,1.5244779586791992,0.0
5.0,6999.199999999999,6999.999999999999,69131.0,0.0,6999.999999999999,0.17415285110473633,3.951849626723539e-05
11.0,6999.199999999999,7000.0,69262.0,0.0,7000.0,0.21927499771118164,0.0
