attr,value
lobjval,9999.999999999964
fobjval,53766.0
lz1,0.0
lz2,9999.999999999964
tot_runtime,7.992845058441162
gapf,0.0
best_it,8.0
improvementHeuristic,3.637978807091713e-13
