iteration,bestlobjval,lobjval,fobjval,lz1,lz2,tot_runtime,gapf
1.0,3000.0,3000.0,19464.0,0.0,3000.0,0.1891019344329834,0.0
2.0,3000.0,3000.0,19464.0,0.0,3000.0,0.20174813270568848,0.0
3.0,2999.999999999931,2999.999999999931,19464.0,0.0,2999.999999999931,0.35732102394104004,0.0
5.0,2999.999999999931,3000.0000000000005,20773.0,0.0,3000.0000000000005,0.08936715126037598,0.0
6.0,2999.999999999931,2999.9999999999995,20773.0,0.0,2999.9999999999995,0.2502939701080322,0.0
8.0,2999.999999999931,3000.0,20793.0,0.0,3000.0,0.05890488624572754,0.0
9.0,2999.999999999931,3000.0,20793.0,0.0,3000.0,0.17942595481872559,0.0
