iteration,bestlobjval,lobjval,fobjval,lz1,lz2,tot_runtime,gapf
1.0,3000.0,3000.0,35941.0,0.0,3000.0,17.134896993637085,0.0
2.0,2999.9999999999995,2999.9999999999995,35941.0,0.0,2999.9999999999995,9.863282918930054,2.9903084281602718e-05
3.0,2999.9999999999995,3000.0,35941.0,0.0,3000.0,14.521226167678833,0.0
4.0,2999.9999999999995,3000.0000000000005,35941.0,0.0,3000.0000000000005,7.51682186126709,8.066777706632023e-05
5.0,2999.9999999999995,3000.0,35941.0,0.0,3000.0,5.96575403213501,6.702845124109324e-13
6.0,2999.9999999999995,2999.9999999999995,35941.0,0.0,2999.9999999999995,1.810880184173584,0.0
23.0,2999.9999999999995,3000.0000000000005,35940.99999635015,0.0,3000.0000000000005,6.552380084991455,0.0
24.0,2999.9999999999995,2999.9999999999995,35941.0,0.0,2999.9999999999995,5.605470895767212,0.0
