attr,value
lobjval,2999.999999999998
fobjval,57429.0
lz1,0.0
lz2,2999.999999999998
tot_runtime,86.34521627426147
gapf,0.0
best_it,23.0
improvementHeuristic,6.063298011819522e-14
