attr,value
lobjval,9911.199999999999
fobjval,225400.0
lz1,0.0
lz2,9911.199999999999
tot_runtime,2.610591173171997
gapf,0.0
best_it,27.0
improvementHeuristic,0.8880000000000109
