iteration,bestlobjval,lobjval,fobjval,lz1,lz2,tot_runtime,gapf
1.0,3000.0,3000.0,20167.0,0.0,3000.0,2.639766216278076,0.0
2.0,3000.0,3000.0,20167.0,0.0,3000.0,8.694885015487671,0.0
4.0,2999.9999999999995,2999.9999999999995,21002.0,0.0,2999.9999999999995,0.14849591255187988,0.0
5.0,2999.9999999999995,3000.0,21002.0,0.0,3000.0,0.04678201675415039,0.0
6.0,2999.9999999999995,2999.9999999999995,20167.0,0.0,2999.9999999999995,4.692188024520874,0.0
7.0,2999.9999999999995,3000.0,20167.0,0.0,3000.0,4.8182759284973145,0.0
8.0,2999.9999999999995,3000.0,20166.99994289814,0.0,3000.0,4.94756817817688,0.0
9.0,2999.9999999999995,3000.0,20256.0,0.0,3000.0,0.4460899829864502,0.0
