iteration,bestlobjval,lobjval,fobjval,lz1,lz2,tot_runtime,gapf
1.0,3000.0,3000.0,16894.0,0.0,3000.0,0.24153709411621094,1.3214918366797001e-05
2.0,2999.999999999888,2999.999999999888,16894.0,0.0,2999.999999999888,0.28780102729797363,0.0
5.0,2999.9999999998695,2999.9999999998695,16894.0,0.0,2999.9999999998695,0.3071908950805664,0.0
6.0,2999.9999999998695,3000.0,16894.0,0.0,3000.0,0.5239012241363525,5.368678207624215e-12
7.0,2999.999999999868,2999.999999999868,16894.0,0.0,2999.999999999868,0.2829258441925049,0.0
8.0,2999.999999999868,3000.0,17530.0,0.0,3000.0,0.09478092193603516,5.1052069968314967e-14
9.0,2999.999999999868,2999.9999999999995,17530.0,0.0,2999.9999999999995,0.05019092559814453,0.0
10.0,2999.999999999868,2999.9999999999995,17530.0,0.0,2999.9999999999995,0.05013298988342285,0.0
