iteration,bestlobjval,lobjval,fobjval,lz1,lz2,tot_runtime,gapf
1.0,5000.0,5000.0,25085.0,0.0,5000.0,10.396950006484985,3.171488664983072e-05
2.0,5000.0,5000.0,25085.0,0.0,5000.0,5.419917106628418,0.0
5.0,5000.0,5000.0,25085.0,0.0,5000.0,6.7673540115356445,0.0
6.0,5000.0,5000.0,25085.0,0.0,5000.0,4.5783751010894775,0.0
7.0,5000.0,5000.0,25085.0,0.0,5000.0,4.8081231117248535,0.0
8.0,5000.0,5000.0,25255.0,0.0,5000.0,1.4684209823608398,0.0
