iteration,bestlobjval,lobjval,fobjval,lz1,lz2,tot_runtime,gapf
1.0,6999.999999983842,6999.999999983842,69665.99959396382,0.0,6999.999999983842,30.784736156463623,9.46574265947357e-05
2.0,6999.999999983842,6999.999999999999,69666.0,0.0,6999.999999999999,15.859894037246704,6.8322940201052355e-12
3.0,6999.999999983842,7000.0,69666.0,0.0,7000.0,25.874085903167725,5.843241704681399e-12
5.0,6999.999999439224,6999.999999439224,69665.99990061915,0.0,6999.999999439224,30.218538999557495,8.809283711591329e-05
6.0,6999.999999439224,7000.0,69666.0,0.0,7000.0,24.88394808769226,1.0677587383281037e-11
7.0,6999.999999439224,7000.0,69666.0,0.0,7000.0,18.90202307701111,7.938946431322869e-12
8.0,6999.999999439224,7000.0,69665.99997325071,0.0,7000.0,26.61472797393799,9.862479975427982e-05
9.0,6994.8,6994.8,72749.0,0.0,6994.8,2.119192123413086,8.912307275173624e-05
11.0,6994.8,6999.999999999999,69666.0,0.0,6999.999999999999,4.189849853515625,9.317520242577866e-05
