attr,value
lobjval,2999.9999999999995
fobjval,14421.0
lz1,0.0
lz2,2999.9999999999995
tot_runtime,40.094285011291504
gapf,0.0
best_it,2.0
improvementHeuristic,1.5158245029548804e-14
