iteration,bestlobjval,lobjval,fobjval,lz1,lz2,tot_runtime,gapf
1.0,3000.0,3000.0,17627.0,0.0,3000.0,9.501357078552246,0.0
2.0,2964.554874116599,2964.554874116599,17626.999418672825,0.0,2964.554874116599,6.894073963165283,0.0
3.0,2964.554874116599,3000.0,17627.0,0.0,3000.0,2.8414998054504395,0.0
5.0,2964.554874116599,2999.9999999999995,17627.0,0.0,2999.9999999999995,2.5623250007629395,0.0
6.0,2964.554874116599,3000.0,17627.0,0.0,3000.0,3.027263879776001,0.0
7.0,2964.554874116599,2999.9999999999995,17627.0,0.0,2999.9999999999995,3.461137056350708,0.0
8.0,2964.554874116599,3000.0000000000005,18864.999983907313,0.0,3000.0000000000005,0.905642032623291,0.0
10.0,2964.554874116599,3000.0,17698.99999447834,0.0,3000.0,0.38425183296203613,0.0
