iteration,bestlobjval,lobjval,fobjval,lz1,lz2,tot_runtime,gapf
1.0,5000.0,5000.0,25297.0,0.0,5000.0,11.894674062728882,0.0
2.0,5000.0,5000.000000000001,25296.999979457807,0.0,5000.000000000001,14.364488124847412,0.0
5.0,5000.0,5000.0,25296.999994865557,0.0,5000.0,10.407939910888672,0.0
6.0,4999.999999999999,4999.999999999999,25297.0,0.0,4999.999999999999,15.26659083366394,7.0350947312661e-05
7.0,4999.999999999998,4999.999999999998,26201.999964523504,0.0,4999.999999999998,2.5150558948516846,0.0
