iteration,bestlobjval,lobjval,fobjval,lz1,lz2,tot_runtime,gapf
1.0,3000.0,3000.0,15920.0,0.0,3000.0,0.4407169818878174,2.145653392536912e-12
2.0,2999.999999999817,2999.999999999817,15920.0,0.0,2999.999999999817,0.30676817893981934,3.1803011473646476e-05
5.0,2999.999999999817,2999.999999999891,15920.0,0.0,2999.999999999891,0.29260802268981934,9.542090742375127e-05
6.0,2999.999999999817,2999.9999999999995,16176.0,0.0,2999.9999999999995,0.16798806190490723,0.0
7.0,2999.999999999817,3000.0,16176.0,0.0,3000.0,0.06529092788696289,0.0
8.0,2961.6000000000004,2961.6000000000004,16176.0,0.0,2961.6000000000004,0.07288289070129395,3.4782999647923116e-12
9.0,2961.6000000000004,3000.0000000000005,16176.0,0.0,3000.0000000000005,0.08242487907409668,0.0
