iteration,bestlobjval,lobjval,fobjval,lz1,lz2,tot_runtime,gapf
1.0,10000.0,10000.0,66177.0,0.0,10000.0,2.403162956237793,0.0
2.0,10000.0,10000.0,66177.0,0.0,10000.0,4.389517068862915,0.0
5.0,9999.999999999998,9999.999999999998,66177.0,0.0,9999.999999999998,2.6032400131225586,0.0
6.0,9999.999999999998,10000.0,66177.0,0.0,10000.0,3.351870059967041,0.0
7.0,9999.999999999998,10000.0,66177.0,0.0,10000.0,4.319658041000366,0.0
8.0,9999.999999999998,10000.0,66177.0,0.0,10000.0,1.937175989151001,0.0
