iteration,bestlobjval,lobjval,fobjval,lz1,lz2,tot_runtime,gapf
1.0,3000.0,3000.0,19835.0,0.0,3000.0,1.352470874786377,0.0
2.0,3000.0,3000.0,19835.0,0.0,3000.0,3.9485630989074707,0.0
5.0,3000.0,3000.0,19835.0,0.0,3000.0,1.4989769458770752,0.0
6.0,3000.0,3000.0,19835.0,0.0,3000.0,3.2468619346618652,0.0
7.0,3000.0,3000.0000000000005,19904.0,0.0,3000.0000000000005,0.27193713188171387,0.0
