iteration,bestlobjval,lobjval,fobjval,lz1,lz2,tot_runtime,gapf
1.0,7000.000000000001,7000.000000000001,64954.0,0.0,7000.000000000001,1.0289008617401123,0.0
2.0,7000.0,7000.0,64954.0,0.0,7000.0,1.3318088054656982,0.0
5.0,7000.0,7000.0,64954.0,0.0,7000.0,1.1569290161132812,0.0
6.0,7000.0,7000.0,64954.0,0.0,7000.0,1.3332791328430176,0.0
7.0,7000.0,7000.0,64954.0,0.0,7000.0,1.1902351379394531,0.0
8.0,7000.0,7000.0,64954.0,0.0,7000.0,1.404634952545166,0.0
9.0,7000.0,7000.0,64954.0,0.0,7000.0,0.98909592628479,0.0
10.0,7000.0,7000.000000000001,65363.0,0.0,7000.000000000001,0.03231096267700195,0.0
