attr,value
lobjval,6941.290265601906
fobjval,43596.0
lz1,0.0
lz2,6941.290265601906
tot_runtime,5.057492971420288
gapf,0.0
best_it,5.0
improvementHeuristic,0.8387104914013435
