iteration,bestlobjval,lobjval,fobjval,lz1,lz2,tot_runtime,gapf
1.0,5000.0,5000.0,106438.99988430012,0.0,5000.0,0.17311811447143555,0.0
2.0,5000.0,5000.0,106439.0,0.0,5000.0,0.12721991539001465,4.374912271890371e-15
4.0,4999.99999985842,4999.99999985842,106438.9999959973,0.0,4999.99999985842,0.08901500701904297,1.6254576398794447e-10
5.0,4999.99999985842,4999.999999940525,106438.99997701246,0.0,4999.999999940525,0.12042093276977539,0.0
6.0,4999.99999985842,5000.0,106439.0,0.0,5000.0,0.12223005294799805,0.0
7.0,4999.99999985842,5000.0,106439.0,0.0,5000.0,0.11956787109375,0.0
25.0,4999.99999985842,4999.999999999999,106439.0,0.0,4999.999999999999,0.06450700759887695,0.0
26.0,4999.99999985842,5000.0,106439.0,0.0,5000.0,0.06846022605895996,0.0
