iteration,bestlobjval,lobjval,fobjval,lz1,lz2,tot_runtime,gapf
1.0,5000.0,5000.0,47555.0,0.0,5000.0,0.4834020137786865,0.0
2.0,4999.999999999999,4999.999999999999,47555.0,0.0,4999.999999999999,0.2926509380340576,0.0
3.0,4999.999999999999,5000.0,47555.0,0.0,5000.0,0.10614490509033203,0.0
4.0,4999.999999999999,5000.0,47555.0,0.0,5000.0,0.3407418727874756,0.0
5.0,4999.999999999999,5000.0,47555.0,0.0,5000.0,0.20165181159973145,0.0
6.0,4999.999999999999,5000.0,47555.0,0.0,5000.0,0.21439695358276367,0.0
7.0,4999.999999999999,5000.0,47554.99997457286,0.0,5000.0,0.2069399356842041,0.0
8.0,4999.999999999999,5000.0,47555.0,0.0,5000.0,0.006036043167114258,0.0
9.0,4999.999999999999,5000.000000000001,47555.0,0.0,5000.000000000001,0.0057849884033203125,0.0
