attr,value
lobjval,4999.999999823993
fobjval,42293.999984992624
lz1,0.0
lz2,4999.999999823993
tot_runtime,206.54154419898987
gapf,0.0
best_it,1.0
improvementHeuristic,0.0
