iteration,bestlobjval,lobjval,fobjval,lz1,lz2,tot_runtime,gapf
1.0,10000.0,10000.0,211667.0,0.0,10000.0,0.6986739635467529,0.0
2.0,9999.999999999998,9999.999999999998,211667.0,0.0,9999.999999999998,0.622967004776001,0.0
3.0,9999.999999999998,10000.0,211667.0,0.0,10000.0,0.6228189468383789,0.0
4.0,9999.999999999998,9999.999999999998,211667.0,0.0,9999.999999999998,0.5920631885528564,0.0
5.0,9999.999999999998,10000.0,211667.0,0.0,10000.0,0.5228700637817383,0.0
6.0,9999.999999999998,9999.999999999998,211667.0,0.0,9999.999999999998,0.5035140514373779,8.597311389814478e-05
7.0,9999.999999999998,9999.999999999998,211667.0,0.0,9999.999999999998,0.5495700836181641,6.749348154731655e-05
22.0,9999.999999999998,10000.0,211667.0,0.0,10000.0,0.4372110366821289,0.0
