iteration,bestlobjval,lobjval,fobjval,lz1,lz2,tot_runtime,gapf
1.0,5000.0,5000.0,50301.0,0.0,5000.0,45.52334499359131,7.421007696352925e-05
2.0,4999.999999990416,4999.999999990416,50300.999990154305,0.0,4999.999999990416,23.757480144500732,8.057663236367806e-05
5.0,4999.999999985365,4999.999999985365,50300.9999087317,0.0,4999.999999985365,25.082131147384644,6.434283483385312e-05
6.0,4999.999999985365,4999.999999999999,50300.999969182936,0.0,4999.999999999999,16.644097089767456,0.0
7.0,4999.999999985365,5000.0,52351.999986169416,0.0,5000.0,3.115455150604248,0.0
9.0,4999.999999985365,5000.000000000001,50301.0,0.0,5000.000000000001,2.8263309001922607,0.0
11.0,4974.364147936181,4974.364147936181,50300.99998773294,0.0,4974.364147936181,2.611927032470703,0.0
