iteration,bestlobjval,lobjval,fobjval,lz1,lz2,tot_runtime,gapf
1.0,7000.000000000001,7000.000000000001,149177.99997859803,0.0,7000.000000000001,0.4931349754333496,0.0
2.0,6999.999999999998,6999.999999999998,149178.0,0.0,6999.999999999998,0.38423585891723633,0.0
3.0,6999.999999999998,6999.999999999999,149178.0,0.0,6999.999999999999,0.25145602226257324,0.0
4.0,6999.999999999876,6999.999999999876,149177.99998312737,0.0,6999.999999999876,0.6506741046905518,0.0
6.0,6999.999998985902,6999.999998985902,149177.99995471654,0.0,6999.999998985902,0.5350420475006104,0.0
19.0,6999.999998985902,7000.000000000002,149178.0,0.0,7000.000000000002,0.40485095977783203,0.0
26.0,6999.999998985902,7000.0,149178.0,0.0,7000.0,0.36289191246032715,0.0
27.0,6999.999998985902,7000.0,149178.0,0.0,7000.0,0.33501601219177246,0.0
