attr,value
lobjval,4999.999999999569
fobjval,140878.0
lz1,0.0
lz2,4999.999999999569
tot_runtime,26.71550488471985
gapf,0.0
best_it,8.0
improvementHeuristic,8.62200977280736e-12
