iteration,bestlobjval,lobjval,fobjval,lz1,lz2,tot_runtime,gapf
1.0,5000.0,5000.0,46385.0,0.0,5000.0,0.9346051216125488,0.0
2.0,5000.0,5000.0,46385.0,0.0,5000.0,1.0935790538787842,0.0
3.0,4999.999999999999,4999.999999999999,49269.0,0.0,4999.999999999999,0.06607508659362793,0.0
4.0,4999.999999999999,5000.0,46385.0,0.0,5000.0,1.1581330299377441,0.0
5.0,4999.999999999999,5000.0,46677.0,0.0,5000.0,0.06789708137512207,0.0
