iteration,bestlobjval,lobjval,fobjval,lz1,lz2,tot_runtime,gapf
1.0,7000.0,7000.0,132521.0,0.0,7000.0,19.524489879608154,1.0550388354611624e-12
2.0,6999.999999989721,6999.999999989721,132520.99995288206,0.0,6999.999999989721,13.811832904815674,0.0
3.0,6999.999999989721,7000.0,132521.0,0.0,7000.0,2.6074979305267334,0.0
4.0,6999.9999997996065,6999.9999997996065,132520.99940315654,0.0,6999.9999997996065,13.07995080947876,0.0
5.0,6999.9999997996065,7000.0,132521.0,0.0,7000.0,19.272711992263794,1.1127980389845359e-12
6.0,6999.9999997996065,7000.000000000001,133410.0,0.0,7000.000000000001,1.2435460090637207,0.0
8.0,6999.9999997996065,6999.999999999999,132521.0,0.0,6999.999999999999,3.1442010402679443,0.0
10.0,6999.9999997996065,7000.0,132521.0,0.0,7000.0,1.1325359344482422,0.0
30.0,6999.9999997996065,6999.999999999998,132521.0,0.0,6999.999999999998,7.987796068191528,9.242275800690554e-05
