iteration,bestlobjval,lobjval,fobjval,lz1,lz2,tot_runtime,gapf
1.0,6999.999999999999,6999.999999999999,99666.0,0.0,6999.999999999999,0.7478649616241455,3.0100535789537052e-05
2.0,6999.999999999999,7000.000000000002,99666.0,0.0,7000.000000000002,0.8658628463745117,7.555144514240423e-05
4.0,6999.999999999999,7000.0,101131.0,0.0,7000.0,0.29863595962524414,0.0
6.0,6999.999999999993,6999.999999999993,99669.0,0.0,6999.999999999993,1.039090871810913,9.309386098716015e-05
26.0,6999.999999999993,7000.000000000001,99666.0,0.0,7000.000000000001,1.3311800956726074,0.0
27.0,6999.999999999993,7000.000000000001,101131.0,0.0,7000.000000000001,0.1788480281829834,0.0
