iteration,bestlobjval,lobjval,fobjval,lz1,lz2,tot_runtime,gapf
1.0,10000.0,10000.0,195511.0,0.0,10000.0,0.22251296043395996,7.44301611079011e-16
2.0,10000.0,10000.0,195511.0,0.0,10000.0,0.20102214813232422,0.0
4.0,10000.0,10000.000000000002,195511.0,0.0,10000.000000000002,0.20788097381591797,0.0
5.0,10000.0,10000.0,195511.0,0.0,10000.0,0.19371581077575684,0.0
20.0,9999.999999999998,9999.999999999998,195511.0,0.0,9999.999999999998,0.12030410766601562,0.0
21.0,9999.999999999998,10000.0,195511.0,0.0,10000.0,0.11210799217224121,0.0
