iteration,bestlobjval,lobjval,fobjval,lz1,lz2,tot_runtime,gapf
1.0,7000.000000000001,7000.000000000001,67213.0,0.0,7000.000000000001,0.2976222038269043,0.0
2.0,7000.0,7000.0,67213.0,0.0,7000.0,0.2988011837005615,0.0
5.0,7000.0,7000.0,67213.0,0.0,7000.0,0.15676188468933105,0.0
6.0,7000.0,7000.0,67213.0,0.0,7000.0,0.1769859790802002,0.0
