attr,value
lobjval,6876.8
fobjval,73938.0
lz1,0.0
lz2,6876.8
tot_runtime,20.203692197799683
gapf,9.426498743294004e-05
best_it,5.0
improvementHeuristic,1.7599999985242623
