iteration,bestlobjval,lobjval,fobjval,lz1,lz2,tot_runtime,gapf
1.0,2996.8,2996.8,60544.0,0.0,2996.8,0.8070101737976074,6.690117064482244e-05
2.0,2996.8,3000.0,60544.0,0.0,3000.0,0.9551150798797607,9.751071387073827e-05
6.0,2961.6,2961.6,60544.0,0.0,2961.6,0.6849570274353027,9.543105473343373e-05
9.0,2961.6,3000.0000000000005,60544.0,0.0,3000.0000000000005,0.6498351097106934,0.0
21.0,2961.6,2999.9999999999986,60544.0,0.0,2999.9999999999986,0.8188169002532959,9.144260481140975e-05
27.0,2961.6,2974.61850617298,60544.0,0.0,2974.61850617298,0.7760360240936279,0.0
28.0,2961.6,2999.9999999999995,60544.0,0.0,2999.9999999999995,0.6699600219726562,7.646318404863018e-05
