iteration,bestlobjval,lobjval,fobjval,lz1,lz2,tot_runtime,gapf
1.0,10000.0,10000.0,140626.0,0.0,10000.0,100.05152893066406,0.024441740647352217
2.0,9999.999999999998,9999.999999999998,140626.0,0.0,9999.999999999998,100.03647184371948,0.020138856520021738
3.0,9999.999999999998,10000.0,140626.0,0.0,10000.0,100.07281613349915,0.07591571386620279
4.0,9999.999999999998,10000.0,140626.0,0.0,10000.0,50.65126299858093,0.0
5.0,9999.999999999998,10000.0,141304.0,0.0,10000.0,0.8355410099029541,0.0
7.0,9999.999999999998,9999.999999999998,141304.0,0.0,9999.999999999998,1.0291872024536133,0.0
8.0,9999.999999969836,9999.999999969836,141304.0,0.0,9999.999999969836,1.0450148582458496,0.0
