iteration,bestlobjval,lobjval,fobjval,lz1,lz2,tot_runtime,gapf
1.0,5000.0,5000.0,48371.0,0.0,5000.0,0.18072795867919922,0.0
2.0,5000.0,5000.0,48371.0,0.0,5000.0,0.20489001274108887,0.0
3.0,5000.0,5000.0,48371.0,0.0,5000.0,0.21955108642578125,0.0
4.0,5000.0,5000.0,48371.0,0.0,5000.0,0.24004292488098145,0.0
5.0,4999.999999999999,4999.999999999999,48371.0,0.0,4999.999999999999,0.29758787155151367,2.1058776249936523e-15
6.0,4999.999999999999,5000.0,48371.0,0.0,5000.0,0.18399596214294434,0.0
7.0,4999.999999999999,5000.0,48371.0,0.0,5000.0,0.13913702964782715,0.0
