iteration,bestlobjval,lobjval,fobjval,lz1,lz2,tot_runtime,gapf
1.0,5000.0,5000.0,140878.0,0.0,5000.0,1.75962495803833,7.098346618219426e-05
2.0,4999.999999999999,4999.999999999999,140878.0,0.0,4999.999999999999,0.8734171390533447,0.0
4.0,4999.999999999999,5000.0,140878.0,0.0,5000.0,1.9386451244354248,0.0
8.0,4999.999999999569,4999.999999999569,140878.0,0.0,4999.999999999569,1.3747830390930176,0.0
16.0,4999.999999999569,4999.999999999998,140878.0,0.0,4999.999999999998,1.3273200988769531,2.047704893162446e-05
21.0,4999.999999999569,5000.0,140878.0,0.0,5000.0,0.897589921951294,0.0
22.0,4999.999999999569,4999.999999999999,140878.0,0.0,4999.999999999999,1.1700379848480225,0.0
23.0,4999.999999999569,5000.0,140878.0,0.0,5000.0,1.397981882095337,0.0
26.0,4999.999999999569,4999.999999999999,140878.0,0.0,4999.999999999999,1.468656063079834,0.0
