iteration,bestlobjval,lobjval,fobjval,lz1,lz2,tot_runtime,gapf
1.0,3000.0,3000.0,33537.0,0.0,3000.0,0.11248087882995605,0.0
2.0,3000.0,3000.0,33536.99999250016,0.0,3000.0,0.15168309211730957,0.0
4.0,2999.9999999999995,2999.9999999999995,33537.0,0.0,2999.9999999999995,0.11666703224182129,0.0
5.0,2999.9999999999995,2999.9999999999995,33537.0,0.0,2999.9999999999995,0.1660480499267578,0.0
6.0,2999.9999999999995,2999.9999999999995,33537.0,0.0,2999.9999999999995,0.11440706253051758,0.0
7.0,2999.9999999999995,2999.9999999999995,33537.0,0.0,2999.9999999999995,0.21308112144470215,7.615055379367214e-14
8.0,2999.9999999999995,2999.9999999999995,33537.0,0.0,2999.9999999999995,0.1647481918334961,0.0
