attr,value
lobjval,9999.999999999998
fobjval,698535.0
lz1,0.0
lz2,9999.999999999998
tot_runtime,6.531690835952759
gapf,0.0
best_it,9.0
improvementHeuristic,1.8189894035458565e-14
