iteration,bestlobjval,lobjval,fobjval,lz1,lz2,tot_runtime,gapf
1.0,3000.0,3000.0,26192.0,0.0,3000.0,0.6631228923797607,0.0
2.0,3000.0,3000.0,26192.0,0.0,3000.0,0.7073829174041748,0.0
3.0,3000.0,3000.0,26192.0,0.0,3000.0,0.7265479564666748,0.0
5.0,3000.0,3000.0,26192.0,0.0,3000.0,0.5350031852722168,0.0
6.0,3000.0,3000.0,26192.0,0.0,3000.0,0.5441889762878418,0.0
7.0,3000.0,3000.0,26192.0,0.0,3000.0,0.5660738945007324,0.0
