iteration,bestlobjval,lobjval,fobjval,lz1,lz2,tot_runtime,gapf
1.0,7000.0,7000.0,100113.0,0.0,7000.0,1.024832010269165,0.0
2.0,7000.0,7000.0,100113.0,0.0,7000.0,1.1028039455413818,0.0
4.0,7000.0,7000.0,100113.0,0.0,7000.0,0.7417120933532715,0.0
