attr,value
lobjval,4999.065536325476
fobjval,87984.0
lz1,0.0
lz2,4999.065536325476
tot_runtime,318.4779670238495
gapf,0.0
best_it,10.0
improvementHeuristic,0.01868927349047226
