iteration,bestlobjval,lobjval,fobjval,lz1,lz2,tot_runtime,gapf
1.0,5000.0,5000.0,54165.0,0.0,5000.0,0.1567239761352539,0.0
2.0,5000.0,5000.0,54165.0,0.0,5000.0,0.11568593978881836,0.0
4.0,5000.0,5000.0,54165.0,0.0,5000.0,0.10273408889770508,0.0
5.0,5000.0,5000.0,54165.0,0.0,5000.0,0.11761784553527832,0.0
6.0,5000.0,5000.0,54165.0,0.0,5000.0,0.19083094596862793,0.0
7.0,5000.0,5000.0,54165.0,0.0,5000.0,0.14275312423706055,0.0
8.0,5000.0,5000.0,54165.0,0.0,5000.0,0.16568899154663086,0.0
9.0,5000.0,5000.0,54165.0,0.0,5000.0,0.11487293243408203,0.0
