iteration,bestlobjval,lobjval,fobjval,lz1,lz2,tot_runtime,gapf
1.0,3000.0,3000.0,31709.0,0.0,3000.0,0.8125131130218506,7.208686520643768e-05
2.0,3000.0,3000.0,31709.0,0.0,3000.0,0.8732380867004395,4.666447840410627e-05
4.0,2999.9999999999973,2999.9999999999973,32754.0,0.0,2999.9999999999973,0.40755701065063477,6.106124442816144e-05
