attr,value
lobjval,4966.799999999999
fobjval,49361.0
lz1,0.0
lz2,4966.799999999999
tot_runtime,15.666819095611572
gapf,0.0
best_it,2.0
improvementHeuristic,0.06438631790745931
