iteration,bestlobjval,lobjval,fobjval,lz1,lz2,tot_runtime,gapf
1.0,7000.000000000001,7000.000000000001,126450.0,0.0,7000.000000000001,1.7454261779785156,0.0
2.0,6999.999999999999,6999.999999999999,126450.0,0.0,6999.999999999999,1.7289330959320068,0.0
4.0,6999.999999999999,7000.0,126450.0,0.0,7000.0,1.7878220081329346,0.0
6.0,6999.999999999999,7000.000000000001,126450.0,0.0,7000.000000000001,0.748967170715332,0.0
14.0,6999.999999999999,7000.0,126450.0,0.0,7000.0,1.6407709121704102,0.0
25.0,6999.999999999999,7000.000000000001,126450.0,0.0,7000.000000000001,2.0642449855804443,0.0
