iteration,bestlobjval,lobjval,fobjval,lz1,lz2,tot_runtime,gapf
1.0,7000.0,7000.0,41465.0,0.0,7000.0,5.49626612663269,0.0
2.0,7000.0,7000.0,41464.99995672367,0.0,7000.0,3.27744197845459,0.0
3.0,7000.0,7000.0,42114.0,0.0,7000.0,1.2315850257873535,0.0
5.0,7000.0,7000.0,42114.0,0.0,7000.0,0.9200220108032227,1.7374484588867602e-05
6.0,7000.0,7000.0,42114.0,0.0,7000.0,0.7086548805236816,0.0
7.0,6967.786992683218,6967.786992683218,42114.0,0.0,6967.786992683218,0.7006030082702637,0.0
8.0,6967.786992683218,7000.0,42113.9999913102,0.0,7000.0,0.9592537879943848,0.0
9.0,6967.786992683218,7000.000000000001,41507.0,0.0,7000.000000000001,0.3083200454711914,0.0
10.0,6967.786992683218,7000.0,41507.0,0.0,7000.0,0.2552058696746826,0.0
