iteration,bestlobjval,lobjval,fobjval,lz1,lz2,tot_runtime,gapf
1.0,6999.999999991516,6999.999999991516,98476.99998187537,0.0,6999.999999991516,100.05771207809448,0.06573617338005437
2.0,6999.9999999566735,6999.9999999566735,98476.99998854962,0.0,6999.9999999566735,99.29092383384705,8.953743967883035e-05
3.0,6999.9999999566735,7000.000000000001,98477.0,0.0,7000.000000000001,100.23328495025635,0.10435593152990656
4.0,6984.000000000002,6984.000000000002,102589.0,0.0,6984.000000000002,48.0575430393219,0.0
5.0,6984.000000000002,6999.999999997212,102588.9999995919,0.0,6999.999999997212,1.8320529460906982,0.0
