iteration,bestlobjval,lobjval,fobjval,lz1,lz2,tot_runtime,gapf
1.0,6999.9999998226085,6999.9999998226085,71101.99992760475,0.0,6999.9999998226085,13.98215103149414,3.9896780263737714e-05
2.0,6961.714285471356,6961.714285471356,71101.99999941187,0.0,6961.714285471356,10.076094150543213,0.0
5.0,6961.714285471356,7000.0,71102.0,0.0,7000.0,0.6429741382598877,0.0
7.0,6961.714285471356,7000.000000000001,71102.0,0.0,7000.000000000001,5.173707962036133,1.8820766285063932e-12
8.0,6961.714285471356,7000.0,71102.0,0.0,7000.0,0.6918740272521973,0.0
10.0,6961.714285471356,6999.999999999998,74385.0,0.0,6999.999999999998,0.5306870937347412,0.0
11.0,6961.714285471356,7000.000000000001,74385.0,0.0,7000.000000000001,0.7812750339508057,0.0
