attr,value
lobjval,10000.0
fobjval,82665.0
lz1,0.0
lz2,10000.0
tot_runtime,6.290541410446167
gapf,3.629105425512611e-05
best_it,1.0
improvementHeuristic,0.0
