iteration,bestlobjval,lobjval,fobjval,lz1,lz2,tot_runtime,gapf
1.0,7000.000000000001,7000.000000000001,234254.0,0.0,7000.000000000001,0.36295008659362793,0.0
2.0,6999.999999999999,6999.999999999999,234253.9998293263,0.0,6999.999999999999,0.295086145401001,0.0
3.0,6999.999999999999,7000.0,234254.0,0.0,7000.0,0.20310306549072266,0.0
5.0,6999.999999999999,7000.0,234254.0,0.0,7000.0,0.18233418464660645,0.0
6.0,6999.999998265145,6999.999998265145,234253.99987199216,0.0,6999.999998265145,0.393280029296875,0.0
12.0,6999.999998265145,7000.0,234254.0,0.0,7000.0,0.3469700813293457,0.0
29.0,6999.999998265145,7000.000000000001,234254.0,0.0,7000.000000000001,0.24927592277526855,0.0
