attr,value
lobjval,4843.6
fobjval,141464.0
lz1,0.0
lz2,4843.6
tot_runtime,44.46091365814209
gapf,0.0
best_it,23.0
improvementHeuristic,3.1279999999999926
