attr,value
lobjval,9703.6
fobjval,481112.0
lz1,0.0
lz2,9703.6
tot_runtime,4.464123725891113
gapf,0.0
best_it,23.0
improvementHeuristic,2.9639999999999964
