attr,value
lobjval,2999.999999999999
fobjval,54676.0
lz1,0.0
lz2,2999.999999999999
tot_runtime,345.4788091182709
gapf,0.0
best_it,26.0
improvementHeuristic,3.031649005909761e-14
