iteration,bestlobjval,lobjval,fobjval,lz1,lz2,tot_runtime,gapf
1.0,10000.0,10000.0,96709.0,0.0,10000.0,0.26894092559814453,0.0
2.0,10000.0,10000.0,96709.0,0.0,10000.0,0.1895759105682373,0.0
4.0,10000.0,10000.0,96709.0,0.0,10000.0,0.12903690338134766,0.0
