iteration,bestlobjval,lobjval,fobjval,lz1,lz2,tot_runtime,gapf
1.0,5000.0,5000.0,29620.999971065026,0.0,5000.0,5.712033033370972,0.0
2.0,5000.0,5000.0,29620.999990273154,0.0,5000.0,3.6229209899902344,0.0
5.0,5000.0,5000.0,29620.999968224693,0.0,5000.0,3.679866075515747,0.0
6.0,5000.0,5000.0,29620.999940449405,0.0,5000.0,3.8866260051727295,0.0
7.0,4979.7030754195575,4979.7030754195575,29620.999994548518,0.0,4979.7030754195575,3.528625011444092,0.0
8.0,4979.7030754195575,5000.0,29621.0,0.0,5000.0,3.8088009357452393,0.0
9.0,4979.7030754195575,5000.000000000001,29651.0,0.0,5000.000000000001,0.49660205841064453,0.0
