iteration,bestlobjval,lobjval,fobjval,lz1,lz2,tot_runtime,gapf
1.0,9999.999999211299,9999.999999211299,100568.99998907327,0.0,9999.999999211299,95.63765692710876,7.48786174696919e-05
2.0,9999.999999211299,10000.0,100569.0,0.0,10000.0,21.58649206161499,9.480157112720808e-05
5.0,9999.999999211299,10000.0,100569.0,0.0,10000.0,35.45941185951233,0.0
6.0,9999.999999211299,10000.0,104657.0,0.0,10000.0,3.3043830394744873,0.0
7.0,9999.999999211299,10000.0,104657.0,0.0,10000.0,3.981285810470581,0.0
9.0,9999.999999211299,9999.999999910515,100568.99993446509,0.0,9999.999999910515,3.8104491233825684,0.0
