iteration,bestlobjval,lobjval,fobjval,lz1,lz2,tot_runtime,gapf
1.0,3000.0,3000.0,28539.0,0.0,3000.0,0.2121748924255371,0.0
2.0,3000.0,3000.0,28539.0,0.0,3000.0,0.15514779090881348,0.0
3.0,3000.0,3000.0,28539.0,0.0,3000.0,0.23822498321533203,0.0
4.0,3000.0,3000.0000000000005,28539.0,0.0,3000.0000000000005,0.17880606651306152,3.3908068351602915e-14
5.0,3000.0,3000.0,28539.0,0.0,3000.0,0.006146907806396484,0.0
6.0,3000.0,3000.0,28539.0,0.0,3000.0,0.005694150924682617,0.0
28.0,3000.0,3000.0,28539.0,0.0,3000.0,0.19507312774658203,0.0
29.0,3000.0,3000.0,28539.0,0.0,3000.0,0.019314050674438477,0.0
30.0,3000.0,3000.0,28539.0,0.0,3000.0,0.014187097549438477,0.0
