attr,value
lobjval,2999.999999999868
fobjval,16894.0
lz1,0.0
lz2,2999.999999999868
tot_runtime,10.487518787384033
gapf,0.0
best_it,7.0
improvementHeuristic,4.395891058569153e-12
