iteration,bestlobjval,lobjval,fobjval,lz1,lz2,tot_runtime,gapf
1.0,6999.999999999999,6999.999999999999,115919.0,0.0,6999.999999999999,2.3901350498199463,0.0
2.0,6999.99999985568,6999.99999985568,115919.0,0.0,6999.99999985568,1.9195008277893066,0.0
4.0,6999.99999985568,7000.000000000001,115919.0,0.0,7000.000000000001,2.8511428833007812,6.576583595101999e-05
5.0,6999.99999985568,7000.0,115919.0,0.0,7000.0,2.332098960876465,0.0
6.0,6999.99999985568,6999.999999999999,118966.0,0.0,6999.999999999999,0.5100069046020508,5.043457802786066e-05
27.0,6999.99999985568,6999.999999999348,115919.0,0.0,6999.999999999348,3.1839568614959717,0.0
