iteration,bestlobjval,lobjval,fobjval,lz1,lz2,tot_runtime,gapf
1.0,5000.0,5000.0,110281.0,0.0,5000.0,0.07045698165893555,0.0
2.0,5000.0,5000.0,110281.0,0.0,5000.0,0.04287981986999512,0.0
4.0,5000.0,5000.0,110281.0,0.0,5000.0,0.03813004493713379,0.0
5.0,5000.0,5000.0,110281.0,0.0,5000.0,0.07452201843261719,0.0
6.0,5000.0,5000.0,110281.0,0.0,5000.0,0.07542705535888672,0.0
20.0,5000.0,5000.0,110281.0,0.0,5000.0,0.03782320022583008,0.0
29.0,4999.999999999999,4999.999999999999,110281.0,0.0,4999.999999999999,0.040953874588012695,0.0
30.0,4999.999999999999,5000.0,110281.0,0.0,5000.0,0.09410500526428223,0.0
