attr,value
lobjval,6967.786992683218
fobjval,42114.0
lz1,0.0
lz2,6967.786992683218
tot_runtime,19.54642605781555
gapf,0.0
best_it,7.0
improvementHeuristic,0.46018581881116916
