iteration,bestlobjval,lobjval,fobjval,lz1,lz2,tot_runtime,gapf
1.0,5000.0,5000.0,33914.0,0.0,5000.0,2.520801067352295,0.0
2.0,5000.0,5000.000000000001,33914.0,0.0,5000.000000000001,2.7318320274353027,0.0
5.0,5000.0,5000.0,33914.0,0.0,5000.0,5.327643871307373,1.7566651219240988e-12
6.0,5000.0,5000.0,33914.0,0.0,5000.0,3.12949800491333,0.0
7.0,5000.0,5000.0,33914.0,0.0,5000.0,5.590458869934082,6.796672088734178e-13
8.0,5000.0,5000.0,33914.0,0.0,5000.0,3.3255929946899414,0.0
9.0,5000.0,5000.0,33914.0,0.0,5000.0,3.007723093032837,5.472951546199775e-13
10.0,4997.932069711176,4997.932069711176,35360.0,0.0,4997.932069711176,0.31021690368652344,0.0
11.0,4997.932069711176,4999.999999999999,35360.0,0.0,4999.999999999999,0.30515003204345703,0.0
