attr,value
lobjval,2924.2730529032942
fobjval,88504.0
lz1,0.0
lz2,2924.2730529032942
tot_runtime,20.044121026992798
gapf,0.0
best_it,7.0
improvementHeuristic,2.5242315698901923
