iteration,bestlobjval,lobjval,fobjval,lz1,lz2,tot_runtime,gapf
1.0,7000.0,7000.0,90648.0,0.0,7000.0,1.8885278701782227,0.0
2.0,7000.0,7000.0,90648.0,0.0,7000.0,2.5033390522003174,0.0
4.0,6999.999999999998,6999.999999999998,90648.0,0.0,6999.999999999998,1.8610851764678955,0.0
5.0,6999.999999999998,7000.000000000001,95554.0,0.0,7000.000000000001,0.2571580410003662,0.0
30.0,6999.999999999998,7000.0,90648.0,0.0,7000.0,3.3404781818389893,0.0
