iteration,bestlobjval,lobjval,fobjval,lz1,lz2,tot_runtime,gapf
1.0,10000.0,10000.0,196564.0,0.0,10000.0,100.04201602935791,0.29060236869339245
2.0,9999.999999999996,9999.999999999996,196564.0,0.0,9999.999999999996,65.39509201049805,7.744516228041815e-05
4.0,9999.999999999996,10000.0,196564.0,0.0,10000.0,65.82161498069763,2.573480785741481e-12
5.0,9999.999999999996,10000.0,196564.0,0.0,10000.0,52.25718808174133,6.76877917198874e-05
6.0,9999.999999999996,10000.0,196564.0,0.0,10000.0,54.51101088523865,1.0978861990836593e-12
7.0,9999.999999999996,10000.0,196564.0,0.0,10000.0,62.76081299781799,1.1464508212413722e-12
8.0,9999.999999999996,9999.999999999998,203740.0,0.0,9999.999999999998,2.3076400756835938,0.0
14.0,9999.999999999996,9999.999999999998,196564.0,0.0,9999.999999999998,9.822339057922363,0.0
27.0,9999.999999999996,10000.000000000002,196564.0,0.0,10000.000000000002,12.834580183029175,0.0
