attr,value
lobjval,2999.999999999999
fobjval,46338.0
lz1,0.0
lz2,2999.999999999999
tot_runtime,247.0818316936493
gapf,0.0
best_it,29.0
improvementHeuristic,3.031649005909761e-14
