iteration,bestlobjval,lobjval,fobjval,lz1,lz2,tot_runtime,gapf
1.0,10000.0,10000.0,56246.0,0.0,10000.0,0.23584198951721191,8.34841975234651e-05
2.0,9999.999999999998,9999.999999999998,56246.0,0.0,9999.999999999998,0.38555312156677246,5.0044711018736175e-05
5.0,9999.999999968888,9999.999999968888,56469.0,0.0,9999.999999968888,0.305189847946167,3.313666765044773e-05
6.0,9999.999999968888,10000.0,56469.0,0.0,10000.0,0.27602720260620117,0.0
7.0,9999.999999955851,9999.999999955851,56469.0,0.0,9999.999999955851,0.22260689735412598,0.0
8.0,9999.999999955851,10000.0,56468.999999999985,0.0,10000.0,0.21379518508911133,0.0
