attr,value
lobjval,9999.999999999996
fobjval,285841.0
lz1,0.0
lz2,9999.999999999996
tot_runtime,21.549681663513184
gapf,0.0
best_it,15.0
improvementHeuristic,3.637978807091713e-14
