iteration,bestlobjval,lobjval,fobjval,lz1,lz2,tot_runtime,gapf
1.0,3000.0,3000.0,39157.0,0.0,3000.0,100.05408191680908,0.026148236829913334
2.0,3000.0,3000.0,39157.0,0.0,3000.0,58.728342056274414,2.3558550695655554e-05
3.0,2981.1999997105318,2981.1999997105318,39156.99996727396,0.0,2981.1999997105318,55.1676230430603,0.0
5.0,2943.9999999898832,2943.9999999898832,39156.99992569261,0.0,2943.9999999898832,56.09650206565857,0.0
6.0,2943.9999999898832,3000.0,39157.0,0.0,3000.0,69.22196197509766,9.200709841352955e-05
7.0,2943.9999999898832,2999.9999999999995,39157.0,0.0,2999.9999999999995,36.59991002082825,0.0
8.0,2943.9999999898832,3000.0,39156.99996183812,0.0,3000.0,58.64719009399414,9.8027211385236e-05
9.0,2943.9999999898832,3000.000000000001,39157.0,0.0,3000.000000000001,8.724869966506958,0.0
13.0,2943.9999999898832,3000.0000000000005,40844.0,0.0,3000.0000000000005,1.7324979305267334,9.793360101797502e-05
