iteration,bestlobjval,lobjval,fobjval,lz1,lz2,tot_runtime,gapf
1.0,10000.0,10000.0,104085.0,0.0,10000.0,0.10020017623901367,0.0
2.0,10000.0,10000.0,104085.0,0.0,10000.0,0.09554576873779297,0.0
3.0,10000.0,10000.0,104085.0,0.0,10000.0,0.09560894966125488,0.0
