iteration,bestlobjval,lobjval,fobjval,lz1,lz2,tot_runtime,gapf
1.0,3000.0,3000.0,14339.0,0.0,3000.0,4.897643804550171,6.466488935473187e-12
2.0,3000.0,3000.0,14339.0,0.0,3000.0,2.694756031036377,4.9982566070932626e-12
