iteration,bestlobjval,lobjval,fobjval,lz1,lz2,tot_runtime,gapf
1.0,7000.0,7000.0,122986.99997870513,0.0,7000.0,49.357295989990234,0.0
2.0,6999.999999968638,6999.999999968638,122986.99993972006,0.0,6999.999999968638,55.04108119010925,0.0
4.0,6999.999999968638,6999.999999994126,122986.99995786823,0.0,6999.999999994126,45.55422902107239,9.754209585954031e-11
5.0,6999.999999968638,6999.999999999999,122986.99993500978,0.0,6999.999999999999,36.34050488471985,2.0057607380060416e-05
6.0,6999.999999968638,6999.999999999999,122987.0,0.0,6999.999999999999,28.84230089187622,4.387057331892703e-05
8.0,6999.999999968638,7000.000000000001,130901.0,0.0,7000.000000000001,2.9779129028320312,0.0
19.0,6999.999999968638,6999.999999999999,122987.0,0.0,6999.999999999999,19.78429889678955,3.653745048273138e-13
20.0,6999.999999968638,6999.999999999998,122987.0,0.0,6999.999999999998,17.698725938796997,0.0
21.0,6999.999999968638,6999.999999999999,122987.0,0.0,6999.999999999999,36.89425492286682,2.082445364300752e-14
