attr,value
lobjval,6971.199999997448
fobjval,34613.99998074632
lz1,0.0
lz2,6971.199999997448
tot_runtime,140.44234442710876
gapf,0.0
best_it,1.0
improvementHeuristic,0.0
