iteration,bestlobjval,lobjval,fobjval,lz1,lz2,tot_runtime,gapf
1.0,9861.999999991816,9861.999999991816,40842.99999424119,0.0,9861.999999991816,19.081979990005493,0.0
2.0,9861.999999991816,10000.0,40843.0,0.0,10000.0,6.14686918258667,0.0
4.0,9861.999999991816,10000.000000000002,41353.0,0.0,10000.000000000002,6.036550998687744,0.0
