iteration,bestlobjval,lobjval,fobjval,lz1,lz2,tot_runtime,gapf
1.0,10000.0,10000.0,67852.0,0.0,10000.0,0.14523696899414062,0.0
2.0,10000.0,10000.0,67852.0,0.0,10000.0,0.2754340171813965,0.0
4.0,9999.999999999998,9999.999999999998,67852.0,0.0,9999.999999999998,0.15155792236328125,0.0
5.0,9999.999999999998,9999.999999999998,67852.0,0.0,9999.999999999998,0.11252212524414062,0.0
6.0,9999.999999999998,9999.999999999998,67852.0,0.0,9999.999999999998,0.08005213737487793,0.0
