attr,value
lobjval,2997.554859734128
fobjval,36901.0
lz1,0.0
lz2,2997.554859734128
tot_runtime,176.90140080451965
gapf,0.0
best_it,16.0
improvementHeuristic,0.08150467552906472
