iteration,bestlobjval,lobjval,fobjval,lz1,lz2,tot_runtime,gapf
1.0,7000.0,7000.0,142554.0,0.0,7000.0,6.3387839794158936,0.0
2.0,7000.0,7000.000000000001,142554.0,0.0,7000.000000000001,6.718134880065918,0.0
4.0,7000.0,7000.0,142554.0,0.0,7000.0,2.2029130458831787,0.0
5.0,7000.0,7000.0,142554.0,0.0,7000.0,5.553579807281494,0.0
6.0,6999.999999999999,6999.999999999999,142554.0,0.0,6999.999999999999,6.993796110153198,7.014885587216072e-05
7.0,6999.999999999999,7000.0,142554.0,0.0,7000.0,3.8127598762512207,0.0
9.0,6999.999999999999,7000.000000000001,142554.0,0.0,7000.000000000001,6.767022132873535,0.0
12.0,6999.999999999999,7000.0,142554.0,0.0,7000.0,7.628926038742065,0.0
28.0,6999.999999999999,7000.000000000001,142554.0,0.0,7000.000000000001,3.5074880123138428,0.0
