iteration,bestlobjval,lobjval,fobjval,lz1,lz2,tot_runtime,gapf
1.0,5000.0,5000.0,29346.0,0.0,5000.0,8.599381923675537,0.0
2.0,5000.0,5000.0,29345.99999530992,0.0,5000.0,9.629702091217041,0.0
5.0,4999.999999999999,4999.999999999999,29345.999989724252,0.0,4999.999999999999,8.471428155899048,0.0
6.0,4999.999999999999,5000.000000006707,29345.999994221223,0.0,5000.000000006707,6.274274826049805,0.0
7.0,4999.999999999999,5000.0,29345.9999890101,0.0,5000.0,7.762502908706665,0.0
8.0,4999.999999999999,5000.0,31396.0,0.0,5000.0,0.856003999710083,1.3719476709124054e-13
10.0,4999.999999999999,5000.0,29466.0,0.0,5000.0,0.874370813369751,0.0
11.0,4999.999999999999,5000.000000000001,29466.0,0.0,5000.000000000001,0.6302249431610107,0.0
