iteration,bestlobjval,lobjval,fobjval,lz1,lz2,tot_runtime,gapf
1.0,5000.0,5000.0,33920.0,0.0,5000.0,0.23782801628112793,0.0
2.0,5000.0,5000.0,33920.0,0.0,5000.0,0.0992288589477539,0.0
5.0,4999.999999999931,4999.999999999931,33920.0,0.0,4999.999999999931,0.12376713752746582,2.94811320754717e-05
6.0,4999.999999999931,4999.999999999954,33920.0,0.0,4999.999999999954,0.12070608139038086,0.0
