iteration,bestlobjval,lobjval,fobjval,lz1,lz2,tot_runtime,gapf
1.0,3000.0,3000.0,38504.0,0.0,3000.0,14.1715989112854,0.0
2.0,3000.0,3000.0000000000005,38504.0,0.0,3000.0000000000005,30.730368852615356,0.0
5.0,3000.0,3000.0,38607.0,0.0,3000.0,0.7562251091003418,0.0
6.0,3000.0,3000.0,38607.0,0.0,3000.0,1.0499138832092285,0.0
10.0,3000.0,3000.0000000000005,38607.0,0.0,3000.0000000000005,0.42099785804748535,0.0
