iteration,bestlobjval,lobjval,fobjval,lz1,lz2,tot_runtime,gapf
1.0,7000.0,7000.0,94665.0,0.0,7000.0,4.152406930923462,0.0
2.0,7000.0,7000.0,94665.0,0.0,7000.0,7.050842046737671,0.0
4.0,7000.0,7000.0,94665.0,0.0,7000.0,2.3533151149749756,0.0
5.0,7000.0,7000.0,95045.0,0.0,7000.0,0.36145901679992676,0.0
