iteration,bestlobjval,lobjval,fobjval,lz1,lz2,tot_runtime,gapf
1.0,9955.599999905504,9955.599999905504,94149.99999970848,0.0,9955.599999905504,2.574009895324707,0.0
2.0,9955.599999905504,10000.0,94150.0,0.0,10000.0,5.495192050933838,0.0
5.0,9955.599999905504,9999.999999999998,94150.0,0.0,9999.999999999998,3.3413898944854736,0.0
6.0,9955.599999905504,9999.999999964411,94150.0,0.0,9999.999999964411,3.047849178314209,0.0
7.0,9955.599999905504,10000.0,97838.0,0.0,10000.0,1.880316972732544,3.676724222134841e-13
9.0,9955.599999905504,10000.000000000002,94150.0,0.0,10000.000000000002,3.519728899002075,5.5783275132828186e-05
