iteration,bestlobjval,lobjval,fobjval,lz1,lz2,tot_runtime,gapf
1.0,10000.0,10000.0,109245.0,0.0,10000.0,7.819299936294556,2.5068403006110118e-11
2.0,10000.0,10000.0,109245.0,0.0,10000.0,7.606768846511841,1.550392711117282e-11
4.0,9999.999999999998,9999.999999999998,109244.99995999536,0.0,9999.999999999998,6.375195026397705,0.0
5.0,9999.999999999998,10000.0,109244.99995378996,0.0,10000.0,6.077003002166748,0.0
6.0,9999.999999981124,9999.999999981124,110047.0,0.0,9999.999999981124,0.6914768218994141,0.0
7.0,9999.999999981124,10000.0,110047.0,0.0,10000.0,0.1927931308746338,2.2717566532957502e-05
