iteration,bestlobjval,lobjval,fobjval,lz1,lz2,tot_runtime,gapf
1.0,10000.0,10000.0,70216.0,0.0,10000.0,2.39876389503479,0.0
2.0,10000.0,10000.0,70215.9999921282,0.0,10000.0,4.120489120483398,0.0
4.0,9999.999999999998,9999.999999999998,70407.0,0.0,9999.999999999998,0.22675800323486328,0.0
