iteration,bestlobjval,lobjval,fobjval,lz1,lz2,tot_runtime,gapf
1.0,5000.0,5000.0,34436.0,0.0,5000.0,0.3327059745788574,0.0
2.0,5000.0,5000.0,34436.0,0.0,5000.0,0.3010590076446533,0.0
5.0,5000.0,5000.000000000001,34436.0,0.0,5000.000000000001,0.3343160152435303,0.0
6.0,4999.999999999611,4999.999999999611,34436.0,0.0,4999.999999999611,0.34635210037231445,0.0
7.0,4999.999999999611,5000.0,34436.0,0.0,5000.0,0.3139641284942627,0.0
8.0,4999.999999999611,5000.0,36161.0,0.0,5000.0,0.1026608943939209,0.0
