iteration,bestlobjval,lobjval,fobjval,lz1,lz2,tot_runtime,gapf
1.0,7000.000000000001,7000.000000000001,72895.0,0.0,7000.000000000001,0.09488797187805176,0.0
2.0,7000.000000000001,7000.000000000001,72895.0,0.0,7000.000000000001,0.11056399345397949,0.0
3.0,6999.999999999999,6999.999999999999,72895.0,0.0,6999.999999999999,0.10019803047180176,0.0
5.0,6999.999999999999,7000.0,72895.0,0.0,7000.0,0.10527801513671875,2.4926752533391347e-05
6.0,6999.999999999999,7000.0,72895.0,0.0,7000.0,0.09426188468933105,0.0
7.0,6999.999999999999,6999.999999999999,72895.0,0.0,6999.999999999999,0.09598994255065918,0.0
8.0,6999.999999999999,7000.0,72895.0,0.0,7000.0,0.0943610668182373,0.0
