attr,value
lobjval,4962.799999974889
fobjval,100757.0
lz1,0.0
lz2,4962.799999974889
tot_runtime,27.532776355743408
gapf,0.0
best_it,4.0
improvementHeuristic,0.048336421999331046
