attr,value
lobjval,6916.799999999999
fobjval,234105.0
lz1,0.0
lz2,6916.799999999999
tot_runtime,8.986765146255493
gapf,0.0
best_it,2.0
improvementHeuristic,1.1885714285714517
