{
  "lobjval": 211709.38484193254,
  "fobjval": 65273.94603266869,
  "lz1": 211011.4260367635,
  "lz2": 697.9588051690298,
  "best_it": 26,
  "best_E0": 3868.371601425193,
  "best_B0": {
    "1": 29.67158201524357,
    "2": 14.607744342696636,
    "3": 50.94214426611042,
    "4": 10.350997359153773,
    "5": 157.97625381721127,
    "6": 29.42353550814812,
    "7": 47.953210638529995,
    "8": 181.33559660643314,
    "9": 4.617899818069805,
    "10": 89.63936525106274,
    "11": 62.240951738304624,
    "12": 94.0017616212922
  }
}