{
  "lobjval": 67503.43122526056,
  "fobjval": 46044.65027150135,
  "lz1": 59404.66165917198,
  "lz2": 8098.769566088583,
  "best_it": 6,
  "best_E0": 3039.0582993205503,
  "best_B0": {
    "1": 590.0749039528746,
    "2": 762.3188418661993,
    "3": 1356.1233460140381,
    "4": 974.8271339266391,
    "5": 1043.5463609214378,
    "6": 403.02303444973717,
    "7": 1135.0760597626456,
    "8": 24.26183492739871,
    "9": 1245.953121378814,
    "10": 46.42427400532344,
    "11": 265.0200974559557,
    "12": 359.5162089930742
  }
}