{
  "lobjval": 164122.93122648486,
  "fobjval": 41568.25214769468,
  "lz1": 161257.61861520482,
  "lz2": 2865.312611280044,
  "best_it": 28,
  "best_E0": 8691.03470982737,
  "best_B0": {
    "1": 203.20131108141615,
    "2": 312.2232565532016,
    "3": 79.19336196355026,
    "4": 985.9372693338196,
    "5": 251.75867720462492,
    "6": 497.0600320299595,
    "7": 405.53141647154445,
    "8": 346.4320338107081,
    "9": 10.77244081839178
  }
}