{
  "lobjval": 17471.39315211205,
  "fobjval": 69733.84055622765,
  "lz1": 13796.259794865036,
  "lz2": 3675.1333572470126,
  "best_it": 3,
  "best_E0": 977.6877020013832,
  "best_B0": {
    "1": 99.75425206086827,
    "2": 76.2323215797988,
    "3": 162.32170698852875,
    "4": 240.58739856780963,
    "5": 289.95565537648383,
    "6": 737.968040939903,
    "7": 108.04078740763046,
    "8": 124.16412178817917,
    "9": 496.53501374366897,
    "10": 285.9715321189249,
    "11": 713.2660166093956,
    "12": 395.0977813371038
  }
}