{
  "lobjval": 279208.1307769662,
  "fobjval": 122943.524998008,
  "lz1": 276233.70726035314,
  "lz2": 2974.423516613056,
  "best_it": 2,
  "best_E0": 4938.386232166506,
  "best_B0": {
    "1": 295.0023799403973,
    "2": 758.1418238700104,
    "3": 671.97318611238,
    "4": 429.12273628705987,
    "5": 154.83813400409514,
    "6": 438.84398720664666,
    "7": 348.7151521661333,
    "8": 62.3369295732272,
    "9": 19.437889543208176
  }
}