{
  "lobjval": 53960.94198969176,
  "fobjval": 205779.50589016324,
  "lz1": 52550.24116475455,
  "lz2": 1410.700824937207,
  "best_it": 7,
  "best_E0": 28752.07624018157,
  "best_B0": {
    "1": 490.9675431957307,
    "2": 485.38542465993254,
    "3": 437.54785708154384
  }
}