{
  "lobjval": 112632.74839401816,
  "fobjval": 25712.120038114466,
  "lz1": 111921.70221365966,
  "lz2": 711.046180358486,
  "best_it": 2,
  "best_E0": 2459.672385849363,
  "best_B0": {
    "1": 12.290364482376603,
    "2": 32.62695244226025,
    "3": 89.01411265143096,
    "4": 40.55951815347059,
    "5": 66.22078729890097,
    "6": 107.00283515610622,
    "7": 46.6694016102739,
    "8": 19.705636729963086,
    "9": 19.784300367435403,
    "10": 189.17552427399806,
    "11": 73.94434325749637,
    "12": 110.08546670595913
  }
}