{
  "lobjval": 28377.031443767595,
  "fobjval": 17516.31368257655,
  "lz1": 25240.691162906198,
  "lz2": 3136.340280861397,
  "best_it": 4,
  "best_E0": 2300.888515990838,
  "best_B0": {
    "1": 109.19665706606244,
    "2": 729.3516254399597,
    "3": 224.6464666620883,
    "4": 557.0054893823152,
    "5": 200.68047386879522,
    "6": 145.34291441053983,
    "7": 487.70877425164554,
    "8": 671.913969554654,
    "9": 73.07590518925804
  }
}