{
  "lobjval": 54727.60450469319,
  "fobjval": 30102.86526727995,
  "lz1": 51792.70938753974,
  "lz2": 2934.8951171534477,
  "best_it": 22,
  "best_E0": 3112.7998591625083,
  "best_B0": {
    "1": 564.1818557345407,
    "2": 772.9471076896598,
    "3": 238.4308710150974,
    "4": 211.94742367839885,
    "5": 94.11241200541559,
    "6": 236.07022266973053,
    "7": 240.43223732216546,
    "8": 156.48866357542042,
    "9": 648.709718496805
  }
}