{
  "lobjval": 21699.58164512621,
  "fobjval": 47698.940090730306,
  "lz1": 17785.214620864113,
  "lz2": 3914.3670242620974,
  "best_it": 3,
  "best_E0": 979.6017845029229,
  "best_B0": {
    "1": 465.9475099884606,
    "2": 573.907176159369,
    "3": 7.144236938182933,
    "4": 42.04289332408051,
    "5": 198.35684215290308,
    "6": 73.58551401502805,
    "7": 250.12456514608263,
    "8": 439.52920275350164,
    "9": 548.0992465266961,
    "10": 512.0680650502404,
    "11": 297.86871652373316,
    "12": 575.5381674186502
  }
}