{
  "lobjval": 515128.4081047858,
  "fobjval": 316755.58349475154,
  "lz1": 514296.2044937661,
  "lz2": 832.2036110196425,
  "best_it": 5,
  "best_E0": 39741.7881492519,
  "best_B0": {
    "1": 168.3027666462771,
    "2": 393.87932304116225,
    "3": 284.4863435680183
  }
}