{
  "lobjval": 39099.76723133484,
  "fobjval": 103880.34361256048,
  "lz1": 36433.97356038329,
  "lz2": 2665.793670951547,
  "best_it": 28,
  "best_E0": 18369.925950923418,
  "best_B0": {
    "1": 893.3485030830133,
    "2": 980.8418540602928,
    "3": 808.004142260301
  }
}