{
  "lobjval": 465381.99450170575,
  "fobjval": 166054.3006899451,
  "lz1": 464787.15986974124,
  "lz2": 594.834631964488,
  "best_it": 24,
  "best_E0": 21958.503987360957,
  "best_B0": {
    "1": 45.90608589401012,
    "2": 527.0726713564916,
    "3": 107.3897274997816
  }
}