{
  "lobjval": 47895.17140473277,
  "fobjval": 144799.33437746286,
  "lz1": 42048.67180263307,
  "lz2": 5846.499602099696,
  "best_it": 1,
  "best_E0": 1408.6657220176244,
  "best_B0": {
    "1": 1257.6536905730918,
    "2": 1249.2436175567095,
    "3": 317.6079338632716,
    "4": 912.5828211319795,
    "5": 256.4933258836824,
    "6": 31.812931342032496,
    "7": 331.4168042180522,
    "8": 448.91368536936767,
    "9": 446.47787985690184,
    "10": 96.46654264424122,
    "11": 463.10728805014645,
    "12": 170.79330683864197
  }
}