{
  "lobjval": 127387.54797326322,
  "fobjval": 86913.67080777761,
  "lz1": 126951.3132199042,
  "lz2": 436.23475335901594,
  "best_it": 24,
  "best_E0": 6136.8306557278465,
  "best_B0": {
    "1": 93.25487332370486,
    "2": 63.609623429689556,
    "3": 74.6809585193712,
    "4": 54.686438025038335,
    "5": 76.78475309014695,
    "6": 79.438756480183
  }
}