{
  "lobjval": 17233.443423229233,
  "fobjval": 32244.17028180659,
  "lz1": 12050.65310312013,
  "lz2": 5182.790320109101,
  "best_it": 7,
  "best_E0": 1292.295238939108,
  "best_B0": {
    "1": 442.0766126361374,
    "2": 182.78794028744656,
    "3": 1139.309423804426,
    "4": 10.09779205520335,
    "5": 429.5752034591464,
    "6": 235.6550500046104,
    "7": 82.26694856287573,
    "8": 538.4670644514388,
    "9": 393.1017094977537,
    "10": 702.9783218561932,
    "11": 196.2493985179991,
    "12": 843.1478073652929
  }
}