{
  "lobjval": 826.2052271782162,
  "fobjval": 127434.0,
  "lz1": 0.0,
  "lz2": 826.2052271782162,
  "best_it": 22,
  "best_E0": 3101.8508442293833,
  "best_B0": {
    "1": 291.14495225230417,
    "2": 262.68414394264636,
    "3": 272.3761309832656
  }
}