{
  "lobjval": 169394.62851775132,
  "fobjval": 83079.94827335318,
  "lz1": 166588.40870536026,
  "lz2": 2806.219812391075,
  "best_it": 2,
  "best_E0": 4189.254611282839,
  "best_B0": {
    "1": 0.7416080878120739,
    "2": 332.32415871238817,
    "3": 132.39334726990347,
    "4": 347.1070084797028,
    "5": 220.12885416229804,
    "6": 744.1653077098836,
    "7": 463.6098599584713,
    "8": 68.10262422806527,
    "9": 726.068612988111
  }
}