{
  "lobjval": 232058.27293992572,
  "fobjval": 174550.9026109139,
  "lz1": 227487.2024956034,
  "lz2": 4571.0704443223385,
  "best_it": 24,
  "best_E0": 73859.47575579927,
  "best_B0": {
    "1": 1597.6246082635914,
    "2": 1317.7244699227426,
    "3": 1655.7213661360042
  }
}