{
  "lobjval": 72332.58415657443,
  "fobjval": 57793.26839936967,
  "lz1": 71825.26500176398,
  "lz2": 507.31915481045735,
  "best_it": 18,
  "best_E0": 1494.2369349597877,
  "best_B0": {
    "1": 64.58621810018636,
    "2": 152.24876636324035,
    "3": 63.43695304871947,
    "4": 93.67991255905608,
    "5": 22.386340982342855,
    "6": 26.911486901168185,
    "7": 72.85078095610491,
    "8": 30.84116875432602,
    "9": 36.343846569832
  }
}