{
  "lobjval": 19852.602941148947,
  "fobjval": 97425.82330112047,
  "lz1": 12385.051701702867,
  "lz2": 7467.55123944608,
  "best_it": 4,
  "best_E0": 1035.924398808922,
  "best_B0": {
    "1": 166.46794081946967,
    "2": 955.0667758547927,
    "3": 526.0458291699538,
    "4": 342.6711046703797,
    "5": 1691.7145029471653,
    "6": 1356.307189735755,
    "7": 194.08512163673714,
    "8": 872.7923003308167,
    "9": 476.69809440689716,
    "10": 293.5250016462972,
    "11": 577.5470988173378,
    "12": 74.55416834573192
  }
}