{
  "lobjval": 331589.190240059,
  "fobjval": 114166.40086469817,
  "lz1": 330945.20499136735,
  "lz2": 643.9852486916071,
  "best_it": 7,
  "best_E0": 30912.573140501987,
  "best_B0": {
    "1": 123.61008694672456,
    "2": 237.91855606593174,
    "3": 310.0507051555936
  }
}