{
  "lobjval": 243983.52247579748,
  "fobjval": 57380.51048815943,
  "lz1": 240902.51742485407,
  "lz2": 3081.0050509434045,
  "best_it": 20,
  "best_E0": 13189.102128455252,
  "best_B0": {
    "1": 280.4305121942592,
    "2": 127.73107995848531,
    "3": 607.9573965533465,
    "4": 279.11854899064315,
    "5": 363.4949911996541,
    "6": 384.5856884791063,
    "7": 215.98889495996414,
    "8": 957.7464945443153,
    "9": 95.42351201118954
  }
}