{
  "lobjval": 329319.5380579843,
  "fobjval": 90723.49318842974,
  "lz1": 328477.309597978,
  "lz2": 842.2284600063208,
  "best_it": 16,
  "best_E0": 5950.159089643296,
  "best_B0": {
    "1": 52.60523648693572,
    "2": 24.835301251117034,
    "3": 115.48417481334585,
    "4": 89.40374960917127,
    "5": 51.739094197062705,
    "6": 11.511673903633948,
    "7": 1.5283815815816622,
    "8": 109.54277695230206,
    "9": 77.3404928868587,
    "10": 49.94704286994299,
    "11": 98.64519881523705,
    "12": 229.89462604986437
  }
}