{
  "lobjval": 123951.10550907251,
  "fobjval": 61191.723246940106,
  "lz1": 119946.72096796239,
  "lz2": 4004.384541110127,
  "best_it": 3,
  "best_E0": 8015.772578660953,
  "best_B0": {
    "1": 816.2611553599363,
    "2": 307.97571805047085,
    "3": 379.6901512821666,
    "4": 83.29166146000577,
    "5": 450.67058898051096,
    "6": 633.5987990053877,
    "7": 334.2281101220127,
    "8": 839.3858184850762,
    "9": 418.2690502485508
  }
}