{
  "lobjval": 16925.459114162826,
  "fobjval": 13467.646217018264,
  "lz1": 14705.362010945471,
  "lz2": 2220.097103217353,
  "best_it": 28,
  "best_E0": 735.7634453192405,
  "best_B0": {
    "1": 63.18501247588568,
    "2": 346.4045612426382,
    "3": 224.58175099804626,
    "4": 117.79647439824416,
    "5": 67.02609285195007,
    "6": 205.55680176814013,
    "7": 276.41590281971327,
    "8": 325.3300954759593,
    "9": 50.9242364839546,
    "10": 368.69291303344914,
    "11": 92.0895736972995,
    "12": 126.49533027992413
  }
}