{
  "lobjval": 94961.90318293247,
  "fobjval": 37847.447783320065,
  "lz1": 93347.68863574728,
  "lz2": 1614.2145471851798,
  "best_it": 1,
  "best_E0": 1396.0539423269024,
  "best_B0": {
    "1": 269.3305737342783,
    "2": 222.68459526035525,
    "3": 67.74733061930604,
    "4": 172.65517919972459,
    "5": 180.38497416091855,
    "6": 70.49581932500018,
    "7": 220.17905475923084,
    "8": 180.16574020625038,
    "9": 107.19407934719473,
    "10": 134.98612535421466,
    "11": 54.028550444660624,
    "12": 60.78349423658936
  }
}