{
  "lobjval": 11430.441126199983,
  "fobjval": 48776.027186619,
  "lz1": 5326.534432615986,
  "lz2": 6103.906693583997,
  "best_it": 24,
  "best_E0": 1614.1013432169652,
  "best_B0": {
    "1": 111.13167672379042,
    "2": 312.1896329330118,
    "3": 975.7631487770143,
    "4": 689.8446222521106,
    "5": 792.5902792104143,
    "6": 1507.7943819246518,
    "7": 381.3668020664752,
    "8": 1066.4301169052349,
    "9": 282.9370462236037
  }
}