{
  "lobjval": 132575.7184449359,
  "fobjval": 46169.868491685666,
  "lz1": 123820.19225739942,
  "lz2": 8755.52618753648,
  "best_it": 26,
  "best_E0": 6606.216194857795,
  "best_B0": {
    "1": 450.7918771221739,
    "2": 536.7450740261154,
    "3": 101.27272077031904,
    "4": 1369.8987688832397,
    "5": 2165.645886778459,
    "6": 978.5595386485297,
    "7": 100.49348445728913,
    "8": 550.5749390942044,
    "9": 1167.594592729226,
    "10": 783.443465742226,
    "11": 116.38949501856233,
    "12": 777.2688162990655
  }
}