{
  "lobjval": 42301.62259136375,
  "fobjval": 160529.82610763184,
  "lz1": 37992.216071683346,
  "lz2": 4309.406519680406,
  "best_it": 2,
  "best_E0": 4226.642893042075,
  "best_B0": {
    "1": 204.9352661061388,
    "2": 129.49394145730756,
    "3": 11.064530415971127,
    "4": 483.15878952742884,
    "5": 688.3017249848488,
    "6": 31.240232527281037,
    "7": 55.11072214639491,
    "8": 543.4080305569589,
    "9": 377.4262714633986,
    "10": 915.8539187785898,
    "11": 682.0675105119869,
    "12": 301.66487261549315
  }
}