{
  "lobjval": 88760.79283538922,
  "fobjval": 66543.8525127832,
  "lz1": 83381.82894056398,
  "lz2": 5378.963894825245,
  "best_it": 22,
  "best_E0": 7478.190936370305,
  "best_B0": {
    "1": 616.583661494352,
    "2": 265.1952734265724,
    "3": 263.38717079476214,
    "4": 513.722290530814,
    "5": 405.19651596963195,
    "6": 1819.341970642114,
    "7": 669.7368716616986,
    "8": 668.0921830448576,
    "9": 269.77413467521257
  }
}