{
  "lobjval": 4024.107837224955,
  "fobjval": 20277.333588544832,
  "lz1": 2066.0155916872573,
  "lz2": 1958.0922455376976,
  "best_it": 20,
  "best_E0": 360.87608588261605,
  "best_B0": {
    "1": 226.74701181558228,
    "2": 330.2110142150573,
    "3": 380.6406648485503,
    "4": 179.40280920547434,
    "5": 66.42895780333434,
    "6": 109.46422263679145,
    "7": 213.69325121626528,
    "8": 290.19745881687163,
    "9": 170.23853810551176
  }
}