{
  "lobjval": 181314.25738092506,
  "fobjval": 59384.43946517688,
  "lz1": 177144.7902571648,
  "lz2": 4169.467123760251,
  "best_it": 6,
  "best_E0": 10359.855212615093,
  "best_B0": {
    "1": 640.7715594428162,
    "2": 834.9111387244171,
    "3": 498.5012749828588,
    "4": 1022.5115540821785,
    "5": 487.7290230082976,
    "6": 160.2769628206649,
    "7": 152.5506865126122,
    "8": 326.3652382339292,
    "9": 318.8296663225217
  }
}