{
  "lobjval": 79215.81719727679,
  "fobjval": 25722.334611675476,
  "lz1": 78682.8314094453,
  "lz2": 532.9857878314887,
  "best_it": 9,
  "best_E0": 2395.9321557261055,
  "best_B0": {
    "1": 33.18397783652144,
    "2": 33.882306078476624,
    "3": 57.17792218167956,
    "4": 22.725487985087824,
    "5": 1.5144682227324768,
    "6": 97.41262097960593,
    "7": 44.803508330557634,
    "8": 37.926355627096804,
    "9": 44.01106169163087,
    "10": 155.67479817246186,
    "11": 27.310995773039465,
    "12": 24.98605783385002
  }
}