{
  "lobjval": 37701.634280506514,
  "fobjval": 30739.827250478826,
  "lz1": 35705.97470685215,
  "lz2": 1995.65957365437,
  "best_it": 24,
  "best_E0": 2385.0422366521275,
  "best_B0": {
    "1": 163.86654119540322,
    "2": 110.95483076202177,
    "3": 307.9107149075231,
    "4": 467.76203085007444,
    "5": 111.41485760673454,
    "6": 389.52725773565885,
    "7": 167.51423304686313,
    "8": 252.54839479328112,
    "9": 114.21081087131515
  }
}