{
  "lobjval": 168280.28344797858,
  "fobjval": 92484.97883887863,
  "lz1": 167419.43809692637,
  "lz2": 860.8453510522007,
  "best_it": 22,
  "best_E0": 7225.607452274095,
  "best_B0": {
    "1": 217.0269198257649,
    "2": 19.11896098106152,
    "3": 212.55930511187444,
    "4": 158.70345161037977,
    "5": 66.76597639845068,
    "6": 235.0088775457615
  }
}