{
  "lobjval": 261443.08786030655,
  "fobjval": 129918.79228396411,
  "lz1": 260722.2989838337,
  "lz2": 720.7888764728688,
  "best_it": 5,
  "best_E0": 7699.588612283181,
  "best_B0": {
    "1": 161.44812858961123,
    "2": 7.780282949769262,
    "3": 383.8456639765988,
    "4": 21.905848911107157,
    "5": 79.90900260590367,
    "6": 145.41550002916085
  }
}