{
  "lobjval": 477332.7361877406,
  "fobjval": 384680.89136687666,
  "lz1": 476181.9231152523,
  "lz2": 1150.8130724883156,
  "best_it": 1,
  "best_E0": 42215.57643896893,
  "best_B0": {
    "1": 376.9860417272727,
    "2": 512.8829900512163,
    "3": 305.7160736846662
  }
}