{
  "lobjval": 234449.74686055715,
  "fobjval": 84633.89589710593,
  "lz1": 228464.4182357048,
  "lz2": 5985.328624852341,
  "best_it": 1,
  "best_E0": 5330.102958875756,
  "best_B0": {
    "1": 674.8013247256154,
    "2": 23.571045998532686,
    "3": 1437.8013250453848,
    "4": 660.605154012966,
    "5": 26.994169756818163,
    "6": 283.4873127796817,
    "7": 1454.2882203448357,
    "8": 457.1579804782906,
    "9": 148.2030195682113,
    "10": 834.9649844022051,
    "11": 76.64334764165375,
    "12": 316.66709867763655
  }
}