{
  "lobjval": 12551.985783720087,
  "fobjval": 70566.8360103987,
  "lz1": 9600.47053999398,
  "lz2": 2951.5152437261086,
  "best_it": 2,
  "best_E0": 467.87788227664873,
  "best_B0": {
    "1": 511.2937829727887,
    "2": 123.072129867694,
    "3": 267.41228978324875,
    "4": 10.356879738618387,
    "5": 247.47685806604966,
    "6": 221.94419643704552,
    "7": 233.55536034711588,
    "8": 336.5010428148,
    "9": 142.46330102555154,
    "10": 371.86840835824154,
    "11": 441.1904407885016,
    "12": 102.05990419790062
  }
}