{
  "lobjval": 2538.220879892766,
  "fobjval": 97502.0,
  "lz1": 0.0,
  "lz2": 2538.220879892766,
  "best_it": 15,
  "best_E0": 180.87290979721996,
  "best_B0": {
    "1": 194.66131227517022,
    "2": 178.04835175626667,
    "3": 534.5130102735995,
    "4": 491.8515764237007,
    "5": 107.88833573611227,
    "6": 438.73296255319195,
    "7": 90.60247740914002,
    "8": 402.0700724148516,
    "9": 99.85278105073309
  }
}