{
  "lobjval": 178632.94396317855,
  "fobjval": 58878.934323018664,
  "lz1": 177549.76426752587,
  "lz2": 1083.179695652695,
  "best_it": 15,
  "best_E0": 5268.091569278387,
  "best_B0": {
    "1": 61.89758779337941,
    "2": 295.58547485650706,
    "3": 50.56513456445401,
    "4": 93.23289588896316,
    "5": 168.192657904845,
    "6": 62.74599616858702,
    "7": 10.593710232205364,
    "8": 199.33631218122588,
    "9": 232.62474116191134
  }
}