{
  "lobjval": 136198.4704108206,
  "fobjval": 48213.79506511824,
  "lz1": 134253.2158348434,
  "lz2": 1945.254575977187,
  "best_it": 27,
  "best_E0": 14505.330170653371,
  "best_B0": {
    "1": 297.57295098433644,
    "2": 491.0885259684127,
    "3": 135.41400606280274,
    "4": 209.80927313497688,
    "5": 650.8357109375776,
    "6": 276.7189562707468
  }
}