{
  "lobjval": 403794.92834824027,
  "fobjval": 138807.25739668676,
  "lz1": 403099.7075567104,
  "lz2": 695.2207915298908,
  "best_it": 27,
  "best_E0": 12725.789797336187,
  "best_B0": {
    "1": 160.72430964136373,
    "2": 200.36079516457565,
    "3": 151.27398537287053,
    "4": 126.61382350849296,
    "5": 54.718071414514064,
    "6": 61.21812304000162
  }
}