{
  "lobjval": 64918.17545263071,
  "fobjval": 46907.57347259154,
  "lz1": 62659.07007912419,
  "lz2": 2259.105373506522,
  "best_it": 3,
  "best_E0": 2003.2561013433478,
  "best_B0": {
    "1": 77.69969591235487,
    "2": 17.97105398420615,
    "3": 153.70060320259267,
    "4": 280.0501391920088,
    "5": 227.7072932187366,
    "6": 22.99098016462895,
    "7": 272.3259603707953,
    "8": 4.633471125149464,
    "9": 349.92202367173326,
    "10": 139.5957092457741,
    "11": 490.20549955651376,
    "12": 365.2502089333428
  }
}