{
  "lobjval": 86873.51965553364,
  "fobjval": 55212.97790513921,
  "lz1": 86146.15100224073,
  "lz2": 727.3686532929072,
  "best_it": 4,
  "best_E0": 5497.020568209393,
  "best_B0": {
    "1": 24.01051771999092,
    "2": 61.12168915492031,
    "3": 213.93843218223137,
    "4": 194.22241102362972,
    "5": 78.00807607500846,
    "6": 203.2964203245573
  }
}