{
  "lobjval": 23970.529795867475,
  "fobjval": 14069.053282457642,
  "lz1": 22039.706582823368,
  "lz2": 1930.823213044105,
  "best_it": 2,
  "best_E0": 1018.9219155191706,
  "best_B0": {
    "1": 153.89088450185326,
    "2": 64.46166472562439,
    "3": 219.93902538295458,
    "4": 51.87303260359356,
    "5": 84.55346803937167,
    "6": 201.41370833263372,
    "7": 412.5763394094569,
    "8": 0.20768973363421028,
    "9": 87.48737381900195,
    "10": 394.2109306514469,
    "11": 148.93666116251012,
    "12": 205.35885758904598
  }
}