{
  "lobjval": 66628.45753066384,
  "fobjval": 190975.11249455123,
  "lz1": 65325.225424925855,
  "lz2": 1303.2321057379863,
  "best_it": 3,
  "best_E0": 17484.56814013338,
  "best_B0": {
    "1": 571.5145810128258,
    "2": 371.94514091109244,
    "3": 359.7723838140679
  }
}