{
  "lobjval": 2437.402279582855,
  "fobjval": 19086.710682488578,
  "lz1": 539.1963345492222,
  "lz2": 1898.2059450336328,
  "best_it": 18,
  "best_E0": 539.1963345497193,
  "best_B0": {
    "1": 392.5481540127167,
    "2": 88.30242521483088,
    "3": 287.2238542257065,
    "4": 249.3739827358309,
    "5": 30.949018861789803,
    "6": 142.51804256303697,
    "7": 281.71184034536225,
    "8": 128.27095901172518,
    "9": 302.43938458616907
  }
}