{
  "lobjval": 28077.08161229528,
  "fobjval": 41924.30025519479,
  "lz1": 26698.71952249577,
  "lz2": 1378.362089799508,
  "best_it": 3,
  "best_E0": 1138.9167697224977,
  "best_B0": {
    "1": 9.372841828672934,
    "2": 52.432395478379476,
    "3": 19.213069357287363,
    "4": 254.9600527198585,
    "5": 149.38056965039127,
    "6": 81.93913182480809,
    "7": 221.50616125437688,
    "8": 54.779607207581925,
    "9": 327.77894793366363,
    "10": 127.36085314225757,
    "11": 39.57928698566262,
    "12": 94.58444136015845
  }
}