{
  "lobjval": 39611.982657759174,
  "fobjval": 19218.38862454652,
  "lz1": 37957.66540063978,
  "lz2": 1654.317257119392,
  "best_it": 28,
  "best_E0": 2471.758361267128,
  "best_B0": {
    "1": 171.06372779338835,
    "2": 100.43390186099076,
    "3": 324.2995862231886,
    "4": 66.71291267106007,
    "5": 260.7710418724333,
    "6": 174.09156030514782,
    "7": 12.26416571800814,
    "8": 578.5568887904116,
    "9": 105.04948505138594
  }
}