{
  "lobjval": 37664.43031109818,
  "fobjval": 11829.112092727264,
  "lz1": 36840.759334444454,
  "lz2": 823.6709766537236,
  "best_it": 8,
  "best_E0": 1889.8127634614866,
  "best_B0": {
    "1": 99.93092520052906,
    "2": 0.9467949845579147,
    "3": 90.8597187433247,
    "4": 85.06418391691408,
    "5": 99.7497841304344,
    "6": 58.61771943276891,
    "7": 61.35093262889504,
    "8": 42.70104946998335,
    "9": 143.53301980708324,
    "10": 85.6153561209259,
    "11": 75.48110221142531,
    "12": 12.742222137539454
  }
}