{
  "lobjval": 1272977.1018479392,
  "fobjval": 363202.0247034534,
  "lz1": 1271998.673374791,
  "lz2": 978.4284731482663,
  "best_it": 16,
  "best_E0": 63456.871639135185,
  "best_B0": {
    "1": 243.7571641663999,
    "2": 441.4930277172605,
    "3": 340.14967052391245
  }
}