{
  "lobjval": 100825.74355511447,
  "fobjval": 41992.08215590665,
  "lz1": 98771.28864427353,
  "lz2": 2054.4549108409456,
  "best_it": 1,
  "best_E0": 2466.3818278926656,
  "best_B0": {
    "1": 438.49901996584475,
    "2": 62.9758115552525,
    "3": 278.0116016694446,
    "4": 230.6258175961594,
    "5": 227.41440271168915,
    "6": 6.002115362968868,
    "7": 31.959942104184424,
    "8": 360.78973927187104,
    "9": 100.65598533695393,
    "10": 61.7746971888254,
    "11": 272.8930272704514,
    "12": 138.91655137665055
  }
}