{
  "lobjval": 107847.12089763665,
  "fobjval": 31988.92536977086,
  "lz1": 105005.37179538215,
  "lz2": 2841.749102254501,
  "best_it": 24,
  "best_E0": 3990.6442818866617,
  "best_B0": {
    "1": 339.37151291532183,
    "2": 163.91973272159652,
    "3": 100.35410989238729,
    "4": 172.38211696468866,
    "5": 219.83701472002213,
    "6": 182.76213520554393,
    "7": 572.1777992275854,
    "8": 310.27376996263945,
    "9": 158.34505457923507,
    "10": 20.88910536739945,
    "11": 459.9988611830548,
    "12": 256.15558391543993
  }
}