{
  "lobjval": 310643.0607765051,
  "fobjval": 115761.7265015507,
  "lz1": 309067.4517976454,
  "lz2": 1575.6089788596487,
  "best_it": 21,
  "best_E0": 17949.16128910378,
  "best_B0": {
    "1": 527.7810903405585,
    "2": 278.8603340065986,
    "3": 0.5810569385363753,
    "4": 301.29761471667445,
    "5": 438.1249585070942,
    "6": 176.04854715423414
  }
}