{
  "lobjval": 164414.00012595966,
  "fobjval": 61070.12880684891,
  "lz1": 160091.54969834958,
  "lz2": 4322.450427610091,
  "best_it": 7,
  "best_E0": 8037.743535720523,
  "best_B0": {
    "1": 645.7720987816753,
    "2": 10.557699552252291,
    "3": 626.3881715981229,
    "4": 111.42091562408203,
    "5": 571.2911387444244,
    "6": 400.4798937489628,
    "7": 855.1888463595131,
    "8": 1021.3248966108575,
    "9": 428.3051939631527
  }
}