{
  "lobjval": 18356.38918684733,
  "fobjval": 201554.0,
  "lz1": 17160.0,
  "lz2": 1196.3891868473286,
  "best_it": 7,
  "best_E0": 10292.468076412148,
  "best_B0": {
    "1": 196.96339945855644,
    "2": 852.3899043320623,
    "3": 232.39361675100554
  }
}