{
  "lobjval": 107359.13113743883,
  "fobjval": 51988.8856666633,
  "lz1": 106898.61510815889,
  "lz2": 460.51602927994406,
  "best_it": 5,
  "best_E0": 2571.199433398221,
  "best_B0": {
    "1": 10.655704349233108,
    "2": 50.38800340026214,
    "3": 68.40981239306322,
    "4": 85.39758751140346,
    "5": 32.08619805077305,
    "6": 56.391955463398546,
    "7": 58.37897823354955,
    "8": 37.26889446238694,
    "9": 89.32712303331573
  }
}