{
  "lobjval": 216082.03165594884,
  "fobjval": 83669.80452822743,
  "lz1": 215170.51996007055,
  "lz2": 911.5116958783021,
  "best_it": 10,
  "best_E0": 10840.215061419949,
  "best_B0": {
    "1": 166.40315833515686,
    "2": 310.2320977351732,
    "3": 267.27806882725906,
    "4": 15.868292345267346,
    "5": 58.68237374180561,
    "6": 172.05238324501553
  }
}