{
  "lobjval": 57782.11378885751,
  "fobjval": 119538.08484358783,
  "lz1": 52697.26830859236,
  "lz2": 5084.845480265145,
  "best_it": 1,
  "best_E0": 2689.2828295041145,
  "best_B0": {
    "1": 158.50337553325275,
    "2": 23.706856960068684,
    "3": 116.122947119397,
    "4": 17.331862954903833,
    "5": 943.0390214654203,
    "6": 217.16090171194884,
    "7": 885.1766705956411,
    "8": 419.4523419609685,
    "9": 480.00582810730657,
    "10": 266.4742556703491,
    "11": 90.01773877792395,
    "12": 1607.468684939034
  }
}