{
  "lobjval": 111216.05573932757,
  "fobjval": 87954.69421506248,
  "lz1": 107161.89408661023,
  "lz2": 4054.161652717333,
  "best_it": 1,
  "best_E0": 3012.7309534955643,
  "best_B0": {
    "1": 408.1114974025968,
    "2": 761.305914769427,
    "3": 535.8035358857725,
    "4": 102.55457141665174,
    "5": 443.5104138618646,
    "6": 638.8756465289864,
    "7": 271.1733890487665,
    "8": 392.68990057170026,
    "9": 130.00204196828142,
    "10": 14.695251488907065,
    "11": 358.1122910703949,
    "12": 222.55614492079954
  }
}