{
  "lobjval": 22938.69585231715,
  "fobjval": 187890.0,
  "lz1": 22369.0,
  "lz2": 569.6958523171476,
  "best_it": 18,
  "best_E0": 17429.164900164793,
  "best_B0": {
    "1": 148.9658110323691,
    "2": 77.54825134392249,
    "3": 392.72723742607
  }
}