{
  "lobjval": 11793.086159521494,
  "fobjval": 47161.338437969825,
  "lz1": 8344.150414944987,
  "lz2": 3448.9357445765067,
  "best_it": 7,
  "best_E0": 878.264072363208,
  "best_B0": {
    "1": 133.9382806370547,
    "2": 666.7696210633057,
    "3": 89.9577924590118,
    "4": 29.64055893362511,
    "5": 442.16309194253984,
    "6": 253.0040641973813,
    "7": 353.16834567895626,
    "8": 591.2169473190418,
    "9": 46.888388289320496,
    "10": 323.9602656151221,
    "11": 346.01251239242475,
    "12": 189.78115749582858
  }
}