{
  "lobjval": 674714.7394284423,
  "fobjval": 261243.99999999997,
  "lz1": 673932.52281341,
  "lz2": 782.2166150322997,
  "best_it": 6,
  "best_E0": 52164.60420979082,
  "best_B0": {
    "1": 470.787146219795,
    "2": 201.1427218748236,
    "3": 192.716304200734
  }
}