{
  "lobjval": 408951.6847159555,
  "fobjval": 165739.99918182884,
  "lz1": 406967.7913199266,
  "lz2": 1983.893396028875,
  "best_it": 22,
  "best_E0": 24414.82529395766,
  "best_B0": {
    "1": 220.90576638403078,
    "2": 394.90847035312504,
    "3": 128.50030910015758,
    "4": 214.9901952670757,
    "5": 386.62656939645694,
    "6": 797.5019941214813
  }
}