{
  "lobjval": 14161.817498034508,
  "fobjval": 89579.28537879755,
  "lz1": 9975.686810752872,
  "lz2": 4186.130687281637,
  "best_it": 3,
  "best_E0": 873.3577947157185,
  "best_B0": {
    "1": 971.2468059942844,
    "2": 314.19124638467736,
    "3": 32.45520345967095,
    "4": 501.9429708696316,
    "5": 146.8307365791536,
    "6": 738.801897869341,
    "7": 216.50670018986855,
    "8": 455.2644771633882,
    "9": 811.2195153116155
  }
}