{
  "lobjval": 10803.832458472296,
  "fobjval": 101521.3219382237,
  "lz1": 1981.8555989142642,
  "lz2": 8821.976859558032,
  "best_it": 4,
  "best_E0": 716.3333490051557,
  "best_B0": {
    "1": 1240.4159521568006,
    "2": 530.4290581619098,
    "3": 169.5850923569086,
    "4": 2197.8148853085054,
    "5": 82.3163798635239,
    "6": 314.3770259245823,
    "7": 613.4121780094217,
    "8": 1524.7072002487869,
    "9": 863.542093616519,
    "10": 199.7422215534422,
    "11": 783.9646511995948,
    "12": 313.28005958676295
  }
}