{
  "lobjval": 36229.61009366254,
  "fobjval": 53259.47975414984,
  "lz1": 25779.03312570274,
  "lz2": 10450.576967959796,
  "best_it": 13,
  "best_E0": 3263.1687500578287,
  "best_B0": {
    "1": 665.0533047376024,
    "2": 1409.0468698833606,
    "3": 1150.5446595147864,
    "4": 678.9392831987967,
    "5": 1022.527819063623,
    "6": 996.8185299837811,
    "7": 520.1663612448594,
    "8": 397.3674912567542,
    "9": 2851.999255333665,
    "10": 180.5254825994149,
    "11": 592.3227487151393,
    "12": 51.347914155630924
  }
}