{
  "lobjval": 1017.273992435616,
  "fobjval": 181120.0,
  "lz1": 0.0,
  "lz2": 1017.273992435616,
  "best_it": 26,
  "best_E0": 49242.02645983997,
  "best_B0": {
    "1": 452.1624342753651,
    "2": 284.4703468894506,
    "3": 280.6412112708004
  }
}