{
  "lobjval": 18036.8289801436,
  "fobjval": 101823.40872423521,
  "lz1": 15916.111056498194,
  "lz2": 2120.717923645407,
  "best_it": 2,
  "best_E0": 860.3303273810235,
  "best_B0": {
    "1": 142.164545628608,
    "2": 85.40907201677999,
    "3": 194.9160071403372,
    "4": 72.14408886958513,
    "5": 125.73914497241955,
    "6": 77.43173440956849,
    "7": 116.45578031001882,
    "8": 769.4278312657872,
    "9": 85.9293920522446,
    "10": 189.65055556630674,
    "11": 187.14690954331738,
    "12": 100.83914776503164
  }
}