{
  "lobjval": 1093.3957202088043,
  "fobjval": 408368.0,
  "lz1": 0.0,
  "lz2": 1093.3957202088043,
  "best_it": 16,
  "best_E0": 22159.268546864023,
  "best_B0": {
    "1": 574.8925460198423,
    "2": 244.75085832294837,
    "3": 273.7523158660137
  }
}