{
  "lobjval": 227849.3372698333,
  "fobjval": 78852.39798133705,
  "lz1": 225982.28261032572,
  "lz2": 1867.0546595075782,
  "best_it": 4,
  "best_E0": 6090.418076486034,
  "best_B0": {
    "1": 218.31287129722298,
    "2": 407.26352030524316,
    "3": 236.97373324057557,
    "4": 123.01302246035465,
    "5": 109.53474973582769,
    "6": 109.78377859257469,
    "7": 93.1904036789818,
    "8": 161.8422268823877,
    "9": 214.76416932038762,
    "10": 87.51815993714303,
    "11": 194.24313579841825,
    "12": 47.98114092306341
  }
}