{
  "lobjval": 32037.80781500662,
  "fobjval": 30948.994499082313,
  "lz1": 30713.761240673368,
  "lz2": 1324.0465743332538,
  "best_it": 3,
  "best_E0": 1331.5214410486337,
  "best_B0": {
    "1": 105.85497942524805,
    "2": 104.71195904181654,
    "3": 79.84398218428828,
    "4": 160.6955039232656,
    "5": 83.98879706597882,
    "6": 92.11677081609564,
    "7": 0.30011917789552245,
    "8": 111.518375017411,
    "9": 34.18161523298671,
    "10": 298.04699304822816,
    "11": 167.73681851030395,
    "12": 166.11080903457517
  }
}