{
  "lobjval": 183440.3162878279,
  "fobjval": 39655.6688719366,
  "lz1": 181132.07863974597,
  "lz2": 2308.2376480819307,
  "best_it": 1,
  "best_E0": 2541.77933349361,
  "best_B0": {
    "1": 51.81433744063081,
    "2": 44.50010752030351,
    "3": 260.0478363985313,
    "4": 293.5279224079612,
    "5": 218.03018592555588,
    "6": 192.46343068189245,
    "7": 147.05757050407124,
    "8": 745.6615969531422,
    "9": 68.04922098232413,
    "10": 72.48827379721499,
    "11": 346.9047307182231,
    "12": 12.528304791051834
  }
}