{
  "lobjval": 37071.55220020849,
  "fobjval": 49905.41512140428,
  "lz1": 35348.183406089796,
  "lz2": 1723.3687941186959,
  "best_it": 1,
  "best_E0": 1215.2824964198103,
  "best_B0": {
    "1": 501.55018441228873,
    "2": 54.036946443225034,
    "3": 257.10425491627905,
    "4": 257.928768402642,
    "5": 15.069314950206723,
    "6": 51.635706388751665,
    "7": 35.40841978512694,
    "8": 14.343945173896708,
    "9": 583.878242644587
  }
}