{
  "lobjval": 8696.94743412147,
  "fobjval": 43764.438493802765,
  "lz1": 6759.229965151267,
  "lz2": 1937.7174689702028,
  "best_it": 1,
  "best_E0": 328.91629998144697,
  "best_B0": {
    "1": 271.3469754332168,
    "2": 9.809172309493773,
    "3": 67.96876917251171,
    "4": 192.02502832267248,
    "5": 211.93399142262805,
    "6": 166.45306034130175,
    "7": 153.47520548654234,
    "8": 133.38473303364322,
    "9": 206.61974199218915,
    "10": 215.24697829030595,
    "11": 265.4388935830036,
    "12": 73.53230251579005
  }
}