{
  "lobjval": 339872.9963366158,
  "fobjval": 89675.69689213065,
  "lz1": 334529.6318263281,
  "lz2": 5343.36451028769,
  "best_it": 12,
  "best_E0": 25365.906058501478,
  "best_B0": {
    "1": 160.73658229013057,
    "2": 1265.0055520706064,
    "3": 1187.4735282473043,
    "4": 473.2195629901759,
    "5": 1048.0070265733134,
    "6": 1639.6312032560722
  }
}