{
  "lobjval": 150920.42836993997,
  "fobjval": 59276.06343144197,
  "lz1": 149521.4471533343,
  "lz2": 1398.981216605675,
  "best_it": 24,
  "best_E0": 4864.273318416996,
  "best_B0": {
    "1": 125.46683891470647,
    "2": 34.0215409017843,
    "3": 457.7989467072439,
    "4": 161.18645037733614,
    "5": 103.47843390059356,
    "6": 40.44059967717421,
    "7": 105.34059148331725,
    "8": 5.098959566681471,
    "9": 146.1535739276579,
    "10": 157.0519541883485,
    "11": 104.91040621970976,
    "12": 97.12520518300398
  }
}