{
  "lobjval": 328226.64124002616,
  "fobjval": 182712.04269421662,
  "lz1": 322086.47736660484,
  "lz2": 6140.16387342133,
  "best_it": 1,
  "best_E0": 6632.976697544197,
  "best_B0": {
    "1": 1628.8319024774007,
    "2": 1716.3173776807641,
    "3": 101.3884130683515,
    "4": 332.72241246290406,
    "5": 522.3179393901167,
    "6": 1027.2413061666507,
    "7": 959.2546955632201,
    "8": 101.98754210242174,
    "9": 204.0441843584951
  }
}