{
  "lobjval": 12255.645130312074,
  "fobjval": 37273.215766889414,
  "lz1": 10750.665389848973,
  "lz2": 1504.9797404631008,
  "best_it": 3,
  "best_E0": 489.40813610845095,
  "best_B0": {
    "1": 166.6773461914017,
    "2": 191.30038254648562,
    "3": 90.6674802966202,
    "4": 195.78800455492123,
    "5": 318.3230702848935,
    "6": 241.43192865410685,
    "7": 121.32702254534995,
    "8": 74.11579548057766,
    "9": 143.8749286458531
  }
}