{
  "lobjval": 1248543.2359432399,
  "fobjval": 396067.51834955177,
  "lz1": 1246479.7024148048,
  "lz2": 2063.533528435083,
  "best_it": 15,
  "best_E0": 93689.95073606972,
  "best_B0": {
    "1": 529.1733147774908,
    "2": 682.1521830743404,
    "3": 917.5480839976498
  }
}