{
  "lobjval": 113518.93275857122,
  "fobjval": 36607.992957086935,
  "lz1": 113175.26614096807,
  "lz2": 343.66661760314975,
  "best_it": 19,
  "best_E0": 2287.693765335146,
  "best_B0": {
    "1": 68.37128650490769,
    "2": 38.20168269903831,
    "3": 46.564087525962,
    "4": 29.52478704667729,
    "5": 31.399747097625546,
    "6": 14.72776518411276,
    "7": 26.837735907969808,
    "8": 1.2358914493312214,
    "9": 30.384225879865774,
    "10": 34.579149577143596,
    "11": 26.297092913236597,
    "12": 19.368238208978642
  }
}