{
  "lobjval": 530614.5470510916,
  "fobjval": 553198.2489190403,
  "lz1": 529285.0585486799,
  "lz2": 1329.4885024116093,
  "best_it": 2,
  "best_E0": 54464.95950885748,
  "best_B0": {
    "1": 440.7920262414267,
    "2": 473.4901856804903,
    "3": 419.7578631121154
  }
}