{
  "lobjval": 41317.16387000171,
  "fobjval": 46703.34198591717,
  "lz1": 36300.64772764926,
  "lz2": 5016.516142352448,
  "best_it": 21,
  "best_E0": 6133.877689317603,
  "best_B0": {
    "1": 486.37199602849455,
    "2": 753.4929750767811,
    "3": 383.71569403044333,
    "4": 446.1352829590346,
    "5": 748.929238721781,
    "6": 778.0730619594758,
    "7": 330.07345092845316,
    "8": 181.4246447078412,
    "9": 935.9677341826126
  }
}