{
  "lobjval": 215743.6696567428,
  "fobjval": 105650.72522418886,
  "lz1": 214680.8441105051,
  "lz2": 1062.8255462377033,
  "best_it": 10,
  "best_E0": 5461.629373751242,
  "best_B0": {
    "1": 36.05140699169446,
    "2": 0.7476999485692234,
    "3": 292.08100465823213,
    "4": 72.33878638999276,
    "5": 23.841044610356164,
    "6": 230.93018428062993,
    "7": 260.7702849839811,
    "8": 53.17818609654421,
    "9": 73.20556210066685,
    "10": 73.24838666793143,
    "11": 18.664708947702856,
    "12": 49.32205765384391
  }
}