{
  "lobjval": 10035.645783132715,
  "fobjval": 56461.126126909985,
  "lz1": 8265.813800226893,
  "lz2": 1769.831982905822,
  "best_it": 24,
  "best_E0": 8265.813800226892,
  "best_B0": {
    "1": 478.61625163762966,
    "2": 405.8360583443535,
    "3": 885.3796729238389
  }
}