{
  "lobjval": 393229.83677329076,
  "fobjval": 139707.62834948942,
  "lz1": 391584.0586909982,
  "lz2": 1645.7780822925993,
  "best_it": 20,
  "best_E0": 18491.77201823498,
  "best_B0": {
    "1": 156.84188769540916,
    "2": 189.9666774929906,
    "3": 176.57155299666528,
    "4": 243.83480630329532,
    "5": 646.0477263432806,
    "6": 365.3070568782662
  }
}