{
  "lobjval": 85423.90808162026,
  "fobjval": 61166.12822307391,
  "lz1": 81210.06613396236,
  "lz2": 4213.8419476579,
  "best_it": 2,
  "best_E0": 2015.904988257763,
  "best_B0": {
    "1": 86.7809687508003,
    "2": 145.45248982922402,
    "3": 574.7743701925469,
    "4": 634.9329391000641,
    "5": 353.9006890814471,
    "6": 133.11425790405903,
    "7": 79.05157804226802,
    "8": 574.8808968396197,
    "9": 659.848148694884,
    "10": 616.2004422811206,
    "11": 389.58884126758124,
    "12": 150.90445712183995
  }
}