{
  "lobjval": 42446.22752864201,
  "fobjval": 24013.57182867516,
  "lz1": 41400.16840466286,
  "lz2": 1046.0591239791515,
  "best_it": 2,
  "best_E0": 1165.9928120622924,
  "best_B0": {
    "1": 38.93630462496957,
    "2": 2.4984710892107063,
    "3": 43.90631762391825,
    "4": 123.25729311500768,
    "5": 106.218630176886,
    "6": 402.00530963019276,
    "7": 79.74202872092567,
    "8": 49.35795576615573,
    "9": 21.422183068058636,
    "10": 17.479523337511225,
    "11": 212.66538740160001,
    "12": 37.14667455613699
  }
}