{
  "lobjval": 28941.928051964533,
  "fobjval": 119577.23290358728,
  "lz1": 21632.56336322914,
  "lz2": 7309.364688735393,
  "best_it": 5,
  "best_E0": 2409.7927812703874,
  "best_B0": {
    "1": 1167.4955483859958,
    "2": 1336.3933755678866,
    "3": 618.9545360182162,
    "4": 128.03737525571992,
    "5": 291.2806111118961,
    "6": 176.21431954315017,
    "7": 2068.01302103859,
    "8": 915.5641674071314,
    "9": 638.9908813478098
  }
}