{
  "lobjval": 174555.41852596425,
  "fobjval": 65546.0143395649,
  "lz1": 170432.1677571927,
  "lz2": 4123.250768771555,
  "best_it": 9,
  "best_E0": 12082.650009831372,
  "best_B0": {
    "1": 615.394656034859,
    "2": 762.3797921402439,
    "3": 232.3526888301877,
    "4": 280.3803513752444,
    "5": 448.17307767863207,
    "6": 988.6208424160635,
    "7": 205.25362285397816,
    "8": 549.350173192725,
    "9": 280.01586097418135
  }
}