{
  "lobjval": 281435.1059286249,
  "fobjval": 61476.876036048314,
  "lz1": 280291.8618458812,
  "lz2": 1143.2440827437122,
  "best_it": 28,
  "best_E0": 5913.556165582371,
  "best_B0": {
    "1": 89.94124130678529,
    "2": 140.25732275903104,
    "3": 130.07787382474456,
    "4": 6.714466576582421,
    "5": 91.45959669675659,
    "6": 105.00613355880606,
    "7": 3.374213251154547,
    "8": 106.69166040657568,
    "9": 115.77685012059715,
    "10": 119.53944067354035,
    "11": 102.70723487144876,
    "12": 211.81918527266976
  }
}