{
  "lobjval": 161145.01966585426,
  "fobjval": 83458.62619107915,
  "lz1": 160572.1846102926,
  "lz2": 572.8350555616576,
  "best_it": 15,
  "best_E0": 6301.625914424617,
  "best_B0": {
    "1": 52.77207067513412,
    "2": 73.57270870567103,
    "3": 143.19597390526107,
    "4": 18.568285299375383,
    "5": 76.4462949771332,
    "6": 85.58598110388712,
    "7": 75.61555075980543,
    "8": 66.47539910110157,
    "9": 1.557269062591879
  }
}