{
  "lobjval": 248933.41905929305,
  "fobjval": 87720.19771225323,
  "lz1": 247260.65151067034,
  "lz2": 1672.7675486226967,
  "best_it": 13,
  "best_E0": 5740.621245045557,
  "best_B0": {
    "1": 264.377427801893,
    "2": 211.50511567161803,
    "3": 69.12866316265348,
    "4": 113.99411246442659,
    "5": 131.96219077891314,
    "6": 154.25788158504835,
    "7": 120.48021188386413,
    "8": 139.2589485227965,
    "9": 115.0032697228764,
    "10": 2.6240155054137237,
    "11": 162.39376144756656,
    "12": 301.288969524377
  }
}