{
  "lobjval": 75865.74202264601,
  "fobjval": 93886.51879425233,
  "lz1": 69261.50866934075,
  "lz2": 6604.233353305264,
  "best_it": 1,
  "best_E0": 1714.3242034851125,
  "best_B0": {
    "1": 801.0854323377412,
    "2": 572.6442102856054,
    "3": 214.4300269021737,
    "4": 280.7502106837358,
    "5": 949.9119148855194,
    "6": 928.9645653269631,
    "7": 481.20345422054874,
    "8": 4.655119830345219,
    "9": 935.2182384714683,
    "10": 1030.062850574755,
    "11": 671.2157646693641,
    "12": 102.87242890397893
  }
}