{
  "lobjval": 200311.4947347716,
  "fobjval": 102714.57043150603,
  "lz1": 196408.31147701986,
  "lz2": 3903.183257751741,
  "best_it": 14,
  "best_E0": 22223.376594030535,
  "best_B0": {
    "1": 587.87812476356,
    "2": 575.8529958449442,
    "3": 1211.0175236227362,
    "4": 628.0597995521382,
    "5": 418.29744717154153,
    "6": 622.1052217397742
  }
}