{
  "lobjval": 189564.00154639847,
  "fobjval": 69245.77480304055,
  "lz1": 186525.1342451603,
  "lz2": 3038.8673012381696,
  "best_it": 14,
  "best_E0": 19247.868726095512,
  "best_B0": {
    "1": 391.93411761621354,
    "2": 69.89755191472571,
    "3": 495.61741840994284,
    "4": 1382.1792401517262,
    "5": 404.6669107007791,
    "6": 607.3070278349417
  }
}