{
  "lobjval": 140639.1892337701,
  "fobjval": 195185.32890241736,
  "lz1": 136683.39218609108,
  "lz2": 3955.797047679017,
  "best_it": 0,
  "best_E0": 6448.994451107632,
  "best_B0": {
    "1": 1.5762124681091014,
    "2": 404.8010020978966,
    "3": 521.1505303791633,
    "4": 675.1911480924553,
    "5": 243.6765132983628,
    "6": 1450.9013263424954,
    "7": 294.656041374155,
    "8": 730.7772050975424,
    "9": 131.52162121209062
  }
}