{
  "lobjval": 96985.33331078493,
  "fobjval": 39068.185268546484,
  "lz1": 95467.41887630723,
  "lz2": 1517.9144344776962,
  "best_it": 2,
  "best_E0": 1909.704855751207,
  "best_B0": {
    "1": 51.43459520676868,
    "2": 57.807210735932216,
    "3": 221.62789451727585,
    "4": 204.2581120889061,
    "5": 53.18529479652779,
    "6": 0.9239717992593068,
    "7": 266.0193905895831,
    "8": 59.35201891454478,
    "9": 96.34702758952491,
    "10": 358.4178476115238,
    "11": 93.5317610117916,
    "12": 170.54341001339404
  }
}