{
  "lobjval": 161915.51259072157,
  "fobjval": 74976.46867724616,
  "lz1": 159302.55132296393,
  "lz2": 2612.961267757648,
  "best_it": 10,
  "best_E0": 19793.774217744,
  "best_B0": {
    "1": 355.26578639280615,
    "2": 550.6676817930284,
    "3": 606.9569802459986,
    "4": 739.9420003834266,
    "5": 190.4132782487614,
    "6": 286.61044939540454
  }
}