{
  "lobjval": 19886.47067521888,
  "fobjval": 13502.88438575899,
  "lz1": 17946.05915013902,
  "lz2": 1940.4115250798604,
  "best_it": 12,
  "best_E0": 1077.8480404076852,
  "best_B0": {
    "1": 163.25273198376178,
    "2": 266.6561170264885,
    "3": 204.4131677456381,
    "4": 40.71614950865704,
    "5": 349.7585307610255,
    "6": 294.90960967313765,
    "7": 24.722174608908222,
    "8": 160.59716952052943,
    "9": 90.31569693735287,
    "10": 136.73915035776025,
    "11": 98.79176627698999,
    "12": 180.74056346079175
  }
}