{
  "lobjval": 4745.234946333912,
  "fobjval": 52834.694580967625,
  "lz1": 1745.1491093248876,
  "lz2": 3000.085837009025,
  "best_it": 17,
  "best_E0": 414.41535588329526,
  "best_B0": {
    "1": 265.13503609243196,
    "2": 339.0446702493331,
    "3": 365.84465440231475,
    "4": 298.58759116468843,
    "5": 32.82302941178202,
    "6": 356.7589186298646,
    "7": 104.57522244865582,
    "8": 143.03342996022474,
    "9": 97.05547054617755,
    "10": 588.1703866092884,
    "11": 158.6721694267551,
    "12": 250.3852580513337
  }
}