{
  "lobjval": 1212626.0280403139,
  "fobjval": 429630.67501704616,
  "lz1": 1211685.2923755439,
  "lz2": 940.7356647700715,
  "best_it": 8,
  "best_E0": 74829.70586715253,
  "best_B0": {
    "1": 315.2457512536383,
    "2": 311.16863403926317,
    "3": 328.6155453851945
  }
}