{
  "lobjval": 10914.968721703142,
  "fobjval": 104782.60102440928,
  "lz1": 3819.243402657239,
  "lz2": 7095.725319045903,
  "best_it": 6,
  "best_E0": 655.9769203037242,
  "best_B0": {
    "1": 573.6539326152928,
    "2": 140.91485992316757,
    "3": 293.3235304197539,
    "4": 672.4116386577379,
    "5": 1032.60056653968,
    "6": 531.8501386910906,
    "7": 15.272066457308776,
    "8": 1748.8558105788566,
    "9": 613.7308102996542,
    "10": 731.9393086564494,
    "11": 524.4189925311397,
    "12": 216.75366367577215
  }
}