{
  "lobjval": 69304.86883816023,
  "fobjval": 63683.2777206706,
  "lz1": 65863.12636716642,
  "lz2": 3441.7424709938027,
  "best_it": 2,
  "best_E0": 1689.191237396625,
  "best_B0": {
    "1": 956.7828749431891,
    "2": 476.77238214929685,
    "3": 160.71395461732013,
    "4": 45.096383460914645,
    "5": 96.6508609171426,
    "6": 253.71731108562358,
    "7": 523.6226605873122,
    "8": 290.1743236616536,
    "9": 241.57430595266578,
    "10": 213.69446162711358,
    "11": 460.4143928456016,
    "12": 19.370600387821295
  }
}