{
  "lobjval": 507210.034385002,
  "fobjval": 276932.7393384073,
  "lz1": 505568.31977012823,
  "lz2": 1641.7146148737581,
  "best_it": 6,
  "best_E0": 61192.87049016751,
  "best_B0": {
    "1": 305.2457373575392,
    "2": 469.1826312514049,
    "3": 976.2292348997687
  }
}