{
  "lobjval": 30950.680747210758,
  "fobjval": 20057.659969193868,
  "lz1": 28610.1062580512,
  "lz2": 2340.5744891595573,
  "best_it": 16,
  "best_E0": 2487.0334144840276,
  "best_B0": {
    "1": 119.18873614666774,
    "2": 293.0556266021869,
    "3": 1155.3330563252405,
    "4": 149.63819373585164,
    "5": 165.21040104052088,
    "6": 220.11878188288182,
    "7": 77.55687209285172,
    "8": 120.06615539608235,
    "9": 112.34575626656962
  }
}