{
  "lobjval": 52288.145825586515,
  "fobjval": 28840.714447737504,
  "lz1": 51249.74404567748,
  "lz2": 1038.4017799090393,
  "best_it": 8,
  "best_E0": 3587.4845958994642,
  "best_B0": {
    "1": 176.73862612338922,
    "2": 25.324389987666788,
    "3": 292.9942535422442,
    "4": 193.75504661264137,
    "5": 130.58195633657002,
    "6": 243.16821927015127
  }
}