{
  "lobjval": 204990.48400706903,
  "fobjval": 45148.898890839875,
  "lz1": 203458.4301810755,
  "lz2": 1532.053825993532,
  "best_it": 21,
  "best_E0": 15048.886664685118,
  "best_B0": {
    "1": 134.5043116134194,
    "2": 514.3971679210977,
    "3": 258.90161932479805,
    "4": 249.97007957930728,
    "5": 330.46480720644144,
    "6": 160.1679226431252
  }
}