{
  "lobjval": 13355.238895266604,
  "fobjval": 44934.59656896569,
  "lz1": 11983.245833529003,
  "lz2": 1371.9930617376008,
  "best_it": 3,
  "best_E0": 678.937440992466,
  "best_B0": {
    "1": 257.6755841945412,
    "2": 54.929961725392864,
    "3": 42.785309711907296,
    "4": 71.95838996508347,
    "5": 266.11118129964814,
    "6": 159.82346866459636,
    "7": 174.90997184069303,
    "8": 90.55319943810541,
    "9": 152.3319852572751,
    "10": 24.011324875194664,
    "11": 110.02040690818569,
    "12": 28.55298744135872
  }
}