{
  "lobjval": 74315.0517885216,
  "fobjval": 65343.811070669486,
  "lz1": 73031.75582366793,
  "lz2": 1283.295964853661,
  "best_it": 16,
  "best_E0": 11284.048916282321,
  "best_B0": {
    "1": 291.19115683582345,
    "2": 503.5440452589522,
    "3": 530.4333248683363
  }
}