{
  "lobjval": 5233.748270374834,
  "fobjval": 58452.987721141224,
  "lz1": 4162.202369668352,
  "lz2": 1071.545900706482,
  "best_it": 22,
  "best_E0": 630.6367226770799,
  "best_B0": {
    "1": 110.60762047044456,
    "2": 234.52459198427545,
    "3": 138.09384166955718,
    "4": 186.58380400871266,
    "5": 180.71138371626594,
    "6": 47.859420485790196,
    "7": 91.58680935773086,
    "8": 46.53734820052665,
    "9": 35.041080813178525
  }
}