{
  "lobjval": 5764.086301496847,
  "fobjval": 22260.863124911695,
  "lz1": 2928.3655391046827,
  "lz2": 2835.720762392165,
  "best_it": 2,
  "best_E0": 344.5135928241871,
  "best_B0": {
    "1": 231.84353113910413,
    "2": 273.9098657933581,
    "3": 259.3862714257216,
    "4": 514.4634920318191,
    "5": 290.0790001013914,
    "6": 175.8576812422277,
    "7": 27.379431473146944,
    "8": 259.8034919833644,
    "9": 221.97814426634352,
    "10": 136.6327873296313,
    "11": 219.53283785656893,
    "12": 230.38078521700905
  }
}