{
  "lobjval": 277233.3534739806,
  "fobjval": 295672.4798067239,
  "lz1": 275740.61785989156,
  "lz2": 1492.735614089068,
  "best_it": 2,
  "best_E0": 26561.462627883513,
  "best_B0": {
    "1": 400.4523679220595,
    "2": 183.06995607483944,
    "3": 399.9140635721177,
    "4": 370.19373219402894,
    "5": 209.02633638275537,
    "6": 34.917904384914706
  }
}