{
  "lobjval": 215755.10657355876,
  "fobjval": 94245.9355650782,
  "lz1": 213485.9970943991,
  "lz2": 2269.109479159681,
  "best_it": 22,
  "best_E0": 33849.10319179441,
  "best_B0": {
    "1": 941.1954540158259,
    "2": 994.8576583468267,
    "3": 502.0678984663937
  }
}