{
  "lobjval": 288711.4699079862,
  "fobjval": 122026.39662529968,
  "lz1": 286654.88160680106,
  "lz2": 2056.588301185104,
  "best_it": 17,
  "best_E0": 11466.825699507132,
  "best_B0": {
    "1": 349.48249571509785,
    "2": 65.71633992662878,
    "3": 163.22694558233806,
    "4": 243.3410427464835,
    "5": 459.1544916433784,
    "6": 114.19991624567882,
    "7": 144.0843187837944,
    "8": 219.3760462285991,
    "9": 417.065591410598
  }
}