{
  "lobjval": 41776.71503356105,
  "fobjval": 137903.09122791333,
  "lz1": 37901.723978226284,
  "lz2": 3874.9910553347636,
  "best_it": 3,
  "best_E0": 15313.827869990417,
  "best_B0": {
    "1": 1436.2488476639312,
    "2": 1709.4178386884157,
    "3": 729.3243689824166
  }
}