{
  "lobjval": 62656.25431390506,
  "fobjval": 39756.212864137575,
  "lz1": 61044.04954539299,
  "lz2": 1612.2047685120729,
  "best_it": 2,
  "best_E0": 8254.652869437874,
  "best_B0": {
    "1": 274.7154115467772,
    "2": 549.2316574764953,
    "3": 380.8349237529776,
    "4": 247.3541525843906,
    "5": 178.99623719557138,
    "6": 41.11871745115968
  }
}