{
  "lobjval": 132772.88583521065,
  "fobjval": 124181.49118819108,
  "lz1": 131165.6612227496,
  "lz2": 1607.2246124610665,
  "best_it": 17,
  "best_E0": 6704.365909062839,
  "best_B0": {
    "1": 340.9519101461587,
    "2": 199.73847077122358,
    "3": 217.39730821653893,
    "4": 663.2801622226823,
    "5": 57.070980575570644,
    "6": 246.92490103940912
  }
}