{
  "lobjval": 56150.65447412845,
  "fobjval": 271486.0,
  "lz1": 54068.0,
  "lz2": 2082.6544741284497,
  "best_it": 18,
  "best_E0": 32706.678364083018,
  "best_B0": {
    "1": 859.5412065675615,
    "2": 695.897454452565,
    "3": 527.2158131083236
  }
}