{
  "lobjval": 46017.833126735975,
  "fobjval": 126237.27306157636,
  "lz1": 39820.531425043155,
  "lz2": 6197.301701692823,
  "best_it": 14,
  "best_E0": 5431.902904970826,
  "best_B0": {
    "1": 236.604369160602,
    "2": 171.74636314219208,
    "3": 268.4477816194058,
    "4": 981.1636178472152,
    "5": 711.2606203865153,
    "6": 795.7044360208179,
    "7": 1277.2228301683142,
    "8": 1171.2758070828447,
    "9": 632.6758762649163
  }
}