{
  "lobjval": 374143.2985897809,
  "fobjval": 205863.9354543005,
  "lz1": 369552.85673076916,
  "lz2": 4590.441859011793,
  "best_it": 15,
  "best_E0": 96689.21043910057,
  "best_B0": {
    "1": 547.3844376910571,
    "2": 2296.1594934184695,
    "3": 2027.8746715069926
  }
}