{
  "lobjval": 325856.84070857277,
  "fobjval": 182494.53522300767,
  "lz1": 324862.5114631535,
  "lz2": 994.329245419262,
  "best_it": 6,
  "best_E0": 44645.00208420958,
  "best_B0": {
    "1": 340.55252872203613,
    "2": 379.7364199394075,
    "3": 286.3386109431248
  }
}