{
  "lobjval": 41395.681187380935,
  "fobjval": 71253.84588374103,
  "lz1": 35880.44081046995,
  "lz2": 5515.240376910989,
  "best_it": 2,
  "best_E0": 8609.840491605166,
  "best_B0": {
    "1": 1189.0340533436006,
    "2": 530.9304620575823,
    "3": 466.12204065711717,
    "4": 473.5634745824224,
    "5": 447.715275294322,
    "6": 219.2883005955689,
    "7": 529.6675857249204,
    "8": 1683.1729277523928,
    "9": 17.554056506016437
  }
}