{
  "lobjval": 132812.7263289358,
  "fobjval": 43951.975804808004,
  "lz1": 128711.84417529016,
  "lz2": 4100.882153645627,
  "best_it": 2,
  "best_E0": 6799.786512997253,
  "best_B0": {
    "1": 125.26236637251753,
    "2": 576.503275304306,
    "3": 191.09737770330912,
    "4": 1085.7502328263577,
    "5": 461.0634545418621,
    "6": 371.0342982707149,
    "7": 195.44299879813687,
    "8": 307.2507508556261,
    "9": 323.6806677928992,
    "10": 11.96183038915482,
    "11": 236.74102332431656,
    "12": 583.0330196179098
  }
}