{
  "lobjval": 16209.45986962051,
  "fobjval": 28828.99959289011,
  "lz1": 14255.72827277468,
  "lz2": 1953.73159684583,
  "best_it": 1,
  "best_E0": 826.9427876470035,
  "best_B0": {
    "1": 166.30603894838362,
    "2": 242.45259238497516,
    "3": 33.98810648438561,
    "4": 219.15980936700694,
    "5": 203.2804098855232,
    "6": 80.18689500757614,
    "7": 10.433928597886718,
    "8": 352.8061683325637,
    "9": 32.56399886220102,
    "10": 84.4773682652203,
    "11": 144.47922910216656,
    "12": 426.3424064865049
  }
}