{
  "lobjval": 32697.0086998008,
  "fobjval": 14965.163883432644,
  "lz1": 30511.918220006006,
  "lz2": 2185.090479794794,
  "best_it": 9,
  "best_E0": 1224.307376163269,
  "best_B0": {
    "1": 230.11202334250416,
    "2": 677.7138585992894,
    "3": 124.84489432185332,
    "4": 228.9037552482121,
    "5": 150.24551830394384,
    "6": 91.01434995043778,
    "7": 87.57526101767988,
    "8": 85.71675445050546,
    "9": 163.94279152863226,
    "10": 299.85605560629335,
    "11": 78.6162462694922,
    "12": 17.76123091452315
  }
}