{
  "lobjval": 236659.02520430138,
  "fobjval": 184332.26144347707,
  "lz1": 235620.69810456634,
  "lz2": 1038.3270997350382,
  "best_it": 4,
  "best_E0": 10780.32913933566,
  "best_B0": {
    "1": 162.31244893091872,
    "2": 96.77873521480534,
    "3": 140.90284389636932,
    "4": 58.956147806149026,
    "5": 212.18969996353007,
    "6": 394.54979205231564
  }
}