{
  "lobjval": 151293.33907584255,
  "fobjval": 54448.90681178966,
  "lz1": 150284.3605018663,
  "lz2": 1008.9785739762712,
  "best_it": 2,
  "best_E0": 4293.1692711151145,
  "best_B0": {
    "1": 25.866807727557457,
    "2": 34.77118805770872,
    "3": 78.63703523199177,
    "4": 248.58333592389738,
    "5": 227.8267388759154,
    "6": 5.066872088120369,
    "7": 221.16772523447898,
    "8": 189.56927491920706,
    "9": 69.8810255078869
  }
}