{
  "lobjval": 205145.79960418047,
  "fobjval": 75347.11579490278,
  "lz1": 204778.24019384425,
  "lz2": 367.5594103362185,
  "best_it": 17,
  "best_E0": 5859.479915479045,
  "best_B0": {
    "1": 111.72196836213897,
    "2": 40.40414715135023,
    "3": 96.78110328949637,
    "4": 72.61976555962377,
    "5": 51.08294200144864,
    "6": 18.773248106692048
  }
}