{
  "lobjval": 101764.41571446181,
  "fobjval": 45267.45051969259,
  "lz1": 93858.59121670543,
  "lz2": 7905.824497756369,
  "best_it": 3,
  "best_E0": 5458.37875524995,
  "best_B0": {
    "1": 235.46600026587205,
    "2": 1057.7996859328841,
    "3": 964.8620353309605,
    "4": 1133.6298002948429,
    "5": 1663.7853878964445,
    "6": 298.7917210615678,
    "7": 533.0143706219953,
    "8": 1.5497158854417699,
    "9": 1194.1779225505281,
    "10": 423.65811596994524,
    "11": 564.3957919678963,
    "12": 222.92471462707556
  }
}