{
  "lobjval": 27941.841721068467,
  "fobjval": 42293.39434558965,
  "lz1": 26631.298854858353,
  "lz2": 1310.542866210115,
  "best_it": 1,
  "best_E0": 915.8280572685525,
  "best_B0": {
    "1": 174.08048018404426,
    "2": 3.5290851642324963,
    "3": 27.732199445581678,
    "4": 222.00527463929046,
    "5": 190.50420063732247,
    "6": 93.88651862782345,
    "7": 95.66221248781628,
    "8": 44.34060690714822,
    "9": 154.72323484934506,
    "10": 61.16896463141575,
    "11": 196.50261989166614,
    "12": 93.32978557833518
  }
}