{
  "lobjval": 336719.0545740907,
  "fobjval": 87975.94120117491,
  "lz1": 331952.66727130656,
  "lz2": 4766.387302784144,
  "best_it": 1,
  "best_E0": 5375.688012622483,
  "best_B0": {
    "1": 1011.9147698609207,
    "2": 872.2760689556569,
    "3": 183.6594667046412,
    "4": 877.8587149470451,
    "5": 240.78570750825406,
    "6": 76.00864728508641,
    "7": 709.9052167415322,
    "8": 116.06783217687133,
    "9": 133.3081604289397,
    "10": 422.3802348782123,
    "11": 319.7420196384297,
    "12": 595.1968313937272
  }
}