{
  "lobjval": 64950.60151336057,
  "fobjval": 18355.722046656763,
  "lz1": 63770.66190370526,
  "lz2": 1179.939609655312,
  "best_it": 6,
  "best_E0": 4433.6943795404495,
  "best_B0": {
    "1": 3.661426829760029,
    "2": 165.62275819067344,
    "3": 80.02426916758156,
    "4": 42.623064102625285,
    "5": 168.40368250450177,
    "6": 121.64773015886395,
    "7": 267.4090575268217,
    "8": 225.0419507670867,
    "9": 223.47789125880087
  }
}