{
  "lobjval": 34161.455605911666,
  "fobjval": 127141.4618772271,
  "lz1": 27430.502158653806,
  "lz2": 6730.953447257861,
  "best_it": 3,
  "best_E0": 2002.2264349368154,
  "best_B0": {
    "1": 1229.3350475101956,
    "2": 600.3960282784175,
    "3": 823.7555739809947,
    "4": 332.50036358254624,
    "5": 215.66806156991487,
    "6": 1518.4233341172148,
    "7": 626.7696942506933,
    "8": 231.82114772422656,
    "9": 1172.3064605935836
  }
}