{
  "lobjval": 36033.33200408974,
  "fobjval": 58145.40592092254,
  "lz1": 32573.947216243803,
  "lz2": 3459.384787845935,
  "best_it": 2,
  "best_E0": 1333.1765572814654,
  "best_B0": {
    "1": 39.389143216744266,
    "2": 139.06391465411434,
    "3": 166.47029638114535,
    "4": 679.2204966613016,
    "5": 722.7035489955755,
    "6": 20.21294343065023,
    "7": 449.42086809824804,
    "8": 178.0895361118334,
    "9": 423.5777210900801,
    "10": 354.6870662334756,
    "11": 202.8667263266249,
    "12": 240.99913730970826
  }
}