{
  "lobjval": 82894.25115246107,
  "fobjval": 42048.27249852386,
  "lz1": 80541.12989740324,
  "lz2": 2353.1212550578375,
  "best_it": 8,
  "best_E0": 8186.867257439237,
  "best_B0": {
    "1": 541.4058263156952,
    "2": 759.467813409491,
    "3": 185.24884758880776,
    "4": 89.78285316562256,
    "5": 622.1487477597376,
    "6": 316.99089385244525
  }
}