{
  "lobjval": 259433.4508701344,
  "fobjval": 212370.52197118435,
  "lz1": 254911.60913307974,
  "lz2": 4521.841737054671,
  "best_it": 16,
  "best_E0": 37686.54950392487,
  "best_B0": {
    "1": 1794.2292879802224,
    "2": 1433.7975152237436,
    "3": 1372.3499237015424
  }
}