{
  "lobjval": 43716.60575185756,
  "fobjval": 44604.538570211196,
  "lz1": 41529.804704432405,
  "lz2": 2186.8010474251582,
  "best_it": 1,
  "best_E0": 1122.3742619958555,
  "best_B0": {
    "1": 111.3891991918512,
    "2": 272.63496038185536,
    "3": 109.7314085722811,
    "4": 343.8106362377876,
    "5": 164.31342568455074,
    "6": 35.48535912860043,
    "7": 233.68785889198605,
    "8": 349.4031555518224,
    "9": 180.18398388549744,
    "10": 223.44320315753055,
    "11": 29.010936048761227,
    "12": 272.3016679864875
  }
}