{
  "lobjval": 1123176.4526236102,
  "fobjval": 347652.3960729328,
  "lz1": 1120553.404478415,
  "lz2": 2623.048145195283,
  "best_it": 18,
  "best_E0": 105584.62632584681,
  "best_B0": {
    "1": 965.7206627549182,
    "2": 643.9602718869862,
    "3": 1013.3672105534291
  }
}