{
  "lobjval": 59268.77630373955,
  "fobjval": 13424.050047802228,
  "lz1": 58191.01899403166,
  "lz2": 1077.757309707888,
  "best_it": 1,
  "best_E0": 2382.8131735162665,
  "best_B0": {
    "1": 85.99813828206713,
    "2": 49.963287348766144,
    "3": 76.86259876580296,
    "4": 33.91773134883988,
    "5": 64.88439934490259,
    "6": 193.94783507549846,
    "7": 9.591766304894753,
    "8": 106.30313154377811,
    "9": 46.99795072310766,
    "10": 84.06680070841843,
    "11": 185.5992929588617,
    "12": 202.190583302488
  }
}