{
  "lobjval": 592430.8384730777,
  "fobjval": 282330.55023507855,
  "lz1": 590893.8233609913,
  "lz2": 1537.0151120864598,
  "best_it": 2,
  "best_E0": 17996.26680978224,
  "best_B0": {
    "1": 588.2776295840274,
    "2": 291.63215254467,
    "3": 277.42641166197564,
    "4": 308.4415040265146,
    "5": 22.721839556733094,
    "6": 184.92161954702965
  }
}