{
  "lobjval": 18739.856652137772,
  "fobjval": 23290.268402023197,
  "lz1": 15119.495925445948,
  "lz2": 3620.3607266918243,
  "best_it": 2,
  "best_E0": 831.8842324867096,
  "best_B0": {
    "1": 406.60013782724553,
    "2": 122.29882783875568,
    "3": 2.4726936761329545,
    "4": 463.1946241584478,
    "5": 958.9504451549966,
    "6": 171.62729232776618,
    "7": 244.00153349165137,
    "8": 336.5168717678246,
    "9": 109.25282129333898,
    "10": 193.67868823849602,
    "11": 507.70891284358527,
    "12": 125.03474320225737
  }
}