{
  "lobjval": 5218.473928052035,
  "fobjval": 29595.46962379809,
  "lz1": 3624.3808721726577,
  "lz2": 1594.093055879378,
  "best_it": 1,
  "best_E0": 715.9266167831094,
  "best_B0": {
    "1": 82.76280643519803,
    "2": 233.7616620279041,
    "3": 71.99234179667855,
    "4": 207.21950723189016,
    "5": 166.83849322798133,
    "6": 22.46864552951636,
    "7": 278.5509032243904,
    "8": 53.42243400462363,
    "9": 116.66572806595865,
    "10": 173.3932912323277,
    "11": 35.61995101099006,
    "12": 169.64192795620437
  }
}