{
  "lobjval": 93584.53851829049,
  "fobjval": 62543.06719363075,
  "lz1": 90083.60778282493,
  "lz2": 3500.930735465566,
  "best_it": 29,
  "best_E0": 13368.564680540214,
  "best_B0": {
    "1": 431.98149095115565,
    "2": 852.8218505035378,
    "3": 917.93319881774,
    "4": 851.5070501612552,
    "5": 127.50304750357633,
    "6": 451.55735151647133
  }
}