{
  "lobjval": 222799.16559541094,
  "fobjval": 187816.70754060883,
  "lz1": 216925.90898042428,
  "lz2": 5873.256614986664,
  "best_it": 24,
  "best_E0": 41988.03674971646,
  "best_B0": {
    "1": 1426.8818689042553,
    "2": 3989.3929613861546,
    "3": 866.2759415951964
  }
}