{
  "lobjval": 183804.9563391458,
  "fobjval": 59069.64751031149,
  "lz1": 179948.9687802679,
  "lz2": 3855.987558877916,
  "best_it": 10,
  "best_E0": 8837.793061017604,
  "best_B0": {
    "1": 525.5330510712182,
    "2": 532.9152086506712,
    "3": 648.908192132699,
    "4": 180.43282383305979,
    "5": 851.278655507791,
    "6": 342.2840859465868,
    "7": 347.4881249556736,
    "8": 358.89188608894506,
    "9": 283.8844707822376
  }
}