{
  "lobjval": 3761.767151322112,
  "fobjval": 43382.179959817346,
  "lz1": 2382.51886903909,
  "lz2": 1379.2482822830218,
  "best_it": 3,
  "best_E0": 202.7675633220494,
  "best_B0": {
    "1": 41.44151723975768,
    "2": 210.84229413102977,
    "3": 245.36895115015793,
    "4": 260.7831759741277,
    "5": 53.96353848318263,
    "6": 30.70986782934857,
    "7": 42.63553003362578,
    "8": 205.09587841813223,
    "9": 35.869990521097414,
    "10": 192.0108368279035,
    "11": 56.49558818417854,
    "12": 6.05878912382464
  }
}