{
  "lobjval": 80891.33402112241,
  "fobjval": 44067.59433144634,
  "lz1": 78538.55631731462,
  "lz2": 2352.7777038077893,
  "best_it": 12,
  "best_E0": 6074.932474823974,
  "best_B0": {
    "1": 660.0833259854132,
    "2": 293.3034955732613,
    "3": 366.259605176307,
    "4": 275.382278871625,
    "5": 54.53346500868882,
    "6": 870.6050372722497
  }
}