{
  "lobjval": 6952.286577965187,
  "fobjval": 75614.57832628494,
  "lz1": 4179.770158295873,
  "lz2": 2772.516419669313,
  "best_it": 3,
  "best_E0": 331.7277903014509,
  "best_B0": {
    "1": 82.35014043585633,
    "2": 34.020607980041824,
    "3": 568.4099278133039,
    "4": 450.43691962685256,
    "5": 93.5650702183832,
    "6": 324.0399784323475,
    "7": 111.72217446547064,
    "8": 341.97794416961574,
    "9": 443.4965077542023,
    "10": 77.3486709143483,
    "11": 211.05823281229823,
    "12": 43.54448707681352
  }
}