{
  "lobjval": 82573.46453541731,
  "fobjval": 22041.320541711346,
  "lz1": 80877.92251547994,
  "lz2": 1695.542019937376,
  "best_it": 5,
  "best_E0": 2922.0268273649726,
  "best_B0": {
    "1": 193.01166788578388,
    "2": 105.67341934455474,
    "3": 194.16513983767163,
    "4": 396.7120121699157,
    "5": 111.2888917086737,
    "6": 156.81133738731364,
    "7": 201.42348577388037,
    "8": 107.33484059203037,
    "9": 26.286864784530845,
    "10": 197.6482210874472,
    "11": 43.7251173767496,
    "12": 84.49341891202863
  }
}