{
  "lobjval": 28346.52206588236,
  "fobjval": 34254.9677641266,
  "lz1": 23342.7793424136,
  "lz2": 5003.742723468761,
  "best_it": 8,
  "best_E0": 2161.368457627802,
  "best_B0": {
    "1": 899.4893963159429,
    "2": 241.12307777971162,
    "3": 220.02130430021293,
    "4": 1060.0011443479095,
    "5": 269.0082576993918,
    "6": 407.89411199466116,
    "7": 365.70938903298605,
    "8": 140.6581146956381,
    "9": 270.7883249779654,
    "10": 782.831780126694,
    "11": 119.922407526988,
    "12": 279.1593352951558
  }
}