{
  "lobjval": 103332.43476209235,
  "fobjval": 53287.431877362586,
  "lz1": 102906.00847234277,
  "lz2": 426.4262897495772,
  "best_it": 25,
  "best_E0": 2606.312612531402,
  "best_B0": {
    "1": 2.684541311440154,
    "2": 10.817822591778317,
    "3": 101.0840143377311,
    "4": 60.04280183870485,
    "5": 42.530695622055696,
    "6": 57.5347743646231,
    "7": 79.30517475550015,
    "8": 70.8629573598911,
    "9": 37.121745219025996
  }
}