{
  "lobjval": 26051.91370219977,
  "fobjval": 17597.09433930684,
  "lz1": 24611.962126536775,
  "lz2": 1439.951575662994,
  "best_it": 13,
  "best_E0": 1876.2019887014771,
  "best_B0": {
    "1": 280.62229022193696,
    "2": 82.8385539399076,
    "3": 138.04409812649553,
    "4": 29.996520189754523,
    "5": 123.42604991021757,
    "6": 210.2142243196456,
    "7": 122.00287494515123,
    "8": 108.4405044391551,
    "9": 421.51011453260617
  }
}