{
  "lobjval": 13916.723478074082,
  "fobjval": 46892.42647805891,
  "lz1": 8519.704401246241,
  "lz2": 5397.019076827841,
  "best_it": 10,
  "best_E0": 1183.2922779508667,
  "best_B0": {
    "1": 1131.851391195741,
    "2": 462.1766212102435,
    "3": 611.4187188362451,
    "4": 340.3150544981891,
    "5": 483.6004854762371,
    "6": 217.2217870327725,
    "7": 467.7759030034033,
    "8": 883.5932838225112,
    "9": 815.3431119385605
  }
}