{
  "lobjval": 127195.70996075244,
  "fobjval": 85248.69413245042,
  "lz1": 122669.19044664556,
  "lz2": 4526.5195141068825,
  "best_it": 1,
  "best_E0": 4555.180118647777,
  "best_B0": {
    "1": 612.9486933894455,
    "2": 195.38465108531034,
    "3": 607.4167332664133,
    "4": 0.21329460886815774,
    "5": 1245.7823449203124,
    "6": 368.651470860996,
    "7": 511.8024261668812,
    "8": 1085.4086251536348,
    "9": 158.16227225184238
  }
}