{
  "lobjval": 27420.93743750784,
  "fobjval": 149274.90867084533,
  "lz1": 22636.17866472014,
  "lz2": 4784.7587727877,
  "best_it": 2,
  "best_E0": 1397.2949786950924,
  "best_B0": {
    "1": 288.12459847376675,
    "2": 808.4375821331413,
    "3": 244.2276555456525,
    "4": 143.88152309031074,
    "5": 160.60210370389478,
    "6": 415.38839479020504,
    "7": 647.4916480244316,
    "8": 304.6315354976036,
    "9": 212.90001187632853,
    "10": 40.83290239234934,
    "11": 870.5708006804982,
    "12": 690.4063760881032
  }
}