{
  "lobjval": 216387.32461679672,
  "fobjval": 123741.99634757065,
  "lz1": 215670.11671852716,
  "lz2": 717.2078982695568,
  "best_it": 20,
  "best_E0": 9139.003976993507,
  "best_B0": {
    "1": 93.87407744954083,
    "2": 266.1633898059371,
    "3": 84.51097718836652,
    "4": 107.33147531022918,
    "5": 127.89696468838389,
    "6": 70.73053998335985
  }
}