{
  "lobjval": 542830.9082546101,
  "fobjval": 171011.69247635343,
  "lz1": 541259.8317438228,
  "lz2": 1571.076510787305,
  "best_it": 8,
  "best_E0": 12381.883711353263,
  "best_B0": {
    "1": 26.047426982269055,
    "2": 301.47782260980097,
    "3": 270.3076147136655,
    "4": 180.9558065144052,
    "5": 264.4170869060109,
    "6": 100.34661609002868,
    "7": 469.24719485822106,
    "8": 134.35256579880019,
    "9": 34.2050982697579
  }
}