{
  "lobjval": 143890.41215784426,
  "fobjval": 45747.46276690102,
  "lz1": 142947.96515076287,
  "lz2": 942.4470070813738,
  "best_it": 21,
  "best_E0": 3136.3959987474173,
  "best_B0": {
    "1": 84.20401316443188,
    "2": 8.593281485171337,
    "3": 168.0842611302094,
    "4": 106.23017201611998,
    "5": 98.25880509774731,
    "6": 145.04675388160845,
    "7": 48.357913798122205,
    "8": 4.161557574582859,
    "9": 212.90990123069994,
    "10": 31.257603396968616,
    "11": 82.83043575333829,
    "12": 21.668989625516424
  }
}