{
  "lobjval": 420179.73171310895,
  "fobjval": 167179.58730967916,
  "lz1": 417591.33736048354,
  "lz2": 2588.3943526254034,
  "best_it": 22,
  "best_E0": 18651.399101880008,
  "best_B0": {
    "1": 525.7128018704984,
    "2": 302.48993856842225,
    "3": 917.6174592406369,
    "4": 640.1922394887304,
    "5": 395.2872737127455,
    "6": 23.97548499929358
  }
}