{
  "lobjval": 234848.9135408759,
  "fobjval": 50263.941509447424,
  "lz1": 234453.7643109758,
  "lz2": 395.14922990009677,
  "best_it": 11,
  "best_E0": 4449.468980058028,
  "best_B0": {
    "1": 43.47377619425951,
    "2": 25.25757407533719,
    "3": 66.0455637596633,
    "4": 77.76096711918811,
    "5": 15.61328936979988,
    "6": 8.300260579421522,
    "7": 78.16449775402087,
    "8": 51.4158495866083,
    "9": 55.177143421794526
  }
}