{
  "lobjval": 1313716.4400103325,
  "fobjval": 547668.9519216332,
  "lz1": 1312204.560148209,
  "lz2": 1511.879862123404,
  "best_it": 25,
  "best_E0": 63990.11088665499,
  "best_B0": {
    "1": 509.24054208854574,
    "2": 393.5772510755656,
    "3": 720.6140138086844
  }
}