{
  "lobjval": 103093.94238261877,
  "fobjval": 43739.15137035427,
  "lz1": 102030.33462776039,
  "lz2": 1063.6077548583844,
  "best_it": 12,
  "best_E0": 2716.7546865948516,
  "best_B0": {
    "1": 133.36436177201634,
    "2": 60.91038363780084,
    "3": 0.45801554365303304,
    "4": 319.13433925035974,
    "5": 216.46168265659594,
    "6": 99.42279476805626,
    "7": 22.948806574833025,
    "8": 77.38688687225132,
    "9": 39.13335955259482,
    "10": 77.04456202924709,
    "11": 52.34096036826749,
    "12": 69.64708696108232
  }
}