{
  "lobjval": 58407.673704386536,
  "fobjval": 41862.121220301,
  "lz1": 54987.46011404435,
  "lz2": 3420.213590342189,
  "best_it": 24,
  "best_E0": 4507.532639418992,
  "best_B0": {
    "1": 508.8653759954489,
    "2": 312.51115803731835,
    "3": 318.36521620230604,
    "4": 354.5456739364098,
    "5": 403.87727603123943,
    "6": 392.0329131410014,
    "7": 293.8293484938929,
    "8": 75.52347084487108,
    "9": 938.954554762833
  }
}